game_id,step,turn,player_idx,context,num_options,ctrl_action,cand_action,action_diff,score_diff,ctrl_search_called,cand_search_called,search_call_diff,ctrl_search_ov,cand_search_ov,search_ov_diff
1,1,0,0,41,2,[1],[1],False,False,False,False,False,False,False,False
1,2,0,0,1,1,[0],[0],False,False,False,False,False,False,False,False
1,3,0,1,1,2,[1],[1],False,False,False,False,False,False,False,False
1,4,0,0,38,3,[2],[2],False,False,False,False,False,False,False,False
1,5,0,1,2,1,[0],[0],False,False,False,False,False,False,False,False
1,6,1,1,0,1,[0],[0],False,False,False,False,False,False,False,False
1,7,2,0,0,5,[0],[0],False,True,True,True,False,False,False,False
1,8,2,0,7,15,[1],[1],False,False,False,False,False,False,False,False
1,9,2,0,0,5,[3],[3],False,True,True,True,False,False,False,False
1,10,2,0,0,4,[1],[1],False,True,True,True,False,False,False,False
1,11,2,1,8,6,"[0, 1, 2]","[0, 1, 2]",False,False,False,False,False,False,False,False
1,12,2,0,0,1,[0],[0],False,False,False,False,False,False,False,False
1,13,3,1,0,4,[0],[0],False,False,False,False,False,False,False,False
1,14,3,1,0,4,[2],[2],False,False,False,False,False,False,False,False
1,15,3,1,4,1,[0],[0],False,False,False,False,False,False,False,False
1,16,3,1,0,6,[3],[3],False,True,True,True,False,False,False,False
1,17,3,1,5,6,"[0, 3]","[0, 3]",False,False,False,False,False,False,False,False
1,18,3,1,0,5,[3],[3],False,True,True,True,False,False,False,False
1,19,3,1,43,2,[0],[0],False,False,False,False,False,False,False,False
1,20,3,1,0,5,[3],[3],False,True,True,True,False,False,False,False
1,21,3,1,7,12,[0],[0],False,False,False,False,False,False,False,False
1,22,3,1,0,4,[2],[2],False,True,False,False,False,False,False,False
1,23,3,1,7,7,[5],[5],False,False,False,False,False,False,False,False
1,24,3,1,7,4,[0],[0],False,False,False,False,False,False,False,False
1,25,3,1,0,6,[2],[2],False,False,True,True,False,False,False,False
1,26,3,1,5,1,[0],[0],False,False,False,False,False,False,False,False
1,27,3,1,0,5,[2],[2],False,False,False,False,False,False,False,False
1,28,4,0,0,6,[1],[1],False,True,True,True,False,False,False,False
1,29,4,0,43,2,[0],[0],False,False,False,False,False,False,False,False
1,30,4,0,0,6,[4],[4],False,True,True,True,False,False,False,False
1,31,4,0,5,4,"[2, 0]","[2, 0]",False,False,False,False,False,False,False,False
1,32,4,0,0,5,[1],[1],False,True,True,True,False,False,False,False
1,33,4,1,8,6,"[0, 1, 2]","[0, 1, 2]",False,False,False,False,False,False,False,False
1,34,4,0,0,1,[0],[0],False,False,False,False,False,False,False,False
1,35,5,1,0,10,[0],[0],False,False,True,True,False,False,False,False
1,36,5,1,43,2,[0],[0],False,False,False,False,False,False,False,False
1,37,5,1,0,7,[3],[3],False,False,True,True,False,False,False,False
1,38,5,1,5,3,"[0, 1]","[0, 1]",False,False,False,False,False,False,False,False
1,39,5,1,0,6,[0],[0],False,False,True,True,False,False,False,False
1,40,5,1,43,2,[0],[0],False,False,False,False,False,False,False,False
1,41,5,1,0,6,[1],[1],False,False,True,True,False,False,False,False
1,42,5,1,7,7,[2],[2],False,False,False,False,False,False,False,False
1,43,5,1,0,5,[0],[0],False,False,True,True,False,False,False,False
1,44,5,0,8,7,"[0, 1, 2, 3]","[0, 1, 2, 3]",False,False,False,False,False,False,False,False
1,45,5,1,0,3,[0],[0],False,False,False,False,False,False,False,False
1,46,6,0,0,4,[2],[2],False,True,True,True,False,False,False,False
1,47,6,0,0,4,[2],[2],False,True,True,True,False,False,False,False
1,48,6,0,0,6,[3],[3],False,True,True,True,False,False,False,False
1,49,6,0,0,5,[3],[3],False,True,True,True,False,False,False,False
1,50,6,0,43,2,[0],[0],False,False,False,False,False,False,False,False
1,51,6,0,0,6,[4],[4],False,True,True,True,False,False,False,False
1,52,6,0,37,2,[0],[0],False,False,False,False,False,False,False,False
1,53,6,0,43,2,[0],[0],False,False,False,False,False,False,False,False
1,54,6,0,0,6,[3],[1],True,True,True,True,False,False,False,False
1,55,6,0,7,7,[1],[1],False,False,False,False,False,False,False,False
1,56,6,0,7,5,[0],[0],False,False,False,False,False,False,False,False
1,57,6,0,0,7,[2],[2],False,False,True,True,False,False,False,False
1,58,6,0,0,5,[1],[1],False,False,False,False,False,False,False,False
1,59,6,0,43,2,[0],[0],False,False,False,False,False,False,False,False
1,60,6,0,0,4,[1],[1],False,False,False,False,False,False,False,False
1,61,6,0,7,6,[0],[0],False,False,False,False,False,False,False,False
1,62,6,1,4,5,[0],[0],False,False,False,False,False,False,False,False
1,63,7,1,0,6,[2],[2],False,False,True,True,False,False,False,False
1,64,7,1,0,5,[3],[3],False,False,True,True,False,False,False,False
1,65,7,1,0,13,[2],[2],False,False,True,True,False,False,False,False
1,66,7,1,5,2,"[0, 1]","[0, 1]",False,False,False,False,False,False,False,False
1,67,7,1,0,16,[3],[3],False,False,True,True,False,False,False,False
1,68,7,1,0,6,[1],[1],False,False,True,True,False,False,False,False
1,69,7,1,7,3,[0],[0],False,False,False,False,False,False,False,False
1,70,7,1,7,3,[0],[0],False,False,False,False,False,False,False,False
1,71,7,1,0,8,[3],[3],False,False,True,True,False,True,True,False
1,72,7,1,43,2,[0],[0],False,False,False,False,False,False,False,False
1,73,7,1,0,6,[1],[1],False,False,False,False,False,False,False,False
1,74,7,1,0,6,[3],[3],False,False,False,False,False,False,False,False
1,75,7,1,7,6,[0],[0],False,False,False,False,False,False,False,False
1,76,7,0,4,3,[0],[0],False,False,False,False,False,False,False,False
1,77,8,0,0,9,[0],[0],False,True,True,True,False,False,False,False
1,78,8,0,7,3,[0],[0],False,False,False,False,False,False,False,False
1,79,8,0,0,9,[3],[3],False,True,True,True,False,False,False,False
1,80,8,0,0,8,[5],[5],False,True,True,True,False,False,False,False
1,81,8,0,43,2,[0],[0],False,False,False,False,False,False,False,False
1,82,8,0,0,12,[5],[5],False,True,True,True,False,False,False,False
1,83,8,0,5,2,"[0, 1]","[0, 1]",False,False,False,False,False,False,False,False
1,84,8,0,0,13,[6],[6],False,True,True,True,False,False,False,False
1,85,8,0,0,10,[2],[1],True,True,True,True,False,False,False,False
1,86,8,0,7,4,[3],[3],False,False,False,False,False,False,False,False
1,87,8,0,7,3,[0],[0],False,False,False,False,False,False,False,False
1,88,8,0,0,4,[1],[1],False,False,False,False,False,False,False,False
1,89,8,0,7,5,[0],[0],False,False,False,False,False,False,False,False
1,90,8,1,4,5,[0],[0],False,False,False,False,False,False,False,False
1,91,9,1,0,11,[1],[1],False,False,True,True,False,False,False,False
1,92,9,1,0,8,[3],[3],False,False,True,True,False,False,False,False
1,93,9,0,8,12,"[0, 1, 2, 3, 4, 5, 6, 7, 8]","[0, 1, 2, 3, 4, 5, 6, 7, 8]",False,False,False,False,False,False,False,False
1,94,9,1,0,4,[1],[1],False,False,False,False,False,False,False,False
1,95,10,0,0,10,[6],[6],False,False,True,True,False,False,False,False
1,96,10,0,0,14,[10],[10],False,False,True,True,False,False,False,False
1,97,10,0,5,1,[0],[0],False,False,False,False,False,False,False,False
1,98,10,0,0,15,[5],[5],False,False,True,True,False,False,False,False
1,99,10,0,7,4,[1],[1],False,False,False,False,False,False,False,False
1,100,10,0,0,16,[1],[1],False,False,True,True,False,False,False,False
1,101,10,0,0,6,[1],[1],False,False,True,True,False,False,False,False
1,102,10,0,0,5,[1],[1],False,False,False,False,False,False,False,False
1,103,10,0,0,7,[3],[3],False,False,True,True,False,False,False,False
1,104,10,0,7,5,[2],[2],False,False,False,False,False,False,False,False
1,105,10,0,0,7,[2],[2],False,False,True,True,False,False,False,False
1,106,10,0,7,4,[1],[1],False,False,False,False,False,False,False,False
1,107,10,0,0,7,[3],[3],False,False,True,True,False,False,False,False
1,108,10,0,0,6,[2],[2],False,False,True,True,False,False,False,False
1,109,10,0,0,6,[2],[2],False,False,False,False,False,False,False,False
1,110,10,0,0,6,[2],[2],False,False,True,True,False,False,False,False
1,111,10,0,0,5,[1],[1],False,False,False,False,False,False,False,False
1,112,10,0,3,4,[1],[1],False,False,False,False,False,False,False,False
1,113,10,0,0,4,[1],[1],False,False,False,False,False,False,False,False
1,114,11,1,0,10,[7],[7],False,False,True,True,False,True,True,False
1,115,11,1,43,2,[0],[0],False,False,False,False,False,False,False,False
1,116,11,1,0,11,[9],[9],False,False,True,True,False,False,False,False
1,117,11,1,4,4,[1],[1],False,False,False,False,False,False,False,False
1,118,11,1,0,15,[0],[0],False,False,True,True,False,False,False,False
1,119,11,1,37,1,[0],[0],False,False,False,False,False,False,False,False
1,120,11,1,43,2,[0],[0],False,False,False,False,False,False,False,False
1,121,11,1,0,19,[8],[8],False,False,True,True,False,False,False,False
1,122,11,1,5,1,[0],[0],False,False,False,False,False,False,False,False
1,123,11,1,0,19,[6],[6],False,False,True,True,False,False,False,False
1,124,11,1,7,8,[3],[3],False,False,False,False,False,False,False,False
1,125,11,1,0,19,[15],[15],False,False,True,True,False,False,False,False
1,126,11,1,0,19,[6],[6],False,False,True,True,False,False,False,False
1,127,11,1,7,7,[2],[2],False,False,False,False,False,False,False,False
1,128,11,1,0,18,[8],[8],False,False,True,True,False,False,False,False
1,129,11,1,0,12,[7],[7],False,False,True,True,False,False,False,False
1,130,11,1,0,11,[3],[3],False,False,True,True,False,False,False,False
1,131,11,1,7,2,[0],[0],False,False,False,False,False,False,False,False
1,132,11,1,0,7,[2],[2],False,False,False,False,False,False,False,False
1,133,11,1,0,7,[4],[4],False,False,False,False,False,False,False,False
1,134,11,1,7,5,[0],[0],False,False,False,False,False,False,False,False
1,135,11,0,4,4,[0],[0],False,False,False,False,False,False,False,False
1,136,12,0,0,15,[0],[0],False,False,True,True,False,False,False,False
1,137,12,0,37,1,[0],[0],False,False,False,False,False,False,False,False
1,138,12,0,43,2,[0],[0],False,False,False,False,False,False,False,False
1,139,12,0,0,17,[12],[12],False,False,True,True,False,False,False,False
1,140,12,0,0,16,[9],[9],False,False,True,True,False,False,False,False
1,141,12,0,7,2,[0],[0],False,False,False,False,False,False,False,False
1,142,12,0,0,17,[7],[7],False,False,False,False,False,False,False,False
1,143,12,0,0,9,[6],[6],False,False,False,False,False,False,False,False
1,144,13,1,0,14,[6],[6],False,True,True,True,False,False,False,False
1,145,13,1,43,2,[0],[0],False,False,False,False,False,False,False,False
1,146,13,1,0,14,[11],[11],False,False,False,False,False,False,False,False
1,147,13,1,7,4,[0],[0],False,False,False,False,False,False,False,False
1,148,13,0,4,3,[1],[1],False,False,False,False,False,False,False,False
1,149,14,0,0,13,[10],[10],False,False,False,False,False,False,False,False
1,150,14,0,7,4,[0],[0],False,False,False,False,False,False,False,False
1,151,14,1,4,5,[0],[0],False,False,False,False,False,False,False,False
1,152,15,1,0,17,[14],[14],False,False,False,False,False,False,False,False
1,153,15,1,7,3,[0],[0],False,False,False,False,False,False,False,False
1,154,15,0,4,2,[0],[0],False,False,False,False,False,False,False,False
1,155,16,0,0,13,[12],[12],False,False,False,False,False,False,False,False
1,156,17,1,0,19,[0],[0],False,False,True,True,False,False,False,False
1,157,17,1,3,1,[0],[0],False,False,False,False,False,False,False,False
1,158,17,1,0,12,[9],[9],False,False,False,False,False,False,False,False
1,159,17,1,7,2,[0],[0],False,False,False,False,False,False,False,False
1,160,17,0,4,1,[0],[0],False,False,False,False,False,False,False,False
2,1,0,0,41,2,[1],[1],False,False,False,False,False,False,False,False
2,2,0,1,1,1,[0],[0],False,False,False,False,False,False,False,False
2,3,0,0,1,1,[0],[0],False,False,False,False,False,False,False,False
2,4,0,1,38,2,[1],[1],False,False,False,False,False,False,False,False
2,5,1,1,0,3,[1],[1],False,False,False,False,False,False,False,False
2,6,1,1,5,5,"[0, 1]","[0, 1]",False,False,False,False,False,False,False,False
2,7,1,1,0,4,[0],[0],False,False,False,False,False,False,False,False
2,8,1,1,0,2,[1],[1],False,False,False,False,False,False,False,False
2,9,2,0,0,2,[0],[0],False,False,False,False,False,False,False,False
2,10,2,0,7,14,[1],[1],False,False,False,False,False,False,False,False
2,11,2,0,0,2,[0],[0],False,False,False,False,False,False,False,False
2,12,2,0,0,2,[1],[1],False,False,False,False,False,False,False,False
2,13,3,1,0,8,[4],[4],False,True,True,True,False,False,False,False
2,14,3,0,8,6,"[0, 1, 2]","[0, 1, 2]",False,False,False,False,False,False,False,False
2,15,3,1,0,3,[0],[0],False,False,False,False,False,False,False,False
2,16,3,1,3,2,[0],[0],False,False,False,False,False,False,False,False
2,17,4,0,0,4,[0],[0],False,False,True,True,False,False,False,False
2,18,4,0,7,1,[0],[0],False,False,False,False,False,False,False,False
2,19,4,0,0,4,[1],[1],False,False,True,True,False,False,False,False
2,20,4,0,43,2,[0],[0],False,False,False,False,False,False,False,False
2,21,4,0,0,5,[2],[2],False,True,True,True,False,False,False,False
2,22,4,0,0,4,[0],[1],True,True,True,True,False,False,False,False
2,23,4,0,7,8,[0],[0],False,False,False,False,False,False,False,False
2,24,4,0,7,6,[0],[0],False,False,False,False,False,False,False,False
2,25,4,0,0,6,[2],[2],False,False,True,True,False,False,False,False
2,26,4,0,5,2,"[0, 1]","[0, 1]",False,False,False,False,False,False,False,False
2,27,4,0,0,3,[0],[0],False,False,True,True,False,False,False,False
2,28,4,0,0,2,[0],[0],False,False,False,False,False,False,False,False
2,29,4,0,4,4,[0],[0],False,False,False,False,False,False,False,False
2,30,4,0,0,3,[0],[0],False,False,False,False,False,False,False,False
2,31,5,1,0,6,[4],[4],False,True,True,True,False,False,False,False
2,32,5,1,7,14,[0],[0],False,False,False,False,False,False,False,False
2,33,5,1,0,8,[4],[4],False,True,True,True,False,False,False,False
2,34,5,1,43,2,[0],[0],False,False,False,False,False,False,False,False
2,35,5,1,0,8,[5],[5],False,True,True,True,False,False,False,False
2,36,5,1,43,2,[0],[0],False,False,False,False,False,False,False,False
2,37,5,1,0,6,[4],[4],False,True,True,True,False,False,False,False
2,38,5,0,8,6,"[0, 1, 2]","[0, 1, 2]",False,False,False,False,False,False,False,False
2,39,5,1,0,1,[0],[0],False,False,False,False,False,False,False,False
2,40,6,0,0,8,[1],[1],False,False,True,True,False,False,False,False
2,41,6,0,0,4,[0],[0],False,False,False,False,False,False,False,False
2,42,6,1,8,8,"[0, 1, 2, 3, 4]","[0, 1, 2, 3, 4]",False,False,False,False,False,False,False,False
2,43,6,0,0,3,[0],[0],False,False,False,False,False,False,False,False
2,44,7,1,0,5,[0],[0],False,False,True,True,False,False,False,False
2,45,7,1,43,2,[0],[0],False,False,False,False,False,False,False,False
2,46,7,1,0,9,[1],[1],False,False,True,True,False,False,False,False
2,47,7,1,7,9,[3],[3],False,False,False,False,False,False,False,False
2,48,7,1,0,9,[1],[1],False,False,True,True,False,False,False,False
2,49,7,1,0,5,[1],[1],False,False,True,True,False,False,False,False
2,50,7,1,43,2,[0],[0],False,False,False,False,False,False,False,False
2,51,7,1,0,5,[0],[0],False,False,True,True,False,False,False,False
2,52,7,1,43,2,[0],[0],False,False,False,False,False,False,False,False
2,53,7,1,0,5,[1],[1],False,False,False,False,False,False,False,False
2,54,7,1,0,4,[1],[1],False,False,False,False,False,False,False,False
2,55,7,1,7,6,[0],[0],False,False,False,False,False,False,False,False
2,56,7,0,4,3,[0],[0],False,False,False,False,False,False,False,False
2,57,8,0,0,4,[0],[0],False,False,False,False,False,False,False,False
2,58,8,0,7,3,[0],[0],False,False,False,False,False,False,False,False
2,59,8,0,7,6,[1],[1],False,False,False,False,False,False,False,False
2,60,8,0,7,2,[0],[0],False,False,False,False,False,False,False,False
2,61,8,0,0,9,[2],[2],False,False,True,True,False,False,False,False
2,62,8,0,0,8,[0],[0],False,False,True,True,False,False,False,False
2,63,8,0,37,3,[0],[0],False,False,False,False,False,False,False,False
2,64,8,0,43,2,[0],[0],False,False,False,False,False,False,False,False
2,65,8,0,0,11,[0],[0],False,False,True,True,False,False,False,False
2,66,8,0,37,2,[0],[0],False,False,False,False,False,False,False,False
2,67,8,0,43,2,[0],[0],False,False,False,False,False,False,False,False
2,68,8,0,0,12,[8],[8],False,False,True,True,False,False,False,False
2,69,8,0,0,12,[8],[8],False,False,True,True,False,False,False,False
2,70,8,0,9,4,"[0, 1, 2, 3]","[0, 1, 2, 3]",False,False,False,False,False,False,False,False
2,71,8,0,0,11,[2],[2],False,False,True,True,False,False,False,False
2,72,8,0,5,1,[0],[0],False,False,False,False,False,False,False,False
2,73,8,0,0,4,[0],[0],False,False,False,False,False,False,False,False
2,74,8,0,43,2,[0],[0],False,False,False,False,False,False,False,False
2,75,8,0,0,3,[0],[0],False,False,False,False,False,False,False,False
2,76,8,0,7,6,[0],[0],False,False,False,False,False,False,False,False
2,77,8,1,4,3,[1],[1],False,False,False,False,False,False,False,False
2,78,9,1,0,14,[11],[11],False,False,True,True,False,False,False,False
2,79,9,1,7,3,[2],[2],False,False,False,False,False,False,False,False
2,80,9,1,0,14,[12],[12],False,False,True,True,False,False,False,False
2,81,9,1,0,15,[2],[2],False,False,True,True,False,False,False,False
2,82,9,1,0,9,[0],[0],False,False,True,True,False,False,False,False
2,83,9,1,0,7,[3],[3],False,False,True,True,False,False,False,False
2,84,9,1,0,9,[4],[4],False,True,True,True,False,False,False,False
2,85,9,1,0,8,[4],[4],False,True,True,True,False,False,False,False
2,86,9,1,7,6,[2],[2],False,False,False,False,False,False,False,False
2,87,9,1,0,7,[0],[0],False,True,True,True,False,False,False,False
2,88,9,1,43,2,[0],[0],False,False,False,False,False,False,False,False
2,89,9,1,0,8,[3],[3],False,True,True,True,False,False,False,False
2,90,9,1,5,2,"[0, 1]","[0, 1]",False,False,False,False,False,False,False,False
2,91,9,1,0,7,[2],[2],False,True,False,False,False,False,False,False
2,92,9,1,7,2,[0],[0],False,False,False,False,False,False,False,False
2,93,9,1,7,2,[0],[0],False,False,False,False,False,False,False,False
2,94,9,1,0,6,[3],[3],False,False,False,False,False,False,False,False
2,95,9,1,7,5,[0],[0],False,False,False,False,False,False,False,False
2,96,9,0,4,5,[0],[0],False,False,False,False,False,False,False,False
2,97,10,0,0,14,[7],[2],True,True,True,True,False,False,True,True
2,98,10,0,43,2,[0],[0],False,False,False,False,False,False,False,False
2,99,10,0,0,16,[6],[6],False,True,True,True,False,False,False,False
2,100,10,0,0,11,[3],[2],True,True,True,True,False,False,True,True
2,101,10,0,7,6,[1],[1],False,False,False,False,False,False,False,False
2,102,10,0,7,2,[0],[0],False,False,False,False,False,False,False,False
2,103,10,0,0,10,[2],[2],False,False,True,True,False,False,False,False
2,104,10,0,0,8,[4],[4],False,False,True,True,False,False,False,False
2,105,10,0,0,8,[0],[0],False,False,True,True,False,False,False,False
2,106,10,0,5,2,"[0, 1]","[0, 1]",False,False,False,False,False,False,False,False
2,107,10,0,0,6,[0],[0],False,False,True,True,False,False,False,False
2,108,10,0,0,6,[0],[0],False,False,False,False,False,False,False,False
2,109,10,0,43,2,[0],[0],False,False,False,False,False,False,False,False
2,110,10,0,0,5,[2],[2],False,False,False,False,False,False,False,False
2,111,10,0,7,5,[0],[0],False,False,False,False,False,False,False,False
2,112,10,1,4,5,[0],[0],False,False,False,False,False,False,False,False
2,113,11,1,0,32,[23],[23],False,False,False,False,False,False,False,False
2,114,11,1,37,1,[0],[0],False,False,False,False,False,False,False,False
2,115,11,1,43,2,[0],[0],False,False,False,False,False,False,False,False
2,116,11,1,0,33,[29],[29],False,True,False,False,False,False,False,False
2,117,11,1,0,32,[8],[8],False,True,False,False,False,False,False,False
2,118,11,1,0,17,[0],[0],False,True,True,True,False,False,False,False
2,119,11,1,0,13,[0],[0],False,True,True,True,False,False,False,False
2,120,11,1,0,11,[3],[3],False,True,True,True,False,False,False,False
2,121,11,1,0,11,[3],[4],True,True,True,True,False,False,False,False
2,122,11,1,7,1,[0],[0],False,False,False,False,False,False,False,False
2,123,11,1,0,9,[6],[6],False,False,False,False,False,False,False,False
2,124,11,1,7,4,[0],[0],False,False,False,False,False,False,False,False
2,125,11,0,4,5,[0],[0],False,False,False,False,False,False,False,False
2,126,12,0,0,18,[0],[0],False,True,True,True,False,False,False,False
2,127,12,0,0,17,[10],[10],False,True,True,True,False,False,False,False
2,128,12,0,0,16,[11],[11],False,True,True,True,False,False,False,False
2,129,12,0,0,15,[10],[10],False,True,True,True,False,False,False,False
2,130,12,0,7,5,[0],[0],False,False,False,False,False,False,False,False
2,131,12,0,0,15,[3],[3],False,True,True,True,False,False,False,False
2,132,12,0,0,10,[5],[5],False,True,True,True,False,False,False,False
2,133,12,0,43,2,[0],[0],False,False,False,False,False,False,False,False
2,134,12,0,0,13,[5],[5],False,True,True,True,False,False,False,False
2,135,12,0,0,12,[5],[5],False,True,True,True,False,False,False,False
2,136,12,0,7,4,"[1, 3, 0]","[1, 3, 0]",False,False,False,False,False,False,False,False
2,137,12,0,0,9,[2],[2],False,False,True,True,False,False,False,False
2,138,12,0,0,7,[4],[4],False,False,False,False,False,False,False,False
2,139,12,0,7,4,[0],[0],False,False,False,False,False,False,False,False
2,140,12,1,4,4,[0],[0],False,False,False,False,False,False,False,False
2,141,13,1,0,17,[8],[10],True,True,True,True,False,False,False,False
2,142,13,1,0,14,[11],[11],False,False,False,False,False,False,False,False
2,143,13,1,7,3,[0],[0],False,False,False,False,False,False,False,False
2,144,13,0,4,5,[1],[1],False,False,False,False,False,False,False,False
2,145,14,0,0,15,[4],[4],False,True,True,True,False,True,True,False
2,146,14,0,7,3,[0],[0],False,False,False,False,False,False,False,False
2,147,14,0,0,12,[3],[3],False,False,True,True,False,False,False,False
2,148,14,0,0,11,[3],[3],False,False,True,True,False,False,False,False
2,149,14,0,7,2,[0],[0],False,False,False,False,False,False,False,False
2,150,14,0,0,11,[0],[0],False,False,True,True,False,False,False,False
2,151,14,0,43,2,[0],[0],False,False,False,False,False,False,False,False
2,152,14,0,0,15,[8],[8],False,False,True,True,False,False,False,False
2,153,14,0,0,9,[3],[3],False,False,False,False,False,False,False,False
2,154,14,0,0,9,[6],[6],False,False,False,False,False,False,False,False
2,155,14,0,7,3,[0],[0],False,False,False,False,False,False,False,False
2,156,14,1,4,3,[0],[0],False,False,False,False,False,False,False,False
2,157,15,1,0,17,[12],[12],False,False,True,True,False,True,True,False
2,158,15,0,8,10,"[0, 1, 2, 3, 4, 5, 6]","[0, 1, 2, 3, 4, 5, 6]",False,False,False,False,False,False,False,False
2,159,15,1,0,14,[10],[10],False,False,True,True,False,False,False,False
2,160,15,1,4,2,[0],[0],False,False,False,False,False,False,False,False
3,1,0,0,41,2,[1],[1],False,False,False,False,False,False,False,False
3,2,0,0,1,1,[0],[0],False,False,False,False,False,False,False,False
3,3,0,1,1,1,[0],[0],False,False,False,False,False,False,False,False
3,4,0,0,38,2,[1],[1],False,False,False,False,False,False,False,False
3,5,1,1,0,4,[2],[2],False,False,False,False,False,False,False,False
3,6,1,1,0,4,[2],[2],False,False,False,False,False,False,False,False
3,7,1,1,7,15,[0],[0],False,False,False,False,False,False,False,False
3,8,1,1,0,3,[0],[0],False,False,False,False,False,False,False,False
3,9,1,1,0,2,[1],[1],False,False,False,False,False,False,False,False
3,10,2,0,0,6,[2],[2],False,True,True,True,False,False,False,False
3,11,2,0,5,5,"[0, 1]","[0, 1]",False,False,False,False,False,False,False,False
3,12,2,0,0,5,[3],[3],False,True,True,True,False,False,False,False
3,13,2,0,5,3,"[0, 1]","[0, 1]",False,False,False,False,False,False,False,False
3,14,2,0,0,4,[2],[2],False,True,True,True,False,False,False,False
3,15,2,0,7,8,[0],[0],False,False,False,False,False,False,False,False
3,16,2,0,7,6,[0],[0],False,False,False,False,False,False,False,False
3,17,2,0,0,6,[0],[0],False,False,True,True,False,False,False,False
3,18,2,0,0,3,[0],[0],False,False,False,False,False,False,False,False
3,19,2,0,3,4,[0],[0],False,False,False,False,False,False,False,False
3,20,3,1,0,6,[2],[2],False,False,True,True,False,False,False,False
3,21,3,1,5,5,"[0, 2]","[0, 2]",False,False,False,False,False,False,False,False
3,22,3,1,0,5,[1],[1],False,False,True,True,False,False,False,False
3,23,3,1,0,5,[1],[1],False,False,False,False,False,False,False,False
3,24,3,1,0,7,[2],[2],False,True,True,True,False,False,False,False
3,25,3,1,7,14,[0],[0],False,False,False,False,False,False,False,False
3,26,3,1,0,7,[3],[3],False,True,True,True,False,False,False,False
3,27,3,1,43,2,[0],[0],False,False,False,False,False,False,False,False
3,28,3,1,0,7,[3],[3],False,True,True,True,False,False,False,False
3,29,3,1,7,12,[6],[6],False,False,False,False,False,False,False,False
3,30,3,1,0,6,[1],[1],False,True,True,True,False,False,False,False
3,31,3,1,7,7,[0],[0],False,False,False,False,False,False,False,False
3,32,3,1,7,3,[0],[0],False,False,False,False,False,False,False,False
3,33,3,1,0,6,[1],[1],False,False,True,True,False,False,False,False
3,34,3,1,0,3,[0],[0],False,False,False,False,False,False,False,False
3,35,4,0,0,10,[2],[2],False,False,True,True,False,False,False,False
3,36,4,0,37,4,[0],[0],False,False,False,False,False,False,False,False
3,37,4,0,43,2,[0],[0],False,False,False,False,False,False,False,False
3,38,4,0,0,14,[7],[7],False,False,True,True,False,False,False,False
3,39,4,0,0,11,[6],[6],False,False,True,True,False,True,True,False
3,40,4,0,7,1,[0],[0],False,False,False,False,False,False,False,False
3,41,4,0,7,5,[0],[0],False,False,False,False,False,False,False,False
3,42,4,0,7,1,[0],[0],False,False,False,False,False,False,False,False
3,43,4,0,0,9,[4],[4],False,False,True,True,False,False,False,False
3,44,4,0,0,8,[1],[1],False,False,True,True,False,False,False,False
3,45,4,0,43,2,[0],[0],False,False,False,False,False,False,False,False
3,46,4,0,0,6,[2],[2],False,False,True,True,False,False,False,False
3,47,4,0,7,4,[1],[1],False,False,False,False,False,False,False,False
3,48,4,0,0,7,[3],[3],False,False,True,True,False,False,False,False
3,49,4,0,43,2,[0],[0],False,False,False,False,False,False,False,False
3,50,4,0,0,5,[0],[0],False,False,True,True,False,False,False,False
3,51,4,0,0,4,[1],[1],False,False,False,False,False,False,False,False
3,52,4,0,7,6,[0],[0],False,False,False,False,False,False,False,False
3,53,4,1,4,2,[0],[0],False,False,False,False,False,False,False,False
3,54,5,1,0,12,[0],[0],False,True,True,True,False,False,False,False
3,55,5,1,7,3,[1],[1],False,False,False,False,False,False,False,False
3,56,5,1,0,12,[8],[8],False,True,True,True,False,False,False,False
3,57,5,1,0,12,[7],[7],False,True,True,True,False,False,False,False
3,58,5,1,5,1,[0],[0],False,False,False,False,False,False,False,False
3,59,5,1,0,9,[2],[2],False,True,True,True,False,False,False,False
3,60,5,1,43,2,[0],[0],False,False,False,False,False,False,False,False
3,61,5,1,0,8,[3],[3],False,True,True,True,False,False,False,False
3,62,5,1,0,7,[2],[2],False,True,True,True,False,False,False,False
3,63,5,1,43,2,[0],[0],False,False,False,False,False,False,False,False
3,64,5,1,0,6,[1],[1],False,True,True,True,False,False,False,False
3,65,5,1,7,4,[0],[0],False,False,False,False,False,False,False,False
3,66,5,1,7,1,[0],[0],False,False,False,False,False,False,False,False
3,67,5,1,0,4,[1],[1],False,False,False,False,False,False,False,False
3,68,6,0,0,16,[11],[11],False,False,True,True,False,False,False,False
3,69,6,0,37,2,[0],[0],False,False,False,False,False,False,False,False
3,70,6,0,43,2,[0],[0],False,False,False,False,False,False,False,False
3,71,6,0,0,14,[9],[9],False,False,True,True,False,False,False,False
3,72,6,0,7,3,[2],[2],False,False,False,False,False,False,False,False
3,73,6,0,0,13,[3],[3],False,False,True,True,False,False,False,False
3,74,6,0,0,13,[3],[3],False,False,True,True,False,False,False,False
3,75,6,0,43,2,[0],[0],False,False,False,False,False,False,False,False
3,76,6,0,0,19,[13],[13],False,True,True,True,False,True,True,False
3,77,6,0,7,2,[0],[0],False,False,False,False,False,False,False,False
3,78,6,0,7,3,[1],[1],False,False,False,False,False,False,False,False
3,79,6,0,0,19,[3],[3],False,False,True,True,False,False,False,False
3,80,6,0,0,7,[4],[4],False,False,False,False,False,False,False,False
3,81,6,0,7,5,[0],[0],False,False,False,False,False,False,False,False
3,82,6,1,4,4,[0],[0],False,False,False,False,False,False,False,False
3,83,7,1,0,17,[10],[10],False,False,True,True,False,False,False,False
3,84,7,1,0,13,[0],[0],False,False,True,True,False,False,False,False
3,85,7,1,43,2,[0],[0],False,False,False,False,False,False,False,False
3,86,7,1,0,13,[6],[6],False,True,True,True,False,False,False,False
3,87,7,1,43,2,[0],[0],False,False,False,False,False,False,False,False
3,88,7,1,0,13,[9],[9],False,True,True,True,False,False,False,False
3,89,7,1,9,3,"[0, 1, 2]","[0, 1, 2]",False,False,False,False,False,False,False,False
3,90,7,1,0,12,[1],[1],False,True,True,True,False,False,False,False
3,91,7,1,0,10,[4],[4],False,True,True,True,False,False,False,False
3,92,7,0,8,14,"[0, 1, 2, 3, 4, 5, 6, 7, 8, 9, 10]","[0, 1, 2, 3, 4, 5, 6, 7, 8, 9, 10]",False,False,False,False,False,False,False,False
3,93,7,1,0,6,[3],[3],False,False,False,False,False,False,False,False
3,94,7,1,7,6,[0],[0],False,False,False,False,False,False,False,False
3,95,7,0,4,5,[0],[0],False,False,False,False,False,False,False,False
3,96,8,0,0,11,[6],[6],False,False,True,True,False,False,False,False
3,97,8,0,0,15,[9],[9],False,False,True,True,False,True,True,False
3,98,8,0,7,1,[0],[0],False,False,False,False,False,False,False,False
3,99,8,0,7,1,[0],[0],False,False,False,False,False,False,False,False
3,100,8,0,0,14,[9],[9],False,False,True,True,False,False,False,False
3,101,8,0,0,15,[2],[2],False,False,True,True,False,False,False,False
3,102,8,0,0,5,[1],[1],False,False,True,True,False,False,False,False
3,103,8,0,0,5,[1],[1],False,False,True,True,False,False,False,False
3,104,8,0,5,1,[0],[0],False,False,False,False,False,False,False,False
3,105,8,0,0,4,[0],[0],False,False,False,False,False,False,False,False
3,106,8,0,43,2,[0],[0],False,False,False,False,False,False,False,False
3,107,8,0,0,5,[1],[1],False,False,True,True,False,False,False,False
3,108,8,0,7,4,[1],[1],False,False,False,False,False,False,False,False
3,109,8,0,0,4,[0],[0],False,False,False,False,False,False,False,False
3,110,8,0,0,3,[0],[0],False,False,False,False,False,False,False,False
3,111,8,0,7,4,[0],[0],False,False,False,False,False,False,False,False
3,112,8,1,4,3,[1],[1],False,False,False,False,False,False,False,False
3,113,9,1,0,11,[1],[1],False,True,True,True,False,False,False,False
3,114,9,1,43,2,[0],[0],False,False,False,False,False,False,False,False
3,115,9,1,0,12,[7],[7],False,True,True,True,False,False,False,False
3,116,9,1,0,11,[8],[8],False,True,True,True,False,False,False,False
3,117,9,1,37,1,[0],[0],False,False,False,False,False,False,False,False
3,118,9,1,43,2,[0],[0],False,False,False,False,False,False,False,False
3,119,9,1,0,12,[7],[7],False,True,True,True,False,False,False,False
3,120,9,1,5,2,"[0, 1]","[0, 1]",False,False,False,False,False,False,False,False
3,121,9,1,0,11,[8],[8],False,True,True,True,False,False,False,False
3,122,9,0,8,10,"[0, 1, 2, 3, 4, 5, 6]","[0, 1, 2, 3, 4, 5, 6]",False,False,False,False,False,False,False,False
3,123,9,1,0,4,[3],[3],False,False,False,False,False,False,False,False
3,124,10,0,0,9,[0],[0],False,False,False,False,False,False,False,False
3,125,10,0,7,1,[0],[0],False,False,False,False,False,False,False,False
3,126,10,0,0,10,[5],[5],False,False,True,True,False,False,False,False
3,127,10,0,0,9,[6],[6],False,False,False,False,False,False,False,False
3,128,11,1,0,17,[14],[14],False,True,True,True,False,False,False,False
3,129,11,1,7,3,[0],[0],False,False,False,False,False,False,False,False
3,130,11,1,0,17,[14],[14],False,True,True,True,False,False,False,False
3,131,11,1,43,2,[0],[0],False,False,False,False,False,False,False,False
3,132,11,1,0,18,[2],[2],False,True,True,True,False,False,False,False
3,133,11,1,0,15,[2],[2],False,True,True,True,False,False,False,False
3,134,11,1,0,14,[9],[9],False,True,True,True,False,False,False,False
3,135,11,1,7,5,"[2, 0, 1]","[2, 0, 1]",False,False,False,False,False,False,False,False
3,136,11,1,0,18,[2],[2],False,False,True,True,False,False,False,False
3,137,11,1,0,8,[5],[5],False,False,False,False,False,False,False,False
3,138,11,1,7,5,[0],[0],False,False,False,False,False,False,False,False
3,139,11,0,4,4,[0],[0],False,False,False,False,False,False,False,False
3,140,12,0,0,9,[6],[6],False,False,False,False,False,False,False,False
3,141,12,0,7,3,[0],[0],False,False,False,False,False,False,False,False
3,142,12,1,4,5,[0],[0],False,False,False,False,False,False,False,False
3,143,13,1,0,27,[20],[20],False,True,False,False,False,False,False,False
3,144,13,1,0,26,[13],[13],False,True,False,False,False,False,False,False
3,145,13,1,0,16,[9],[9],False,True,True,True,False,False,False,False
3,146,13,1,43,2,[0],[0],False,False,False,False,False,False,False,False
3,147,13,1,0,17,[3],[3],False,True,False,False,False,False,False,False
3,148,13,1,7,1,[0],[0],False,False,False,False,False,False,False,False
3,149,13,1,0,9,[6],[6],False,False,False,False,False,False,False,False
3,150,13,1,7,4,[0],[0],False,False,False,False,False,False,False,False
3,151,13,0,4,3,[0],[0],False,False,False,False,False,False,False,False
3,152,14,0,0,10,[4],[4],False,False,False,False,False,False,False,False
3,153,14,0,0,9,[6],[6],False,False,False,False,False,False,False,False
3,154,15,1,0,22,[19],[19],False,False,False,False,False,False,False,False
3,155,15,1,7,3,[0],[0],False,False,False,False,False,False,False,False
3,156,15,0,4,2,[0],[0],False,False,False,False,False,False,False,False
3,157,16,0,0,7,[4],[4],False,False,False,False,False,False,False,False
3,158,16,1,8,17,"[0, 1, 2, 3, 4, 5, 6, 7, 8, 9, 10, 11, 12, 13]","[0, 1, 2, 3, 4, 5, 6, 7, 8, 9, 10, 11, 12, 13]",False,False,False,False,False,False,False,False
3,159,16,0,0,6,[5],[5],False,False,False,False,False,False,False,False
3,160,17,1,0,7,[4],[4],False,False,False,False,False,False,False,False
4,1,0,0,41,2,[1],[1],False,False,False,False,False,False,False,False
4,2,0,1,1,1,[0],[0],False,False,False,False,False,False,False,False
4,3,0,0,1,1,[0],[0],False,False,False,False,False,False,False,False
4,4,0,1,38,2,[1],[1],False,False,False,False,False,False,False,False
4,5,1,1,0,4,[1],[1],False,False,False,False,False,False,False,False
4,6,1,1,5,4,"[1, 2]","[1, 2]",False,False,False,False,False,False,False,False
4,7,1,1,0,8,[1],[1],False,False,False,False,False,False,False,False
4,8,1,1,5,1,[0],[0],False,False,False,False,False,False,False,False
4,9,1,1,0,2,[1],[1],False,False,False,False,False,False,False,False
4,10,2,0,0,5,[3],[3],False,False,True,True,False,False,False,False
4,11,2,0,5,3,"[0, 1]","[0, 1]",False,False,False,False,False,False,False,False
4,12,2,0,0,6,[0],[0],False,False,True,True,False,False,False,False
4,13,2,1,8,6,"[0, 1, 2]","[0, 1, 2]",False,False,False,False,False,False,False,False
4,14,2,0,0,4,[1],[1],False,False,False,False,False,False,False,False
4,15,2,0,3,2,[0],[0],False,False,False,False,False,False,False,False
4,16,3,1,0,8,[5],[5],False,False,True,True,False,False,False,False
4,17,3,1,7,2,[0],[0],False,False,False,False,False,False,False,False
4,18,3,1,0,7,[3],[3],False,False,True,True,False,False,False,False
4,19,3,1,0,3,[2],[2],False,False,False,False,False,False,False,False
4,20,4,0,0,3,[1],[1],False,True,False,False,False,False,False,False
4,21,4,0,7,9,[0],[0],False,False,False,False,False,False,False,False
4,22,4,0,7,5,[0],[0],False,False,False,False,False,False,False,False
4,23,4,0,0,8,[4],[4],False,False,True,True,False,False,False,False
4,24,4,0,5,1,[0],[0],False,False,False,False,False,False,False,False
4,25,4,0,0,7,[3],[3],False,False,True,True,False,False,False,False
4,26,4,0,43,2,[0],[0],False,False,False,False,False,False,False,False
4,27,4,0,0,5,[1],[1],False,False,True,True,False,False,False,False
4,28,4,0,5,2,"[0, 1]","[0, 1]",False,False,False,False,False,False,False,False
4,29,4,0,0,4,[1],[1],False,False,False,False,False,False,False,False
4,30,4,0,3,5,[1],[1],False,False,False,False,False,False,False,False
4,31,5,1,0,4,[1],[1],False,True,False,False,False,False,False,False
4,32,5,1,7,8,[2],[2],False,False,False,False,False,False,False,False
4,33,5,1,7,4,[0],[0],False,False,False,False,False,False,False,False
4,34,5,1,0,8,[5],[5],False,False,True,True,False,False,False,False
4,35,5,1,0,4,[1],[1],False,False,False,False,False,False,False,False
4,36,5,1,0,3,[1],[1],False,False,False,False,False,False,False,False
4,37,5,1,4,3,[0],[0],False,False,False,False,False,False,False,False
4,38,5,1,0,5,[1],[1],False,False,False,False,False,False,False,False
4,39,5,1,7,10,[0],[0],False,False,False,False,False,False,False,False
4,40,5,1,0,7,[1],[1],False,False,True,True,False,False,False,False
4,41,5,1,43,2,[0],[0],False,False,False,False,False,False,False,False
4,42,5,1,0,6,[2],[2],False,False,True,True,False,False,False,False
4,43,5,1,0,5,[1],[1],False,False,False,False,False,False,False,False
4,44,5,1,7,8,[0],[0],False,False,False,False,False,False,False,False
4,45,5,1,0,4,[1],[1],False,False,False,False,False,False,False,False
4,46,6,0,0,17,[4],[4],False,False,True,True,False,False,False,False
4,47,6,0,0,7,[0],[0],False,False,True,True,False,False,False,False
4,48,6,0,0,6,[2],[2],False,False,True,True,False,False,False,False
4,49,6,0,0,8,[0],[0],False,False,True,True,False,False,False,False
4,50,6,1,8,6,"[0, 1, 2]","[0, 1, 2]",False,False,False,False,False,False,False,False
4,51,6,0,0,5,[2],[2],False,False,False,False,False,False,False,False
4,52,7,1,0,7,[2],[2],False,False,True,True,False,False,False,False
4,53,7,1,0,7,[3],[3],False,False,True,True,False,False,False,False
4,54,7,1,0,10,[6],[6],False,False,True,True,False,False,False,False
4,55,7,1,0,10,[2],[2],False,False,True,True,False,False,False,False
4,56,7,0,8,7,"[0, 1, 2, 3]","[0, 1, 2, 3]",False,False,False,False,False,False,False,False
4,57,7,1,0,7,[4],[4],False,False,False,False,False,False,False,False
4,58,8,0,0,7,[3],[3],False,False,True,True,False,False,False,False
4,59,8,0,7,10,[0],[0],False,False,False,False,False,False,False,False
4,60,8,0,0,7,[3],[3],False,False,True,True,False,False,False,False
4,61,8,0,0,7,[3],[3],False,False,True,True,False,False,False,False
4,62,8,0,0,9,[4],[4],False,False,True,True,False,False,False,False
4,63,8,0,7,9,[2],[2],False,False,False,False,False,False,False,False
4,64,8,0,0,11,[3],[3],False,False,True,True,False,False,False,False
4,65,8,0,43,2,[0],[0],False,False,False,False,False,False,False,False
4,66,8,0,0,12,[6],[6],False,False,True,True,False,False,False,False
4,67,8,0,37,3,[0],[0],False,False,False,False,False,False,False,False
4,68,8,0,43,2,[0],[0],False,False,False,False,False,False,False,False
4,69,8,0,0,11,[6],[6],False,True,True,True,False,False,False,False
4,70,8,0,5,2,"[0, 1]","[0, 1]",False,False,False,False,False,False,False,False
4,71,8,0,0,10,[5],[5],False,True,True,True,False,False,False,False
4,72,8,0,7,6,[0],[0],False,False,False,False,False,False,False,False
4,73,8,0,0,9,[4],[4],False,True,True,True,False,False,False,False
4,74,8,0,43,2,[0],[0],False,False,False,False,False,False,False,False
4,75,8,0,0,8,[0],[3],True,True,True,True,False,False,False,False
4,76,8,0,7,5,[2],[2],False,False,False,False,False,False,False,False
4,77,8,0,7,2,[0],[0],False,False,False,False,False,False,False,False
4,78,8,0,0,11,[5],[5],False,False,True,True,False,False,False,False
4,79,8,0,0,5,[1],[1],False,False,False,False,False,False,False,False
4,80,8,0,43,2,[0],[0],False,False,False,False,False,False,False,False
4,81,8,0,0,5,[1],[1],False,False,False,False,False,False,False,False
4,82,8,0,7,4,[1],[1],False,False,False,False,False,False,False,False
4,83,8,0,0,4,[1],[1],False,False,False,False,False,False,False,False
4,84,8,0,7,6,[0],[0],False,False,False,False,False,False,False,False
4,85,8,1,4,3,[0],[0],False,False,False,False,False,False,False,False
4,86,9,1,0,10,[5],[5],False,False,True,True,False,False,False,False
4,87,9,1,0,9,[5],[5],False,False,True,True,False,False,False,False
4,88,9,1,0,9,[4],[4],False,False,True,True,False,False,False,False
4,89,9,1,7,8,[0],[0],False,False,False,False,False,False,False,False
4,90,9,1,0,10,[5],[5],False,False,True,True,False,False,False,False
4,91,9,1,43,2,[0],[0],False,False,False,False,False,False,False,False
4,92,9,1,0,10,[6],[6],False,False,True,True,False,False,False,False
4,93,9,1,43,2,[0],[0],False,False,False,False,False,False,False,False
4,94,9,1,0,11,[6],[6],False,False,True,True,False,False,False,False
4,95,9,1,5,2,"[0, 1]","[0, 1]",False,False,False,False,False,False,False,False
4,96,9,1,0,12,[1],[1],False,False,True,True,False,False,False,False
4,97,9,1,7,4,[0],[0],False,False,False,False,False,False,False,False
4,98,9,1,0,9,[6],[6],False,False,False,False,False,False,False,False
4,99,10,0,0,14,[3],[3],False,False,True,True,False,False,False,False
4,100,10,0,0,12,[7],[7],False,False,True,True,False,False,False,False
4,101,10,0,0,12,[5],[5],False,False,True,True,False,False,False,False
4,102,10,0,43,2,[0],[0],False,False,False,False,False,False,False,False
4,103,10,0,0,11,[0],[0],False,False,True,True,False,False,False,False
4,104,10,0,7,2,[0],[0],False,False,False,False,False,False,False,False
4,105,10,0,0,7,[4],[4],False,False,False,False,False,False,False,False
4,106,10,0,7,5,[0],[0],False,False,False,False,False,False,False,False
4,107,10,1,4,3,[0],[0],False,False,False,False,False,False,False,False
4,108,11,1,0,15,[8],[10],True,False,True,True,False,True,True,False
4,109,11,1,0,13,[4],[4],False,False,True,True,False,False,False,False
4,110,11,1,0,13,[6],[6],False,False,True,True,False,False,False,False
4,111,11,1,7,3,[2],[2],False,False,False,False,False,False,False,False
4,112,11,1,0,10,[7],[7],False,False,False,False,False,False,False,False
4,113,12,0,0,12,[2],[5],True,True,True,True,False,False,False,False
4,114,12,0,7,1,[0],[0],False,False,False,False,False,False,False,False
4,115,12,0,7,1,[0],[0],False,False,False,False,False,False,False,False
4,116,12,0,0,13,[10],[10],False,False,False,False,False,False,False,False
4,117,12,0,7,4,[0],[0],False,False,False,False,False,False,False,False
4,118,12,1,4,2,[0],[0],False,False,False,False,False,False,False,False
4,119,13,1,0,10,[7],[6],True,False,True,True,False,False,True,True
4,120,13,1,7,10,[4],[4],False,False,False,False,False,False,False,False
4,121,13,1,0,10,[6],[6],False,False,True,True,False,True,True,False
4,122,13,1,0,10,[7],[7],False,False,True,True,False,False,False,False
4,123,13,1,4,2,[1],[1],False,False,False,False,False,False,False,False
4,124,13,1,0,11,[8],[8],False,False,True,True,False,False,False,False
4,125,13,1,7,4,[2],[2],False,False,False,False,False,False,False,False
4,126,13,1,0,11,[8],[8],False,False,True,True,False,False,False,False
4,127,13,1,0,12,[1],[1],False,False,True,True,False,False,False,False
4,128,13,1,0,8,[0],[0],False,False,True,True,False,False,False,False
4,129,13,1,3,5,[0],[0],False,False,False,False,False,False,False,False
4,130,13,1,0,6,[3],[3],False,False,False,False,False,False,False,False
4,131,13,1,3,2,[0],[0],False,False,False,False,False,False,False,False
4,132,14,0,0,18,[15],[15],False,False,True,True,False,False,False,False
4,133,14,0,7,3,[0],[0],False,False,False,False,False,False,False,False
4,134,14,1,4,2,[0],[0],False,False,False,False,False,False,False,False
4,135,15,1,0,10,[3],[3],False,True,True,True,False,False,False,False
4,136,15,1,43,2,[0],[0],False,False,False,False,False,False,False,False
4,137,15,1,0,11,[7],[7],False,True,True,True,False,False,False,False
4,138,15,1,0,10,[6],[6],False,True,True,True,False,False,False,False
4,139,15,1,9,10,"[0, 1, 2, 3, 4]","[0, 1, 2, 3, 4]",False,False,False,False,False,False,False,False
4,140,15,1,0,9,[2],[2],False,True,True,True,False,True,True,False
4,141,15,1,3,5,[2],[2],False,False,False,False,False,False,False,False
4,142,15,1,0,7,[4],[4],False,False,False,False,False,False,False,False
4,143,16,0,0,18,[11],[11],False,False,True,True,False,True,True,False
4,144,16,0,43,2,[0],[0],False,False,False,False,False,False,False,False
4,145,16,0,0,19,[13],[13],False,False,False,False,False,False,False,False
4,146,16,1,8,6,"[0, 1, 2]","[0, 1, 2]",False,False,False,False,False,False,False,False
4,147,16,0,0,12,[9],[9],False,False,False,False,False,False,False,False
4,148,16,0,7,2,[0],[0],False,False,False,False,False,False,False,False
4,149,16,1,4,1,[0],[0],False,False,False,False,False,False,False,False
4,150,17,1,0,3,[1],[1],False,True,False,False,False,False,False,False
4,151,17,1,7,7,[0],[0],False,False,False,False,False,False,False,False
4,152,17,1,7,1,[0],[0],False,False,False,False,False,False,False,False
4,153,17,1,0,3,[2],[2],False,False,False,False,False,False,False,False
4,154,18,0,0,11,[8],[8],False,False,False,False,False,False,False,False
4,155,18,0,7,1,[0],[0],False,False,False,False,False,False,False,False
5,1,0,0,41,2,[1],[1],False,False,False,False,False,False,False,False
5,2,0,1,1,1,[0],[0],False,False,False,False,False,False,False,False
5,3,0,0,1,1,[0],[0],False,False,False,False,False,False,False,False
5,4,0,1,38,3,[2],[2],False,False,False,False,False,False,False,False
5,5,0,1,2,1,[0],[0],False,False,False,False,False,False,False,False
5,6,1,1,0,1,[0],[0],False,False,False,False,False,False,False,False
5,7,2,0,0,3,[0],[0],False,False,True,True,False,False,False,False
5,8,2,0,5,5,"[1, 3]","[1, 3]",False,False,False,False,False,False,False,False
5,9,2,0,0,3,[0],[0],False,False,False,False,False,False,False,False
5,10,2,0,5,3,"[1, 0]","[1, 0]",False,False,False,False,False,False,False,False
5,11,2,0,0,2,[1],[1],False,False,False,False,False,False,False,False
5,12,3,1,0,6,[1],[1],False,False,True,True,False,False,False,False
5,13,3,1,37,2,[0],[0],False,False,False,False,False,False,False,False
5,14,3,1,43,2,[0],[0],False,False,False,False,False,False,False,False
5,15,3,1,0,9,[7],[7],False,True,True,True,False,True,True,False
5,16,3,1,5,3,"[0, 1]","[0, 1]",False,False,False,False,False,False,False,False
5,17,3,1,0,7,[4],[4],False,True,True,True,False,False,False,False
5,18,3,1,0,7,[5],[5],False,True,True,True,False,False,False,False
5,19,3,1,4,3,[0],[0],False,False,False,False,False,False,False,False
5,20,3,1,0,10,[6],[6],False,True,True,True,False,False,False,False
5,21,3,1,7,14,[2],[2],False,False,False,False,False,False,False,False
5,22,3,1,0,9,[0],[4],True,True,True,True,False,False,False,False
5,23,3,1,7,9,[0],[0],False,False,False,False,False,False,False,False
5,24,3,1,7,4,[0],[0],False,False,False,False,False,False,False,False
5,25,3,1,0,3,[0],[0],False,False,False,False,False,False,False,False
5,26,3,1,7,6,[0],[0],False,False,False,False,False,False,False,False
5,27,3,0,4,4,[0],[0],False,False,False,False,False,False,False,False
5,28,4,0,0,10,[8],[8],False,False,True,True,False,False,False,False
5,29,4,0,7,9,[0],[0],False,False,False,False,False,False,False,False
5,30,4,0,0,10,[2],[2],False,False,True,True,False,False,False,False
5,31,4,0,43,2,[0],[0],False,False,False,False,False,False,False,False
5,32,4,0,0,8,[2],[2],False,True,True,True,False,False,False,False
5,33,4,0,43,2,[0],[0],False,False,False,False,False,False,False,False
5,34,4,0,0,11,[5],[5],False,True,True,True,False,False,False,False
5,35,4,0,0,9,[2],[2],False,True,True,True,False,False,False,False
5,36,4,0,0,8,[4],[4],False,True,True,True,False,False,False,False
5,37,4,0,0,10,[4],[4],False,True,True,True,False,False,False,False
5,38,4,0,0,9,[4],[4],False,True,True,True,False,False,False,False
5,39,4,0,5,1,[0],[0],False,False,False,False,False,False,False,False
5,40,4,0,0,8,[3],[3],False,True,False,False,False,False,False,False
5,41,4,0,7,7,[3],[3],False,False,False,False,False,False,False,False
5,42,4,0,7,4,[0],[0],False,False,False,False,False,False,False,False
5,43,4,0,0,7,[3],[3],False,False,False,False,False,False,False,False
5,44,4,0,43,2,[0],[0],False,False,False,False,False,False,False,False
5,45,4,0,0,6,[3],[3],False,False,False,False,False,False,False,False
5,46,5,1,0,17,[5],[5],False,False,True,True,False,False,False,False
5,47,5,1,37,2,[0],[0],False,False,False,False,False,False,False,False
5,48,5,1,43,2,[0],[0],False,False,False,False,False,False,False,False
5,49,5,1,0,18,[10],[10],False,False,True,True,False,False,False,False
5,50,5,1,7,11,[0],[0],False,False,False,False,False,False,False,False
5,51,5,1,0,18,[14],[14],False,False,True,True,False,False,False,False
5,52,5,1,0,19,[15],[15],False,False,True,True,False,False,False,False
5,53,5,1,7,10,[1],[1],False,False,False,False,False,False,False,False
5,54,5,1,0,18,[8],[8],False,False,True,True,False,False,False,False
5,55,5,1,5,1,[0],[0],False,False,False,False,False,False,False,False
5,56,5,1,0,10,[5],[5],False,False,True,True,False,False,False,False
5,57,5,1,43,2,[0],[0],False,False,False,False,False,False,False,False
5,58,5,1,0,9,[0],[0],False,False,True,True,False,True,True,False
5,59,5,1,7,2,[0],[0],False,False,False,False,False,False,False,False
5,60,5,1,7,4,[0],[0],False,False,False,False,False,False,False,False
5,61,5,1,7,1,[0],[0],False,False,False,False,False,False,False,False
5,62,5,1,0,4,[0],[0],False,False,False,False,False,False,False,False
5,63,5,1,0,3,[0],[0],False,False,False,False,False,False,False,False
5,64,5,1,7,5,[0],[0],False,False,False,False,False,False,False,False
5,65,5,0,4,4,[0],[0],False,False,False,False,False,False,False,False
5,66,6,0,0,16,[0],[0],False,False,True,True,False,False,False,False
5,67,6,0,9,3,"[1, 2, 0]","[1, 2, 0]",False,False,False,False,False,False,False,False
5,68,6,0,0,14,[4],[4],False,False,True,True,False,False,False,False
5,69,6,0,5,1,[0],[0],False,False,False,False,False,False,False,False
5,70,6,0,0,12,[7],[7],False,False,True,True,False,False,False,False
5,71,6,0,43,2,[0],[0],False,False,False,False,False,False,False,False
5,72,6,0,0,12,[1],[1],False,True,True,True,False,False,False,False
5,73,6,0,0,10,[2],[2],False,True,True,True,False,False,False,False
5,74,6,0,0,10,[3],[3],False,True,True,True,False,False,False,False
5,75,6,0,43,2,[0],[0],False,False,False,False,False,False,False,False
5,76,6,0,0,11,[4],[4],False,True,True,True,False,False,False,False
5,77,6,0,7,3,[2],[2],False,False,False,False,False,False,False,False
5,78,6,0,0,10,[2],[3],True,True,True,True,False,False,False,False
5,79,6,0,7,1,[0],[0],False,False,False,False,False,False,False,False
5,80,6,0,7,3,[0],[0],False,False,False,False,False,False,False,False
5,81,6,0,0,6,[3],[3],False,False,False,False,False,False,False,False
5,82,6,0,7,6,[0],[0],False,False,False,False,False,False,False,False
5,83,6,1,4,5,[0],[0],False,False,False,False,False,False,False,False
5,84,7,1,0,26,[7],[7],False,True,False,False,False,False,False,False
5,85,7,1,9,2,"[0, 1]","[0, 1]",False,False,False,False,False,False,False,False
5,86,7,1,0,23,[6],[6],False,True,True,True,False,False,False,False
5,87,7,1,0,18,[4],[4],False,True,True,True,False,False,False,False
5,88,7,1,43,2,[0],[0],False,False,False,False,False,False,False,False
5,89,7,1,0,18,[5],[5],False,True,True,True,False,False,False,False
5,90,7,1,0,16,[6],[6],False,True,True,True,False,False,False,False
5,91,7,1,0,16,[4],[4],False,True,True,True,False,False,False,False
5,92,7,1,43,2,[0],[0],False,False,False,False,False,False,False,False
5,93,7,1,0,16,[10],[10],False,True,True,True,False,False,False,False
5,94,7,1,7,5,[0],[0],False,False,False,False,False,False,False,False
5,95,7,1,0,16,[6],[6],False,True,True,True,False,False,False,False
5,96,7,1,5,1,[0],[0],False,False,False,False,False,False,False,False
5,97,7,1,0,14,[4],[4],False,True,True,True,False,False,False,False
5,98,7,0,8,12,"[0, 1, 2, 3, 4, 5, 6, 7, 8]","[0, 1, 2, 3, 4, 5, 6, 7, 8]",False,False,False,False,False,False,False,False
5,99,7,1,0,6,[3],[3],False,False,False,False,False,False,False,False
5,100,7,1,7,4,[0],[0],False,False,False,False,False,False,False,False
5,101,7,0,4,4,[0],[0],False,False,False,False,False,False,False,False
5,102,8,0,0,9,[6],[6],False,False,True,True,False,False,False,False
5,103,8,0,0,10,[4],[4],False,True,True,True,False,False,False,False
5,104,8,0,7,6,[0],[0],False,False,False,False,False,False,False,False
5,105,8,0,0,10,[0],[0],False,True,True,True,False,False,False,False
5,106,8,0,0,9,[5],[5],False,True,True,True,False,False,False,False
5,107,8,0,0,10,[4],[4],False,True,True,True,False,False,False,False
5,108,8,0,43,2,[0],[0],False,False,False,False,False,False,False,False
5,109,8,0,0,10,[6],[6],False,True,True,True,False,False,False,False
5,110,8,0,7,4,[0],[0],False,False,False,False,False,False,False,False
5,111,8,0,0,10,[6],[6],False,True,True,True,False,False,False,False
5,112,8,0,0,9,[0],[0],False,True,True,True,False,False,False,False
5,113,8,1,8,15,"[0, 1, 2, 3, 4, 5, 6, 7, 8, 9, 10, 11]","[0, 1, 2, 3, 4, 5, 6, 7, 8, 9, 10, 11]",False,False,False,False,False,False,False,False
5,114,8,0,0,4,[1],[1],False,False,False,False,False,False,False,False
5,115,8,0,7,5,[0],[0],False,False,False,False,False,False,False,False
5,116,8,1,4,5,[0],[0],False,False,False,False,False,False,False,False
5,117,9,1,0,13,[8],[8],False,True,True,True,False,False,False,False
5,118,9,1,0,14,[1],[1],False,True,True,True,False,False,False,False
5,119,9,1,0,14,[10],[10],False,True,True,True,False,False,False,False
5,120,9,1,0,15,[9],[9],False,True,True,True,False,False,False,False
5,121,9,1,0,15,[2],[2],False,True,True,True,False,False,False,False
5,122,9,1,0,10,[1],[1],False,True,True,True,False,False,False,False
5,123,9,1,0,9,[5],[5],False,True,True,True,False,False,False,False
5,124,9,1,0,10,[6],[6],False,True,True,True,False,False,False,False
5,125,9,1,0,9,[4],[4],False,True,True,True,False,False,False,False
5,126,9,1,5,1,[0],[0],False,False,False,False,False,False,False,False
5,127,9,1,0,7,[1],[1],False,True,True,True,False,False,False,False
5,128,9,0,8,9,"[0, 1, 2, 3, 4, 5]","[0, 1, 2, 3, 4, 5]",False,False,False,False,False,False,False,False
5,129,9,1,0,4,[1],[1],False,False,False,False,False,False,False,False
5,130,10,0,0,9,[5],[5],False,False,True,True,False,False,False,False
5,131,10,0,7,6,[0],[0],False,False,False,False,False,False,False,False
5,132,10,0,0,9,[2],[2],False,False,True,True,False,False,False,False
5,133,10,0,0,6,[2],[0],True,False,True,True,False,True,False,True
5,134,10,0,0,5,[1],[1],False,False,True,True,False,False,False,False
5,135,10,0,0,7,[1],[1],False,False,True,True,False,False,False,False
5,136,10,0,7,5,[0],[0],False,False,False,False,False,False,False,False
5,137,10,0,0,7,[3],[3],False,False,True,True,False,False,False,False
5,138,10,0,0,6,[0],[0],False,False,True,True,False,False,False,False
5,139,10,0,43,2,[0],[0],False,False,False,False,False,False,False,False
5,140,10,0,0,8,[3],[3],False,False,True,True,False,False,False,False
5,141,10,0,0,7,[2],[2],False,False,True,True,False,False,False,False
5,142,10,1,8,6,"[0, 1, 2]","[0, 1, 2]",False,False,False,False,False,False,False,False
5,143,10,0,0,4,[1],[1],False,False,False,False,False,False,False,False
5,144,11,1,0,18,[5],[5],False,False,True,True,False,False,False,False
5,145,11,1,0,6,[0],[0],False,False,True,True,False,False,False,False
5,146,11,1,0,4,[0],[0],False,False,False,False,False,False,False,False
5,147,11,1,0,9,[1],[1],False,False,True,True,False,False,False,False
5,148,11,1,0,7,[3],[3],False,False,True,True,False,False,False,False
5,149,11,1,0,9,[0],[0],False,False,True,True,False,False,False,False
5,150,11,1,5,2,"[0, 1]","[0, 1]",False,False,False,False,False,False,False,False
5,151,11,1,0,8,[3],[3],False,False,True,True,False,False,False,False
5,152,11,1,7,5,[1],[1],False,False,False,False,False,False,False,False
5,153,11,1,0,8,[3],[3],False,False,True,True,False,False,False,False
5,154,11,1,43,2,[0],[0],False,False,False,False,False,False,False,False
5,155,11,1,0,8,[5],[5],False,False,True,True,False,False,False,False
5,156,11,1,7,3,[0],[0],False,False,False,False,False,False,False,False
5,157,11,0,4,3,[0],[0],False,False,False,False,False,False,False,False
5,158,12,0,0,11,[0],[0],False,False,True,True,False,False,False,False
5,159,12,0,0,10,[6],[6],False,False,True,True,False,False,False,False
5,160,12,0,0,11,[6],[6],False,False,True,True,False,False,False,False
6,1,0,0,41,2,[1],[1],False,False,False,False,False,False,False,False
6,2,0,1,1,1,[0],[0],False,False,False,False,False,False,False,False
6,3,0,0,1,1,[0],[0],False,False,False,False,False,False,False,False
6,4,1,1,0,5,[1],[1],False,False,False,False,False,False,False,False
6,5,1,1,7,15,[2],[2],False,False,False,False,False,False,False,False
6,6,1,1,0,5,[3],[3],False,False,False,False,False,False,False,False
6,7,1,1,0,7,[4],[4],False,False,False,False,False,False,False,False
6,8,1,1,7,14,[2],[2],False,False,False,False,False,False,False,False
6,9,1,1,0,6,[1],[1],False,False,False,False,False,False,False,False
6,10,1,1,5,1,[0],[0],False,False,False,False,False,False,False,False
6,11,1,1,0,2,[1],[1],False,False,False,False,False,False,False,False
6,12,2,0,0,4,[0],[0],False,False,True,True,False,False,False,False
6,13,2,0,7,16,[1],[1],False,False,False,False,False,False,False,False
6,14,2,0,0,4,[2],[2],False,False,True,True,False,False,False,False
6,15,2,0,0,4,[0],[0],False,False,False,False,False,False,False,False
6,16,2,0,7,5,[0],[0],False,False,False,False,False,False,False,False
6,17,2,0,7,8,[2],[2],False,False,False,False,False,False,False,False
6,18,2,0,7,2,[0],[0],False,False,False,False,False,False,False,False
6,19,2,0,0,3,[0],[0],False,False,False,False,False,False,False,False
6,20,2,0,0,2,[1],[1],False,False,False,False,False,False,False,False
6,21,3,1,0,8,[5],[5],False,False,True,True,False,False,False,False
6,22,3,1,5,2,"[0, 1]","[0, 1]",False,False,False,False,False,False,False,False
6,23,3,1,0,9,[2],[2],False,False,True,True,False,False,False,False
6,24,3,1,0,4,[1],[1],False,False,True,True,False,False,False,False
6,25,3,1,0,3,[1],[1],False,False,True,True,False,False,False,False
6,26,3,1,4,4,[0],[0],False,False,False,False,False,False,False,False
6,27,3,1,0,6,[0],[0],False,False,True,True,False,False,False,False
6,28,3,1,37,2,[0],[0],False,False,False,False,False,False,False,False
6,29,3,1,43,2,[0],[0],False,False,False,False,False,False,False,False
6,30,3,1,0,5,[1],[1],False,True,True,True,False,True,True,False
6,31,3,1,7,9,[1],[1],False,False,False,False,False,False,False,False
6,32,3,1,7,4,[0],[0],False,False,False,False,False,False,False,False
6,33,3,1,0,4,[0],[0],False,False,False,False,False,False,False,False
6,34,3,1,43,2,[0],[0],False,False,False,False,False,False,False,False
6,35,3,1,0,3,[0],[0],False,False,False,False,False,False,False,False
6,36,3,1,7,6,[0],[0],False,False,False,False,False,False,False,False
6,37,3,0,4,2,[0],[0],False,False,False,False,False,False,False,False
6,38,4,0,0,5,[4],[4],False,False,False,False,False,False,False,False
6,39,5,1,0,12,[7],[7],False,True,True,True,False,True,True,False
6,40,5,1,7,7,[1],[1],False,False,False,False,False,False,False,False
6,41,5,1,7,3,[1],[1],False,False,False,False,False,False,False,False
6,42,5,1,0,15,[6],[6],False,False,True,True,False,False,False,False
6,43,5,1,0,16,[6],[6],False,False,True,True,False,False,False,False
6,44,5,1,0,6,[0],[0],False,False,True,True,False,False,False,False
6,45,5,1,0,5,[0],[0],False,False,False,False,False,False,False,False
6,46,5,1,43,2,[0],[0],False,False,False,False,False,False,False,False
6,47,5,1,0,4,[1],[1],False,False,False,False,False,False,False,False
6,48,5,1,7,5,[0],[0],False,False,False,False,False,False,False,False
6,49,5,0,4,1,[0],[0],False,False,False,False,False,False,False,False
6,50,6,0,0,5,[0],[0],False,False,True,True,False,False,False,False
6,51,6,0,7,2,[1],[1],False,False,False,False,False,False,False,False
6,52,6,0,0,5,[3],[3],False,False,False,False,False,False,False,False
6,53,6,0,0,4,[3],[3],False,False,False,False,False,False,False,False
6,54,7,1,0,20,[12],[12],False,True,True,True,False,True,True,False
6,55,7,1,7,5,[0],[0],False,False,False,False,False,False,False,False
6,56,7,1,7,1,[0],[0],False,False,False,False,False,False,False,False
6,57,7,1,0,25,[0],[0],False,False,False,False,False,False,False,False
6,58,7,1,37,1,[0],[0],False,False,False,False,False,False,False,False
6,59,7,1,43,2,[0],[0],False,False,False,False,False,False,False,False
6,60,7,1,0,21,[11],[11],False,False,False,False,False,False,False,False
6,61,7,1,5,1,[0],[0],False,False,False,False,False,False,False,False
6,62,7,1,0,22,[19],[19],False,False,False,False,False,False,False,False
6,63,7,1,7,4,[0],[0],False,False,False,False,False,False,False,False
6,64,7,0,4,1,[0],[0],False,False,False,False,False,False,False,False
6,65,8,0,0,5,[3],[3],False,False,True,True,False,False,False,False
6,66,8,0,37,3,[0],[0],False,False,False,False,False,False,False,False
6,67,8,0,43,2,[0],[0],False,False,False,False,False,False,False,False
6,68,8,0,0,7,[4],[4],False,True,True,True,False,False,False,False
6,69,8,0,7,4,[2],[2],False,False,False,False,False,False,False,False
6,70,8,0,7,6,[0],[0],False,False,False,False,False,False,False,False
6,71,8,0,7,1,[0],[0],False,False,False,False,False,False,False,False
6,72,8,0,0,4,[2],[2],False,False,True,True,False,False,False,False
6,73,8,0,0,3,[0],[0],False,False,False,False,False,False,False,False
6,74,8,0,7,2,[1],[1],False,False,False,False,False,False,False,False
6,75,8,0,0,3,[1],[1],False,False,False,False,False,False,False,False
6,76,8,0,0,2,[1],[1],False,False,False,False,False,False,False,False
6,77,9,1,0,26,[0],[0],False,False,False,False,False,False,False,False
6,78,9,0,8,10,"[0, 1, 2, 3, 4, 5, 6]","[0, 1, 2, 3, 4, 5, 6]",False,False,False,False,False,False,False,False
6,79,9,1,0,22,[19],[19],False,False,False,False,False,False,False,False
6,80,9,1,7,3,[0],[0],False,False,False,False,False,False,False,False
6,81,9,0,4,2,[0],[0],False,False,False,False,False,False,False,False
6,82,10,0,0,6,[3],[3],False,False,True,True,False,False,False,False
6,83,10,0,0,6,[2],[2],False,False,True,True,False,False,False,False
6,84,10,0,43,2,[0],[0],False,False,False,False,False,False,False,False
6,85,10,0,0,6,[2],[2],False,False,True,True,False,False,False,False
6,86,10,0,0,5,[1],[1],False,False,True,True,False,False,False,False
6,87,10,0,0,4,[0],[0],False,False,True,True,False,False,False,False
6,88,10,0,3,5,[2],[2],False,False,False,False,False,False,False,False
6,89,10,0,0,3,[0],[0],False,False,False,False,False,False,False,False
6,90,10,0,3,3,[0],[0],False,False,False,False,False,False,False,False
6,91,11,1,0,24,[22],[22],False,False,False,False,False,False,False,False
6,92,11,1,3,5,[0],[0],False,False,False,False,False,False,False,False
6,93,11,1,0,24,[22],[22],False,False,False,False,False,False,False,False
6,94,11,1,7,2,[0],[0],False,False,False,False,False,False,False,False
6,95,11,0,4,3,[0],[0],False,False,False,False,False,False,False,False
6,96,12,0,0,4,[0],[0],False,False,False,False,False,False,False,False
6,97,12,0,0,4,[0],[0],False,False,False,False,False,False,False,False
6,98,12,0,0,5,[0],[0],False,False,False,False,False,False,False,False
6,99,12,0,7,9,"[7, 6, 8]","[7, 6, 8]",False,False,False,False,False,False,False,False
6,100,12,0,0,8,[3],[3],False,False,True,True,False,False,False,False
6,101,12,0,0,7,[3],[3],False,False,True,True,False,False,False,False
6,102,12,0,0,6,[2],[2],False,False,True,True,False,False,False,False
6,103,12,0,43,2,[0],[0],False,False,False,False,False,False,False,False
6,104,12,0,0,9,[1],[1],False,False,True,True,False,False,False,False
6,105,12,0,0,9,[2],[2],False,False,True,True,False,False,False,False
6,106,12,0,0,4,[1],[1],False,False,False,False,False,False,False,False
6,107,12,0,3,4,[0],[0],False,False,False,False,False,False,False,False
6,108,13,1,0,27,[21],[21],False,False,False,False,False,False,False,False
6,109,13,1,0,26,[23],[23],False,False,False,False,False,False,False,False
6,110,13,1,7,1,[0],[0],False,False,False,False,False,False,False,False
7,1,0,0,41,2,[1],[1],False,False,False,False,False,False,False,False
7,2,0,1,1,2,[0],[0],False,False,False,False,False,False,False,False
7,3,0,0,1,2,[0],[0],False,False,False,False,False,False,False,False
7,4,0,1,38,2,[1],[1],False,False,False,False,False,False,False,False
7,5,0,1,2,1,[0],[0],False,False,False,False,False,False,False,False
7,6,0,0,2,1,[0],[0],False,False,False,False,False,False,False,False
7,7,1,1,0,4,[3],[3],False,False,False,False,False,False,False,False
7,8,2,0,0,4,[0],[0],False,True,True,True,False,False,False,False
7,9,2,0,7,13,[3],[3],False,False,False,False,False,False,False,False
7,10,2,0,0,3,[0],[1],True,True,True,True,False,False,False,False
7,11,2,0,7,8,[1],[1],False,False,False,False,False,False,False,False
7,12,2,0,7,6,[0],[0],False,False,False,False,False,False,False,False
7,13,2,0,0,3,[0],[0],False,False,True,True,False,False,False,False
7,14,2,0,0,3,[0],[0],False,False,False,False,False,False,False,False
7,15,2,0,3,1,[0],[0],False,False,False,False,False,False,False,False
7,16,3,1,0,11,[0],[0],False,True,True,True,False,False,False,False
7,17,3,1,0,8,[6],[6],False,True,True,True,False,False,False,False
7,18,3,1,4,1,[0],[0],False,False,False,False,False,False,False,False
7,19,3,1,0,9,[1],[1],False,True,True,True,False,False,False,False
7,20,3,1,7,6,[0],[0],False,False,False,False,False,False,False,False
7,21,3,1,7,6,[1],[1],False,False,False,False,False,False,False,False
7,22,3,1,7,3,[0],[0],False,False,False,False,False,False,False,False
7,23,3,1,0,6,[4],[4],False,False,True,True,False,False,False,False
7,24,3,1,0,7,[3],[3],False,False,True,True,False,False,False,False
7,25,3,1,5,5,"[0, 2]","[0, 2]",False,False,False,False,False,False,False,False
7,26,3,1,0,10,[2],[2],False,False,True,True,False,False,False,False
7,27,3,1,5,1,[0],[0],False,False,False,False,False,False,False,False
7,28,3,1,0,2,[0],[0],False,False,False,False,False,False,False,False
7,29,3,1,0,2,[0],[0],False,False,False,False,False,False,False,False
7,30,3,1,4,4,[0],[0],False,False,False,False,False,False,False,False
7,31,3,1,0,4,[0],[0],False,False,False,False,False,False,False,False
7,32,3,1,0,3,[0],[0],False,False,False,False,False,False,False,False
7,33,3,1,3,4,[0],[0],False,False,False,False,False,False,False,False
7,34,4,0,0,6,[2],[2],False,False,True,True,False,False,False,False
7,35,4,0,43,2,[0],[0],False,False,False,False,False,False,False,False
7,36,4,0,0,5,[0],[0],False,False,True,True,False,False,False,False
7,37,4,0,7,4,[0],[0],False,False,False,False,False,False,False,False
7,38,4,0,7,4,[0],[0],False,False,False,False,False,False,False,False
7,39,4,0,7,2,[0],[0],False,False,False,False,False,False,False,False
7,40,4,0,0,4,[1],[1],False,False,True,True,False,False,False,False
7,41,4,0,0,3,[1],[1],False,False,False,False,False,False,False,False
7,42,4,0,43,2,[0],[0],False,False,False,False,False,False,False,False
7,43,4,0,0,6,[4],[4],False,False,True,True,False,False,False,False
7,44,4,0,7,7,[5],[5],False,False,False,False,False,False,False,False
7,45,4,0,0,5,[1],[1],False,False,True,True,False,False,False,False
7,46,4,0,0,4,[1],[1],False,False,False,False,False,False,False,False
7,47,5,1,0,15,[13],[13],False,True,True,True,False,False,False,False
7,48,5,1,37,8,[0],[0],False,False,False,False,False,False,False,False
7,49,5,1,43,2,[0],[0],False,False,False,False,False,False,False,False
7,50,5,1,0,15,[12],[12],False,True,True,True,False,False,False,False
7,51,5,1,5,2,[0],[0],False,False,False,False,False,False,False,False
7,52,5,1,0,15,[13],[2],True,True,True,True,False,True,True,False
7,53,5,1,7,7,[2],[2],False,False,False,False,False,False,False,False
7,54,5,1,7,4,[1],[1],False,False,False,False,False,False,False,False
7,55,5,1,0,18,[1],[1],False,False,True,True,False,False,False,False
7,56,5,1,0,8,[2],[2],False,False,True,True,False,False,False,False
7,57,5,1,43,2,[0],[0],False,False,False,False,False,False,False,False
7,58,5,1,0,5,[1],[1],False,False,False,False,False,False,False,False
7,59,5,1,0,5,[2],[2],False,False,False,False,False,False,False,False
7,60,5,1,7,6,[0],[0],False,False,False,False,False,False,False,False
7,61,5,0,4,2,[0],[0],False,False,False,False,False,False,False,False
7,62,6,0,0,13,[9],[9],False,False,True,True,False,False,False,False
7,63,6,0,0,11,[2],[2],False,False,True,True,False,False,False,False
7,64,6,0,43,2,[0],[0],False,False,False,False,False,False,False,False
7,65,6,0,0,11,[6],[6],False,False,True,True,False,False,False,False
7,66,6,0,5,3,"[0, 1]","[0, 1]",False,False,False,False,False,False,False,False
7,67,6,0,0,10,[6],[6],False,False,True,True,False,False,False,False
7,68,6,0,5,1,[0],[0],False,False,False,False,False,False,False,False
7,69,6,0,0,9,[5],[5],False,False,True,True,False,False,False,False
7,70,6,0,7,2,[1],[1],False,False,False,False,False,False,False,False
7,71,6,0,0,9,[5],[5],False,False,True,True,False,False,False,False
7,72,6,0,0,8,[4],[4],False,False,True,True,False,False,False,False
7,73,6,0,43,2,[0],[0],False,False,False,False,False,False,False,False
7,74,6,0,0,9,[2],[2],False,False,True,True,False,True,True,False
7,75,6,0,7,2,[0],[0],False,False,False,False,False,False,False,False
7,76,6,0,7,1,[0],[0],False,False,False,False,False,False,False,False
7,77,6,0,0,5,[1],[1],False,False,False,False,False,False,False,False
7,78,6,0,7,1,[0],[0],False,False,False,False,False,False,False,False
7,79,6,0,0,4,[1],[1],False,False,False,False,False,False,False,False
7,80,6,0,7,6,[0],[0],False,False,False,False,False,False,False,False
7,81,6,1,4,5,[1],[1],False,False,False,False,False,False,False,False
7,82,7,1,0,19,[6],[6],False,False,True,True,False,False,False,False
7,83,7,1,9,2,"[0, 1]","[0, 1]",False,False,False,False,False,False,False,False
7,84,7,1,0,15,[4],[4],False,False,True,True,False,True,True,False
7,85,7,1,7,2,[0],[0],False,False,False,False,False,False,False,False
7,86,7,1,7,5,[1],[1],False,False,False,False,False,False,False,False
7,87,7,1,7,1,[0],[0],False,False,False,False,False,False,False,False
7,88,7,1,0,16,[2],[2],False,False,True,True,False,False,False,False
7,89,7,1,0,13,[1],[1],False,False,True,True,False,False,False,False
7,90,7,1,43,2,[0],[0],False,False,False,False,False,False,False,False
7,91,7,1,0,10,[5],[5],False,False,True,True,False,False,False,False
7,92,7,1,43,2,[0],[0],False,False,False,False,False,False,False,False
7,93,7,1,0,9,[4],[4],False,False,True,True,False,False,False,False
7,94,7,1,37,2,[0],[0],False,False,False,False,False,False,False,False
7,95,7,1,43,2,[0],[0],False,False,False,False,False,False,False,False
7,96,7,1,0,10,[4],[4],False,False,True,True,False,False,False,False
7,97,7,1,7,5,[0],[0],False,False,False,False,False,False,False,False
7,98,7,1,0,9,[1],[1],False,False,True,True,False,False,False,False
7,99,7,1,5,1,[0],[0],False,False,False,False,False,False,False,False
7,100,7,1,0,6,[3],[3],False,False,False,False,False,False,False,False
7,101,7,1,7,5,[0],[0],False,False,False,False,False,False,False,False
7,102,7,0,4,5,[0],[0],False,False,False,False,False,False,False,False
7,103,8,0,0,21,[17],[17],False,False,True,True,False,False,False,False
7,104,8,0,9,3,"[0, 1, 2]","[0, 1, 2]",False,False,False,False,False,False,False,False
7,105,8,0,0,20,[5],[5],False,False,True,True,False,False,False,False
7,106,8,0,43,2,[0],[0],False,False,False,False,False,False,False,False
7,107,8,0,0,24,[19],[19],False,False,True,True,False,False,False,False
7,108,8,0,5,1,[0],[0],False,False,False,False,False,False,False,False
7,109,8,0,0,19,[10],[10],False,False,True,True,False,False,False,False
7,110,8,0,43,2,[0],[0],False,False,False,False,False,False,False,False
7,111,8,0,0,20,[1],[1],False,True,True,True,False,False,False,False
7,112,8,0,0,16,[4],[4],False,True,True,True,False,False,False,False
7,113,8,0,0,14,[4],[4],False,True,True,True,False,False,False,False
7,114,8,0,0,14,[3],[3],False,True,True,True,False,False,False,False
7,115,8,1,8,17,"[0, 1, 2, 3, 4, 5, 6, 7, 8, 9, 10, 11, 12, 13]","[0, 1, 2, 3, 4, 5, 6, 7, 8, 9, 10, 11, 12, 13]",False,False,False,False,False,False,False,False
7,116,8,0,0,7,[4],[4],False,False,False,False,False,False,False,False
7,117,8,0,7,5,[0],[0],False,False,False,False,False,False,False,False
7,118,8,1,4,5,[0],[0],False,False,False,False,False,False,False,False
7,119,9,1,0,8,[4],[4],False,False,True,True,False,False,False,False
7,120,9,1,0,13,[8],[8],False,True,True,True,False,True,True,False
7,121,9,1,7,3,[0],[0],False,False,False,False,False,False,False,False
7,122,9,1,7,2,[1],[1],False,False,False,False,False,False,False,False
7,123,9,1,0,15,[4],[4],False,False,True,True,False,False,False,False
7,124,9,1,0,7,[0],[0],False,False,True,True,False,False,False,False
7,125,9,1,43,2,[0],[0],False,False,False,False,False,False,False,False
7,126,9,1,0,6,[2],[2],False,False,True,True,False,False,False,False
7,127,9,1,0,5,[0],[0],False,False,True,True,False,False,False,False
7,128,9,1,0,4,[0],[0],False,False,False,False,False,False,False,False
7,129,9,1,0,5,[1],[1],False,False,False,False,False,False,False,False
7,130,9,1,7,3,[0],[0],False,False,False,False,False,False,False,False
7,131,9,1,0,5,[1],[1],False,False,False,False,False,False,False,False
7,132,9,1,0,4,[1],[1],False,False,False,False,False,False,False,False
7,133,9,1,7,4,[0],[0],False,False,False,False,False,False,False,False
7,134,9,0,4,5,[3],[3],False,False,False,False,False,False,False,False
7,135,10,0,0,21,[14],[14],False,True,True,True,False,False,False,False
7,136,10,0,0,16,[3],[3],False,True,True,True,False,False,False,False
7,137,10,0,43,2,[0],[0],False,False,False,False,False,False,False,False
7,138,10,0,0,17,[8],[8],False,True,True,True,False,False,False,False
7,139,10,0,37,1,[0],[0],False,False,False,False,False,False,False,False
7,140,10,0,43,2,[0],[0],False,False,False,False,False,False,False,False
7,141,10,0,0,17,[9],[9],False,True,True,True,False,False,False,False
7,142,10,0,0,16,[9],[9],False,True,True,True,False,False,False,False
7,143,10,0,7,2,[0],[0],False,False,False,False,False,False,False,False
7,144,10,0,0,15,[0],[0],False,True,True,True,False,False,False,False
7,145,10,0,7,4,"[3, 2, 0]","[3, 2, 0]",False,False,False,False,False,False,False,False
7,146,10,0,0,8,[1],[1],False,False,False,False,False,False,False,False
7,147,10,0,0,7,[4],[4],False,False,False,False,False,False,False,False
7,148,10,0,7,4,[0],[0],False,False,False,False,False,False,False,False
7,149,10,1,4,4,[0],[0],False,False,False,False,False,False,False,False
7,150,11,1,0,17,[12],[12],False,True,True,True,False,False,False,False
7,151,11,1,7,2,[0],[0],False,False,False,False,False,False,False,False
7,152,11,1,0,18,[5],[5],False,False,True,True,False,False,False,False
7,153,11,1,0,14,[1],[1],False,False,False,False,False,False,False,False
7,154,11,0,8,14,"[0, 1, 2, 3, 4, 5, 6, 7, 8, 9, 10]","[0, 1, 2, 3, 4, 5, 6, 7, 8, 9, 10]",False,False,False,False,False,False,False,False
7,155,11,1,0,10,[7],[7],False,False,False,False,False,False,False,False
7,156,12,0,0,15,[9],[9],False,False,True,True,False,False,False,False
7,157,12,0,0,16,[10],[10],False,False,True,True,False,False,False,False
7,158,12,0,7,4,[0],[0],False,False,False,False,False,False,False,False
7,159,12,0,0,15,[5],[5],False,False,True,True,False,False,False,False
7,160,12,0,0,10,[0],[0],False,False,True,True,False,False,False,False
8,1,0,0,41,2,[1],[1],False,False,False,False,False,False,False,False
8,2,0,1,1,1,[0],[0],False,False,False,False,False,False,False,False
8,3,0,0,1,1,[0],[0],False,False,False,False,False,False,False,False
8,4,1,1,0,2,[1],[1],False,False,False,False,False,False,False,False
8,5,2,0,0,6,[2],[2],False,True,True,True,False,False,False,False
8,6,2,0,5,5,"[0, 1]","[0, 1]",False,False,False,False,False,False,False,False
8,7,2,0,0,7,[5],[5],False,True,True,True,False,False,False,False
8,8,2,0,7,14,[1],[1],False,False,False,False,False,False,False,False
8,9,2,0,0,6,[0],[0],False,True,True,True,False,False,False,False
8,10,2,0,0,5,[0],[1],True,True,True,True,False,False,False,False
8,11,2,0,7,10,[3],[3],False,False,False,False,False,False,False,False
8,12,2,0,7,4,[0],[0],False,False,False,False,False,False,False,False
8,13,2,0,0,3,[0],[0],False,False,False,False,False,False,False,False
8,14,2,0,3,2,[0],[0],False,False,False,False,False,False,False,False
8,15,3,1,0,5,[0],[0],False,True,True,True,False,False,False,False
8,16,3,1,0,5,[2],[2],False,True,False,False,False,False,False,False
8,17,3,1,7,8,[1],[1],False,False,False,False,False,False,False,False
8,18,3,1,7,4,[1],[1],False,False,False,False,False,False,False,False
8,19,3,1,0,4,[3],[3],False,False,False,False,False,False,False,False
8,20,4,0,0,12,[10],[10],False,False,True,True,False,False,False,False
8,21,4,0,7,12,[0],[0],False,False,False,False,False,False,False,False
8,22,4,0,0,12,[10],[10],False,False,True,True,False,False,False,False
8,23,4,0,0,12,[7],[7],False,False,True,True,False,False,False,False
8,24,4,0,0,10,[3],[3],False,False,True,True,False,False,False,False
8,25,4,0,43,2,[0],[0],False,False,False,False,False,False,False,False
8,26,4,0,0,7,[3],[3],False,False,True,True,False,False,False,False
8,27,4,0,37,4,[0],[0],False,False,False,False,False,False,False,False
8,28,4,0,43,2,[0],[0],False,False,False,False,False,False,False,False
8,29,4,0,0,6,[2],[2],False,False,True,True,False,False,False,False
8,30,4,0,7,9,[0],[0],False,False,False,False,False,False,False,False
8,31,4,0,0,5,[1],[1],False,False,True,True,False,False,False,False
8,32,4,0,43,2,[0],[0],False,False,False,False,False,False,False,False
8,33,4,0,0,5,[1],[1],False,False,True,True,False,False,False,False
8,34,4,0,5,2,"[0, 1]","[0, 1]",False,False,False,False,False,False,False,False
8,35,4,0,0,4,[0],[0],False,False,False,False,False,False,False,False
8,36,4,0,7,5,[0],[0],False,False,False,False,False,False,False,False
8,37,4,0,7,1,[0],[0],False,False,False,False,False,False,False,False
8,38,4,0,0,3,[0],[0],False,False,False,False,False,False,False,False
8,39,4,0,7,6,[0],[0],False,False,False,False,False,False,False,False
9,1,0,0,41,2,[1],[1],False,False,False,False,False,False,False,False
9,2,0,1,1,2,[0],[0],False,False,False,False,False,False,False,False
9,3,0,0,1,1,[0],[0],False,False,False,False,False,False,False,False
9,4,0,1,38,2,[1],[1],False,False,False,False,False,False,False,False
9,5,0,1,2,1,[0],[0],False,False,False,False,False,False,False,False
9,6,1,1,0,3,[0],[0],False,False,False,False,False,False,False,False
9,7,1,1,7,15,[8],[8],False,False,False,False,False,False,False,False
9,8,1,1,0,2,[0],[0],False,False,False,False,False,False,False,False
9,9,1,1,7,14,[11],[11],False,False,False,False,False,False,False,False
9,10,1,1,0,2,[0],[0],False,False,False,False,False,False,False,False
9,11,1,1,0,1,[0],[0],False,False,False,False,False,False,False,False
9,12,2,0,0,5,[3],[3],False,False,True,True,False,False,False,False
9,13,2,0,0,4,[0],[0],False,False,True,True,False,False,False,False
9,14,2,0,5,4,"[1, 0]","[1, 0]",False,False,False,False,False,False,False,False
9,15,2,0,0,3,[0],[0],False,False,True,True,False,False,False,False
9,16,2,0,0,3,[0],[0],False,False,True,True,False,False,False,False
9,17,2,0,5,2,"[0, 1]","[0, 1]",False,False,False,False,False,False,False,False
9,18,2,0,0,1,[0],[0],False,False,False,False,False,False,False,False
9,19,3,1,0,9,[1],[1],False,False,True,True,False,False,False,False
9,20,3,1,37,3,[0],[0],False,False,False,False,False,False,False,False
9,21,3,1,43,2,[0],[0],False,False,False,False,False,False,False,False
9,22,3,1,0,7,[1],[1],False,False,True,True,False,False,False,False
9,23,3,1,43,2,[0],[0],False,False,False,False,False,False,False,False
9,24,3,1,0,5,[3],[3],False,False,True,True,False,False,False,False
9,25,3,1,5,3,"[0, 1]","[0, 1]",False,False,False,False,False,False,False,False
9,26,3,1,0,4,[1],[1],False,False,True,True,False,False,False,False
9,27,3,1,43,2,[0],[0],False,False,False,False,False,False,False,False
9,28,3,1,0,5,[2],[2],False,True,True,True,False,False,False,False
9,29,3,1,7,8,[0],[0],False,False,False,False,False,False,False,False
9,30,3,1,0,4,[0],[0],False,True,True,True,False,False,False,False
9,31,3,0,8,7,"[0, 1, 2, 3]","[0, 1, 2, 3]",False,False,False,False,False,False,False,False
9,32,3,1,0,1,[0],[0],False,False,False,False,False,False,False,False
9,33,4,0,0,5,[0],[0],False,False,True,True,False,False,False,False
9,34,4,0,0,3,[1],[1],False,False,True,True,False,False,False,False
9,35,4,0,0,10,[2],[2],False,False,True,True,False,False,False,False
9,36,4,0,37,3,[0],[0],False,False,False,False,False,False,False,False
9,37,4,0,43,2,[0],[0],False,False,False,False,False,False,False,False
9,38,4,0,0,13,[2],[2],False,False,True,True,False,False,False,False
9,39,4,0,0,10,[5],[5],False,False,True,True,False,False,False,False
9,40,4,0,0,9,[5],[5],False,False,True,True,False,False,False,False
9,41,4,0,0,11,[0],[0],False,False,True,True,False,True,True,False
9,42,4,0,7,2,[0],[0],False,False,False,False,False,False,False,False
9,43,4,0,7,6,[1],[1],False,False,False,False,False,False,False,False
9,44,4,0,7,2,[0],[0],False,False,False,False,False,False,False,False
9,45,4,0,0,10,[5],[5],False,False,True,True,False,False,False,False
9,46,4,0,0,9,[4],[4],False,False,True,True,False,False,False,False
9,47,4,0,37,2,[0],[0],False,False,False,False,False,False,False,False
9,48,4,0,43,2,[0],[0],False,False,False,False,False,False,False,False
9,49,4,0,0,8,[2],[2],False,False,True,True,False,False,False,False
9,50,4,0,43,2,[0],[0],False,False,False,False,False,False,False,False
9,51,4,0,0,7,[2],[2],False,False,True,True,False,False,False,False
9,52,4,0,0,6,[0],[0],False,False,False,False,False,False,False,False
9,53,4,0,5,1,[0],[0],False,False,False,False,False,False,False,False
9,54,4,0,0,5,[2],[2],False,False,False,False,False,False,False,False
9,55,4,0,7,6,[0],[0],False,False,False,False,False,False,False,False
9,56,4,1,4,4,[0],[0],False,False,False,False,False,False,False,False
9,57,5,1,0,13,[11],[11],False,True,True,True,False,False,False,False
9,58,5,1,5,1,[0],[0],False,False,False,False,False,False,False,False
9,59,5,1,0,12,[0],[0],False,True,True,True,False,False,False,False
9,60,5,1,7,2,[1],[1],False,False,False,False,False,False,False,False
9,61,5,1,0,12,[10],[10],False,True,True,True,False,False,False,False
9,62,5,1,0,11,[2],[2],False,True,True,True,False,False,False,False
9,63,5,1,7,1,[0],[0],False,False,False,False,False,False,False,False
9,64,5,1,0,12,[4],[4],False,True,True,True,False,False,False,False
9,65,5,1,43,2,[0],[0],False,False,False,False,False,False,False,False
9,66,5,1,0,22,[8],[8],False,True,True,True,False,False,False,False
9,67,5,1,0,12,[2],[2],False,True,True,True,False,False,False,False
9,68,5,1,0,10,[3],[3],False,True,True,True,False,False,False,False
9,69,5,1,0,10,[5],[5],False,True,True,True,False,False,False,False
9,70,5,1,0,11,[3],[3],False,True,True,True,False,False,False,False
9,71,5,1,43,2,[0],[0],False,False,False,False,False,False,False,False
9,72,5,1,0,11,[6],[6],False,True,True,True,False,False,False,False
9,73,5,1,5,1,[0],[0],False,False,False,False,False,False,False,False
9,74,5,1,0,10,[3],[3],False,True,True,True,False,False,False,False
9,75,5,0,8,10,"[0, 1, 2, 3, 4, 5, 6]","[0, 1, 2, 3, 4, 5, 6]",False,False,False,False,False,False,False,False
9,76,5,1,0,6,[3],[3],False,False,False,False,False,False,False,False
9,77,5,1,7,6,[0],[0],False,False,False,False,False,False,False,False
9,78,5,0,4,5,[0],[0],False,False,False,False,False,False,False,False
9,79,6,0,0,5,[3],[3],False,False,True,True,False,False,False,False
9,80,6,0,0,6,[2],[2],False,True,True,True,False,False,False,False
9,81,6,0,7,5,[4],[4],False,False,False,False,False,False,False,False
9,82,6,0,0,6,[3],[3],False,True,True,True,False,False,False,False
9,83,6,0,7,4,[3],[3],False,False,False,False,False,False,False,False
9,84,6,0,0,6,[4],[4],False,True,True,True,False,False,False,False
9,85,6,0,0,5,[0],[0],False,True,True,True,False,False,False,False
9,86,6,0,0,4,[2],[2],False,True,True,True,False,False,False,False
9,87,6,0,0,8,[6],[6],False,True,True,True,False,False,False,False
9,88,6,0,5,2,"[0, 1]","[0, 1]",False,False,False,False,False,False,False,False
9,89,6,0,0,9,[2],[2],False,True,True,True,False,False,False,False
9,90,6,0,0,5,[1],[1],False,True,True,True,False,False,False,False
9,91,6,0,43,2,[0],[0],False,False,False,False,False,False,False,False
9,92,6,0,0,6,[2],[2],False,True,True,True,False,False,False,False
9,93,6,0,9,3,"[0, 2, 1]","[0, 2, 1]",False,False,False,False,False,False,False,False
9,94,6,0,0,5,[1],[1],False,True,True,True,False,False,False,False
9,95,6,0,7,7,[3],[3],False,False,False,False,False,False,False,False
9,96,6,0,0,5,[1],[1],False,True,True,True,False,False,False,False
9,97,6,0,0,5,[1],[1],False,True,True,True,False,False,False,False
9,98,6,0,0,5,[1],[1],False,True,True,True,False,False,False,False
9,99,6,1,8,10,"[0, 1, 2, 3, 4, 5, 6]","[0, 1, 2, 3, 4, 5, 6]",False,False,False,False,False,False,False,False
9,100,6,0,0,3,[0],[0],False,False,False,False,False,False,False,False
9,101,6,0,7,5,[0],[0],False,False,False,False,False,False,False,False
9,102,6,1,4,5,[0],[0],False,False,False,False,False,False,False,False
9,103,7,1,0,6,[4],[4],False,False,True,True,False,False,False,False
9,104,7,1,0,9,[4],[4],False,False,True,True,False,False,False,False
9,105,7,1,37,1,[0],[0],False,False,False,False,False,False,False,False
9,106,7,1,43,2,[0],[0],False,False,False,False,False,False,False,False
9,107,7,1,0,10,[6],[6],False,False,True,True,False,False,False,False
9,108,7,1,5,1,[0],[0],False,False,False,False,False,False,False,False
9,109,7,1,0,9,[0],[0],False,False,True,True,False,False,False,False
9,110,7,1,0,7,[5],[5],False,False,True,True,False,False,False,False
9,111,7,1,0,12,[6],[6],False,True,True,True,False,False,False,False
9,112,7,1,0,10,[2],[2],False,True,True,True,False,False,False,False
9,113,7,1,0,10,[0],[0],False,True,True,True,False,False,False,False
9,114,7,1,7,5,"[3, 4, 2]","[3, 4, 2]",False,False,False,False,False,False,False,False
9,115,7,1,0,6,[1],[1],False,False,False,False,False,False,False,False
9,116,7,1,0,5,[2],[2],False,False,False,False,False,False,False,False
9,117,7,1,7,5,[0],[0],False,False,False,False,False,False,False,False
9,118,7,0,4,4,[0],[0],False,False,False,False,False,False,False,False
9,119,8,0,0,17,[15],[15],False,True,True,True,False,False,False,False
9,120,8,0,7,7,[2],[2],False,False,False,False,False,False,False,False
9,121,8,0,0,17,[5],[5],False,True,True,True,False,False,False,False
9,122,8,0,37,1,[0],[0],False,False,False,False,False,False,False,False
9,123,8,0,43,2,[0],[0],False,False,False,False,False,False,False,False
9,124,8,0,0,16,[13],[13],False,True,True,True,False,False,False,False
9,125,8,0,7,2,[1],[1],False,False,False,False,False,False,False,False
9,126,8,0,0,16,[14],[14],False,True,True,True,False,False,False,False
9,127,8,0,0,17,[3],[3],False,True,True,True,False,False,False,False
9,128,8,0,0,9,[3],[3],False,True,True,True,False,False,False,False
9,129,8,0,0,8,[0],[0],False,True,True,True,False,False,False,False
9,130,8,0,7,4,[1],[1],False,False,False,False,False,False,False,False
9,131,8,0,7,1,[0],[0],False,False,False,False,False,False,False,False
9,132,8,0,0,6,[3],[3],False,False,False,False,False,False,False,False
9,133,8,0,7,4,[0],[0],False,False,False,False,False,False,False,False
9,134,8,1,4,4,[0],[0],False,False,False,False,False,False,False,False
9,135,9,1,0,14,[10],[10],False,True,True,True,False,False,False,False
9,136,9,1,0,14,[5],[4],True,True,True,True,False,False,True,True
9,137,9,1,7,4,[1],[1],False,False,False,False,False,False,False,False
9,138,9,1,7,2,[0],[0],False,False,False,False,False,False,False,False
9,139,9,1,0,16,[1],[1],False,False,True,True,False,False,False,False
9,140,9,1,0,8,[1],[1],False,False,True,True,False,False,False,False
9,141,9,1,43,2,[0],[0],False,False,False,False,False,False,False,False
9,142,9,1,0,7,[2],[2],False,False,False,False,False,False,False,False
9,143,9,1,0,7,[4],[4],False,False,False,False,False,False,False,False
9,144,9,1,7,4,[0],[0],False,False,False,False,False,False,False,False
9,145,9,0,4,4,[0],[0],False,False,False,False,False,False,False,False
9,146,10,0,0,19,[16],[16],False,True,True,True,False,False,False,False
9,147,10,0,7,4,[0],[0],False,False,False,False,False,False,False,False
9,148,10,0,0,19,[2],[2],False,True,True,True,False,False,False,False
9,149,10,0,0,9,[0],[0],False,True,True,True,False,False,False,False
9,150,10,0,43,2,[0],[0],False,False,False,False,False,False,False,False
9,151,10,0,0,8,[5],[5],False,False,False,False,False,False,False,False
9,152,10,0,7,3,[0],[0],False,False,False,False,False,False,False,False
9,153,10,1,4,4,[2],[2],False,False,False,False,False,False,False,False
9,154,11,1,0,16,[2],[2],False,False,True,True,False,True,True,False
9,155,11,1,7,1,[0],[0],False,False,False,False,False,False,False,False
9,156,11,1,0,12,[4],[4],False,False,True,True,False,False,False,False
9,157,11,1,0,10,[1],[1],False,False,True,True,False,False,False,False
9,158,11,1,43,2,[0],[0],False,False,False,False,False,False,False,False
9,159,11,1,0,11,[5],[5],False,False,True,True,False,False,False,False
9,160,11,1,0,10,[4],[4],False,False,False,False,False,False,False,False
10,1,0,0,41,2,[1],[1],False,False,False,False,False,False,False,False
10,2,0,1,1,1,[0],[0],False,False,False,False,False,False,False,False
10,3,0,0,1,1,[0],[0],False,False,False,False,False,False,False,False
10,4,1,1,0,2,[0],[0],False,False,False,False,False,False,False,False
10,5,1,1,5,6,"[1, 2]","[1, 2]",False,False,False,False,False,False,False,False
10,6,1,1,0,1,[0],[0],False,False,False,False,False,False,False,False
10,7,2,0,0,6,[0],[0],False,False,True,True,False,False,False,False
10,8,2,0,5,6,"[1, 2]","[1, 2]",False,False,False,False,False,False,False,False
10,9,2,0,0,5,[3],[3],False,False,True,True,False,False,False,False
10,10,2,0,7,13,[1],[1],False,False,False,False,False,False,False,False
10,11,2,0,0,4,[2],[2],False,False,True,True,False,False,False,False
10,12,2,1,8,6,"[0, 1, 2]","[0, 1, 2]",False,False,False,False,False,False,False,False
10,13,2,0,0,2,[1],[1],False,False,False,False,False,False,False,False
10,14,3,1,0,6,[2],[2],False,False,True,True,False,False,False,False
10,15,3,1,5,1,[0],[0],False,False,False,False,False,False,False,False
10,16,3,1,0,5,[2],[2],False,False,False,False,False,False,False,False
10,17,3,1,3,3,[0],[0],False,False,False,False,False,False,False,False
10,18,4,0,0,8,[3],[3],False,True,True,True,False,False,False,False
10,19,4,0,43,2,[0],[0],False,False,False,False,False,False,False,False
10,20,4,0,0,7,[5],[5],False,True,True,True,False,False,False,False
10,21,4,0,7,12,[5],[5],False,False,False,False,False,False,False,False
10,22,4,0,0,8,[5],[5],False,True,True,True,False,False,False,False
10,23,4,0,43,2,[0],[0],False,False,False,False,False,False,False,False
10,24,4,0,0,8,[5],[5],False,True,True,True,False,False,False,False
10,25,4,0,5,4,"[3, 0]","[3, 0]",False,False,False,False,False,False,False,False
10,26,4,0,0,7,[2],[3],True,True,True,True,False,False,False,False
10,27,4,0,7,7,[5],[5],False,False,False,False,False,False,False,False
10,28,4,0,7,6,[0],[0],False,False,False,False,False,False,False,False
10,29,4,0,0,8,[2],[2],False,False,True,True,False,False,False,False
10,30,4,0,0,5,[2],[2],False,False,False,False,False,False,False,False
10,31,5,1,0,4,[1],[1],False,False,True,True,False,False,False,False
10,32,5,0,8,7,"[0, 1, 2, 3]","[0, 1, 2, 3]",False,False,False,False,False,False,False,False
10,33,5,1,0,2,[1],[1],False,False,False,False,False,False,False,False
10,34,6,0,0,7,[3],[3],False,False,True,True,False,False,False,False
10,35,6,0,7,1,[0],[0],False,False,False,False,False,False,False,False
10,36,6,0,0,8,[3],[3],False,False,True,True,False,False,False,False
10,37,6,0,43,2,[0],[0],False,False,False,False,False,False,False,False
10,38,6,0,0,14,[5],[5],False,False,True,True,False,False,False,False
10,39,6,0,0,9,[4],[4],False,False,True,True,False,False,False,False
10,40,6,0,43,2,[0],[0],False,False,False,False,False,False,False,False
10,41,6,0,0,9,[5],[5],False,False,True,True,False,False,False,False
10,42,6,0,5,2,[0],[0],False,False,False,False,False,False,False,False
10,43,6,0,0,8,[2],[2],False,False,True,True,False,False,False,False
10,44,6,0,0,8,[4],[4],False,False,True,True,False,False,False,False
10,45,6,0,0,10,[2],[2],False,True,True,True,False,False,False,False
10,46,6,0,43,2,[0],[0],False,False,False,False,False,False,False,False
10,47,6,0,0,10,[2],[3],True,True,True,True,False,False,False,False
10,48,6,0,7,4,[1],[1],False,False,False,False,False,False,False,False
10,49,6,0,7,4,[0],[0],False,False,False,False,False,False,False,False
10,50,6,0,0,4,[1],[1],False,False,False,False,False,False,False,False
10,51,6,0,7,6,[0],[0],False,False,False,False,False,False,False,False
10,52,6,1,4,3,[0],[0],False,False,False,False,False,False,False,False
10,53,7,1,0,8,[1],[1],False,False,True,True,False,False,False,False
10,54,7,1,9,2,"[1, 0]","[1, 0]",False,False,False,False,False,False,False,False
10,55,7,1,0,7,[2],[2],False,False,True,True,False,False,False,False
10,56,7,1,5,1,[0],[0],False,False,False,False,False,False,False,False
10,57,7,1,0,4,[1],[1],False,False,False,False,False,False,False,False
10,58,7,1,3,3,[0],[0],False,False,False,False,False,False,False,False
10,59,8,0,0,16,[10],[10],False,False,True,True,False,False,False,False
10,60,8,0,0,11,[7],[7],False,False,True,True,False,False,False,False
10,61,8,0,0,11,[4],[4],False,False,True,True,False,False,False,False
10,62,8,0,43,2,[0],[0],False,False,False,False,False,False,False,False
10,63,8,0,0,11,[2],[2],False,False,True,True,False,False,False,False
10,64,8,0,7,2,[0],[0],False,False,False,False,False,False,False,False
10,65,8,0,7,2,[0],[0],False,False,False,False,False,False,False,False
10,66,8,0,0,8,[2],[2],False,False,True,True,False,False,False,False
10,67,8,0,0,7,[2],[2],False,False,False,False,False,False,False,False
10,68,8,0,43,2,[0],[0],False,False,False,False,False,False,False,False
10,69,8,0,0,7,[2],[2],False,False,False,False,False,False,False,False
10,70,8,0,7,2,[0],[0],False,False,False,False,False,False,False,False
10,71,8,0,0,6,[3],[3],False,False,False,False,False,False,False,False
10,72,8,0,7,5,[0],[0],False,False,False,False,False,False,False,False
10,73,8,1,4,3,[0],[0],False,False,False,False,False,False,False,False
10,74,9,1,0,5,[2],[2],False,False,False,False,False,False,False,False
10,75,9,1,3,2,[0],[0],False,False,False,False,False,False,False,False
10,76,10,0,0,17,[10],[10],False,False,True,True,False,False,False,False
10,77,10,0,0,11,[6],[6],False,False,True,True,False,False,False,False
10,78,10,0,43,2,[0],[0],False,False,False,False,False,False,False,False
10,79,10,0,0,13,[7],[7],False,True,True,True,False,False,False,False
10,80,10,0,7,1,[0],[0],False,False,False,False,False,False,False,False
10,81,10,0,0,13,[10],[10],False,False,False,False,False,False,False,False
10,82,10,0,7,4,[0],[0],False,False,False,False,False,False,False,False
10,83,10,1,4,2,[0],[0],False,False,False,False,False,False,False,False
10,84,11,1,0,6,[2],[2],False,False,True,True,False,False,False,False
10,85,11,1,0,7,[0],[0],False,False,True,True,False,False,False,False
10,86,11,1,7,13,[1],[1],False,False,False,False,False,False,False,False
10,87,11,1,0,8,[2],[2],False,False,True,True,False,False,False,False
10,88,11,1,7,12,[0],[0],False,False,False,False,False,False,False,False
10,89,11,1,0,7,[1],[1],False,False,True,True,False,False,False,False
10,90,11,1,0,5,[0],[0],False,False,True,True,False,False,False,False
10,91,11,1,43,2,[0],[0],False,False,False,False,False,False,False,False
10,92,11,1,0,4,[0],[0],False,False,False,False,False,False,False,False
10,93,11,1,43,2,[0],[0],False,False,False,False,False,False,False,False
10,94,11,1,0,5,[0],[0],False,False,False,False,False,False,False,False
10,95,11,1,7,2,[0],[0],False,False,False,False,False,False,False,False
10,96,11,1,0,5,[1],[1],False,False,False,False,False,False,False,False
10,97,11,1,0,4,[1],[1],False,False,False,False,False,False,False,False
10,98,12,0,0,21,[4],[4],False,False,False,False,False,False,False,False
10,99,12,1,8,8,"[0, 1, 2, 3, 4]","[0, 1, 2, 3, 4]",False,False,False,False,False,False,False,False
10,100,12,0,0,14,[11],[11],False,False,False,False,False,False,False,False
10,101,12,0,7,3,[0],[0],False,False,False,False,False,False,False,False
10,102,12,1,4,2,[0],[0],False,False,False,False,False,False,False,False
10,103,13,1,0,7,[0],[0],False,False,True,True,False,False,False,False
10,104,13,1,43,2,[0],[0],False,False,False,False,False,False,False,False
10,105,13,1,0,7,[3],[3],False,False,True,True,False,False,False,False
10,106,13,1,0,6,[1],[1],False,False,False,False,False,False,False,False
10,107,13,1,7,2,[0],[0],False,False,False,False,False,False,False,False
10,108,13,1,7,4,[2],[2],False,False,False,False,False,False,False,False
10,109,13,1,7,1,[0],[0],False,False,False,False,False,False,False,False
10,110,13,1,0,6,[2],[2],False,False,False,False,False,False,False,False
10,111,13,1,0,5,[2],[2],False,False,False,False,False,False,False,False
10,112,13,1,7,6,[0],[0],False,False,False,False,False,False,False,False
10,113,13,0,4,5,[0],[0],False,False,False,False,False,False,False,False
10,114,14,0,0,22,[4],[4],False,False,True,True,False,False,False,False
10,115,14,0,9,3,"[0, 1, 2]","[0, 1, 2]",False,False,False,False,False,False,False,False
10,116,14,0,0,20,[8],[8],False,True,True,True,False,False,False,False
10,117,14,0,0,18,[5],[5],False,True,True,True,False,False,False,False
10,118,14,0,5,1,[0],[0],False,False,False,False,False,False,False,False
10,119,14,0,0,17,[11],[11],False,True,True,True,False,False,False,False
10,120,14,0,0,11,[2],[5],True,True,True,True,False,False,False,False
10,121,14,0,7,2,[1],[1],False,False,False,False,False,False,False,False
10,122,14,0,7,1,[0],[0],False,False,False,False,False,False,False,False
10,123,14,0,0,5,[2],[2],False,False,False,False,False,False,False,False
10,124,14,0,7,2,[0],[0],False,False,False,False,False,False,False,False
10,125,14,1,4,3,[0],[0],False,False,False,False,False,False,False,False
10,126,15,1,0,7,[5],[5],False,False,True,True,False,False,False,False
10,127,15,1,37,3,[0],[0],False,False,False,False,False,False,False,False
10,128,15,1,43,2,[0],[0],False,False,False,False,False,False,False,False
10,129,15,1,0,11,[4],[4],False,False,True,True,False,False,False,False
10,130,15,1,5,1,[0],[0],False,False,False,False,False,False,False,False
10,131,15,1,0,11,[5],[5],False,False,True,True,False,False,False,False
10,132,15,1,0,10,[3],[5],True,False,True,True,False,True,False,True
10,133,15,1,0,8,[2],[2],False,False,True,True,False,False,False,False
10,134,15,1,0,7,[3],[3],False,False,True,True,False,False,False,False
10,135,15,1,0,8,[4],[4],False,False,True,True,False,False,False,False
10,136,15,1,5,1,[0],[0],False,False,False,False,False,False,False,False
10,137,15,1,0,7,[3],[3],False,False,True,True,False,False,False,False
10,138,15,1,7,9,[1],[1],False,False,False,False,False,False,False,False
10,139,15,1,0,7,[3],[3],False,False,True,True,False,False,False,False
10,140,15,1,0,7,[3],[3],False,False,True,True,False,False,False,False
10,141,15,1,0,9,[3],[3],False,False,True,True,False,False,False,False
10,142,15,1,7,5,[1],[1],False,False,False,False,False,False,False,False
10,143,15,1,0,8,[2],[2],False,False,False,False,False,False,False,False
10,144,15,1,7,1,[0],[0],False,False,False,False,False,False,False,False
10,145,15,1,7,3,[0],[0],False,False,False,False,False,False,False,False
10,146,15,1,0,7,[4],[4],False,False,False,False,False,False,False,False
10,147,15,1,7,5,[0],[0],False,False,False,False,False,False,False,False
10,148,15,0,4,5,[0],[0],False,False,False,False,False,False,False,False
10,149,16,0,0,20,[2],[2],False,False,True,True,False,True,True,False
10,150,16,0,7,1,[0],[0],False,False,False,False,False,False,False,False
10,151,16,0,0,17,[1],[1],False,False,True,True,False,False,False,False
10,152,16,0,37,1,[0],[0],False,False,False,False,False,False,False,False
10,153,16,0,43,2,[0],[0],False,False,False,False,False,False,False,False
10,154,16,0,0,11,[0],[0],False,False,True,True,False,False,False,False
10,155,16,0,7,3,[0],[0],False,False,False,False,False,False,False,False
10,156,16,0,0,10,[6],[6],False,False,False,False,False,False,False,False
10,157,16,0,7,2,[1],[1],False,False,False,False,False,False,False,False
10,158,16,0,0,10,[7],[7],False,False,False,False,False,False,False,False
10,159,16,0,7,1,[0],[0],False,False,False,False,False,False,False,False
