experiment_id,game_id,step,player_idx,context,my_active_hp,opp_active_hp,my_energy,opp_energy,v4_action_idx,v4_action_type,v4_score,p7_action_idx,p7_action_type,p7_score,score_delta,is_override,final_action_idx,final_action_type,delta_ko,delta_retreat_guard,delta_threat,delta_counterfactual,ko_activated,retreat_guard_activated,threat_activated,cf_activated,primary_override_driver,active_components_list,game_outcome,is_winning_override
P7,1,0,0,IS_FIRST,0.0,0.0,0,0,1,NO,5000.0,1,NO,5000.0,0.0,False,1,NO,0.0,0.0,0.0,0.0,False,False,False,False,V4_DEFAULT,NONE,LOSS,
P7,1,2,0,SETUP_ACTIVE_POKEMON,0.0,0.0,0,0,0,CARD,10000.0,0,CARD,10000.0,0.0,False,0,CARD,0.0,0.0,0.0,0.0,False,False,False,False,V4_DEFAULT,NONE,LOSS,
P7,1,8,0,MAIN,90.0,90.0,0,1,0,ATTACH,39000.0,0,ATTACH,41500.0,0.0,False,0,ATTACH,0.0,0.0,0.0,2500.0,False,False,False,True,V4_DEFAULT,COUNTERFACTUAL,LOSS,
P7,1,9,0,MAIN,90.0,90.0,1,1,1,ATTACK,18104.4,1,ATTACK,18904.4,0.0,False,1,ATTACK,0.0,0.0,0.0,800.0,False,False,False,True,V4_DEFAULT,COUNTERFACTUAL,LOSS,
P7,2,1,1,SETUP_ACTIVE_POKEMON,0.0,0.0,0,0,0,CARD,10000.0,0,CARD,10000.0,0.0,False,0,CARD,0.0,0.0,0.0,0.0,False,False,False,False,V4_DEFAULT,NONE,LOSS,
P7,2,3,1,DRAW_COUNT,0.0,0.0,0,0,1,NUMBER,1.0,1,NUMBER,1.0,0.0,False,1,NUMBER,0.0,0.0,0.0,0.0,False,False,False,False,V4_DEFAULT,NONE,LOSS,
P7,2,4,1,MAIN,90.0,150.0,0,0,0,ATTACH,39000.0,0,ATTACH,41500.0,0.0,False,0,ATTACH,0.0,0.0,0.0,2500.0,False,False,False,True,V4_DEFAULT,COUNTERFACTUAL,LOSS,
P7,2,5,1,MAIN,90.0,150.0,1,0,0,END,0.0,0,END,0.0,0.0,False,0,END,0.0,0.0,0.0,0.0,False,False,False,False,V4_DEFAULT,NONE,LOSS,
P7,2,8,1,MAIN,90.0,150.0,1,1,0,ATTACH,39700.0,0,ATTACH,42200.0,0.0,False,0,ATTACH,0.0,0.0,0.0,2500.0,False,False,False,True,V4_DEFAULT,COUNTERFACTUAL,LOSS,
P7,2,9,1,MAIN,90.0,150.0,2,1,4,ATTACK,18104.5,4,ATTACK,18904.5,0.0,False,4,ATTACK,0.0,0.0,0.0,800.0,False,False,False,True,V4_DEFAULT,COUNTERFACTUAL,LOSS,
P7,2,12,1,MAIN,90.0,120.0,2,2,0,ATTACH,40400.0,0,ATTACH,42900.0,0.0,False,0,ATTACH,0.0,0.0,0.0,2500.0,False,False,False,True,V4_DEFAULT,COUNTERFACTUAL,LOSS,
P7,2,13,1,MAIN,90.0,120.0,3,2,5,ATTACK,18104.5,5,ATTACK,18904.5,0.0,False,5,ATTACK,0.0,0.0,0.0,800.0,False,False,False,True,V4_DEFAULT,COUNTERFACTUAL,LOSS,
P7,3,0,0,IS_FIRST,0.0,0.0,0,0,1,NO,5000.0,1,NO,5000.0,0.0,False,1,NO,0.0,0.0,0.0,0.0,False,False,False,False,V4_DEFAULT,NONE,LOSS,
P7,3,2,0,SETUP_ACTIVE_POKEMON,0.0,0.0,0,0,0,CARD,10000.0,0,CARD,10000.0,0.0,False,0,CARD,0.0,0.0,0.0,0.0,False,False,False,False,V4_DEFAULT,NONE,LOSS,
P7,3,5,0,MAIN,90.0,150.0,0,1,0,ATTACH,39000.0,0,ATTACH,41500.0,0.0,False,0,ATTACH,0.0,0.0,0.0,2500.0,False,False,False,True,V4_DEFAULT,COUNTERFACTUAL,LOSS,
P7,3,6,0,MAIN,90.0,150.0,1,1,2,ATTACK,18104.4,2,ATTACK,18904.4,0.0,False,2,ATTACK,0.0,0.0,0.0,800.0,False,False,False,True,V4_DEFAULT,COUNTERFACTUAL,LOSS,
P7,3,9,0,MAIN,90.0,140.0,1,2,0,ATTACH,39700.0,0,ATTACH,42200.0,0.0,False,0,ATTACH,0.0,0.0,0.0,2500.0,False,False,False,True,V4_DEFAULT,COUNTERFACTUAL,LOSS,
P7,3,10,0,MAIN,90.0,140.0,2,2,4,ATTACK,18104.5,4,ATTACK,18904.5,0.0,False,4,ATTACK,0.0,0.0,0.0,800.0,False,False,False,True,V4_DEFAULT,COUNTERFACTUAL,LOSS,
P7,4,1,1,SETUP_ACTIVE_POKEMON,0.0,0.0,0,0,0,CARD,10000.0,0,CARD,10000.0,0.0,False,0,CARD,0.0,0.0,0.0,0.0,False,False,False,False,V4_DEFAULT,NONE,WIN,
P7,4,4,1,MAIN,90.0,90.0,0,0,1,ATTACH,39000.0,1,ATTACH,41500.0,0.0,False,1,ATTACH,0.0,0.0,0.0,2500.0,False,False,False,True,V4_DEFAULT,COUNTERFACTUAL,WIN,
P7,4,5,1,MAIN,90.0,90.0,1,0,0,PLAY,12000.0,0,PLAY,12000.0,0.0,False,0,PLAY,0.0,0.0,0.0,0.0,False,False,False,False,V4_DEFAULT,NONE,WIN,
P7,4,6,1,TO_HAND,90.0,90.0,1,0,0,CARD,5000.0,0,CARD,5000.0,0.0,False,0,CARD,0.0,0.0,0.0,0.0,False,False,False,False,V4_DEFAULT,NONE,WIN,
P7,4,7,1,MAIN,90.0,90.0,1,0,0,END,0.0,0,END,0.0,0.0,False,0,END,0.0,0.0,0.0,0.0,False,False,False,False,V4_DEFAULT,NONE,WIN,
P7,4,10,1,MAIN,80.0,90.0,1,1,2,EVOLVE,70500.0,2,EVOLVE,72500.0,0.0,False,2,EVOLVE,0.0,0.0,0.0,2000.0,False,False,False,True,V4_DEFAULT,COUNTERFACTUAL,WIN,
P7,4,11,1,MAIN,340.0,90.0,1,1,2,ATTACH,39700.0,2,ATTACH,42200.0,0.0,False,2,ATTACH,0.0,0.0,0.0,2500.0,False,False,False,True,V4_DEFAULT,COUNTERFACTUAL,WIN,
P7,4,12,1,MAIN,340.0,90.0,2,1,2,ATTACK,18104.6,2,ATTACK,18904.6,0.0,False,2,ATTACK,0.0,0.0,0.0,800.0,False,False,False,True,V4_DEFAULT,COUNTERFACTUAL,WIN,
P7,4,13,1,TO_HAND,340.0,0.0,2,0,3,CARD,10000.0,3,CARD,10000.0,0.0,False,3,CARD,0.0,0.0,0.0,0.0,False,False,False,False,V4_DEFAULT,NONE,WIN,
P7,4,17,1,MAIN,320.0,150.0,2,1,2,ATTACH,40400.0,2,ATTACH,42900.0,0.0,False,2,ATTACH,0.0,0.0,0.0,2500.0,False,False,False,True,V4_DEFAULT,COUNTERFACTUAL,WIN,
P7,4,18,1,MAIN,320.0,150.0,3,1,4,ATTACK,18104.7,4,ATTACK,18904.7,0.0,False,4,ATTACK,0.0,0.0,0.0,800.0,False,False,False,True,V4_DEFAULT,COUNTERFACTUAL,WIN,
P7,4,19,1,TO_HAND,320.0,0.0,3,0,2,CARD,10000.0,2,CARD,10000.0,0.0,False,2,CARD,0.0,0.0,0.0,0.0,False,False,False,False,V4_DEFAULT,NONE,WIN,
P7,5,0,0,IS_FIRST,0.0,0.0,0,0,1,NO,5000.0,1,NO,5000.0,0.0,False,1,NO,0.0,0.0,0.0,0.0,False,False,False,False,V4_DEFAULT,NONE,LOSS,
P7,5,2,0,SETUP_ACTIVE_POKEMON,0.0,0.0,0,0,0,CARD,10000.0,0,CARD,10000.0,0.0,False,0,CARD,0.0,0.0,0.0,0.0,False,False,False,False,V4_DEFAULT,NONE,LOSS,
P7,5,7,0,MAIN,90.0,90.0,0,1,2,ATTACH,39000.0,2,ATTACH,41500.0,0.0,False,2,ATTACH,0.0,0.0,0.0,2500.0,False,False,False,True,V4_DEFAULT,COUNTERFACTUAL,LOSS,
P7,5,8,0,MAIN,90.0,90.0,1,1,3,ATTACK,18104.4,3,ATTACK,18904.4,0.0,False,3,ATTACK,0.0,0.0,0.0,800.0,False,False,False,True,V4_DEFAULT,COUNTERFACTUAL,LOSS,
P7,5,11,0,MAIN,60.0,80.0,1,2,2,ATTACH,39700.0,2,ATTACH,42200.0,0.0,False,2,ATTACH,0.0,0.0,0.0,2500.0,False,False,False,True,V4_DEFAULT,COUNTERFACTUAL,LOSS,
P7,5,12,0,MAIN,60.0,80.0,2,2,4,ATTACK,18104.5,4,ATTACK,18904.5,0.0,False,4,ATTACK,0.0,0.0,0.0,800.0,False,False,False,True,V4_DEFAULT,COUNTERFACTUAL,LOSS,
P7,5,15,0,MAIN,30.0,50.0,2,3,2,ATTACH,40400.0,2,ATTACH,42900.0,0.0,False,2,ATTACH,0.0,0.0,0.0,2500.0,False,False,False,True,V4_DEFAULT,COUNTERFACTUAL,LOSS,
P7,5,16,0,MAIN,30.0,50.0,3,3,4,ATTACK,18104.5,4,ATTACK,18904.5,0.0,False,4,ATTACK,0.0,0.0,0.0,800.0,False,False,False,True,V4_DEFAULT,COUNTERFACTUAL,LOSS,
P7,5,27,0,MAIN,20.0,90.0,3,1,3,ATTACH,41100.0,3,ATTACH,43600.0,0.0,False,3,ATTACH,0.0,0.0,0.0,2500.0,False,False,False,True,V4_DEFAULT,COUNTERFACTUAL,LOSS,
P7,5,28,0,MAIN,20.0,90.0,4,1,4,ATTACK,18104.5,4,ATTACK,18904.5,0.0,False,4,ATTACK,0.0,0.0,0.0,800.0,False,False,False,True,V4_DEFAULT,COUNTERFACTUAL,LOSS,
P7,6,2,1,SETUP_ACTIVE_POKEMON,0.0,0.0,0,0,0,CARD,10000.0,0,CARD,10000.0,0.0,False,0,CARD,0.0,0.0,0.0,0.0,False,False,False,False,V4_DEFAULT,NONE,WIN,
P7,6,4,1,MAIN,150.0,90.0,0,0,0,ATTACH,39000.0,0,ATTACH,41500.0,0.0,False,0,ATTACH,0.0,0.0,0.0,2500.0,False,False,False,True,V4_DEFAULT,COUNTERFACTUAL,WIN,
P7,6,5,1,MAIN,150.0,90.0,1,0,0,ATTACH,39700.0,0,ATTACH,42200.0,0.0,False,0,ATTACH,0.0,0.0,0.0,2500.0,False,False,False,True,V4_DEFAULT,COUNTERFACTUAL,WIN,
P7,6,6,1,MAIN,150.0,90.0,1,0,0,END,0.0,0,END,0.0,0.0,False,0,END,0.0,0.0,0.0,0.0,False,False,False,False,V4_DEFAULT,NONE,WIN,
P7,6,10,1,MAIN,140.0,90.0,1,1,2,ATTACH,39700.0,2,ATTACH,42200.0,0.0,False,2,ATTACH,0.0,0.0,0.0,2500.0,False,False,False,True,V4_DEFAULT,COUNTERFACTUAL,WIN,
P7,6,11,1,MAIN,140.0,90.0,2,1,3,ATTACK,18104.2,3,ATTACK,18904.2,0.0,False,3,ATTACK,0.0,0.0,0.0,800.0,False,False,False,True,V4_DEFAULT,COUNTERFACTUAL,WIN,
P7,6,14,1,MAIN,110.0,90.0,2,2,2,ATTACH,40400.0,2,ATTACH,42900.0,0.0,False,2,ATTACH,0.0,0.0,0.0,2500.0,False,False,False,True,V4_DEFAULT,COUNTERFACTUAL,WIN,
P7,6,15,1,MAIN,110.0,90.0,3,2,4,ATTACK,18104.3,4,ATTACK,18904.3,0.0,False,4,ATTACK,0.0,0.0,0.0,800.0,False,False,False,True,V4_DEFAULT,COUNTERFACTUAL,WIN,
P7,6,16,1,DISCARD_ENERGY,110.0,0.0,3,2,0,ENERGY,30000.0,0,ENERGY,30000.0,0.0,False,0,ENERGY,0.0,0.0,0.0,0.0,False,False,False,False,V4_DEFAULT,NONE,WIN,
P7,6,17,1,DISCARD_ENERGY,110.0,0.0,2,2,0,ENERGY,30000.0,0,ENERGY,30000.0,0.0,False,0,ENERGY,0.0,0.0,0.0,0.0,False,False,False,False,V4_DEFAULT,NONE,WIN,
P7,6,18,1,TO_HAND,110.0,0.0,1,0,0,CARD,5000.0,0,CARD,5000.0,0.0,False,0,CARD,0.0,0.0,0.0,0.0,False,False,False,False,V4_DEFAULT,NONE,WIN,
P7,7,0,0,IS_FIRST,0.0,0.0,0,0,1,NO,5000.0,1,NO,5000.0,0.0,False,1,NO,0.0,0.0,0.0,0.0,False,False,False,False,V4_DEFAULT,NONE,LOSS,
P7,7,1,0,SETUP_ACTIVE_POKEMON,0.0,0.0,0,0,0,CARD,10000.0,0,CARD,10000.0,0.0,False,0,CARD,0.0,0.0,0.0,0.0,False,False,False,False,V4_DEFAULT,NONE,LOSS,
P7,7,3,0,DRAW_COUNT,0.0,0.0,0,0,1,NUMBER,1.0,1,NUMBER,1.0,0.0,False,1,NUMBER,0.0,0.0,0.0,0.0,False,False,False,False,V4_DEFAULT,NONE,LOSS,
P7,7,8,0,MAIN,90.0,90.0,0,1,0,ATTACH,39000.0,0,ATTACH,41500.0,0.0,False,0,ATTACH,0.0,0.0,0.0,2500.0,False,False,False,True,V4_DEFAULT,COUNTERFACTUAL,LOSS,
P7,7,9,0,MAIN,90.0,90.0,1,1,2,ATTACK,18104.4,2,ATTACK,18904.4,0.0,False,2,ATTACK,0.0,0.0,0.0,800.0,False,False,False,True,V4_DEFAULT,COUNTERFACTUAL,LOSS,
P7,8,1,1,SETUP_ACTIVE_POKEMON,0.0,0.0,0,0,0,CARD,10000.0,0,CARD,10000.0,0.0,False,0,CARD,0.0,0.0,0.0,0.0,False,False,False,False,V4_DEFAULT,NONE,LOSS,
P7,8,3,1,SETUP_BENCH_POKEMON,0.0,0.0,0,0,0,CARD,10000.0,0,CARD,10000.0,0.0,False,0,CARD,0.0,0.0,0.0,0.0,False,False,False,False,V4_DEFAULT,NONE,LOSS,
P7,8,5,1,MAIN,150.0,90.0,0,0,0,ATTACH,39000.0,0,ATTACH,41500.0,0.0,False,0,ATTACH,0.0,0.0,0.0,2500.0,False,False,False,True,V4_DEFAULT,COUNTERFACTUAL,LOSS,
P7,8,6,1,MAIN,150.0,90.0,1,0,0,END,0.0,0,END,0.0,0.0,False,0,END,0.0,0.0,0.0,0.0,False,False,False,False,V4_DEFAULT,NONE,LOSS,
P7,8,9,1,MAIN,140.0,90.0,1,1,0,ATTACH,39700.0,0,ATTACH,42200.0,0.0,False,0,ATTACH,0.0,0.0,0.0,2500.0,False,False,False,True,V4_DEFAULT,COUNTERFACTUAL,LOSS,
P7,8,10,1,MAIN,140.0,90.0,2,1,0,ATTACK,18104.2,0,ATTACK,18904.2,0.0,False,0,ATTACK,0.0,0.0,0.0,800.0,False,False,False,True,V4_DEFAULT,COUNTERFACTUAL,LOSS,
P7,8,15,1,TO_ACTIVE,0.0,350.0,0,2,0,CARD,5000.0,0,CARD,5000.0,0.0,False,0,CARD,0.0,0.0,0.0,0.0,False,False,False,False,V4_DEFAULT,NONE,LOSS,
P7,8,16,1,MAIN,90.0,350.0,0,2,0,ATTACH,39000.0,0,ATTACH,41500.0,0.0,False,0,ATTACH,0.0,0.0,0.0,2500.0,False,False,False,True,V4_DEFAULT,COUNTERFACTUAL,LOSS,
P7,8,17,1,MAIN,90.0,350.0,1,2,0,ATTACK,18104.4,0,ATTACK,18904.4,0.0,False,0,ATTACK,0.0,0.0,0.0,800.0,False,False,False,True,V4_DEFAULT,COUNTERFACTUAL,LOSS,
P7,9,0,0,IS_FIRST,0.0,0.0,0,0,1,NO,5000.0,1,NO,5000.0,0.0,False,1,NO,0.0,0.0,0.0,0.0,False,False,False,False,V4_DEFAULT,NONE,LOSS,
P7,9,1,0,SETUP_ACTIVE_POKEMON,0.0,0.0,0,0,0,CARD,10000.0,0,CARD,10000.0,0.0,False,0,CARD,0.0,0.0,0.0,0.0,False,False,False,False,V4_DEFAULT,NONE,LOSS,
P7,9,3,0,DRAW_COUNT,0.0,0.0,0,0,1,NUMBER,1.0,1,NUMBER,1.0,0.0,False,1,NUMBER,0.0,0.0,0.0,0.0,False,False,False,False,V4_DEFAULT,NONE,LOSS,
P7,9,4,0,SETUP_BENCH_POKEMON,0.0,0.0,0,0,0,CARD,10000.0,0,CARD,10000.0,0.0,False,0,CARD,0.0,0.0,0.0,0.0,False,False,False,False,V4_DEFAULT,NONE,LOSS,
P7,9,9,0,MAIN,90.0,90.0,0,1,0,ATTACH,39000.0,0,ATTACH,41500.0,0.0,False,0,ATTACH,0.0,0.0,0.0,2500.0,False,False,False,True,V4_DEFAULT,COUNTERFACTUAL,LOSS,
P7,9,10,0,MAIN,90.0,90.0,1,1,1,ATTACK,18104.4,1,ATTACK,18904.4,0.0,False,1,ATTACK,0.0,0.0,0.0,800.0,False,False,False,True,V4_DEFAULT,COUNTERFACTUAL,LOSS,
P7,9,15,0,TO_ACTIVE,0.0,340.0,0,2,0,CARD,5000.0,0,CARD,5000.0,0.0,False,0,CARD,0.0,0.0,0.0,0.0,False,False,False,False,V4_DEFAULT,NONE,LOSS,
P7,9,16,0,MAIN,150.0,340.0,0,2,0,ATTACH,39000.0,0,ATTACH,41500.0,0.0,False,0,ATTACH,0.0,0.0,0.0,2500.0,False,False,False,True,V4_DEFAULT,COUNTERFACTUAL,LOSS,
P7,9,17,0,MAIN,150.0,340.0,1,2,2,ATTACK,18104.2,2,ATTACK,18904.2,0.0,False,2,ATTACK,0.0,0.0,0.0,800.0,False,False,False,True,V4_DEFAULT,COUNTERFACTUAL,LOSS,
P7,9,21,0,TO_ACTIVE,0.0,320.0,0,3,0,CARD,5000.0,0,CARD,5000.0,0.0,False,0,CARD,0.0,0.0,0.0,0.0,False,False,False,False,V4_DEFAULT,NONE,LOSS,
P7,9,22,0,MAIN,90.0,320.0,0,3,0,ATTACH,39000.0,0,ATTACH,41500.0,0.0,False,0,ATTACH,0.0,0.0,0.0,2500.0,False,False,False,True,V4_DEFAULT,COUNTERFACTUAL,LOSS,
P7,9,23,0,MAIN,90.0,320.0,1,3,2,ATTACK,18104.4,2,ATTACK,18904.4,0.0,False,2,ATTACK,0.0,0.0,0.0,800.0,False,False,False,True,V4_DEFAULT,COUNTERFACTUAL,LOSS,
P7,10,1,1,SETUP_ACTIVE_POKEMON,0.0,0.0,0,0,0,CARD,10000.0,0,CARD,10000.0,0.0,False,0,CARD,0.0,0.0,0.0,0.0,False,False,False,False,V4_DEFAULT,NONE,LOSS,
P7,10,3,1,MAIN,90.0,90.0,0,0,0,ATTACH,39000.0,0,ATTACH,41500.0,0.0,False,0,ATTACH,0.0,0.0,0.0,2500.0,False,False,False,True,V4_DEFAULT,COUNTERFACTUAL,LOSS,
P7,10,4,1,MAIN,90.0,90.0,1,0,0,END,0.0,0,END,0.0,0.0,False,0,END,0.0,0.0,0.0,0.0,False,False,False,False,V4_DEFAULT,NONE,LOSS,
P7,10,8,1,MAIN,80.0,90.0,1,1,1,ATTACH,39700.0,1,ATTACH,42200.0,0.0,False,1,ATTACH,0.0,0.0,0.0,2500.0,False,False,False,True,V4_DEFAULT,COUNTERFACTUAL,LOSS,
P7,10,9,1,MAIN,80.0,90.0,2,1,2,ATTACK,18104.5,2,ATTACK,18904.5,0.0,False,2,ATTACK,0.0,0.0,0.0,800.0,False,False,False,True,V4_DEFAULT,COUNTERFACTUAL,LOSS,
P7,11,0,0,IS_FIRST,0.0,0.0,0,0,1,NO,5000.0,1,NO,5000.0,0.0,False,1,NO,0.0,0.0,0.0,0.0,False,False,False,False,V4_DEFAULT,NONE,WIN,
P7,11,2,0,SETUP_ACTIVE_POKEMON,0.0,0.0,0,0,0,CARD,10000.0,0,CARD,10000.0,0.0,False,0,CARD,0.0,0.0,0.0,0.0,False,False,False,False,V4_DEFAULT,NONE,WIN,
P7,11,5,0,SETUP_BENCH_POKEMON,0.0,0.0,0,0,0,CARD,10000.0,0,CARD,10000.0,0.0,False,0,CARD,0.0,0.0,0.0,0.0,False,False,False,False,V4_DEFAULT,NONE,WIN,
P7,11,8,0,MAIN,90.0,90.0,0,1,0,ATTACH,39000.0,0,ATTACH,41500.0,0.0,False,0,ATTACH,0.0,0.0,0.0,2500.0,False,False,False,True,V4_DEFAULT,COUNTERFACTUAL,WIN,
P7,11,9,0,MAIN,90.0,90.0,1,1,2,ATTACK,18104.4,2,ATTACK,18904.4,0.0,False,2,ATTACK,0.0,0.0,0.0,800.0,False,False,False,True,V4_DEFAULT,COUNTERFACTUAL,WIN,
P7,11,14,0,TO_ACTIVE,0.0,340.0,0,2,0,CARD,5000.0,0,CARD,5000.0,0.0,False,0,CARD,0.0,0.0,0.0,0.0,False,False,False,False,V4_DEFAULT,NONE,WIN,
P7,11,15,0,MAIN,90.0,340.0,0,2,1,EVOLVE,70000.0,1,EVOLVE,75000.0,0.0,False,1,EVOLVE,0.0,0.0,3000.0,2000.0,False,False,True,True,V4_DEFAULT,THREAT_MODEL+COUNTERFACTUAL,WIN,
P7,11,16,0,MAIN,350.0,340.0,0,2,2,ATTACH,39000.0,2,ATTACH,41500.0,0.0,False,2,ATTACH,0.0,0.0,0.0,2500.0,False,False,False,True,V4_DEFAULT,COUNTERFACTUAL,WIN,
P7,11,17,0,MAIN,350.0,340.0,1,2,0,PLAY,12000.0,0,PLAY,12000.0,0.0,False,0,PLAY,0.0,0.0,0.0,0.0,False,False,False,False,V4_DEFAULT,NONE,WIN,
P7,11,18,0,ATTACH_TO,350.0,340.0,1,2,0,CARD,5000.0,0,CARD,5000.0,0.0,False,0,CARD,0.0,0.0,0.0,0.0,False,False,False,False,V4_DEFAULT,NONE,WIN,
P7,11,19,0,ATTACH_FROM,350.0,340.0,1,2,0,CARD,5000.0,0,CARD,5000.0,0.0,False,0,CARD,0.0,0.0,0.0,0.0,False,False,False,False,V4_DEFAULT,NONE,WIN,
P7,11,20,0,MAIN,350.0,340.0,2,2,1,ATTACK,18104.6,1,ATTACK,18904.6,0.0,False,1,ATTACK,0.0,0.0,0.0,800.0,False,False,False,True,V4_DEFAULT,COUNTERFACTUAL,WIN,
P7,11,23,0,MAIN,150.0,40.0,2,3,1,ATTACH,40400.0,3,ATTACK,73104.6,30204.600000000006,True,3,ATTACK,50000.0,0.0,0.0,5000.0,True,False,False,True,KO_GUARANTEE,KO_GUARANTEE+COUNTERFACTUAL,WIN,True
P7,11,24,0,TO_HAND,150.0,0.0,2,0,1,CARD,10000.0,1,CARD,10000.0,0.0,False,1,CARD,0.0,0.0,0.0,0.0,False,False,False,False,V4_DEFAULT,NONE,WIN,
P7,11,28,0,MAIN,140.0,90.0,2,1,1,ATTACH,40400.0,1,ATTACH,42900.0,0.0,False,1,ATTACH,0.0,0.0,0.0,2500.0,False,False,False,True,V4_DEFAULT,COUNTERFACTUAL,WIN,
P7,11,29,0,MAIN,140.0,90.0,3,1,5,ATTACK,18104.7,5,ATTACK,18904.7,0.0,False,5,ATTACK,0.0,0.0,0.0,800.0,False,False,False,True,V4_DEFAULT,COUNTERFACTUAL,WIN,
P7,11,30,0,TO_HAND,140.0,0.0,3,0,1,CARD,10000.0,1,CARD,10000.0,0.0,False,1,CARD,0.0,0.0,0.0,0.0,False,False,False,False,V4_DEFAULT,NONE,WIN,
P7,12,1,1,SETUP_ACTIVE_POKEMON,0.0,0.0,0,0,0,CARD,10000.0,0,CARD,10000.0,0.0,False,0,CARD,0.0,0.0,0.0,0.0,False,False,False,False,V4_DEFAULT,NONE,LOSS,
P7,12,4,1,MAIN,150.0,150.0,0,0,0,ATTACH,39000.0,0,ATTACH,41500.0,0.0,False,0,ATTACH,0.0,0.0,0.0,2500.0,False,False,False,True,V4_DEFAULT,COUNTERFACTUAL,LOSS,
P7,12,5,1,MAIN,150.0,150.0,1,0,0,PLAY,12000.0,0,PLAY,12000.0,0.0,False,0,PLAY,0.0,0.0,0.0,0.0,False,False,False,False,V4_DEFAULT,NONE,LOSS,
P7,12,6,1,TO_HAND,150.0,150.0,1,0,0,CARD,1000.0,0,CARD,1000.0,0.0,False,0,CARD,0.0,0.0,0.0,0.0,False,False,False,False,V4_DEFAULT,NONE,LOSS,
P7,12,7,1,MAIN,150.0,150.0,1,0,0,END,0.0,0,END,0.0,0.0,False,0,END,0.0,0.0,0.0,0.0,False,False,False,False,V4_DEFAULT,NONE,LOSS,
P7,12,10,1,MAIN,150.0,150.0,1,1,0,ATTACH,39700.0,0,ATTACH,42200.0,0.0,False,0,ATTACH,0.0,0.0,0.0,2500.0,False,False,False,True,V4_DEFAULT,COUNTERFACTUAL,LOSS,
P7,12,11,1,MAIN,150.0,150.0,2,1,1,ATTACK,18104.2,1,ATTACK,18904.2,0.0,False,1,ATTACK,0.0,0.0,0.0,800.0,False,False,False,True,V4_DEFAULT,COUNTERFACTUAL,LOSS,
P7,12,15,1,MAIN,150.0,150.0,2,2,0,ATTACH,40400.0,0,ATTACH,42900.0,0.0,False,0,ATTACH,0.0,0.0,0.0,2500.0,False,False,False,True,V4_DEFAULT,COUNTERFACTUAL,LOSS,
P7,12,16,1,MAIN,150.0,150.0,3,2,2,ATTACK,18104.3,2,ATTACK,18904.3,0.0,False,2,ATTACK,0.0,0.0,0.0,800.0,False,False,False,True,V4_DEFAULT,COUNTERFACTUAL,LOSS,
P7,12,17,1,DISCARD_ENERGY,150.0,20.0,3,2,0,ENERGY,30000.0,0,ENERGY,30000.0,0.0,False,0,ENERGY,0.0,0.0,0.0,0.0,False,False,False,False,V4_DEFAULT,NONE,LOSS,
P7,12,18,1,DISCARD_ENERGY,150.0,20.0,2,2,0,ENERGY,30000.0,0,ENERGY,30000.0,0.0,False,0,ENERGY,0.0,0.0,0.0,0.0,False,False,False,False,V4_DEFAULT,NONE,LOSS,
P7,12,29,1,MAIN,150.0,350.0,1,1,0,ATTACH,39700.0,0,ATTACH,42200.0,0.0,False,0,ATTACH,0.0,0.0,0.0,2500.0,False,False,False,True,V4_DEFAULT,COUNTERFACTUAL,LOSS,
P7,12,30,1,MAIN,150.0,350.0,2,1,2,ATTACK,18104.2,2,ATTACK,18904.2,0.0,False,2,ATTACK,0.0,0.0,0.0,800.0,False,False,False,True,V4_DEFAULT,COUNTERFACTUAL,LOSS,
P7,13,0,0,IS_FIRST,0.0,0.0,0,0,1,NO,5000.0,1,NO,5000.0,0.0,False,1,NO,0.0,0.0,0.0,0.0,False,False,False,False,V4_DEFAULT,NONE,WIN,
P7,13,2,0,SETUP_ACTIVE_POKEMON,0.0,0.0,0,0,0,CARD,10000.0,0,CARD,10000.0,0.0,False,0,CARD,0.0,0.0,0.0,0.0,False,False,False,False,V4_DEFAULT,NONE,WIN,
P7,13,6,0,MAIN,90.0,90.0,0,1,0,ATTACH,39000.0,0,ATTACH,41500.0,0.0,False,0,ATTACH,0.0,0.0,0.0,2500.0,False,False,False,True,V4_DEFAULT,COUNTERFACTUAL,WIN,
P7,13,7,0,MAIN,90.0,90.0,1,1,1,ATTACK,18104.4,1,ATTACK,18904.4,0.0,False,1,ATTACK,0.0,0.0,0.0,800.0,False,False,False,True,V4_DEFAULT,COUNTERFACTUAL,WIN,
P7,13,10,0,MAIN,60.0,80.0,1,2,3,EVOLVE,70500.0,3,EVOLVE,75500.0,0.0,False,3,EVOLVE,0.0,0.0,3000.0,2000.0,False,False,True,True,V4_DEFAULT,THREAT_MODEL+COUNTERFACTUAL,WIN,
P7,13,11,0,MAIN,320.0,80.0,1,2,0,ATTACH,39700.0,0,ATTACH,42200.0,0.0,False,0,ATTACH,0.0,0.0,0.0,2500.0,False,False,False,True,V4_DEFAULT,COUNTERFACTUAL,WIN,
P7,13,12,0,MAIN,320.0,80.0,2,2,2,ATTACK,18104.6,2,ATTACK,18904.6,0.0,False,2,ATTACK,0.0,0.0,0.0,800.0,False,False,False,True,V4_DEFAULT,COUNTERFACTUAL,WIN,
P7,13,13,0,TO_HAND,320.0,0.0,2,0,0,CARD,5000.0,0,CARD,5000.0,0.0,False,0,CARD,0.0,0.0,0.0,0.0,False,False,False,False,V4_DEFAULT,NONE,WIN,
P7,14,1,1,SETUP_ACTIVE_POKEMON,0.0,0.0,0,0,0,CARD,10000.0,0,CARD,10000.0,0.0,False,0,CARD,0.0,0.0,0.0,0.0,False,False,False,False,V4_DEFAULT,NONE,WIN,
P7,14,3,1,MAIN,90.0,90.0,0,0,0,ATTACH,39000.0,0,ATTACH,41500.0,0.0,False,0,ATTACH,0.0,0.0,0.0,2500.0,False,False,False,True,V4_DEFAULT,COUNTERFACTUAL,WIN,
P7,14,4,1,MAIN,90.0,90.0,1,0,0,END,0.0,0,END,0.0,0.0,False,0,END,0.0,0.0,0.0,0.0,False,False,False,False,V4_DEFAULT,NONE,WIN,
P7,14,7,1,MAIN,80.0,90.0,1,1,2,EVOLVE,70500.0,2,EVOLVE,72500.0,0.0,False,2,EVOLVE,0.0,0.0,0.0,2000.0,False,False,False,True,V4_DEFAULT,COUNTERFACTUAL,WIN,
P7,14,8,1,MAIN,340.0,90.0,1,1,1,ATTACH,39700.0,1,ATTACH,42200.0,0.0,False,1,ATTACH,0.0,0.0,0.0,2500.0,False,False,False,True,V4_DEFAULT,COUNTERFACTUAL,WIN,
P7,14,9,1,MAIN,340.0,90.0,2,1,3,ATTACK,18104.6,3,ATTACK,18904.6,0.0,False,3,ATTACK,0.0,0.0,0.0,800.0,False,False,False,True,V4_DEFAULT,COUNTERFACTUAL,WIN,
P7,14,10,1,TO_HAND,340.0,0.0,2,0,5,CARD,10000.0,5,CARD,10000.0,0.0,False,5,CARD,0.0,0.0,0.0,0.0,False,False,False,False,V4_DEFAULT,NONE,WIN,
P7,15,0,0,IS_FIRST,0.0,0.0,0,0,1,NO,5000.0,1,NO,5000.0,0.0,False,1,NO,0.0,0.0,0.0,0.0,False,False,False,False,V4_DEFAULT,NONE,LOSS,
P7,15,1,0,SETUP_ACTIVE_POKEMON,0.0,0.0,0,0,0,CARD,10000.0,0,CARD,10000.0,0.0,False,0,CARD,0.0,0.0,0.0,0.0,False,False,False,False,V4_DEFAULT,NONE,LOSS,
P7,15,3,0,DRAW_COUNT,0.0,0.0,0,0,2,NUMBER,2.0,2,NUMBER,2.0,0.0,False,2,NUMBER,0.0,0.0,0.0,0.0,False,False,False,False,V4_DEFAULT,NONE,LOSS,
P7,15,6,0,MAIN,150.0,90.0,0,1,0,ATTACH,39000.0,0,ATTACH,41500.0,0.0,False,0,ATTACH,0.0,0.0,0.0,2500.0,False,False,False,True,V4_DEFAULT,COUNTERFACTUAL,LOSS,
P7,15,7,0,MAIN,150.0,90.0,1,1,3,ATTACK,18104.2,3,ATTACK,18904.2,0.0,False,3,ATTACK,0.0,0.0,0.0,800.0,False,False,False,True,V4_DEFAULT,COUNTERFACTUAL,LOSS,
P7,16,2,1,SETUP_ACTIVE_POKEMON,0.0,0.0,0,0,0,CARD,10000.0,0,CARD,10000.0,0.0,False,0,CARD,0.0,0.0,0.0,0.0,False,False,False,False,V4_DEFAULT,NONE,WIN,
P7,16,4,1,MAIN,90.0,150.0,0,0,0,ATTACH,39000.0,0,ATTACH,41500.0,0.0,False,0,ATTACH,0.0,0.0,0.0,2500.0,False,False,False,True,V4_DEFAULT,COUNTERFACTUAL,WIN,
P7,16,5,1,MAIN,90.0,150.0,1,0,0,END,0.0,0,END,0.0,0.0,False,0,END,0.0,0.0,0.0,0.0,False,False,False,False,V4_DEFAULT,NONE,WIN,
P7,16,8,1,MAIN,90.0,150.0,1,1,5,EVOLVE,70500.0,5,EVOLVE,72500.0,0.0,False,5,EVOLVE,0.0,0.0,0.0,2000.0,False,False,False,True,V4_DEFAULT,COUNTERFACTUAL,WIN,
P7,16,9,1,MAIN,350.0,150.0,1,1,1,ATTACH,39700.0,1,ATTACH,42200.0,0.0,False,1,ATTACH,0.0,0.0,0.0,2500.0,False,False,False,True,V4_DEFAULT,COUNTERFACTUAL,WIN,
P7,16,10,1,MAIN,350.0,150.0,2,1,2,ATTACK,18104.6,2,ATTACK,18904.6,0.0,False,2,ATTACK,0.0,0.0,0.0,800.0,False,False,False,True,V4_DEFAULT,COUNTERFACTUAL,WIN,
P7,16,11,1,TO_HAND,350.0,0.0,2,0,5,CARD,10000.0,5,CARD,10000.0,0.0,False,5,CARD,0.0,0.0,0.0,0.0,False,False,False,False,V4_DEFAULT,NONE,WIN,
P7,17,0,0,IS_FIRST,0.0,0.0,0,0,1,NO,5000.0,1,NO,5000.0,0.0,False,1,NO,0.0,0.0,0.0,0.0,False,False,False,False,V4_DEFAULT,NONE,LOSS,
P7,17,2,0,SETUP_ACTIVE_POKEMON,0.0,0.0,0,0,0,CARD,10000.0,0,CARD,10000.0,0.0,False,0,CARD,0.0,0.0,0.0,0.0,False,False,False,False,V4_DEFAULT,NONE,LOSS,
P7,17,6,0,MAIN,90.0,90.0,0,1,0,ATTACH,39000.0,0,ATTACH,41500.0,0.0,False,0,ATTACH,0.0,0.0,0.0,2500.0,False,False,False,True,V4_DEFAULT,COUNTERFACTUAL,LOSS,
P7,17,7,0,MAIN,90.0,90.0,1,1,1,ATTACK,18104.4,1,ATTACK,18904.4,0.0,False,1,ATTACK,0.0,0.0,0.0,800.0,False,False,False,True,V4_DEFAULT,COUNTERFACTUAL,LOSS,
P7,18,2,1,SETUP_ACTIVE_POKEMON,0.0,0.0,0,0,0,CARD,10000.0,0,CARD,10000.0,0.0,False,0,CARD,0.0,0.0,0.0,0.0,False,False,False,False,V4_DEFAULT,NONE,WIN,
P7,18,4,1,MAIN,90.0,150.0,0,0,0,ATTACH,39000.0,0,ATTACH,41500.0,0.0,False,0,ATTACH,0.0,0.0,0.0,2500.0,False,False,False,True,V4_DEFAULT,COUNTERFACTUAL,WIN,
P7,18,5,1,MAIN,90.0,150.0,1,0,0,PLAY,12000.0,0,PLAY,12000.0,0.0,False,0,PLAY,0.0,0.0,0.0,0.0,False,False,False,False,V4_DEFAULT,NONE,WIN,
P7,18,6,1,TO_HAND,90.0,150.0,1,0,0,CARD,10000.0,0,CARD,10000.0,0.0,False,0,CARD,0.0,0.0,0.0,0.0,False,False,False,False,V4_DEFAULT,NONE,WIN,
P7,18,7,1,MAIN,90.0,150.0,1,0,0,PLAY,12000.0,0,PLAY,12000.0,0.0,False,0,PLAY,0.0,0.0,0.0,0.0,False,False,False,False,V4_DEFAULT,NONE,WIN,
P7,18,8,1,TO_HAND,90.0,150.0,1,0,0,CARD,1000.0,0,CARD,1000.0,0.0,False,0,CARD,0.0,0.0,0.0,0.0,False,False,False,False,V4_DEFAULT,NONE,WIN,
P7,18,9,1,MAIN,90.0,150.0,1,0,0,PLAY,12000.0,0,PLAY,12000.0,0.0,False,0,PLAY,0.0,0.0,0.0,0.0,False,False,False,False,V4_DEFAULT,NONE,WIN,
P7,18,10,1,MAIN,90.0,150.0,1,0,0,END,0.0,0,END,0.0,0.0,False,0,END,0.0,0.0,0.0,0.0,False,False,False,False,V4_DEFAULT,NONE,WIN,
P7,18,13,1,MAIN,90.0,150.0,1,1,4,EVOLVE,70500.0,4,EVOLVE,72500.0,0.0,False,4,EVOLVE,0.0,0.0,0.0,2000.0,False,False,False,True,V4_DEFAULT,COUNTERFACTUAL,WIN,
P7,18,14,1,MAIN,350.0,150.0,1,1,0,ATTACH,39700.0,0,ATTACH,42200.0,0.0,False,0,ATTACH,0.0,0.0,0.0,2500.0,False,False,False,True,V4_DEFAULT,COUNTERFACTUAL,WIN,
P7,18,15,1,MAIN,350.0,150.0,2,1,3,ATTACK,18104.6,3,ATTACK,18904.6,0.0,False,3,ATTACK,0.0,0.0,0.0,800.0,False,False,False,True,V4_DEFAULT,COUNTERFACTUAL,WIN,
P7,18,16,1,TO_HAND,350.0,0.0,2,0,2,CARD,10000.0,2,CARD,10000.0,0.0,False,2,CARD,0.0,0.0,0.0,0.0,False,False,False,False,V4_DEFAULT,NONE,WIN,
P7,19,0,0,IS_FIRST,0.0,0.0,0,0,1,NO,5000.0,1,NO,5000.0,0.0,False,1,NO,0.0,0.0,0.0,0.0,False,False,False,False,V4_DEFAULT,NONE,LOSS,
P7,19,1,0,SETUP_ACTIVE_POKEMON,0.0,0.0,0,0,0,CARD,10000.0,0,CARD,10000.0,0.0,False,0,CARD,0.0,0.0,0.0,0.0,False,False,False,False,V4_DEFAULT,NONE,LOSS,
P7,19,3,0,DRAW_COUNT,0.0,0.0,0,0,5,NUMBER,5.0,5,NUMBER,5.0,0.0,False,5,NUMBER,0.0,0.0,0.0,0.0,False,False,False,False,V4_DEFAULT,NONE,LOSS,
P7,19,4,0,SETUP_BENCH_POKEMON,0.0,0.0,0,0,0,CARD,10000.0,0,CARD,10000.0,0.0,False,0,CARD,0.0,0.0,0.0,0.0,False,False,False,False,V4_DEFAULT,NONE,LOSS,
P7,19,8,0,MAIN,90.0,90.0,0,1,0,ATTACH,39000.0,0,ATTACH,41500.0,0.0,False,0,ATTACH,0.0,0.0,0.0,2500.0,False,False,False,True,V4_DEFAULT,COUNTERFACTUAL,LOSS,
P7,19,9,0,MAIN,90.0,90.0,1,1,4,ATTACK,18104.4,4,ATTACK,18904.4,0.0,False,4,ATTACK,0.0,0.0,0.0,800.0,False,False,False,True,V4_DEFAULT,COUNTERFACTUAL,LOSS,
P7,19,14,0,TO_ACTIVE,0.0,340.0,0,2,0,CARD,5000.0,0,CARD,5000.0,0.0,False,0,CARD,0.0,0.0,0.0,0.0,False,False,False,False,V4_DEFAULT,NONE,LOSS,
P7,19,15,0,MAIN,150.0,340.0,0,2,0,ATTACH,39000.0,0,ATTACH,41500.0,0.0,False,0,ATTACH,0.0,0.0,0.0,2500.0,False,False,False,True,V4_DEFAULT,COUNTERFACTUAL,LOSS,
P7,19,16,0,MAIN,150.0,340.0,1,2,4,ATTACK,18104.2,4,ATTACK,18904.2,0.0,False,4,ATTACK,0.0,0.0,0.0,800.0,False,False,False,True,V4_DEFAULT,COUNTERFACTUAL,LOSS,
P7,20,1,1,SETUP_ACTIVE_POKEMON,0.0,0.0,0,0,0,CARD,10000.0,0,CARD,10000.0,0.0,False,0,CARD,0.0,0.0,0.0,0.0,False,False,False,False,V4_DEFAULT,NONE,WIN,
P7,20,4,1,MAIN,90.0,90.0,0,0,0,ATTACH,39000.0,0,ATTACH,41500.0,0.0,False,0,ATTACH,0.0,0.0,0.0,2500.0,False,False,False,True,V4_DEFAULT,COUNTERFACTUAL,WIN,
P7,20,5,1,MAIN,90.0,90.0,1,0,0,PLAY,12000.0,0,PLAY,12000.0,0.0,False,0,PLAY,0.0,0.0,0.0,0.0,False,False,False,False,V4_DEFAULT,NONE,WIN,
P7,20,6,1,TO_HAND,90.0,90.0,1,0,0,CARD,1000.0,0,CARD,1000.0,0.0,False,0,CARD,0.0,0.0,0.0,0.0,False,False,False,False,V4_DEFAULT,NONE,WIN,
P7,20,7,1,MAIN,90.0,90.0,1,0,0,END,0.0,0,END,0.0,0.0,False,0,END,0.0,0.0,0.0,0.0,False,False,False,False,V4_DEFAULT,NONE,WIN,
P7,20,10,1,MAIN,80.0,90.0,1,1,5,EVOLVE,70500.0,5,EVOLVE,72500.0,0.0,False,5,EVOLVE,0.0,0.0,0.0,2000.0,False,False,False,True,V4_DEFAULT,COUNTERFACTUAL,WIN,
P7,20,11,1,MAIN,340.0,90.0,1,1,0,ATTACH,39700.0,0,ATTACH,42200.0,0.0,False,0,ATTACH,0.0,0.0,0.0,2500.0,False,False,False,True,V4_DEFAULT,COUNTERFACTUAL,WIN,
P7,20,12,1,MAIN,340.0,90.0,2,1,1,ATTACK,18104.6,1,ATTACK,18904.6,0.0,False,1,ATTACK,0.0,0.0,0.0,800.0,False,False,False,True,V4_DEFAULT,COUNTERFACTUAL,WIN,
P7,20,13,1,TO_HAND,340.0,0.0,2,0,5,CARD,10000.0,5,CARD,10000.0,0.0,False,5,CARD,0.0,0.0,0.0,0.0,False,False,False,False,V4_DEFAULT,NONE,WIN,
P7,20,17,1,MAIN,330.0,90.0,2,1,0,ATTACH,40400.0,0,ATTACH,42900.0,0.0,False,0,ATTACH,0.0,0.0,0.0,2500.0,False,False,False,True,V4_DEFAULT,COUNTERFACTUAL,WIN,
P7,20,18,1,MAIN,330.0,90.0,3,1,2,ATTACK,18104.7,2,ATTACK,18904.7,0.0,False,2,ATTACK,0.0,0.0,0.0,800.0,False,False,False,True,V4_DEFAULT,COUNTERFACTUAL,WIN,
P7,20,19,1,TO_HAND,330.0,0.0,3,0,0,CARD,5000.0,0,CARD,5000.0,0.0,False,0,CARD,0.0,0.0,0.0,0.0,False,False,False,False,V4_DEFAULT,NONE,WIN,
P7,20,23,1,MAIN,320.0,150.0,3,1,1,ATTACH,41100.0,1,ATTACH,43600.0,0.0,False,1,ATTACH,0.0,0.0,0.0,2500.0,False,False,False,True,V4_DEFAULT,COUNTERFACTUAL,WIN,
P7,20,24,1,MAIN,320.0,150.0,4,1,2,ATTACK,18104.7,2,ATTACK,18904.7,0.0,False,2,ATTACK,0.0,0.0,0.0,800.0,False,False,False,True,V4_DEFAULT,COUNTERFACTUAL,WIN,
P7,20,25,1,TO_HAND,320.0,0.0,4,0,0,CARD,5000.0,0,CARD,5000.0,0.0,False,0,CARD,0.0,0.0,0.0,0.0,False,False,False,False,V4_DEFAULT,NONE,WIN,
P7,21,0,0,IS_FIRST,0.0,0.0,0,0,1,NO,5000.0,1,NO,5000.0,0.0,False,1,NO,0.0,0.0,0.0,0.0,False,False,False,False,V4_DEFAULT,NONE,LOSS,
P7,21,1,0,SETUP_ACTIVE_POKEMON,0.0,0.0,0,0,0,CARD,10000.0,0,CARD,10000.0,0.0,False,0,CARD,0.0,0.0,0.0,0.0,False,False,False,False,V4_DEFAULT,NONE,LOSS,
P7,21,3,0,DRAW_COUNT,0.0,0.0,0,0,1,NUMBER,1.0,1,NUMBER,1.0,0.0,False,1,NUMBER,0.0,0.0,0.0,0.0,False,False,False,False,V4_DEFAULT,NONE,LOSS,
P7,21,4,0,SETUP_BENCH_POKEMON,0.0,0.0,0,0,0,CARD,10000.0,0,CARD,10000.0,0.0,False,0,CARD,0.0,0.0,0.0,0.0,False,False,False,False,V4_DEFAULT,NONE,LOSS,
P7,21,9,0,MAIN,90.0,150.0,0,1,0,ATTACH,39000.0,0,ATTACH,41500.0,0.0,False,0,ATTACH,0.0,0.0,0.0,2500.0,False,False,False,True,V4_DEFAULT,COUNTERFACTUAL,LOSS,
P7,21,10,0,MAIN,90.0,150.0,1,1,3,ATTACK,18104.4,3,ATTACK,18904.4,0.0,False,3,ATTACK,0.0,0.0,0.0,800.0,False,False,False,True,V4_DEFAULT,COUNTERFACTUAL,LOSS,
P7,21,13,0,MAIN,90.0,140.0,1,2,1,ATTACH,39700.0,1,ATTACH,42200.0,0.0,False,1,ATTACH,0.0,0.0,0.0,2500.0,False,False,False,True,V4_DEFAULT,COUNTERFACTUAL,LOSS,
P7,21,14,0,MAIN,90.0,140.0,2,2,4,ATTACK,18104.5,4,ATTACK,18904.5,0.0,False,4,ATTACK,0.0,0.0,0.0,800.0,False,False,False,True,V4_DEFAULT,COUNTERFACTUAL,LOSS,
P7,21,20,0,TO_ACTIVE,0.0,110.0,0,1,0,CARD,5000.0,0,CARD,5000.0,0.0,False,0,CARD,0.0,0.0,0.0,0.0,False,False,False,False,V4_DEFAULT,NONE,LOSS,
P7,21,21,0,MAIN,150.0,110.0,0,1,1,ATTACH,39000.0,1,ATTACH,41500.0,0.0,False,1,ATTACH,0.0,0.0,0.0,2500.0,False,False,False,True,V4_DEFAULT,COUNTERFACTUAL,LOSS,
P7,21,22,0,MAIN,150.0,110.0,1,1,3,ATTACK,18104.2,3,ATTACK,18904.2,0.0,False,3,ATTACK,0.0,0.0,0.0,800.0,False,False,False,True,V4_DEFAULT,COUNTERFACTUAL,LOSS,
P7,21,25,0,MAIN,110.0,70.0,1,2,1,ATTACH,39700.0,1,ATTACH,42200.0,0.0,False,1,ATTACH,0.0,0.0,0.0,2500.0,False,False,False,True,V4_DEFAULT,COUNTERFACTUAL,LOSS,
P7,21,26,0,MAIN,110.0,70.0,2,2,3,ATTACK,18104.2,3,ATTACK,18904.2,0.0,False,3,ATTACK,0.0,0.0,0.0,800.0,False,False,False,True,V4_DEFAULT,COUNTERFACTUAL,LOSS,
P7,22,1,1,SETUP_ACTIVE_POKEMON,0.0,0.0,0,0,0,CARD,10000.0,0,CARD,10000.0,0.0,False,0,CARD,0.0,0.0,0.0,0.0,False,False,False,False,V4_DEFAULT,NONE,WIN,
P7,22,3,1,MAIN,90.0,90.0,0,0,0,ATTACH,39000.0,0,ATTACH,41500.0,0.0,False,0,ATTACH,0.0,0.0,0.0,2500.0,False,False,False,True,V4_DEFAULT,COUNTERFACTUAL,WIN,
P7,22,4,1,MAIN,90.0,90.0,1,0,0,PLAY,12000.0,0,PLAY,12000.0,0.0,False,0,PLAY,0.0,0.0,0.0,0.0,False,False,False,False,V4_DEFAULT,NONE,WIN,
P7,22,5,1,TO_HAND,90.0,90.0,1,0,0,CARD,1000.0,0,CARD,1000.0,0.0,False,0,CARD,0.0,0.0,0.0,0.0,False,False,False,False,V4_DEFAULT,NONE,WIN,
P7,22,6,1,MAIN,90.0,90.0,1,0,0,END,0.0,0,END,0.0,0.0,False,0,END,0.0,0.0,0.0,0.0,False,False,False,False,V4_DEFAULT,NONE,WIN,
P7,22,10,1,MAIN,80.0,90.0,1,1,5,EVOLVE,70500.0,5,EVOLVE,72500.0,0.0,False,5,EVOLVE,0.0,0.0,0.0,2000.0,False,False,False,True,V4_DEFAULT,COUNTERFACTUAL,WIN,
P7,22,11,1,MAIN,340.0,90.0,1,1,0,ATTACH,39700.0,0,ATTACH,42200.0,0.0,False,0,ATTACH,0.0,0.0,0.0,2500.0,False,False,False,True,V4_DEFAULT,COUNTERFACTUAL,WIN,
P7,22,12,1,MAIN,340.0,90.0,2,1,1,ATTACK,18104.6,1,ATTACK,18904.6,0.0,False,1,ATTACK,0.0,0.0,0.0,800.0,False,False,False,True,V4_DEFAULT,COUNTERFACTUAL,WIN,
P7,22,13,1,TO_HAND,340.0,0.0,2,0,0,CARD,5000.0,0,CARD,5000.0,0.0,False,0,CARD,0.0,0.0,0.0,0.0,False,False,False,False,V4_DEFAULT,NONE,WIN,
P7,23,0,0,IS_FIRST,0.0,0.0,0,0,1,NO,5000.0,1,NO,5000.0,0.0,False,1,NO,0.0,0.0,0.0,0.0,False,False,False,False,V4_DEFAULT,NONE,WIN,
P7,23,1,0,SETUP_ACTIVE_POKEMON,0.0,0.0,0,0,0,CARD,10000.0,0,CARD,10000.0,0.0,False,0,CARD,0.0,0.0,0.0,0.0,False,False,False,False,V4_DEFAULT,NONE,WIN,
P7,23,3,0,DRAW_COUNT,0.0,0.0,0,0,2,NUMBER,2.0,2,NUMBER,2.0,0.0,False,2,NUMBER,0.0,0.0,0.0,0.0,False,False,False,False,V4_DEFAULT,NONE,WIN,
P7,23,4,0,SETUP_BENCH_POKEMON,0.0,0.0,0,0,0,CARD,10000.0,0,CARD,10000.0,0.0,False,0,CARD,0.0,0.0,0.0,0.0,False,False,False,False,V4_DEFAULT,NONE,WIN,
P7,23,7,0,MAIN,150.0,150.0,0,1,0,ATTACH,39000.0,0,ATTACH,41500.0,0.0,False,0,ATTACH,0.0,0.0,0.0,2500.0,False,False,False,True,V4_DEFAULT,COUNTERFACTUAL,WIN,
P7,23,8,0,MAIN,150.0,150.0,1,1,1,ATTACK,18104.2,1,ATTACK,18904.2,0.0,False,1,ATTACK,0.0,0.0,0.0,800.0,False,False,False,True,V4_DEFAULT,COUNTERFACTUAL,WIN,
P7,23,11,0,MAIN,150.0,150.0,1,2,6,EVOLVE,70000.0,6,EVOLVE,72000.0,0.0,False,6,EVOLVE,0.0,0.0,0.0,2000.0,False,False,False,True,V4_DEFAULT,COUNTERFACTUAL,WIN,
P7,23,12,0,MAIN,150.0,150.0,1,2,0,ATTACH,39700.0,0,ATTACH,42200.0,0.0,False,0,ATTACH,0.0,0.0,0.0,2500.0,False,False,False,True,V4_DEFAULT,COUNTERFACTUAL,WIN,
P7,23,13,0,MAIN,150.0,150.0,2,2,1,ATTACK,18104.2,1,ATTACK,18904.2,0.0,False,1,ATTACK,0.0,0.0,0.0,800.0,False,False,False,True,V4_DEFAULT,COUNTERFACTUAL,WIN,
P7,23,18,0,MAIN,20.0,150.0,2,1,0,ATTACH,40400.0,0,ATTACH,42900.0,0.0,False,0,ATTACH,0.0,0.0,0.0,2500.0,False,False,False,True,V4_DEFAULT,COUNTERFACTUAL,WIN,
P7,23,19,0,MAIN,20.0,150.0,3,1,4,RETREAT,30000.0,3,ATTACK,18904.3,3904.2999999999993,True,3,ATTACK,0.0,0.0,0.0,800.0,False,False,False,True,COUNTERFACTUAL,COUNTERFACTUAL,WIN,True
P7,23,20,0,DISCARD_ENERGY,20.0,20.0,3,1,0,ENERGY,30000.0,0,ENERGY,30000.0,0.0,False,0,ENERGY,0.0,0.0,0.0,0.0,False,False,False,False,V4_DEFAULT,NONE,WIN,
P7,23,21,0,DISCARD_ENERGY,20.0,20.0,2,1,0,ENERGY,30000.0,0,ENERGY,30000.0,0.0,False,0,ENERGY,0.0,0.0,0.0,0.0,False,False,False,False,V4_DEFAULT,NONE,WIN,
P7,23,25,0,TO_ACTIVE,0.0,20.0,0,2,0,CARD,5000.0,0,CARD,5000.0,0.0,False,0,CARD,0.0,0.0,0.0,0.0,False,False,False,False,V4_DEFAULT,NONE,WIN,
P7,23,26,0,MAIN,350.0,20.0,0,2,0,ATTACH,39000.0,0,ATTACH,41500.0,0.0,False,0,ATTACH,0.0,0.0,0.0,2500.0,False,False,False,True,V4_DEFAULT,COUNTERFACTUAL,WIN,
P7,23,27,0,MAIN,350.0,20.0,1,2,0,PLAY,12000.0,0,PLAY,12000.0,0.0,False,0,PLAY,0.0,0.0,0.0,0.0,False,False,False,False,V4_DEFAULT,NONE,WIN,
P7,23,28,0,ATTACH_TO,350.0,20.0,1,2,0,CARD,5000.0,0,CARD,5000.0,0.0,False,0,CARD,0.0,0.0,0.0,0.0,False,False,False,False,V4_DEFAULT,NONE,WIN,
P7,23,29,0,ATTACH_FROM,350.0,20.0,1,2,0,CARD,5000.0,0,CARD,5000.0,0.0,False,0,CARD,0.0,0.0,0.0,0.0,False,False,False,False,V4_DEFAULT,NONE,WIN,
P7,23,30,0,MAIN,350.0,20.0,2,2,1,ATTACK,18104.6,1,ATTACK,73104.6,0.0,False,1,ATTACK,50000.0,0.0,0.0,5000.0,True,False,False,True,V4_DEFAULT,KO_GUARANTEE+COUNTERFACTUAL,WIN,
P7,23,31,0,TO_HAND,350.0,0.0,2,0,2,CARD,10000.0,2,CARD,10000.0,0.0,False,2,CARD,0.0,0.0,0.0,0.0,False,False,False,False,V4_DEFAULT,NONE,WIN,
P7,24,1,1,SETUP_ACTIVE_POKEMON,0.0,0.0,0,0,0,CARD,10000.0,0,CARD,10000.0,0.0,False,0,CARD,0.0,0.0,0.0,0.0,False,False,False,False,V4_DEFAULT,NONE,WIN,
P7,24,3,1,MAIN,150.0,150.0,0,0,0,ATTACH,39000.0,0,ATTACH,41500.0,0.0,False,0,ATTACH,0.0,0.0,0.0,2500.0,False,False,False,True,V4_DEFAULT,COUNTERFACTUAL,WIN,
P7,24,4,1,MAIN,150.0,150.0,1,0,0,END,0.0,0,END,0.0,0.0,False,0,END,0.0,0.0,0.0,0.0,False,False,False,False,V4_DEFAULT,NONE,WIN,
P7,24,7,1,MAIN,150.0,150.0,1,1,3,ATTACH,39700.0,3,ATTACH,42200.0,0.0,False,3,ATTACH,0.0,0.0,0.0,2500.0,False,False,False,True,V4_DEFAULT,COUNTERFACTUAL,WIN,
P7,24,8,1,MAIN,150.0,150.0,2,1,4,ATTACK,18104.2,4,ATTACK,18904.2,0.0,False,4,ATTACK,0.0,0.0,0.0,800.0,False,False,False,True,V4_DEFAULT,COUNTERFACTUAL,WIN,
P7,24,11,1,MAIN,150.0,150.0,2,2,4,ATTACH,40400.0,4,ATTACH,42900.0,0.0,False,4,ATTACH,0.0,0.0,0.0,2500.0,False,False,False,True,V4_DEFAULT,COUNTERFACTUAL,WIN,
P7,24,12,1,MAIN,150.0,150.0,3,2,5,ATTACK,18104.3,5,ATTACK,18904.3,0.0,False,5,ATTACK,0.0,0.0,0.0,800.0,False,False,False,True,V4_DEFAULT,COUNTERFACTUAL,WIN,
P7,24,13,1,DISCARD_ENERGY,150.0,20.0,3,2,0,ENERGY,30000.0,0,ENERGY,30000.0,0.0,False,0,ENERGY,0.0,0.0,0.0,0.0,False,False,False,False,V4_DEFAULT,NONE,WIN,
P7,24,14,1,DISCARD_ENERGY,150.0,20.0,2,2,0,ENERGY,30000.0,0,ENERGY,30000.0,0.0,False,0,ENERGY,0.0,0.0,0.0,0.0,False,False,False,False,V4_DEFAULT,NONE,WIN,
P7,24,19,1,MAIN,20.0,20.0,1,1,4,ATTACH,39700.0,7,ATTACK,73104.2,30904.199999999997,True,7,ATTACK,50000.0,0.0,0.0,5000.0,True,False,False,True,KO_GUARANTEE,KO_GUARANTEE+COUNTERFACTUAL,WIN,True
P7,24,20,1,TO_HAND,20.0,0.0,1,0,0,CARD,5000.0,0,CARD,5000.0,0.0,False,0,CARD,0.0,0.0,0.0,0.0,False,False,False,False,V4_DEFAULT,NONE,WIN,
P7,25,0,0,IS_FIRST,0.0,0.0,0,0,1,NO,5000.0,1,NO,5000.0,0.0,False,1,NO,0.0,0.0,0.0,0.0,False,False,False,False,V4_DEFAULT,NONE,LOSS,
P7,25,1,0,SETUP_ACTIVE_POKEMON,0.0,0.0,0,0,0,CARD,10000.0,0,CARD,10000.0,0.0,False,0,CARD,0.0,0.0,0.0,0.0,False,False,False,False,V4_DEFAULT,NONE,LOSS,
P7,25,3,0,DRAW_COUNT,0.0,0.0,0,0,1,NUMBER,1.0,1,NUMBER,1.0,0.0,False,1,NUMBER,0.0,0.0,0.0,0.0,False,False,False,False,V4_DEFAULT,NONE,LOSS,
P7,25,9,0,MAIN,90.0,90.0,0,1,1,ATTACH,39000.0,1,ATTACH,41500.0,0.0,False,1,ATTACH,0.0,0.0,0.0,2500.0,False,False,False,True,V4_DEFAULT,COUNTERFACTUAL,LOSS,
P7,25,10,0,MAIN,90.0,90.0,1,1,2,ATTACK,18104.4,2,ATTACK,18904.4,0.0,False,2,ATTACK,0.0,0.0,0.0,800.0,False,False,False,True,V4_DEFAULT,COUNTERFACTUAL,LOSS,
P7,26,2,1,SETUP_ACTIVE_POKEMON,0.0,0.0,0,0,0,CARD,10000.0,0,CARD,10000.0,0.0,False,0,CARD,0.0,0.0,0.0,0.0,False,False,False,False,V4_DEFAULT,NONE,WIN,
P7,26,4,1,MAIN,90.0,150.0,0,0,1,ATTACH,39000.0,1,ATTACH,41500.0,0.0,False,1,ATTACH,0.0,0.0,0.0,2500.0,False,False,False,True,V4_DEFAULT,COUNTERFACTUAL,WIN,
P7,26,5,1,MAIN,90.0,150.0,1,0,0,PLAY,12000.0,0,PLAY,12000.0,0.0,False,0,PLAY,0.0,0.0,0.0,0.0,False,False,False,False,V4_DEFAULT,NONE,WIN,
P7,26,6,1,TO_HAND,90.0,150.0,1,0,0,CARD,1000.0,0,CARD,1000.0,0.0,False,0,CARD,0.0,0.0,0.0,0.0,False,False,False,False,V4_DEFAULT,NONE,WIN,
P7,26,7,1,MAIN,90.0,150.0,1,0,0,END,0.0,0,END,0.0,0.0,False,0,END,0.0,0.0,0.0,0.0,False,False,False,False,V4_DEFAULT,NONE,WIN,
P7,26,10,1,MAIN,90.0,150.0,1,1,0,EVOLVE,70500.0,0,EVOLVE,72500.0,0.0,False,0,EVOLVE,0.0,0.0,0.0,2000.0,False,False,False,True,V4_DEFAULT,COUNTERFACTUAL,WIN,
P7,26,11,1,MAIN,350.0,150.0,1,1,0,ATTACH,39700.0,0,ATTACH,42200.0,0.0,False,0,ATTACH,0.0,0.0,0.0,2500.0,False,False,False,True,V4_DEFAULT,COUNTERFACTUAL,WIN,
P7,26,12,1,MAIN,350.0,150.0,2,1,1,ATTACK,18104.6,1,ATTACK,18904.6,0.0,False,1,ATTACK,0.0,0.0,0.0,800.0,False,False,False,True,V4_DEFAULT,COUNTERFACTUAL,WIN,
P7,26,13,1,TO_HAND,350.0,0.0,2,0,3,CARD,10000.0,3,CARD,10000.0,0.0,False,3,CARD,0.0,0.0,0.0,0.0,False,False,False,False,V4_DEFAULT,NONE,WIN,
P7,27,0,0,IS_FIRST,0.0,0.0,0,0,1,NO,5000.0,1,NO,5000.0,0.0,False,1,NO,0.0,0.0,0.0,0.0,False,False,False,False,V4_DEFAULT,NONE,LOSS,
P7,27,2,0,SETUP_ACTIVE_POKEMON,0.0,0.0,0,0,0,CARD,10000.0,0,CARD,10000.0,0.0,False,0,CARD,0.0,0.0,0.0,0.0,False,False,False,False,V4_DEFAULT,NONE,LOSS,
P7,27,9,0,MAIN,90.0,90.0,0,1,0,ATTACH,39000.0,0,ATTACH,41500.0,0.0,False,0,ATTACH,0.0,0.0,0.0,2500.0,False,False,False,True,V4_DEFAULT,COUNTERFACTUAL,LOSS,
P7,27,10,0,MAIN,90.0,90.0,1,1,1,ATTACK,18104.4,1,ATTACK,18904.4,0.0,False,1,ATTACK,0.0,0.0,0.0,800.0,False,False,False,True,V4_DEFAULT,COUNTERFACTUAL,LOSS,
P7,28,1,1,SETUP_ACTIVE_POKEMON,0.0,0.0,0,0,0,CARD,10000.0,0,CARD,10000.0,0.0,False,0,CARD,0.0,0.0,0.0,0.0,False,False,False,False,V4_DEFAULT,NONE,LOSS,
P7,28,3,1,MAIN,90.0,90.0,0,0,0,ATTACH,39000.0,0,ATTACH,41500.0,0.0,False,0,ATTACH,0.0,0.0,0.0,2500.0,False,False,False,True,V4_DEFAULT,COUNTERFACTUAL,LOSS,
P7,28,4,1,MAIN,90.0,90.0,1,0,0,END,0.0,0,END,0.0,0.0,False,0,END,0.0,0.0,0.0,0.0,False,False,False,False,V4_DEFAULT,NONE,LOSS,
P7,28,8,1,MAIN,80.0,90.0,1,1,0,ATTACH,39700.0,0,ATTACH,42200.0,0.0,False,0,ATTACH,0.0,0.0,0.0,2500.0,False,False,False,True,V4_DEFAULT,COUNTERFACTUAL,LOSS,
P7,28,9,1,MAIN,80.0,90.0,2,1,1,ATTACK,18104.5,1,ATTACK,18904.5,0.0,False,1,ATTACK,0.0,0.0,0.0,800.0,False,False,False,True,V4_DEFAULT,COUNTERFACTUAL,LOSS,
P7,29,0,0,IS_FIRST,0.0,0.0,0,0,1,NO,5000.0,1,NO,5000.0,0.0,False,1,NO,0.0,0.0,0.0,0.0,False,False,False,False,V4_DEFAULT,NONE,WIN,
P7,29,2,0,SETUP_ACTIVE_POKEMON,0.0,0.0,0,0,0,CARD,10000.0,0,CARD,10000.0,0.0,False,0,CARD,0.0,0.0,0.0,0.0,False,False,False,False,V4_DEFAULT,NONE,WIN,
P7,29,3,0,SETUP_BENCH_POKEMON,0.0,0.0,0,0,0,CARD,10000.0,0,CARD,10000.0,0.0,False,0,CARD,0.0,0.0,0.0,0.0,False,False,False,False,V4_DEFAULT,NONE,WIN,
P7,29,6,0,MAIN,90.0,90.0,0,1,0,ATTACH,39000.0,0,ATTACH,41500.0,0.0,False,0,ATTACH,0.0,0.0,0.0,2500.0,False,False,False,True,V4_DEFAULT,COUNTERFACTUAL,WIN,
P7,29,7,0,MAIN,90.0,90.0,1,1,1,ATTACK,18104.4,1,ATTACK,18904.4,0.0,False,1,ATTACK,0.0,0.0,0.0,800.0,False,False,False,True,V4_DEFAULT,COUNTERFACTUAL,WIN,
P7,29,10,0,MAIN,60.0,80.0,1,2,2,EVOLVE,70500.0,2,EVOLVE,75500.0,0.0,False,2,EVOLVE,0.0,0.0,3000.0,2000.0,False,False,True,True,V4_DEFAULT,THREAT_MODEL+COUNTERFACTUAL,WIN,
P7,29,11,0,MAIN,320.0,80.0,1,2,0,ATTACH,39700.0,0,ATTACH,42200.0,0.0,False,0,ATTACH,0.0,0.0,0.0,2500.0,False,False,False,True,V4_DEFAULT,COUNTERFACTUAL,WIN,
P7,29,12,0,MAIN,320.0,80.0,2,2,1,ATTACK,18104.6,1,ATTACK,18904.6,0.0,False,1,ATTACK,0.0,0.0,0.0,800.0,False,False,False,True,V4_DEFAULT,COUNTERFACTUAL,WIN,
P7,29,13,0,TO_HAND,320.0,0.0,2,0,5,CARD,10000.0,5,CARD,10000.0,0.0,False,5,CARD,0.0,0.0,0.0,0.0,False,False,False,False,V4_DEFAULT,NONE,WIN,
P7,30,1,1,SETUP_ACTIVE_POKEMON,0.0,0.0,0,0,0,CARD,10000.0,0,CARD,10000.0,0.0,False,0,CARD,0.0,0.0,0.0,0.0,False,False,False,False,V4_DEFAULT,NONE,WIN,
P7,30,3,1,DRAW_COUNT,0.0,0.0,0,0,2,NUMBER,2.0,2,NUMBER,2.0,0.0,False,2,NUMBER,0.0,0.0,0.0,0.0,False,False,False,False,V4_DEFAULT,NONE,WIN,
P7,30,4,1,MAIN,90.0,90.0,0,0,0,ATTACH,39000.0,0,ATTACH,41500.0,0.0,False,0,ATTACH,0.0,0.0,0.0,2500.0,False,False,False,True,V4_DEFAULT,COUNTERFACTUAL,WIN,
P7,30,5,1,MAIN,90.0,90.0,1,0,0,PLAY,12000.0,0,PLAY,12000.0,0.0,False,0,PLAY,0.0,0.0,0.0,0.0,False,False,False,False,V4_DEFAULT,NONE,WIN,
P7,30,6,1,TO_HAND,90.0,90.0,1,0,0,CARD,1000.0,0,CARD,1000.0,0.0,False,0,CARD,0.0,0.0,0.0,0.0,False,False,False,False,V4_DEFAULT,NONE,WIN,
P7,30,7,1,MAIN,90.0,90.0,1,0,0,END,0.0,0,END,0.0,0.0,False,0,END,0.0,0.0,0.0,0.0,False,False,False,False,V4_DEFAULT,NONE,WIN,
P7,30,10,1,MAIN,80.0,90.0,1,1,7,EVOLVE,70500.0,7,EVOLVE,72500.0,0.0,False,7,EVOLVE,0.0,0.0,0.0,2000.0,False,False,False,True,V4_DEFAULT,COUNTERFACTUAL,WIN,
P7,30,11,1,MAIN,340.0,90.0,1,1,0,ATTACH,39700.0,0,ATTACH,42200.0,0.0,False,0,ATTACH,0.0,0.0,0.0,2500.0,False,False,False,True,V4_DEFAULT,COUNTERFACTUAL,WIN,
P7,30,12,1,MAIN,340.0,90.0,2,1,0,ATTACK,18104.6,0,ATTACK,18904.6,0.0,False,0,ATTACK,0.0,0.0,0.0,800.0,False,False,False,True,V4_DEFAULT,COUNTERFACTUAL,WIN,
P7,30,13,1,TO_HAND,340.0,0.0,2,0,0,CARD,5000.0,0,CARD,5000.0,0.0,False,0,CARD,0.0,0.0,0.0,0.0,False,False,False,False,V4_DEFAULT,NONE,WIN,
P7,31,0,0,IS_FIRST,0.0,0.0,0,0,1,NO,5000.0,1,NO,5000.0,0.0,False,1,NO,0.0,0.0,0.0,0.0,False,False,False,False,V4_DEFAULT,NONE,LOSS,
P7,31,2,0,SETUP_ACTIVE_POKEMON,0.0,0.0,0,0,0,CARD,10000.0,0,CARD,10000.0,0.0,False,0,CARD,0.0,0.0,0.0,0.0,False,False,False,False,V4_DEFAULT,NONE,LOSS,
P7,31,9,0,MAIN,90.0,90.0,0,1,0,ATTACH,39000.0,0,ATTACH,41500.0,0.0,False,0,ATTACH,0.0,0.0,0.0,2500.0,False,False,False,True,V4_DEFAULT,COUNTERFACTUAL,LOSS,
P7,31,10,0,MAIN,90.0,90.0,1,1,1,ATTACK,18104.4,1,ATTACK,18904.4,0.0,False,1,ATTACK,0.0,0.0,0.0,800.0,False,False,False,True,V4_DEFAULT,COUNTERFACTUAL,LOSS,
P7,32,1,1,SETUP_ACTIVE_POKEMON,0.0,0.0,0,0,0,CARD,10000.0,0,CARD,10000.0,0.0,False,0,CARD,0.0,0.0,0.0,0.0,False,False,False,False,V4_DEFAULT,NONE,LOSS,
P7,32,4,1,MAIN,90.0,90.0,0,0,0,ATTACH,39000.0,0,ATTACH,41500.0,0.0,False,0,ATTACH,0.0,0.0,0.0,2500.0,False,False,False,True,V4_DEFAULT,COUNTERFACTUAL,LOSS,
P7,32,5,1,MAIN,90.0,90.0,1,0,1,ATTACH,39700.0,1,ATTACH,42200.0,0.0,False,1,ATTACH,0.0,0.0,0.0,2500.0,False,False,False,True,V4_DEFAULT,COUNTERFACTUAL,LOSS,
P7,32,6,1,MAIN,90.0,90.0,1,0,0,PLAY,12000.0,0,PLAY,12000.0,0.0,False,0,PLAY,0.0,0.0,0.0,0.0,False,False,False,False,V4_DEFAULT,NONE,LOSS,
P7,32,7,1,TO_HAND,90.0,90.0,1,0,0,CARD,5000.0,0,CARD,5000.0,0.0,False,0,CARD,0.0,0.0,0.0,0.0,False,False,False,False,V4_DEFAULT,NONE,LOSS,
P7,32,8,1,MAIN,90.0,90.0,1,0,0,END,0.0,0,END,0.0,0.0,False,0,END,0.0,0.0,0.0,0.0,False,False,False,False,V4_DEFAULT,NONE,LOSS,
P7,32,11,1,MAIN,80.0,90.0,1,1,4,EVOLVE,70500.0,4,EVOLVE,72500.0,0.0,False,4,EVOLVE,0.0,0.0,0.0,2000.0,False,False,False,True,V4_DEFAULT,COUNTERFACTUAL,LOSS,
P7,32,12,1,MAIN,340.0,90.0,1,1,2,ATTACH,39700.0,2,ATTACH,42200.0,0.0,False,2,ATTACH,0.0,0.0,0.0,2500.0,False,False,False,True,V4_DEFAULT,COUNTERFACTUAL,LOSS,
P7,32,13,1,MAIN,340.0,90.0,2,1,3,ATTACK,18104.6,3,ATTACK,18904.6,0.0,False,3,ATTACK,0.0,0.0,0.0,800.0,False,False,False,True,V4_DEFAULT,COUNTERFACTUAL,LOSS,
P7,32,14,1,TO_HAND,340.0,0.0,2,0,3,CARD,10000.0,3,CARD,10000.0,0.0,False,3,CARD,0.0,0.0,0.0,0.0,False,False,False,False,V4_DEFAULT,NONE,LOSS,
P7,32,19,1,MAIN,340.0,350.0,2,1,2,ATTACH,40400.0,2,ATTACH,42900.0,0.0,False,2,ATTACH,0.0,0.0,0.0,2500.0,False,False,False,True,V4_DEFAULT,COUNTERFACTUAL,LOSS,
P7,32,20,1,MAIN,340.0,350.0,3,1,4,ATTACK,18104.7,4,ATTACK,18904.7,0.0,False,4,ATTACK,0.0,0.0,0.0,800.0,False,False,False,True,V4_DEFAULT,COUNTERFACTUAL,LOSS,
P7,33,0,0,IS_FIRST,0.0,0.0,0,0,1,NO,5000.0,1,NO,5000.0,0.0,False,1,NO,0.0,0.0,0.0,0.0,False,False,False,False,V4_DEFAULT,NONE,WIN,
P7,33,2,0,SETUP_ACTIVE_POKEMON,0.0,0.0,0,0,0,CARD,10000.0,0,CARD,10000.0,0.0,False,0,CARD,0.0,0.0,0.0,0.0,False,False,False,False,V4_DEFAULT,NONE,WIN,
P7,33,3,0,SETUP_BENCH_POKEMON,0.0,0.0,0,0,0,CARD,10000.0,0,CARD,10000.0,0.0,False,0,CARD,0.0,0.0,0.0,0.0,False,False,False,False,V4_DEFAULT,NONE,WIN,
P7,33,6,0,MAIN,150.0,90.0,0,1,0,ATTACH,39000.0,0,ATTACH,41500.0,0.0,False,0,ATTACH,0.0,0.0,0.0,2500.0,False,False,False,True,V4_DEFAULT,COUNTERFACTUAL,WIN,
P7,33,7,0,MAIN,150.0,90.0,1,1,1,ATTACK,18104.2,1,ATTACK,18904.2,0.0,False,1,ATTACK,0.0,0.0,0.0,800.0,False,False,False,True,V4_DEFAULT,COUNTERFACTUAL,WIN,
P7,33,10,0,MAIN,120.0,90.0,1,2,0,ATTACH,39700.0,0,ATTACH,42200.0,0.0,False,0,ATTACH,0.0,0.0,0.0,2500.0,False,False,False,True,V4_DEFAULT,COUNTERFACTUAL,WIN,
P7,33,11,0,MAIN,120.0,90.0,2,2,1,ATTACK,18104.2,1,ATTACK,18904.2,0.0,False,1,ATTACK,0.0,0.0,0.0,800.0,False,False,False,True,V4_DEFAULT,COUNTERFACTUAL,WIN,
P7,33,14,0,MAIN,90.0,90.0,2,3,1,ATTACH,40400.0,1,ATTACH,42900.0,0.0,False,1,ATTACH,0.0,0.0,0.0,2500.0,False,False,False,True,V4_DEFAULT,COUNTERFACTUAL,WIN,
P7,33,15,0,MAIN,90.0,90.0,3,3,2,ATTACK,18104.3,2,ATTACK,18904.3,0.0,False,2,ATTACK,0.0,0.0,0.0,800.0,False,False,False,True,V4_DEFAULT,COUNTERFACTUAL,WIN,
P7,33,16,0,DISCARD_ENERGY,90.0,0.0,3,3,0,ENERGY,30000.0,0,ENERGY,30000.0,0.0,False,0,ENERGY,0.0,0.0,0.0,0.0,False,False,False,False,V4_DEFAULT,NONE,WIN,
P7,33,17,0,DISCARD_ENERGY,90.0,0.0,2,3,0,ENERGY,30000.0,0,ENERGY,30000.0,0.0,False,0,ENERGY,0.0,0.0,0.0,0.0,False,False,False,False,V4_DEFAULT,NONE,WIN,
P7,33,18,0,TO_HAND,90.0,0.0,1,0,0,CARD,10000.0,0,CARD,10000.0,0.0,False,0,CARD,0.0,0.0,0.0,0.0,False,False,False,False,V4_DEFAULT,NONE,WIN,
P7,34,1,1,SETUP_ACTIVE_POKEMON,0.0,0.0,0,0,0,CARD,10000.0,0,CARD,10000.0,0.0,False,0,CARD,0.0,0.0,0.0,0.0,False,False,False,False,V4_DEFAULT,NONE,WIN,
P7,34,3,1,MAIN,90.0,150.0,0,0,0,ATTACH,39000.0,0,ATTACH,41500.0,0.0,False,0,ATTACH,0.0,0.0,0.0,2500.0,False,False,False,True,V4_DEFAULT,COUNTERFACTUAL,WIN,
P7,34,4,1,MAIN,90.0,150.0,1,0,0,PLAY,12000.0,0,PLAY,12000.0,0.0,False,0,PLAY,0.0,0.0,0.0,0.0,False,False,False,False,V4_DEFAULT,NONE,WIN,
P7,34,5,1,TO_HAND,90.0,150.0,1,0,0,CARD,1000.0,0,CARD,1000.0,0.0,False,0,CARD,0.0,0.0,0.0,0.0,False,False,False,False,V4_DEFAULT,NONE,WIN,
P7,34,6,1,MAIN,90.0,150.0,1,0,0,END,0.0,0,END,0.0,0.0,False,0,END,0.0,0.0,0.0,0.0,False,False,False,False,V4_DEFAULT,NONE,WIN,
P7,34,9,1,MAIN,90.0,150.0,1,1,1,EVOLVE,70500.0,1,EVOLVE,72500.0,0.0,False,1,EVOLVE,0.0,0.0,0.0,2000.0,False,False,False,True,V4_DEFAULT,COUNTERFACTUAL,WIN,
P7,34,10,1,MAIN,350.0,150.0,1,1,0,ATTACH,39700.0,0,ATTACH,42200.0,0.0,False,0,ATTACH,0.0,0.0,0.0,2500.0,False,False,False,True,V4_DEFAULT,COUNTERFACTUAL,WIN,
P7,34,11,1,MAIN,350.0,150.0,2,1,0,ATTACK,18104.6,0,ATTACK,18904.6,0.0,False,0,ATTACK,0.0,0.0,0.0,800.0,False,False,False,True,V4_DEFAULT,COUNTERFACTUAL,WIN,
P7,34,12,1,TO_HAND,350.0,0.0,2,0,1,CARD,10000.0,1,CARD,10000.0,0.0,False,1,CARD,0.0,0.0,0.0,0.0,False,False,False,False,V4_DEFAULT,NONE,WIN,
P7,35,0,0,IS_FIRST,0.0,0.0,0,0,1,NO,5000.0,1,NO,5000.0,0.0,False,1,NO,0.0,0.0,0.0,0.0,False,False,False,False,V4_DEFAULT,NONE,WIN,
P7,35,1,0,SETUP_ACTIVE_POKEMON,0.0,0.0,0,0,0,CARD,10000.0,0,CARD,10000.0,0.0,False,0,CARD,0.0,0.0,0.0,0.0,False,False,False,False,V4_DEFAULT,NONE,WIN,
P7,35,3,0,DRAW_COUNT,0.0,0.0,0,0,3,NUMBER,3.0,3,NUMBER,3.0,0.0,False,3,NUMBER,0.0,0.0,0.0,0.0,False,False,False,False,V4_DEFAULT,NONE,WIN,
P7,35,7,0,MAIN,90.0,90.0,0,1,0,ATTACH,39000.0,0,ATTACH,41500.0,0.0,False,0,ATTACH,0.0,0.0,0.0,2500.0,False,False,False,True,V4_DEFAULT,COUNTERFACTUAL,WIN,
P7,35,8,0,MAIN,90.0,90.0,1,1,4,ATTACK,18104.4,4,ATTACK,18904.4,0.0,False,4,ATTACK,0.0,0.0,0.0,800.0,False,False,False,True,V4_DEFAULT,COUNTERFACTUAL,WIN,
P7,35,11,0,MAIN,60.0,80.0,1,2,4,EVOLVE,70500.0,4,EVOLVE,75500.0,0.0,False,4,EVOLVE,0.0,0.0,3000.0,2000.0,False,False,True,True,V4_DEFAULT,THREAT_MODEL+COUNTERFACTUAL,WIN,
P7,35,12,0,MAIN,320.0,80.0,1,2,1,ATTACH,39700.0,1,ATTACH,42200.0,0.0,False,1,ATTACH,0.0,0.0,0.0,2500.0,False,False,False,True,V4_DEFAULT,COUNTERFACTUAL,WIN,
P7,35,13,0,MAIN,320.0,80.0,2,2,4,ATTACK,18104.6,4,ATTACK,18904.6,0.0,False,4,ATTACK,0.0,0.0,0.0,800.0,False,False,False,True,V4_DEFAULT,COUNTERFACTUAL,WIN,
P7,35,14,0,TO_HAND,320.0,0.0,2,0,0,CARD,5000.0,0,CARD,5000.0,0.0,False,0,CARD,0.0,0.0,0.0,0.0,False,False,False,False,V4_DEFAULT,NONE,WIN,
P7,36,1,1,SETUP_ACTIVE_POKEMON,0.0,0.0,0,0,0,CARD,10000.0,0,CARD,10000.0,0.0,False,0,CARD,0.0,0.0,0.0,0.0,False,False,False,False,V4_DEFAULT,NONE,WIN,
P7,36,3,1,SETUP_BENCH_POKEMON,0.0,0.0,0,0,0,CARD,10000.0,0,CARD,10000.0,0.0,False,0,CARD,0.0,0.0,0.0,0.0,False,False,False,False,V4_DEFAULT,NONE,WIN,
P7,36,5,1,MAIN,150.0,90.0,0,0,0,ATTACH,39000.0,0,ATTACH,41500.0,0.0,False,0,ATTACH,0.0,0.0,0.0,2500.0,False,False,False,True,V4_DEFAULT,COUNTERFACTUAL,WIN,
P7,36,6,1,MAIN,150.0,90.0,1,0,0,END,0.0,0,END,0.0,0.0,False,0,END,0.0,0.0,0.0,0.0,False,False,False,False,V4_DEFAULT,NONE,WIN,
P7,36,10,1,MAIN,140.0,90.0,1,1,0,EVOLVE,70000.0,0,EVOLVE,72000.0,0.0,False,0,EVOLVE,0.0,0.0,0.0,2000.0,False,False,False,True,V4_DEFAULT,COUNTERFACTUAL,WIN,
P7,36,11,1,MAIN,140.0,90.0,1,1,1,ATTACH,39700.0,1,ATTACH,42200.0,0.0,False,1,ATTACH,0.0,0.0,0.0,2500.0,False,False,False,True,V4_DEFAULT,COUNTERFACTUAL,WIN,
P7,36,12,1,MAIN,140.0,90.0,2,1,2,ATTACK,18104.2,2,ATTACK,18904.2,0.0,False,2,ATTACK,0.0,0.0,0.0,800.0,False,False,False,True,V4_DEFAULT,COUNTERFACTUAL,WIN,
P7,36,17,1,TO_ACTIVE,0.0,350.0,0,2,0,CARD,5000.0,0,CARD,5000.0,0.0,False,0,CARD,0.0,0.0,0.0,0.0,False,False,False,False,V4_DEFAULT,NONE,WIN,
P7,36,18,1,MAIN,350.0,350.0,0,2,1,ATTACH,39000.0,1,ATTACH,41500.0,0.0,False,1,ATTACH,0.0,0.0,0.0,2500.0,False,False,False,True,V4_DEFAULT,COUNTERFACTUAL,WIN,
P7,36,19,1,MAIN,350.0,350.0,1,2,2,ATTACH,39700.0,2,ATTACH,42200.0,0.0,False,2,ATTACH,0.0,0.0,0.0,2500.0,False,False,False,True,V4_DEFAULT,COUNTERFACTUAL,WIN,
P7,36,20,1,MAIN,350.0,350.0,1,2,0,PLAY,12000.0,0,PLAY,12000.0,0.0,False,0,PLAY,0.0,0.0,0.0,0.0,False,False,False,False,V4_DEFAULT,NONE,WIN,
P7,36,21,1,MAIN,350.0,350.0,1,2,0,PLAY,12000.0,0,PLAY,12000.0,0.0,False,0,PLAY,0.0,0.0,0.0,0.0,False,False,False,False,V4_DEFAULT,NONE,WIN,
P7,36,22,1,MAIN,350.0,350.0,1,2,0,PLAY,12000.0,0,PLAY,12000.0,0.0,False,0,PLAY,0.0,0.0,0.0,0.0,False,False,False,False,V4_DEFAULT,NONE,WIN,
P7,36,23,1,TO_HAND,350.0,350.0,1,2,0,CARD,5000.0,0,CARD,5000.0,0.0,False,0,CARD,0.0,0.0,0.0,0.0,False,False,False,False,V4_DEFAULT,NONE,WIN,
P7,36,24,1,MAIN,350.0,350.0,1,2,0,END,0.0,0,END,0.0,0.0,False,0,END,0.0,0.0,0.0,0.0,False,False,False,False,V4_DEFAULT,NONE,WIN,
P7,36,28,1,MAIN,100.0,350.0,1,3,11,EVOLVE,70000.0,11,EVOLVE,75000.0,0.0,False,11,EVOLVE,0.0,0.0,3000.0,2000.0,False,False,True,True,V4_DEFAULT,THREAT_MODEL+COUNTERFACTUAL,WIN,
P7,36,29,1,MAIN,100.0,350.0,1,3,1,ATTACH,39700.0,1,ATTACH,42200.0,0.0,False,1,ATTACH,0.0,0.0,0.0,2500.0,False,False,False,True,V4_DEFAULT,COUNTERFACTUAL,WIN,
P7,36,30,1,MAIN,100.0,350.0,2,3,2,ATTACK,18104.6,2,ATTACK,18904.6,0.0,False,2,ATTACK,0.0,0.0,0.0,800.0,False,False,False,True,V4_DEFAULT,COUNTERFACTUAL,WIN,
P7,36,41,1,MAIN,100.0,350.0,2,0,1,ATTACH,40400.0,1,ATTACH,42900.0,0.0,False,1,ATTACH,0.0,0.0,0.0,2500.0,False,False,False,True,V4_DEFAULT,COUNTERFACTUAL,WIN,
P7,36,42,1,MAIN,100.0,350.0,3,0,4,ATTACK,18104.7,4,ATTACK,18904.7,0.0,False,4,ATTACK,0.0,0.0,0.0,800.0,False,False,False,True,V4_DEFAULT,COUNTERFACTUAL,WIN,
P7,36,46,1,MAIN,100.0,100.0,3,1,1,ATTACH,41100.0,2,ATTACH,40000.0,400.0,True,2,ATTACH,0.0,0.0,2000.0,3000.0,False,False,True,True,COUNTERFACTUAL,THREAT_MODEL+COUNTERFACTUAL,WIN,True
P7,36,47,1,MAIN,100.0,100.0,3,1,4,ATTACK,18104.7,4,ATTACK,18904.7,0.0,False,4,ATTACK,0.0,0.0,0.0,800.0,False,False,False,True,V4_DEFAULT,COUNTERFACTUAL,WIN,
P7,36,48,1,TO_HAND,100.0,0.0,3,0,3,CARD,10000.0,3,CARD,10000.0,0.0,False,3,CARD,0.0,0.0,0.0,0.0,False,False,False,False,V4_DEFAULT,NONE,WIN,
P7,36,53,1,MAIN,100.0,350.0,3,1,1,ATTACH,41100.0,2,ATTACH,40700.0,1100.0,True,2,ATTACH,0.0,0.0,2000.0,3000.0,False,False,True,True,COUNTERFACTUAL,THREAT_MODEL+COUNTERFACTUAL,WIN,True
P7,36,54,1,MAIN,100.0,350.0,3,1,6,ATTACK,18104.7,6,ATTACK,18904.7,0.0,False,6,ATTACK,0.0,0.0,0.0,800.0,False,False,False,True,V4_DEFAULT,COUNTERFACTUAL,WIN,
P7,36,58,1,TO_ACTIVE,0.0,100.0,0,2,0,CARD,5000.0,0,CARD,5000.0,0.0,False,0,CARD,0.0,0.0,0.0,0.0,False,False,False,False,V4_DEFAULT,NONE,WIN,
P7,36,59,1,MAIN,350.0,100.0,2,2,1,ATTACH,40400.0,1,ATTACH,42900.0,0.0,False,1,ATTACH,0.0,0.0,0.0,2500.0,False,False,False,True,V4_DEFAULT,COUNTERFACTUAL,WIN,
P7,36,60,1,MAIN,350.0,100.0,3,2,7,ATTACK,18104.7,7,ATTACK,18904.7,0.0,False,7,ATTACK,0.0,0.0,0.0,800.0,False,False,False,True,V4_DEFAULT,COUNTERFACTUAL,WIN,
P7,36,61,1,TO_HAND,350.0,0.0,3,0,1,CARD,10000.0,1,CARD,10000.0,0.0,False,1,CARD,0.0,0.0,0.0,0.0,False,False,False,False,V4_DEFAULT,NONE,WIN,
P7,37,0,0,IS_FIRST,0.0,0.0,0,0,1,NO,5000.0,1,NO,5000.0,0.0,False,1,NO,0.0,0.0,0.0,0.0,False,False,False,False,V4_DEFAULT,NONE,WIN,
P7,37,2,0,SETUP_ACTIVE_POKEMON,0.0,0.0,0,0,0,CARD,10000.0,0,CARD,10000.0,0.0,False,0,CARD,0.0,0.0,0.0,0.0,False,False,False,False,V4_DEFAULT,NONE,WIN,
P7,37,4,0,SETUP_BENCH_POKEMON,0.0,0.0,0,0,0,CARD,10000.0,0,CARD,10000.0,0.0,False,0,CARD,0.0,0.0,0.0,0.0,False,False,False,False,V4_DEFAULT,NONE,WIN,
P7,37,7,0,MAIN,150.0,90.0,0,1,0,ATTACH,39000.0,0,ATTACH,41500.0,0.0,False,0,ATTACH,0.0,0.0,0.0,2500.0,False,False,False,True,V4_DEFAULT,COUNTERFACTUAL,WIN,
P7,37,8,0,MAIN,150.0,90.0,1,1,1,ATTACK,18104.2,1,ATTACK,18904.2,0.0,False,1,ATTACK,0.0,0.0,0.0,800.0,False,False,False,True,V4_DEFAULT,COUNTERFACTUAL,WIN,
P7,37,11,0,MAIN,120.0,90.0,1,2,0,EVOLVE,70000.0,0,EVOLVE,72000.0,0.0,False,0,EVOLVE,0.0,0.0,0.0,2000.0,False,False,False,True,V4_DEFAULT,COUNTERFACTUAL,WIN,
P7,37,12,0,MAIN,120.0,90.0,1,2,0,ATTACH,39700.0,0,ATTACH,42200.0,0.0,False,0,ATTACH,0.0,0.0,0.0,2500.0,False,False,False,True,V4_DEFAULT,COUNTERFACTUAL,WIN,
P7,37,13,0,MAIN,120.0,90.0,2,2,2,ATTACK,18104.2,2,ATTACK,18904.2,0.0,False,2,ATTACK,0.0,0.0,0.0,800.0,False,False,False,True,V4_DEFAULT,COUNTERFACTUAL,WIN,
P7,37,16,0,MAIN,90.0,90.0,2,3,0,ATTACH,40400.0,0,ATTACH,42900.0,0.0,False,0,ATTACH,0.0,0.0,0.0,2500.0,False,False,False,True,V4_DEFAULT,COUNTERFACTUAL,WIN,
P7,37,17,0,MAIN,90.0,90.0,3,3,4,ATTACK,18104.3,4,ATTACK,18904.3,0.0,False,4,ATTACK,0.0,0.0,0.0,800.0,False,False,False,True,V4_DEFAULT,COUNTERFACTUAL,WIN,
P7,37,18,0,DISCARD_ENERGY,90.0,0.0,3,3,0,ENERGY,30000.0,0,ENERGY,30000.0,0.0,False,0,ENERGY,0.0,0.0,0.0,0.0,False,False,False,False,V4_DEFAULT,NONE,WIN,
P7,37,19,0,DISCARD_ENERGY,90.0,0.0,2,3,0,ENERGY,30000.0,0,ENERGY,30000.0,0.0,False,0,ENERGY,0.0,0.0,0.0,0.0,False,False,False,False,V4_DEFAULT,NONE,WIN,
P7,37,20,0,TO_HAND,90.0,0.0,1,0,1,CARD,10000.0,1,CARD,10000.0,0.0,False,1,CARD,0.0,0.0,0.0,0.0,False,False,False,False,V4_DEFAULT,NONE,WIN,
P7,38,2,1,SETUP_ACTIVE_POKEMON,0.0,0.0,0,0,0,CARD,10000.0,0,CARD,10000.0,0.0,False,0,CARD,0.0,0.0,0.0,0.0,False,False,False,False,V4_DEFAULT,NONE,LOSS,
P7,38,5,1,MAIN,150.0,90.0,0,0,0,ATTACH,39000.0,0,ATTACH,41500.0,0.0,False,0,ATTACH,0.0,0.0,0.0,2500.0,False,False,False,True,V4_DEFAULT,COUNTERFACTUAL,LOSS,
P7,38,6,1,MAIN,150.0,90.0,1,0,0,ATTACH,39700.0,0,ATTACH,42200.0,0.0,False,0,ATTACH,0.0,0.0,0.0,2500.0,False,False,False,True,V4_DEFAULT,COUNTERFACTUAL,LOSS,
P7,38,7,1,MAIN,150.0,90.0,1,0,0,END,0.0,0,END,0.0,0.0,False,0,END,0.0,0.0,0.0,0.0,False,False,False,False,V4_DEFAULT,NONE,LOSS,
P7,38,10,1,MAIN,140.0,90.0,1,1,1,ATTACH,39700.0,1,ATTACH,42200.0,0.0,False,1,ATTACH,0.0,0.0,0.0,2500.0,False,False,False,True,V4_DEFAULT,COUNTERFACTUAL,LOSS,
P7,38,11,1,MAIN,140.0,90.0,2,1,3,ATTACK,18104.2,3,ATTACK,18904.2,0.0,False,3,ATTACK,0.0,0.0,0.0,800.0,False,False,False,True,V4_DEFAULT,COUNTERFACTUAL,LOSS,
P7,39,0,0,IS_FIRST,0.0,0.0,0,0,1,NO,5000.0,1,NO,5000.0,0.0,False,1,NO,0.0,0.0,0.0,0.0,False,False,False,False,V4_DEFAULT,NONE,LOSS,
P7,39,2,0,SETUP_ACTIVE_POKEMON,0.0,0.0,0,0,0,CARD,10000.0,0,CARD,10000.0,0.0,False,0,CARD,0.0,0.0,0.0,0.0,False,False,False,False,V4_DEFAULT,NONE,LOSS,
P7,39,9,0,MAIN,150.0,90.0,0,1,0,ATTACH,39000.0,0,ATTACH,41500.0,0.0,False,0,ATTACH,0.0,0.0,0.0,2500.0,False,False,False,True,V4_DEFAULT,COUNTERFACTUAL,LOSS,
P7,39,10,0,MAIN,150.0,90.0,1,1,3,ATTACK,18104.2,3,ATTACK,18904.2,0.0,False,3,ATTACK,0.0,0.0,0.0,800.0,False,False,False,True,V4_DEFAULT,COUNTERFACTUAL,LOSS,
P7,40,1,1,SETUP_ACTIVE_POKEMON,0.0,0.0,0,0,0,CARD,10000.0,0,CARD,10000.0,0.0,False,0,CARD,0.0,0.0,0.0,0.0,False,False,False,False,V4_DEFAULT,NONE,WIN,
P7,40,3,1,MAIN,150.0,90.0,0,0,0,ATTACH,39000.0,0,ATTACH,41500.0,0.0,False,0,ATTACH,0.0,0.0,0.0,2500.0,False,False,False,True,V4_DEFAULT,COUNTERFACTUAL,WIN,
P7,40,4,1,MAIN,150.0,90.0,1,0,0,PLAY,12000.0,0,PLAY,12000.0,0.0,False,0,PLAY,0.0,0.0,0.0,0.0,False,False,False,False,V4_DEFAULT,NONE,WIN,
P7,40,5,1,TO_HAND,150.0,90.0,1,0,0,CARD,1000.0,0,CARD,1000.0,0.0,False,0,CARD,0.0,0.0,0.0,0.0,False,False,False,False,V4_DEFAULT,NONE,WIN,
P7,40,6,1,MAIN,150.0,90.0,1,0,0,END,0.0,0,END,0.0,0.0,False,0,END,0.0,0.0,0.0,0.0,False,False,False,False,V4_DEFAULT,NONE,WIN,
P7,40,10,1,MAIN,140.0,90.0,1,1,0,ATTACH,39700.0,0,ATTACH,42200.0,0.0,False,0,ATTACH,0.0,0.0,0.0,2500.0,False,False,False,True,V4_DEFAULT,COUNTERFACTUAL,WIN,
P7,40,11,1,MAIN,140.0,90.0,2,1,1,ATTACK,18104.2,1,ATTACK,18904.2,0.0,False,1,ATTACK,0.0,0.0,0.0,800.0,False,False,False,True,V4_DEFAULT,COUNTERFACTUAL,WIN,
P7,40,14,1,MAIN,110.0,90.0,2,2,0,ATTACH,40400.0,0,ATTACH,42900.0,0.0,False,0,ATTACH,0.0,0.0,0.0,2500.0,False,False,False,True,V4_DEFAULT,COUNTERFACTUAL,WIN,
P7,40,15,1,MAIN,110.0,90.0,3,2,2,ATTACK,18104.3,2,ATTACK,18904.3,0.0,False,2,ATTACK,0.0,0.0,0.0,800.0,False,False,False,True,V4_DEFAULT,COUNTERFACTUAL,WIN,
P7,40,16,1,DISCARD_ENERGY,110.0,0.0,3,2,0,ENERGY,30000.0,0,ENERGY,30000.0,0.0,False,0,ENERGY,0.0,0.0,0.0,0.0,False,False,False,False,V4_DEFAULT,NONE,WIN,
P7,40,17,1,DISCARD_ENERGY,110.0,0.0,2,2,0,ENERGY,30000.0,0,ENERGY,30000.0,0.0,False,0,ENERGY,0.0,0.0,0.0,0.0,False,False,False,False,V4_DEFAULT,NONE,WIN,
P7,40,18,1,TO_HAND,110.0,0.0,1,0,3,CARD,10000.0,3,CARD,10000.0,0.0,False,3,CARD,0.0,0.0,0.0,0.0,False,False,False,False,V4_DEFAULT,NONE,WIN,
P7,41,0,0,IS_FIRST,0.0,0.0,0,0,1,NO,5000.0,1,NO,5000.0,0.0,False,1,NO,0.0,0.0,0.0,0.0,False,False,False,False,V4_DEFAULT,NONE,LOSS,
P7,41,2,0,SETUP_ACTIVE_POKEMON,0.0,0.0,0,0,0,CARD,10000.0,0,CARD,10000.0,0.0,False,0,CARD,0.0,0.0,0.0,0.0,False,False,False,False,V4_DEFAULT,NONE,LOSS,
P7,41,5,0,MAIN,90.0,90.0,0,1,0,ATTACH,39000.0,0,ATTACH,41500.0,0.0,False,0,ATTACH,0.0,0.0,0.0,2500.0,False,False,False,True,V4_DEFAULT,COUNTERFACTUAL,LOSS,
P7,41,6,0,MAIN,90.0,90.0,1,1,1,ATTACK,18104.4,1,ATTACK,18904.4,0.0,False,1,ATTACK,0.0,0.0,0.0,800.0,False,False,False,True,V4_DEFAULT,COUNTERFACTUAL,LOSS,
P7,41,9,0,MAIN,60.0,80.0,1,2,0,ATTACH,39700.0,0,ATTACH,42200.0,0.0,False,0,ATTACH,0.0,0.0,0.0,2500.0,False,False,False,True,V4_DEFAULT,COUNTERFACTUAL,LOSS,
P7,41,10,0,MAIN,60.0,80.0,2,2,2,ATTACK,18104.5,2,ATTACK,18904.5,0.0,False,2,ATTACK,0.0,0.0,0.0,800.0,False,False,False,True,V4_DEFAULT,COUNTERFACTUAL,LOSS,
P7,41,13,0,MAIN,30.0,50.0,2,3,0,ATTACH,40400.0,0,ATTACH,42900.0,0.0,False,0,ATTACH,0.0,0.0,0.0,2500.0,False,False,False,True,V4_DEFAULT,COUNTERFACTUAL,LOSS,
P7,41,14,0,MAIN,30.0,50.0,3,3,2,ATTACK,18104.5,2,ATTACK,18904.5,0.0,False,2,ATTACK,0.0,0.0,0.0,800.0,False,False,False,True,V4_DEFAULT,COUNTERFACTUAL,LOSS,
P7,42,2,1,SETUP_ACTIVE_POKEMON,0.0,0.0,0,0,0,CARD,10000.0,0,CARD,10000.0,0.0,False,0,CARD,0.0,0.0,0.0,0.0,False,False,False,False,V4_DEFAULT,NONE,WIN,
P7,42,4,1,MAIN,150.0,90.0,0,0,1,ATTACH,39000.0,1,ATTACH,41500.0,0.0,False,1,ATTACH,0.0,0.0,0.0,2500.0,False,False,False,True,V4_DEFAULT,COUNTERFACTUAL,WIN,
P7,42,5,1,MAIN,150.0,90.0,1,0,0,PLAY,12000.0,0,PLAY,12000.0,0.0,False,0,PLAY,0.0,0.0,0.0,0.0,False,False,False,False,V4_DEFAULT,NONE,WIN,
P7,42,6,1,TO_HAND,150.0,90.0,1,0,0,CARD,5000.0,0,CARD,5000.0,0.0,False,0,CARD,0.0,0.0,0.0,0.0,False,False,False,False,V4_DEFAULT,NONE,WIN,
P7,42,7,1,MAIN,150.0,90.0,1,0,0,PLAY,12000.0,0,PLAY,12000.0,0.0,False,0,PLAY,0.0,0.0,0.0,0.0,False,False,False,False,V4_DEFAULT,NONE,WIN,
P7,42,8,1,MAIN,150.0,90.0,1,0,0,END,0.0,0,END,0.0,0.0,False,0,END,0.0,0.0,0.0,0.0,False,False,False,False,V4_DEFAULT,NONE,WIN,
P7,42,11,1,MAIN,140.0,90.0,1,1,6,EVOLVE,70000.0,6,EVOLVE,72000.0,0.0,False,6,EVOLVE,0.0,0.0,0.0,2000.0,False,False,False,True,V4_DEFAULT,COUNTERFACTUAL,WIN,
P7,42,12,1,MAIN,140.0,90.0,1,1,2,ATTACH,39700.0,2,ATTACH,42200.0,0.0,False,2,ATTACH,0.0,0.0,0.0,2500.0,False,False,False,True,V4_DEFAULT,COUNTERFACTUAL,WIN,
P7,42,13,1,MAIN,140.0,90.0,2,1,3,ATTACK,18104.2,3,ATTACK,18904.2,0.0,False,3,ATTACK,0.0,0.0,0.0,800.0,False,False,False,True,V4_DEFAULT,COUNTERFACTUAL,WIN,
P7,42,16,1,MAIN,110.0,90.0,2,2,2,ATTACH,40400.0,2,ATTACH,42900.0,0.0,False,2,ATTACH,0.0,0.0,0.0,2500.0,False,False,False,True,V4_DEFAULT,COUNTERFACTUAL,WIN,
P7,42,17,1,MAIN,110.0,90.0,3,2,5,ATTACK,18104.3,5,ATTACK,18904.3,0.0,False,5,ATTACK,0.0,0.0,0.0,800.0,False,False,False,True,V4_DEFAULT,COUNTERFACTUAL,WIN,
P7,42,18,1,DISCARD_ENERGY,110.0,0.0,3,2,0,ENERGY,30000.0,0,ENERGY,30000.0,0.0,False,0,ENERGY,0.0,0.0,0.0,0.0,False,False,False,False,V4_DEFAULT,NONE,WIN,
P7,42,19,1,DISCARD_ENERGY,110.0,0.0,2,2,0,ENERGY,30000.0,0,ENERGY,30000.0,0.0,False,0,ENERGY,0.0,0.0,0.0,0.0,False,False,False,False,V4_DEFAULT,NONE,WIN,
P7,42,20,1,TO_HAND,110.0,0.0,1,0,0,CARD,5000.0,0,CARD,5000.0,0.0,False,0,CARD,0.0,0.0,0.0,0.0,False,False,False,False,V4_DEFAULT,NONE,WIN,
P7,43,0,0,IS_FIRST,0.0,0.0,0,0,1,NO,5000.0,1,NO,5000.0,0.0,False,1,NO,0.0,0.0,0.0,0.0,False,False,False,False,V4_DEFAULT,NONE,WIN,
P7,43,2,0,SETUP_ACTIVE_POKEMON,0.0,0.0,0,0,0,CARD,10000.0,0,CARD,10000.0,0.0,False,0,CARD,0.0,0.0,0.0,0.0,False,False,False,False,V4_DEFAULT,NONE,WIN,
P7,43,7,0,MAIN,90.0,150.0,0,1,1,ATTACH,39000.0,1,ATTACH,41500.0,0.0,False,1,ATTACH,0.0,0.0,0.0,2500.0,False,False,False,True,V4_DEFAULT,COUNTERFACTUAL,WIN,
P7,43,8,0,MAIN,90.0,150.0,1,1,2,ATTACK,18104.4,2,ATTACK,18904.4,0.0,False,2,ATTACK,0.0,0.0,0.0,800.0,False,False,False,True,V4_DEFAULT,COUNTERFACTUAL,WIN,
P7,43,11,0,MAIN,90.0,140.0,1,2,2,EVOLVE,70500.0,2,EVOLVE,75500.0,0.0,False,2,EVOLVE,0.0,0.0,3000.0,2000.0,False,False,True,True,V4_DEFAULT,THREAT_MODEL+COUNTERFACTUAL,WIN,
P7,43,12,0,MAIN,350.0,140.0,1,2,1,ATTACH,39700.0,1,ATTACH,42200.0,0.0,False,1,ATTACH,0.0,0.0,0.0,2500.0,False,False,False,True,V4_DEFAULT,COUNTERFACTUAL,WIN,
P7,43,13,0,MAIN,350.0,140.0,2,2,3,ATTACK,18104.6,3,ATTACK,18904.6,0.0,False,3,ATTACK,0.0,0.0,0.0,800.0,False,False,False,True,V4_DEFAULT,COUNTERFACTUAL,WIN,
P7,43,14,0,TO_HAND,350.0,0.0,2,0,0,CARD,5000.0,0,CARD,5000.0,0.0,False,0,CARD,0.0,0.0,0.0,0.0,False,False,False,False,V4_DEFAULT,NONE,WIN,
P7,44,1,1,SETUP_ACTIVE_POKEMON,0.0,0.0,0,0,0,CARD,10000.0,0,CARD,10000.0,0.0,False,0,CARD,0.0,0.0,0.0,0.0,False,False,False,False,V4_DEFAULT,NONE,WIN,
P7,44,3,1,DRAW_COUNT,0.0,0.0,0,0,1,NUMBER,1.0,1,NUMBER,1.0,0.0,False,1,NUMBER,0.0,0.0,0.0,0.0,False,False,False,False,V4_DEFAULT,NONE,WIN,
P7,44,4,1,MAIN,90.0,90.0,0,0,0,ATTACH,39000.0,0,ATTACH,41500.0,0.0,False,0,ATTACH,0.0,0.0,0.0,2500.0,False,False,False,True,V4_DEFAULT,COUNTERFACTUAL,WIN,
P7,44,5,1,MAIN,90.0,90.0,1,0,0,END,0.0,0,END,0.0,0.0,False,0,END,0.0,0.0,0.0,0.0,False,False,False,False,V4_DEFAULT,NONE,WIN,
P7,44,8,1,MAIN,80.0,90.0,1,1,7,EVOLVE,70500.0,7,EVOLVE,72500.0,0.0,False,7,EVOLVE,0.0,0.0,0.0,2000.0,False,False,False,True,V4_DEFAULT,COUNTERFACTUAL,WIN,
P7,44,9,1,MAIN,340.0,90.0,1,1,0,ATTACH,39700.0,0,ATTACH,42200.0,0.0,False,0,ATTACH,0.0,0.0,0.0,2500.0,False,False,False,True,V4_DEFAULT,COUNTERFACTUAL,WIN,
P7,44,10,1,MAIN,340.0,90.0,2,1,0,ATTACK,18104.6,0,ATTACK,18904.6,0.0,False,0,ATTACK,0.0,0.0,0.0,800.0,False,False,False,True,V4_DEFAULT,COUNTERFACTUAL,WIN,
P7,44,11,1,TO_HAND,340.0,0.0,2,0,0,CARD,5000.0,0,CARD,5000.0,0.0,False,0,CARD,0.0,0.0,0.0,0.0,False,False,False,False,V4_DEFAULT,NONE,WIN,
P7,45,0,0,IS_FIRST,0.0,0.0,0,0,1,NO,5000.0,1,NO,5000.0,0.0,False,1,NO,0.0,0.0,0.0,0.0,False,False,False,False,V4_DEFAULT,NONE,WIN,
P7,45,1,0,SETUP_ACTIVE_POKEMON,0.0,0.0,0,0,0,CARD,10000.0,0,CARD,10000.0,0.0,False,0,CARD,0.0,0.0,0.0,0.0,False,False,False,False,V4_DEFAULT,NONE,WIN,
P7,45,3,0,DRAW_COUNT,0.0,0.0,0,0,1,NUMBER,1.0,1,NUMBER,1.0,0.0,False,1,NUMBER,0.0,0.0,0.0,0.0,False,False,False,False,V4_DEFAULT,NONE,WIN,
P7,45,6,0,MAIN,90.0,150.0,0,1,0,ATTACH,39000.0,0,ATTACH,41500.0,0.0,False,0,ATTACH,0.0,0.0,0.0,2500.0,False,False,False,True,V4_DEFAULT,COUNTERFACTUAL,WIN,
P7,45,7,0,MAIN,90.0,150.0,1,1,1,ATTACK,18104.4,1,ATTACK,18904.4,0.0,False,1,ATTACK,0.0,0.0,0.0,800.0,False,False,False,True,V4_DEFAULT,COUNTERFACTUAL,WIN,
P7,45,10,0,MAIN,90.0,140.0,1,2,2,EVOLVE,70500.0,2,EVOLVE,75500.0,0.0,False,2,EVOLVE,0.0,0.0,3000.0,2000.0,False,False,True,True,V4_DEFAULT,THREAT_MODEL+COUNTERFACTUAL,WIN,
P7,45,11,0,MAIN,350.0,140.0,1,2,0,ATTACH,39700.0,0,ATTACH,42200.0,0.0,False,0,ATTACH,0.0,0.0,0.0,2500.0,False,False,False,True,V4_DEFAULT,COUNTERFACTUAL,WIN,
P7,45,12,0,MAIN,350.0,140.0,2,2,1,ATTACK,18104.6,1,ATTACK,18904.6,0.0,False,1,ATTACK,0.0,0.0,0.0,800.0,False,False,False,True,V4_DEFAULT,COUNTERFACTUAL,WIN,
P7,45,17,0,MAIN,220.0,40.0,2,1,0,ATTACH,40400.0,7,ATTACK,73104.6,30204.600000000006,True,7,ATTACK,50000.0,0.0,0.0,5000.0,True,False,False,True,KO_GUARANTEE,KO_GUARANTEE+COUNTERFACTUAL,WIN,True
P7,45,18,0,TO_HAND,220.0,0.0,2,0,4,CARD,10000.0,4,CARD,10000.0,0.0,False,4,CARD,0.0,0.0,0.0,0.0,False,False,False,False,V4_DEFAULT,NONE,WIN,
P7,46,1,1,SETUP_ACTIVE_POKEMON,0.0,0.0,0,0,0,CARD,10000.0,0,CARD,10000.0,0.0,False,0,CARD,0.0,0.0,0.0,0.0,False,False,False,False,V4_DEFAULT,NONE,WIN,
P7,46,3,1,SETUP_BENCH_POKEMON,0.0,0.0,0,0,0,CARD,10000.0,0,CARD,10000.0,0.0,False,0,CARD,0.0,0.0,0.0,0.0,False,False,False,False,V4_DEFAULT,NONE,WIN,
P7,46,4,1,MAIN,150.0,90.0,0,0,0,ATTACH,39000.0,0,ATTACH,41500.0,0.0,False,0,ATTACH,0.0,0.0,0.0,2500.0,False,False,False,True,V4_DEFAULT,COUNTERFACTUAL,WIN,
P7,46,5,1,MAIN,150.0,90.0,1,0,0,END,0.0,0,END,0.0,0.0,False,0,END,0.0,0.0,0.0,0.0,False,False,False,False,V4_DEFAULT,NONE,WIN,
P7,46,8,1,MAIN,140.0,90.0,1,1,0,EVOLVE,70000.0,0,EVOLVE,72000.0,0.0,False,0,EVOLVE,0.0,0.0,0.0,2000.0,False,False,False,True,V4_DEFAULT,COUNTERFACTUAL,WIN,
P7,46,9,1,MAIN,140.0,90.0,1,1,1,ATTACH,39700.0,1,ATTACH,42200.0,0.0,False,1,ATTACH,0.0,0.0,0.0,2500.0,False,False,False,True,V4_DEFAULT,COUNTERFACTUAL,WIN,
P7,46,10,1,MAIN,140.0,90.0,2,1,1,ATTACK,18104.2,1,ATTACK,18904.2,0.0,False,1,ATTACK,0.0,0.0,0.0,800.0,False,False,False,True,V4_DEFAULT,COUNTERFACTUAL,WIN,
P7,46,13,1,MAIN,110.0,90.0,2,2,1,ATTACH,40400.0,1,ATTACH,42900.0,0.0,False,1,ATTACH,0.0,0.0,0.0,2500.0,False,False,False,True,V4_DEFAULT,COUNTERFACTUAL,WIN,
P7,46,14,1,MAIN,110.0,90.0,3,2,2,ATTACK,18104.3,2,ATTACK,18904.3,0.0,False,2,ATTACK,0.0,0.0,0.0,800.0,False,False,False,True,V4_DEFAULT,COUNTERFACTUAL,WIN,
P7,46,15,1,DISCARD_ENERGY,110.0,0.0,3,2,0,ENERGY,30000.0,0,ENERGY,30000.0,0.0,False,0,ENERGY,0.0,0.0,0.0,0.0,False,False,False,False,V4_DEFAULT,NONE,WIN,
P7,46,16,1,DISCARD_ENERGY,110.0,0.0,2,2,0,ENERGY,30000.0,0,ENERGY,30000.0,0.0,False,0,ENERGY,0.0,0.0,0.0,0.0,False,False,False,False,V4_DEFAULT,NONE,WIN,
P7,46,17,1,TO_HAND,110.0,0.0,1,0,1,CARD,10000.0,1,CARD,10000.0,0.0,False,1,CARD,0.0,0.0,0.0,0.0,False,False,False,False,V4_DEFAULT,NONE,WIN,
P7,47,0,0,IS_FIRST,0.0,0.0,0,0,1,NO,5000.0,1,NO,5000.0,0.0,False,1,NO,0.0,0.0,0.0,0.0,False,False,False,False,V4_DEFAULT,NONE,LOSS,
P7,47,1,0,SETUP_ACTIVE_POKEMON,0.0,0.0,0,0,0,CARD,10000.0,0,CARD,10000.0,0.0,False,0,CARD,0.0,0.0,0.0,0.0,False,False,False,False,V4_DEFAULT,NONE,LOSS,
P7,47,3,0,DRAW_COUNT,0.0,0.0,0,0,1,NUMBER,1.0,1,NUMBER,1.0,0.0,False,1,NUMBER,0.0,0.0,0.0,0.0,False,False,False,False,V4_DEFAULT,NONE,LOSS,
P7,47,4,0,SETUP_BENCH_POKEMON,0.0,0.0,0,0,0,CARD,10000.0,0,CARD,10000.0,0.0,False,0,CARD,0.0,0.0,0.0,0.0,False,False,False,False,V4_DEFAULT,NONE,LOSS,
P7,47,7,0,MAIN,150.0,90.0,0,1,1,ATTACH,39000.0,1,ATTACH,41500.0,0.0,False,1,ATTACH,0.0,0.0,0.0,2500.0,False,False,False,True,V4_DEFAULT,COUNTERFACTUAL,LOSS,
P7,47,8,0,MAIN,150.0,90.0,1,1,2,ATTACK,18104.2,2,ATTACK,18904.2,0.0,False,2,ATTACK,0.0,0.0,0.0,800.0,False,False,False,True,V4_DEFAULT,COUNTERFACTUAL,LOSS,
P7,47,13,0,TO_ACTIVE,0.0,350.0,0,2,0,CARD,5000.0,0,CARD,5000.0,0.0,False,0,CARD,0.0,0.0,0.0,0.0,False,False,False,False,V4_DEFAULT,NONE,LOSS,
P7,47,14,0,MAIN,150.0,350.0,0,2,1,ATTACH,39000.0,1,ATTACH,41500.0,0.0,False,1,ATTACH,0.0,0.0,0.0,2500.0,False,False,False,True,V4_DEFAULT,COUNTERFACTUAL,LOSS,
P7,47,15,0,MAIN,150.0,350.0,1,2,2,ATTACK,18104.2,2,ATTACK,18904.2,0.0,False,2,ATTACK,0.0,0.0,0.0,800.0,False,False,False,True,V4_DEFAULT,COUNTERFACTUAL,LOSS,
P7,48,1,1,SETUP_ACTIVE_POKEMON,0.0,0.0,0,0,0,CARD,10000.0,0,CARD,10000.0,0.0,False,0,CARD,0.0,0.0,0.0,0.0,False,False,False,False,V4_DEFAULT,NONE,LOSS,
P7,48,4,1,MAIN,90.0,90.0,0,0,0,ATTACH,39000.0,0,ATTACH,41500.0,0.0,False,0,ATTACH,0.0,0.0,0.0,2500.0,False,False,False,True,V4_DEFAULT,COUNTERFACTUAL,LOSS,
P7,48,5,1,MAIN,90.0,90.0,1,0,0,PLAY,12000.0,0,PLAY,12000.0,0.0,False,0,PLAY,0.0,0.0,0.0,0.0,False,False,False,False,V4_DEFAULT,NONE,LOSS,
P7,48,6,1,MAIN,90.0,90.0,1,0,0,END,0.0,0,END,0.0,0.0,False,0,END,0.0,0.0,0.0,0.0,False,False,False,False,V4_DEFAULT,NONE,LOSS,
P7,48,9,1,MAIN,80.0,90.0,1,1,0,ATTACH,39700.0,0,ATTACH,42200.0,0.0,False,0,ATTACH,0.0,0.0,0.0,2500.0,False,False,False,True,V4_DEFAULT,COUNTERFACTUAL,LOSS,
P7,48,10,1,MAIN,80.0,90.0,2,1,3,ATTACK,18104.5,3,ATTACK,18904.5,0.0,False,3,ATTACK,0.0,0.0,0.0,800.0,False,False,False,True,V4_DEFAULT,COUNTERFACTUAL,LOSS,
P7,48,15,1,TO_ACTIVE,0.0,320.0,0,2,0,CARD,5000.0,0,CARD,5000.0,0.0,False,0,CARD,0.0,0.0,0.0,0.0,False,False,False,False,V4_DEFAULT,NONE,LOSS,
P7,48,16,1,MAIN,90.0,320.0,0,2,0,ATTACH,39000.0,0,ATTACH,41500.0,0.0,False,0,ATTACH,0.0,0.0,0.0,2500.0,False,False,False,True,V4_DEFAULT,COUNTERFACTUAL,LOSS,
P7,48,17,1,MAIN,90.0,320.0,1,2,2,ATTACK,18104.4,2,ATTACK,18904.4,0.0,False,2,ATTACK,0.0,0.0,0.0,800.0,False,False,False,True,V4_DEFAULT,COUNTERFACTUAL,LOSS,
P7,49,0,0,IS_FIRST,0.0,0.0,0,0,1,NO,5000.0,1,NO,5000.0,0.0,False,1,NO,0.0,0.0,0.0,0.0,False,False,False,False,V4_DEFAULT,NONE,WIN,
P7,49,2,0,SETUP_ACTIVE_POKEMON,0.0,0.0,0,0,0,CARD,10000.0,0,CARD,10000.0,0.0,False,0,CARD,0.0,0.0,0.0,0.0,False,False,False,False,V4_DEFAULT,NONE,WIN,
P7,49,6,0,MAIN,90.0,90.0,0,1,1,ATTACH,39000.0,1,ATTACH,41500.0,0.0,False,1,ATTACH,0.0,0.0,0.0,2500.0,False,False,False,True,V4_DEFAULT,COUNTERFACTUAL,WIN,
P7,49,7,0,MAIN,90.0,90.0,0,1,1,ATTACH,39000.0,1,ATTACH,41500.0,0.0,False,1,ATTACH,0.0,0.0,0.0,2500.0,False,False,False,True,V4_DEFAULT,COUNTERFACTUAL,WIN,
P7,49,8,0,MAIN,90.0,90.0,1,1,2,ATTACK,18104.4,2,ATTACK,18904.4,0.0,False,2,ATTACK,0.0,0.0,0.0,800.0,False,False,False,True,V4_DEFAULT,COUNTERFACTUAL,WIN,
P7,49,11,0,MAIN,60.0,80.0,1,2,1,EVOLVE,70500.0,1,EVOLVE,75500.0,0.0,False,1,EVOLVE,0.0,0.0,3000.0,2000.0,False,False,True,True,V4_DEFAULT,THREAT_MODEL+COUNTERFACTUAL,WIN,
P7,49,12,0,MAIN,320.0,80.0,1,2,2,ATTACH,39700.0,2,ATTACH,42200.0,0.0,False,2,ATTACH,0.0,0.0,0.0,2500.0,False,False,False,True,V4_DEFAULT,COUNTERFACTUAL,WIN,
P7,49,13,0,MAIN,320.0,80.0,2,2,2,ATTACK,18104.6,2,ATTACK,18904.6,0.0,False,2,ATTACK,0.0,0.0,0.0,800.0,False,False,False,True,V4_DEFAULT,COUNTERFACTUAL,WIN,
P7,49,14,0,TO_HAND,320.0,0.0,2,0,0,CARD,5000.0,0,CARD,5000.0,0.0,False,0,CARD,0.0,0.0,0.0,0.0,False,False,False,False,V4_DEFAULT,NONE,WIN,
P7,49,18,0,MAIN,280.0,150.0,2,1,2,ATTACH,40400.0,2,ATTACH,42900.0,0.0,False,2,ATTACH,0.0,0.0,0.0,2500.0,False,False,False,True,V4_DEFAULT,COUNTERFACTUAL,WIN,
P7,49,19,0,MAIN,280.0,150.0,3,1,3,ATTACK,18104.7,3,ATTACK,18904.7,0.0,False,3,ATTACK,0.0,0.0,0.0,800.0,False,False,False,True,V4_DEFAULT,COUNTERFACTUAL,WIN,
P7,49,20,0,TO_HAND,280.0,0.0,3,0,3,CARD,10000.0,3,CARD,10000.0,0.0,False,3,CARD,0.0,0.0,0.0,0.0,False,False,False,False,V4_DEFAULT,NONE,WIN,
P7,50,1,1,SETUP_ACTIVE_POKEMON,0.0,0.0,0,0,0,CARD,10000.0,0,CARD,10000.0,0.0,False,0,CARD,0.0,0.0,0.0,0.0,False,False,False,False,V4_DEFAULT,NONE,WIN,
P7,50,3,1,DRAW_COUNT,0.0,0.0,0,0,4,NUMBER,4.0,4,NUMBER,4.0,0.0,False,4,NUMBER,0.0,0.0,0.0,0.0,False,False,False,False,V4_DEFAULT,NONE,WIN,
P7,50,4,1,SETUP_BENCH_POKEMON,0.0,0.0,0,0,0,CARD,10000.0,0,CARD,10000.0,0.0,False,0,CARD,0.0,0.0,0.0,0.0,False,False,False,False,V4_DEFAULT,NONE,WIN,
P7,50,5,1,MAIN,150.0,150.0,0,0,0,ATTACH,39000.0,0,ATTACH,41500.0,0.0,False,0,ATTACH,0.0,0.0,0.0,2500.0,False,False,False,True,V4_DEFAULT,COUNTERFACTUAL,WIN,
P7,50,6,1,MAIN,150.0,150.0,1,0,0,PLAY,12000.0,0,PLAY,12000.0,0.0,False,0,PLAY,0.0,0.0,0.0,0.0,False,False,False,False,V4_DEFAULT,NONE,WIN,
P7,50,7,1,TO_HAND,150.0,150.0,1,0,0,CARD,5000.0,0,CARD,5000.0,0.0,False,0,CARD,0.0,0.0,0.0,0.0,False,False,False,False,V4_DEFAULT,NONE,WIN,
P7,50,8,1,MAIN,150.0,150.0,1,0,0,END,0.0,0,END,0.0,0.0,False,0,END,0.0,0.0,0.0,0.0,False,False,False,False,V4_DEFAULT,NONE,WIN,
P7,50,11,1,MAIN,150.0,150.0,1,1,3,EVOLVE,70000.0,3,EVOLVE,72000.0,0.0,False,3,EVOLVE,0.0,0.0,0.0,2000.0,False,False,False,True,V4_DEFAULT,COUNTERFACTUAL,WIN,
P7,50,12,1,MAIN,150.0,150.0,1,1,0,ATTACH,39700.0,0,ATTACH,42200.0,0.0,False,0,ATTACH,0.0,0.0,0.0,2500.0,False,False,False,True,V4_DEFAULT,COUNTERFACTUAL,WIN,
P7,50,13,1,MAIN,150.0,150.0,2,1,3,ATTACK,18104.2,3,ATTACK,18904.2,0.0,False,3,ATTACK,0.0,0.0,0.0,800.0,False,False,False,True,V4_DEFAULT,COUNTERFACTUAL,WIN,
P7,50,16,1,MAIN,150.0,150.0,2,2,1,ATTACH,40400.0,1,ATTACH,42900.0,0.0,False,1,ATTACH,0.0,0.0,0.0,2500.0,False,False,False,True,V4_DEFAULT,COUNTERFACTUAL,WIN,
P7,50,17,1,MAIN,150.0,150.0,3,2,5,ATTACK,18104.3,5,ATTACK,18904.3,0.0,False,5,ATTACK,0.0,0.0,0.0,800.0,False,False,False,True,V4_DEFAULT,COUNTERFACTUAL,WIN,
P7,50,18,1,DISCARD_ENERGY,150.0,20.0,3,2,0,ENERGY,30000.0,0,ENERGY,30000.0,0.0,False,0,ENERGY,0.0,0.0,0.0,0.0,False,False,False,False,V4_DEFAULT,NONE,WIN,
P7,50,19,1,DISCARD_ENERGY,150.0,20.0,2,2,0,ENERGY,30000.0,0,ENERGY,30000.0,0.0,False,0,ENERGY,0.0,0.0,0.0,0.0,False,False,False,False,V4_DEFAULT,NONE,WIN,
P7,50,24,1,MAIN,20.0,20.0,1,1,1,ATTACH,39700.0,12,ATTACK,73104.2,30904.199999999997,True,12,ATTACK,50000.0,0.0,0.0,5000.0,True,False,False,True,KO_GUARANTEE,KO_GUARANTEE+COUNTERFACTUAL,WIN,True
P7,50,25,1,TO_HAND,20.0,0.0,1,0,5,CARD,10000.0,5,CARD,10000.0,0.0,False,5,CARD,0.0,0.0,0.0,0.0,False,False,False,False,V4_DEFAULT,NONE,WIN,
P7,51,0,0,IS_FIRST,0.0,0.0,0,0,1,NO,5000.0,1,NO,5000.0,0.0,False,1,NO,0.0,0.0,0.0,0.0,False,False,False,False,V4_DEFAULT,NONE,WIN,
P7,51,2,0,SETUP_ACTIVE_POKEMON,0.0,0.0,0,0,0,CARD,10000.0,0,CARD,10000.0,0.0,False,0,CARD,0.0,0.0,0.0,0.0,False,False,False,False,V4_DEFAULT,NONE,WIN,
P7,51,7,0,MAIN,90.0,90.0,0,1,0,ATTACH,39000.0,0,ATTACH,41500.0,0.0,False,0,ATTACH,0.0,0.0,0.0,2500.0,False,False,False,True,V4_DEFAULT,COUNTERFACTUAL,WIN,
P7,51,8,0,MAIN,90.0,90.0,1,1,1,ATTACH,39700.0,1,ATTACH,42200.0,0.0,False,1,ATTACH,0.0,0.0,0.0,2500.0,False,False,False,True,V4_DEFAULT,COUNTERFACTUAL,WIN,
P7,51,9,0,MAIN,90.0,90.0,1,1,1,ATTACK,18104.4,1,ATTACK,18904.4,0.0,False,1,ATTACK,0.0,0.0,0.0,800.0,False,False,False,True,V4_DEFAULT,COUNTERFACTUAL,WIN,
P7,51,12,0,MAIN,60.0,80.0,1,2,3,EVOLVE,70500.0,3,EVOLVE,75500.0,0.0,False,3,EVOLVE,0.0,0.0,3000.0,2000.0,False,False,True,True,V4_DEFAULT,THREAT_MODEL+COUNTERFACTUAL,WIN,
P7,51,13,0,MAIN,320.0,80.0,1,2,0,ATTACH,39700.0,0,ATTACH,42200.0,0.0,False,0,ATTACH,0.0,0.0,0.0,2500.0,False,False,False,True,V4_DEFAULT,COUNTERFACTUAL,WIN,
P7,51,14,0,MAIN,320.0,80.0,2,2,1,ATTACK,18104.6,1,ATTACK,18904.6,0.0,False,1,ATTACK,0.0,0.0,0.0,800.0,False,False,False,True,V4_DEFAULT,COUNTERFACTUAL,WIN,
P7,51,15,0,TO_HAND,320.0,0.0,2,0,0,CARD,5000.0,0,CARD,5000.0,0.0,False,0,CARD,0.0,0.0,0.0,0.0,False,False,False,False,V4_DEFAULT,NONE,WIN,
P7,51,19,0,MAIN,310.0,90.0,2,1,0,ATTACH,40400.0,0,ATTACH,42900.0,0.0,False,0,ATTACH,0.0,0.0,0.0,2500.0,False,False,False,True,V4_DEFAULT,COUNTERFACTUAL,WIN,
P7,51,20,0,MAIN,310.0,90.0,3,1,4,ATTACK,18104.7,4,ATTACK,18904.7,0.0,False,4,ATTACK,0.0,0.0,0.0,800.0,False,False,False,True,V4_DEFAULT,COUNTERFACTUAL,WIN,
P7,51,21,0,TO_HAND,310.0,0.0,3,0,3,CARD,10000.0,3,CARD,10000.0,0.0,False,3,CARD,0.0,0.0,0.0,0.0,False,False,False,False,V4_DEFAULT,NONE,WIN,
P7,52,2,1,SETUP_ACTIVE_POKEMON,0.0,0.0,0,0,0,CARD,10000.0,0,CARD,10000.0,0.0,False,0,CARD,0.0,0.0,0.0,0.0,False,False,False,False,V4_DEFAULT,NONE,WIN,
P7,52,5,1,MAIN,150.0,90.0,0,0,0,ATTACH,39000.0,0,ATTACH,41500.0,0.0,False,0,ATTACH,0.0,0.0,0.0,2500.0,False,False,False,True,V4_DEFAULT,COUNTERFACTUAL,WIN,
P7,52,6,1,MAIN,150.0,90.0,1,0,0,PLAY,12000.0,0,PLAY,12000.0,0.0,False,0,PLAY,0.0,0.0,0.0,0.0,False,False,False,False,V4_DEFAULT,NONE,WIN,
P7,52,7,1,MAIN,150.0,90.0,1,0,0,END,0.0,0,END,0.0,0.0,False,0,END,0.0,0.0,0.0,0.0,False,False,False,False,V4_DEFAULT,NONE,WIN,
P7,52,10,1,MAIN,140.0,90.0,1,1,1,ATTACH,39700.0,1,ATTACH,42200.0,0.0,False,1,ATTACH,0.0,0.0,0.0,2500.0,False,False,False,True,V4_DEFAULT,COUNTERFACTUAL,WIN,
P7,52,11,1,MAIN,140.0,90.0,2,1,1,ATTACK,18104.2,1,ATTACK,18904.2,0.0,False,1,ATTACK,0.0,0.0,0.0,800.0,False,False,False,True,V4_DEFAULT,COUNTERFACTUAL,WIN,
P7,52,14,1,MAIN,110.0,90.0,2,2,1,ATTACH,40400.0,1,ATTACH,42900.0,0.0,False,1,ATTACH,0.0,0.0,0.0,2500.0,False,False,False,True,V4_DEFAULT,COUNTERFACTUAL,WIN,
P7,52,15,1,MAIN,110.0,90.0,3,2,3,ATTACK,18104.3,3,ATTACK,18904.3,0.0,False,3,ATTACK,0.0,0.0,0.0,800.0,False,False,False,True,V4_DEFAULT,COUNTERFACTUAL,WIN,
P7,52,16,1,DISCARD_ENERGY,110.0,0.0,3,2,0,ENERGY,30000.0,0,ENERGY,30000.0,0.0,False,0,ENERGY,0.0,0.0,0.0,0.0,False,False,False,False,V4_DEFAULT,NONE,WIN,
P7,52,17,1,DISCARD_ENERGY,110.0,0.0,2,2,0,ENERGY,30000.0,0,ENERGY,30000.0,0.0,False,0,ENERGY,0.0,0.0,0.0,0.0,False,False,False,False,V4_DEFAULT,NONE,WIN,
P7,52,18,1,TO_HAND,110.0,0.0,1,0,0,CARD,5000.0,0,CARD,5000.0,0.0,False,0,CARD,0.0,0.0,0.0,0.0,False,False,False,False,V4_DEFAULT,NONE,WIN,
P7,52,22,1,MAIN,70.0,150.0,1,1,1,ATTACH,39700.0,1,ATTACH,42200.0,0.0,False,1,ATTACH,0.0,0.0,0.0,2500.0,False,False,False,True,V4_DEFAULT,COUNTERFACTUAL,WIN,
P7,52,23,1,MAIN,70.0,150.0,2,1,3,ATTACK,18104.2,3,ATTACK,18904.2,0.0,False,3,ATTACK,0.0,0.0,0.0,800.0,False,False,False,True,V4_DEFAULT,COUNTERFACTUAL,WIN,
P7,52,26,1,MAIN,70.0,110.0,2,2,1,ATTACH,40400.0,1,ATTACH,42900.0,0.0,False,1,ATTACH,0.0,0.0,0.0,2500.0,False,False,False,True,V4_DEFAULT,COUNTERFACTUAL,WIN,
P7,52,27,1,MAIN,70.0,110.0,3,2,4,ATTACK,18104.3,4,ATTACK,18904.3,0.0,False,4,ATTACK,0.0,0.0,0.0,800.0,False,False,False,True,V4_DEFAULT,COUNTERFACTUAL,WIN,
P7,52,28,1,DISCARD_ENERGY,70.0,0.0,3,2,0,ENERGY,30000.0,0,ENERGY,30000.0,0.0,False,0,ENERGY,0.0,0.0,0.0,0.0,False,False,False,False,V4_DEFAULT,NONE,WIN,
P7,52,29,1,DISCARD_ENERGY,70.0,0.0,2,2,0,ENERGY,30000.0,0,ENERGY,30000.0,0.0,False,0,ENERGY,0.0,0.0,0.0,0.0,False,False,False,False,V4_DEFAULT,NONE,WIN,
P7,52,30,1,TO_HAND,70.0,0.0,1,0,0,CARD,5000.0,0,CARD,5000.0,0.0,False,0,CARD,0.0,0.0,0.0,0.0,False,False,False,False,V4_DEFAULT,NONE,WIN,
P7,53,0,0,IS_FIRST,0.0,0.0,0,0,1,NO,5000.0,1,NO,5000.0,0.0,False,1,NO,0.0,0.0,0.0,0.0,False,False,False,False,V4_DEFAULT,NONE,LOSS,
P7,53,2,0,SETUP_ACTIVE_POKEMON,0.0,0.0,0,0,0,CARD,10000.0,0,CARD,10000.0,0.0,False,0,CARD,0.0,0.0,0.0,0.0,False,False,False,False,V4_DEFAULT,NONE,LOSS,
P7,53,3,0,SETUP_BENCH_POKEMON,0.0,0.0,0,0,0,CARD,10000.0,0,CARD,10000.0,0.0,False,0,CARD,0.0,0.0,0.0,0.0,False,False,False,False,V4_DEFAULT,NONE,LOSS,
P7,53,7,0,MAIN,150.0,150.0,0,1,0,ATTACH,39000.0,0,ATTACH,41500.0,0.0,False,0,ATTACH,0.0,0.0,0.0,2500.0,False,False,False,True,V4_DEFAULT,COUNTERFACTUAL,LOSS,
P7,53,8,0,MAIN,150.0,150.0,1,1,2,ATTACK,18104.2,2,ATTACK,18904.2,0.0,False,2,ATTACK,0.0,0.0,0.0,800.0,False,False,False,True,V4_DEFAULT,COUNTERFACTUAL,LOSS,
P7,53,11,0,MAIN,150.0,150.0,1,2,0,ATTACH,39700.0,0,ATTACH,42200.0,0.0,False,0,ATTACH,0.0,0.0,0.0,2500.0,False,False,False,True,V4_DEFAULT,COUNTERFACTUAL,LOSS,
P7,53,12,0,MAIN,150.0,150.0,2,2,2,ATTACK,18104.2,2,ATTACK,18904.2,0.0,False,2,ATTACK,0.0,0.0,0.0,800.0,False,False,False,True,V4_DEFAULT,COUNTERFACTUAL,LOSS,
P7,53,17,0,MAIN,20.0,150.0,2,1,0,ATTACH,40400.0,0,ATTACH,42900.0,0.0,False,0,ATTACH,0.0,0.0,0.0,2500.0,False,False,False,True,V4_DEFAULT,COUNTERFACTUAL,LOSS,
P7,53,18,0,MAIN,20.0,150.0,3,1,5,RETREAT,30000.0,4,ATTACK,18904.3,3904.2999999999993,True,4,ATTACK,0.0,0.0,0.0,800.0,False,False,False,True,COUNTERFACTUAL,COUNTERFACTUAL,LOSS,False
P7,53,19,0,DISCARD_ENERGY,20.0,20.0,3,1,0,ENERGY,30000.0,0,ENERGY,30000.0,0.0,False,0,ENERGY,0.0,0.0,0.0,0.0,False,False,False,False,V4_DEFAULT,NONE,LOSS,
P7,53,20,0,DISCARD_ENERGY,20.0,20.0,2,1,0,ENERGY,30000.0,0,ENERGY,30000.0,0.0,False,0,ENERGY,0.0,0.0,0.0,0.0,False,False,False,False,V4_DEFAULT,NONE,LOSS,
P7,53,24,0,TO_ACTIVE,0.0,20.0,0,2,0,CARD,5000.0,0,CARD,5000.0,0.0,False,0,CARD,0.0,0.0,0.0,0.0,False,False,False,False,V4_DEFAULT,NONE,LOSS,
P7,53,25,0,MAIN,90.0,20.0,0,2,1,ATTACH,39000.0,1,ATTACH,41500.0,0.0,False,1,ATTACH,0.0,0.0,0.0,2500.0,False,False,False,True,V4_DEFAULT,COUNTERFACTUAL,LOSS,
P7,53,26,0,MAIN,90.0,20.0,1,2,4,ATTACK,18104.4,4,ATTACK,73104.4,0.0,False,4,ATTACK,50000.0,0.0,0.0,5000.0,True,False,False,True,V4_DEFAULT,KO_GUARANTEE+COUNTERFACTUAL,LOSS,
P7,54,1,1,SETUP_ACTIVE_POKEMON,0.0,0.0,0,0,0,CARD,10000.0,0,CARD,10000.0,0.0,False,0,CARD,0.0,0.0,0.0,0.0,False,False,False,False,V4_DEFAULT,NONE,WIN,
P7,54,3,1,SETUP_BENCH_POKEMON,0.0,0.0,0,0,0,CARD,10000.0,0,CARD,10000.0,0.0,False,0,CARD,0.0,0.0,0.0,0.0,False,False,False,False,V4_DEFAULT,NONE,WIN,
P7,54,4,1,MAIN,90.0,90.0,0,0,0,ATTACH,39000.0,0,ATTACH,41500.0,0.0,False,0,ATTACH,0.0,0.0,0.0,2500.0,False,False,False,True,V4_DEFAULT,COUNTERFACTUAL,WIN,
P7,54,5,1,MAIN,90.0,90.0,1,0,0,PLAY,12000.0,0,PLAY,12000.0,0.0,False,0,PLAY,0.0,0.0,0.0,0.0,False,False,False,False,V4_DEFAULT,NONE,WIN,
P7,54,6,1,TO_HAND,90.0,90.0,1,0,0,CARD,1000.0,0,CARD,1000.0,0.0,False,0,CARD,0.0,0.0,0.0,0.0,False,False,False,False,V4_DEFAULT,NONE,WIN,
P7,54,7,1,MAIN,90.0,90.0,1,0,0,END,0.0,0,END,0.0,0.0,False,0,END,0.0,0.0,0.0,0.0,False,False,False,False,V4_DEFAULT,NONE,WIN,
P7,54,10,1,MAIN,80.0,90.0,1,1,0,EVOLVE,70500.0,0,EVOLVE,72500.0,0.0,False,0,EVOLVE,0.0,0.0,0.0,2000.0,False,False,False,True,V4_DEFAULT,COUNTERFACTUAL,WIN,
P7,54,11,1,MAIN,340.0,90.0,1,1,0,ATTACH,39700.0,0,ATTACH,42200.0,0.0,False,0,ATTACH,0.0,0.0,0.0,2500.0,False,False,False,True,V4_DEFAULT,COUNTERFACTUAL,WIN,
P7,54,12,1,MAIN,340.0,90.0,2,1,0,ATTACK,18104.6,0,ATTACK,18904.6,0.0,False,0,ATTACK,0.0,0.0,0.0,800.0,False,False,False,True,V4_DEFAULT,COUNTERFACTUAL,WIN,
P7,54,13,1,TO_HAND,340.0,0.0,2,0,1,CARD,10000.0,1,CARD,10000.0,0.0,False,1,CARD,0.0,0.0,0.0,0.0,False,False,False,False,V4_DEFAULT,NONE,WIN,
P7,55,0,0,IS_FIRST,0.0,0.0,0,0,1,NO,5000.0,1,NO,5000.0,0.0,False,1,NO,0.0,0.0,0.0,0.0,False,False,False,False,V4_DEFAULT,NONE,LOSS,
P7,55,2,0,SETUP_ACTIVE_POKEMON,0.0,0.0,0,0,0,CARD,10000.0,0,CARD,10000.0,0.0,False,0,CARD,0.0,0.0,0.0,0.0,False,False,False,False,V4_DEFAULT,NONE,LOSS,
P7,55,7,0,MAIN,90.0,90.0,0,1,0,ATTACH,39000.0,0,ATTACH,41500.0,0.0,False,0,ATTACH,0.0,0.0,0.0,2500.0,False,False,False,True,V4_DEFAULT,COUNTERFACTUAL,LOSS,
P7,55,8,0,MAIN,90.0,90.0,1,1,2,ATTACK,18104.4,2,ATTACK,18904.4,0.0,False,2,ATTACK,0.0,0.0,0.0,800.0,False,False,False,True,V4_DEFAULT,COUNTERFACTUAL,LOSS,
P7,56,1,1,SETUP_ACTIVE_POKEMON,0.0,0.0,0,0,0,CARD,10000.0,0,CARD,10000.0,0.0,False,0,CARD,0.0,0.0,0.0,0.0,False,False,False,False,V4_DEFAULT,NONE,WIN,
P7,56,3,1,MAIN,90.0,150.0,0,0,0,ATTACH,39000.0,0,ATTACH,41500.0,0.0,False,0,ATTACH,0.0,0.0,0.0,2500.0,False,False,False,True,V4_DEFAULT,COUNTERFACTUAL,WIN,
P7,56,4,1,MAIN,90.0,150.0,1,0,0,PLAY,12000.0,0,PLAY,12000.0,0.0,False,0,PLAY,0.0,0.0,0.0,0.0,False,False,False,False,V4_DEFAULT,NONE,WIN,
P7,56,5,1,TO_HAND,90.0,150.0,1,0,0,CARD,1000.0,0,CARD,1000.0,0.0,False,0,CARD,0.0,0.0,0.0,0.0,False,False,False,False,V4_DEFAULT,NONE,WIN,
P7,56,6,1,MAIN,90.0,150.0,1,0,0,END,0.0,0,END,0.0,0.0,False,0,END,0.0,0.0,0.0,0.0,False,False,False,False,V4_DEFAULT,NONE,WIN,
P7,56,9,1,MAIN,90.0,150.0,1,1,1,EVOLVE,70500.0,1,EVOLVE,72500.0,0.0,False,1,EVOLVE,0.0,0.0,0.0,2000.0,False,False,False,True,V4_DEFAULT,COUNTERFACTUAL,WIN,
P7,56,10,1,MAIN,350.0,150.0,1,1,0,ATTACH,39700.0,0,ATTACH,42200.0,0.0,False,0,ATTACH,0.0,0.0,0.0,2500.0,False,False,False,True,V4_DEFAULT,COUNTERFACTUAL,WIN,
P7,56,11,1,MAIN,350.0,150.0,2,1,1,ATTACK,18104.6,1,ATTACK,18904.6,0.0,False,1,ATTACK,0.0,0.0,0.0,800.0,False,False,False,True,V4_DEFAULT,COUNTERFACTUAL,WIN,
P7,56,12,1,TO_HAND,350.0,0.0,2,0,3,CARD,10000.0,3,CARD,10000.0,0.0,False,3,CARD,0.0,0.0,0.0,0.0,False,False,False,False,V4_DEFAULT,NONE,WIN,
P7,57,0,0,IS_FIRST,0.0,0.0,0,0,1,NO,5000.0,1,NO,5000.0,0.0,False,1,NO,0.0,0.0,0.0,0.0,False,False,False,False,V4_DEFAULT,NONE,WIN,
P7,57,1,0,SETUP_ACTIVE_POKEMON,0.0,0.0,0,0,0,CARD,10000.0,0,CARD,10000.0,0.0,False,0,CARD,0.0,0.0,0.0,0.0,False,False,False,False,V4_DEFAULT,NONE,WIN,
P7,57,3,0,DRAW_COUNT,0.0,0.0,0,0,1,NUMBER,1.0,1,NUMBER,1.0,0.0,False,1,NUMBER,0.0,0.0,0.0,0.0,False,False,False,False,V4_DEFAULT,NONE,WIN,
P7,57,6,0,MAIN,90.0,90.0,0,1,1,ATTACH,39000.0,1,ATTACH,41500.0,0.0,False,1,ATTACH,0.0,0.0,0.0,2500.0,False,False,False,True,V4_DEFAULT,COUNTERFACTUAL,WIN,
P7,57,7,0,MAIN,90.0,90.0,1,1,3,ATTACK,18104.4,3,ATTACK,18904.4,0.0,False,3,ATTACK,0.0,0.0,0.0,800.0,False,False,False,True,V4_DEFAULT,COUNTERFACTUAL,WIN,
P7,57,10,0,MAIN,60.0,80.0,1,2,4,EVOLVE,70500.0,4,EVOLVE,75500.0,0.0,False,4,EVOLVE,0.0,0.0,3000.0,2000.0,False,False,True,True,V4_DEFAULT,THREAT_MODEL+COUNTERFACTUAL,WIN,
P7,57,11,0,MAIN,320.0,80.0,1,2,1,ATTACH,39700.0,1,ATTACH,42200.0,0.0,False,1,ATTACH,0.0,0.0,0.0,2500.0,False,False,False,True,V4_DEFAULT,COUNTERFACTUAL,WIN,
P7,57,12,0,MAIN,320.0,80.0,2,2,3,ATTACK,18104.6,3,ATTACK,18904.6,0.0,False,3,ATTACK,0.0,0.0,0.0,800.0,False,False,False,True,V4_DEFAULT,COUNTERFACTUAL,WIN,
P7,57,13,0,TO_HAND,320.0,0.0,2,0,0,CARD,5000.0,0,CARD,5000.0,0.0,False,0,CARD,0.0,0.0,0.0,0.0,False,False,False,False,V4_DEFAULT,NONE,WIN,
P7,58,1,1,SETUP_ACTIVE_POKEMON,0.0,0.0,0,0,0,CARD,10000.0,0,CARD,10000.0,0.0,False,0,CARD,0.0,0.0,0.0,0.0,False,False,False,False,V4_DEFAULT,NONE,WIN,
P7,58,3,1,MAIN,150.0,150.0,0,0,0,ATTACH,39000.0,0,ATTACH,41500.0,0.0,False,0,ATTACH,0.0,0.0,0.0,2500.0,False,False,False,True,V4_DEFAULT,COUNTERFACTUAL,WIN,
P7,58,4,1,MAIN,150.0,150.0,1,0,0,PLAY,12000.0,0,PLAY,12000.0,0.0,False,0,PLAY,0.0,0.0,0.0,0.0,False,False,False,False,V4_DEFAULT,NONE,WIN,
P7,58,5,1,MAIN,150.0,150.0,1,0,0,END,0.0,0,END,0.0,0.0,False,0,END,0.0,0.0,0.0,0.0,False,False,False,False,V4_DEFAULT,NONE,WIN,
P7,58,8,1,MAIN,150.0,150.0,1,1,2,EVOLVE,70000.0,2,EVOLVE,72000.0,0.0,False,2,EVOLVE,0.0,0.0,0.0,2000.0,False,False,False,True,V4_DEFAULT,COUNTERFACTUAL,WIN,
P7,58,9,1,MAIN,150.0,150.0,1,1,0,ATTACH,39700.0,0,ATTACH,42200.0,0.0,False,0,ATTACH,0.0,0.0,0.0,2500.0,False,False,False,True,V4_DEFAULT,COUNTERFACTUAL,WIN,
P7,58,10,1,MAIN,150.0,150.0,2,1,2,ATTACK,18104.2,2,ATTACK,18904.2,0.0,False,2,ATTACK,0.0,0.0,0.0,800.0,False,False,False,True,V4_DEFAULT,COUNTERFACTUAL,WIN,
P7,58,13,1,MAIN,150.0,150.0,2,2,0,ATTACH,40400.0,0,ATTACH,42900.0,0.0,False,0,ATTACH,0.0,0.0,0.0,2500.0,False,False,False,True,V4_DEFAULT,COUNTERFACTUAL,WIN,
P7,58,14,1,MAIN,150.0,150.0,3,2,3,ATTACK,18104.3,3,ATTACK,18904.3,0.0,False,3,ATTACK,0.0,0.0,0.0,800.0,False,False,False,True,V4_DEFAULT,COUNTERFACTUAL,WIN,
P7,58,15,1,DISCARD_ENERGY,150.0,20.0,3,2,0,ENERGY,30000.0,0,ENERGY,30000.0,0.0,False,0,ENERGY,0.0,0.0,0.0,0.0,False,False,False,False,V4_DEFAULT,NONE,WIN,
P7,58,16,1,DISCARD_ENERGY,150.0,20.0,2,2,0,ENERGY,30000.0,0,ENERGY,30000.0,0.0,False,0,ENERGY,0.0,0.0,0.0,0.0,False,False,False,False,V4_DEFAULT,NONE,WIN,
P7,58,21,1,MAIN,20.0,20.0,1,1,2,ATTACH,39700.0,8,ATTACK,73104.2,30904.199999999997,True,8,ATTACK,50000.0,0.0,0.0,5000.0,True,False,False,True,KO_GUARANTEE,KO_GUARANTEE+COUNTERFACTUAL,WIN,True
P7,58,22,1,TO_HAND,20.0,0.0,1,0,0,CARD,5000.0,0,CARD,5000.0,0.0,False,0,CARD,0.0,0.0,0.0,0.0,False,False,False,False,V4_DEFAULT,NONE,WIN,
P7,59,0,0,IS_FIRST,0.0,0.0,0,0,1,NO,5000.0,1,NO,5000.0,0.0,False,1,NO,0.0,0.0,0.0,0.0,False,False,False,False,V4_DEFAULT,NONE,LOSS,
P7,59,2,0,SETUP_ACTIVE_POKEMON,0.0,0.0,0,0,0,CARD,10000.0,0,CARD,10000.0,0.0,False,0,CARD,0.0,0.0,0.0,0.0,False,False,False,False,V4_DEFAULT,NONE,LOSS,
P7,59,12,0,MAIN,90.0,90.0,0,1,1,ATTACH,39000.0,1,ATTACH,41500.0,0.0,False,1,ATTACH,0.0,0.0,0.0,2500.0,False,False,False,True,V4_DEFAULT,COUNTERFACTUAL,LOSS,
P7,59,13,0,MAIN,90.0,90.0,1,1,2,ATTACK,18104.4,2,ATTACK,18904.4,0.0,False,2,ATTACK,0.0,0.0,0.0,800.0,False,False,False,True,V4_DEFAULT,COUNTERFACTUAL,LOSS,
P7,60,2,1,SETUP_ACTIVE_POKEMON,0.0,0.0,0,0,0,CARD,10000.0,0,CARD,10000.0,0.0,False,0,CARD,0.0,0.0,0.0,0.0,False,False,False,False,V4_DEFAULT,NONE,LOSS,
P7,60,4,1,SETUP_BENCH_POKEMON,0.0,0.0,0,0,0,CARD,10000.0,0,CARD,10000.0,0.0,False,0,CARD,0.0,0.0,0.0,0.0,False,False,False,False,V4_DEFAULT,NONE,LOSS,
P7,60,6,1,MAIN,90.0,90.0,0,0,0,ATTACH,39000.0,0,ATTACH,41500.0,0.0,False,0,ATTACH,0.0,0.0,0.0,2500.0,False,False,False,True,V4_DEFAULT,COUNTERFACTUAL,LOSS,
P7,60,7,1,MAIN,90.0,90.0,1,0,0,PLAY,12000.0,0,PLAY,12000.0,0.0,False,0,PLAY,0.0,0.0,0.0,0.0,False,False,False,False,V4_DEFAULT,NONE,LOSS,
P7,60,8,1,TO_HAND,90.0,90.0,1,0,0,CARD,5000.0,0,CARD,5000.0,0.0,False,0,CARD,0.0,0.0,0.0,0.0,False,False,False,False,V4_DEFAULT,NONE,LOSS,
P7,60,9,1,MAIN,90.0,90.0,1,0,0,PLAY,12000.0,0,PLAY,12000.0,0.0,False,0,PLAY,0.0,0.0,0.0,0.0,False,False,False,False,V4_DEFAULT,NONE,LOSS,
P7,60,10,1,MAIN,90.0,90.0,1,0,0,END,0.0,0,END,0.0,0.0,False,0,END,0.0,0.0,0.0,0.0,False,False,False,False,V4_DEFAULT,NONE,LOSS,
P7,60,13,1,MAIN,80.0,90.0,1,1,7,EVOLVE,70500.0,7,EVOLVE,72500.0,0.0,False,7,EVOLVE,0.0,0.0,0.0,2000.0,False,False,False,True,V4_DEFAULT,COUNTERFACTUAL,LOSS,
P7,60,14,1,MAIN,340.0,90.0,1,1,1,ATTACH,39700.0,1,ATTACH,42200.0,0.0,False,1,ATTACH,0.0,0.0,0.0,2500.0,False,False,False,True,V4_DEFAULT,COUNTERFACTUAL,LOSS,
P7,60,15,1,MAIN,340.0,90.0,2,1,1,ATTACK,18104.6,1,ATTACK,18904.6,0.0,False,1,ATTACK,0.0,0.0,0.0,800.0,False,False,False,True,V4_DEFAULT,COUNTERFACTUAL,LOSS,
P7,60,16,1,TO_HAND,340.0,0.0,2,0,0,CARD,5000.0,0,CARD,5000.0,0.0,False,0,CARD,0.0,0.0,0.0,0.0,False,False,False,False,V4_DEFAULT,NONE,LOSS,
P7,60,21,1,MAIN,340.0,350.0,2,1,1,ATTACH,40400.0,1,ATTACH,42900.0,0.0,False,1,ATTACH,0.0,0.0,0.0,2500.0,False,False,False,True,V4_DEFAULT,COUNTERFACTUAL,LOSS,
P7,60,22,1,MAIN,340.0,350.0,3,1,2,ATTACK,18104.7,2,ATTACK,18904.7,0.0,False,2,ATTACK,0.0,0.0,0.0,800.0,False,False,False,True,V4_DEFAULT,COUNTERFACTUAL,LOSS,
P7,60,26,1,TO_ACTIVE,0.0,150.0,0,2,0,CARD,5000.0,0,CARD,5000.0,0.0,False,0,CARD,0.0,0.0,0.0,0.0,False,False,False,False,V4_DEFAULT,NONE,LOSS,
P7,60,27,1,MAIN,90.0,150.0,0,2,1,ATTACH,39000.0,1,ATTACH,41500.0,0.0,False,1,ATTACH,0.0,0.0,0.0,2500.0,False,False,False,True,V4_DEFAULT,COUNTERFACTUAL,LOSS,
P7,60,28,1,MAIN,90.0,150.0,1,2,1,ATTACK,18104.4,1,ATTACK,18904.4,0.0,False,1,ATTACK,0.0,0.0,0.0,800.0,False,False,False,True,V4_DEFAULT,COUNTERFACTUAL,LOSS,
P7,60,32,1,TO_ACTIVE,0.0,140.0,0,3,0,CARD,5000.0,0,CARD,5000.0,0.0,False,0,CARD,0.0,0.0,0.0,0.0,False,False,False,False,V4_DEFAULT,NONE,LOSS,
P7,60,33,1,MAIN,90.0,140.0,0,3,1,ATTACH,39000.0,1,ATTACH,41500.0,0.0,False,1,ATTACH,0.0,0.0,0.0,2500.0,False,False,False,True,V4_DEFAULT,COUNTERFACTUAL,LOSS,
P7,60,34,1,MAIN,90.0,140.0,1,3,1,ATTACK,18104.4,1,ATTACK,18904.4,0.0,False,1,ATTACK,0.0,0.0,0.0,800.0,False,False,False,True,V4_DEFAULT,COUNTERFACTUAL,LOSS,
P7,61,0,0,IS_FIRST,0.0,0.0,0,0,1,NO,5000.0,1,NO,5000.0,0.0,False,1,NO,0.0,0.0,0.0,0.0,False,False,False,False,V4_DEFAULT,NONE,LOSS,
P7,61,2,0,SETUP_ACTIVE_POKEMON,0.0,0.0,0,0,0,CARD,10000.0,0,CARD,10000.0,0.0,False,0,CARD,0.0,0.0,0.0,0.0,False,False,False,False,V4_DEFAULT,NONE,LOSS,
P7,61,6,0,MAIN,150.0,90.0,0,1,0,ATTACH,39000.0,0,ATTACH,41500.0,0.0,False,0,ATTACH,0.0,0.0,0.0,2500.0,False,False,False,True,V4_DEFAULT,COUNTERFACTUAL,LOSS,
P7,61,7,0,MAIN,150.0,90.0,1,1,2,ATTACK,18104.2,2,ATTACK,18904.2,0.0,False,2,ATTACK,0.0,0.0,0.0,800.0,False,False,False,True,V4_DEFAULT,COUNTERFACTUAL,LOSS,
P7,61,10,0,MAIN,120.0,90.0,1,2,1,ATTACH,39700.0,1,ATTACH,42200.0,0.0,False,1,ATTACH,0.0,0.0,0.0,2500.0,False,False,False,True,V4_DEFAULT,COUNTERFACTUAL,LOSS,
P7,61,11,0,MAIN,120.0,90.0,2,2,2,ATTACK,18104.2,2,ATTACK,18904.2,0.0,False,2,ATTACK,0.0,0.0,0.0,800.0,False,False,False,True,V4_DEFAULT,COUNTERFACTUAL,LOSS,
P7,61,14,0,MAIN,90.0,90.0,2,3,1,ATTACH,40400.0,1,ATTACH,42900.0,0.0,False,1,ATTACH,0.0,0.0,0.0,2500.0,False,False,False,True,V4_DEFAULT,COUNTERFACTUAL,LOSS,
P7,61,15,0,MAIN,90.0,90.0,3,3,3,ATTACK,18104.3,3,ATTACK,18904.3,0.0,False,3,ATTACK,0.0,0.0,0.0,800.0,False,False,False,True,V4_DEFAULT,COUNTERFACTUAL,LOSS,
P7,61,16,0,DISCARD_ENERGY,90.0,0.0,3,3,0,ENERGY,30000.0,0,ENERGY,30000.0,0.0,False,0,ENERGY,0.0,0.0,0.0,0.0,False,False,False,False,V4_DEFAULT,NONE,LOSS,
P7,61,17,0,DISCARD_ENERGY,90.0,0.0,2,3,0,ENERGY,30000.0,0,ENERGY,30000.0,0.0,False,0,ENERGY,0.0,0.0,0.0,0.0,False,False,False,False,V4_DEFAULT,NONE,LOSS,
P7,61,18,0,TO_HAND,90.0,0.0,1,0,4,CARD,10000.0,4,CARD,10000.0,0.0,False,4,CARD,0.0,0.0,0.0,0.0,False,False,False,False,V4_DEFAULT,NONE,LOSS,
P7,61,22,0,MAIN,80.0,90.0,1,1,2,ATTACH,39700.0,2,ATTACH,42200.0,0.0,False,2,ATTACH,0.0,0.0,0.0,2500.0,False,False,False,True,V4_DEFAULT,COUNTERFACTUAL,LOSS,
P7,61,23,0,MAIN,80.0,90.0,2,1,3,ATTACK,18104.2,3,ATTACK,18904.2,0.0,False,3,ATTACK,0.0,0.0,0.0,800.0,False,False,False,True,V4_DEFAULT,COUNTERFACTUAL,LOSS,
P7,62,1,1,SETUP_ACTIVE_POKEMON,0.0,0.0,0,0,0,CARD,10000.0,0,CARD,10000.0,0.0,False,0,CARD,0.0,0.0,0.0,0.0,False,False,False,False,V4_DEFAULT,NONE,LOSS,
P7,62,3,1,SETUP_BENCH_POKEMON,0.0,0.0,0,0,0,CARD,10000.0,0,CARD,10000.0,0.0,False,0,CARD,0.0,0.0,0.0,0.0,False,False,False,False,V4_DEFAULT,NONE,LOSS,
P7,62,5,1,MAIN,90.0,90.0,0,0,0,ATTACH,39000.0,0,ATTACH,41500.0,0.0,False,0,ATTACH,0.0,0.0,0.0,2500.0,False,False,False,True,V4_DEFAULT,COUNTERFACTUAL,LOSS,
P7,62,6,1,MAIN,90.0,90.0,1,0,0,ATTACH,39700.0,0,ATTACH,42200.0,0.0,False,0,ATTACH,0.0,0.0,0.0,2500.0,False,False,False,True,V4_DEFAULT,COUNTERFACTUAL,LOSS,
P7,62,7,1,MAIN,90.0,90.0,1,0,0,END,0.0,0,END,0.0,0.0,False,0,END,0.0,0.0,0.0,0.0,False,False,False,False,V4_DEFAULT,NONE,LOSS,
P7,62,10,1,MAIN,80.0,90.0,1,1,0,EVOLVE,70500.0,0,EVOLVE,72500.0,0.0,False,0,EVOLVE,0.0,0.0,0.0,2000.0,False,False,False,True,V4_DEFAULT,COUNTERFACTUAL,LOSS,
P7,62,11,1,MAIN,340.0,90.0,1,1,0,ATTACH,39700.0,0,ATTACH,42200.0,0.0,False,0,ATTACH,0.0,0.0,0.0,2500.0,False,False,False,True,V4_DEFAULT,COUNTERFACTUAL,LOSS,
P7,62,12,1,MAIN,340.0,90.0,2,1,0,ATTACK,18104.6,0,ATTACK,18904.6,0.0,False,0,ATTACK,0.0,0.0,0.0,800.0,False,False,False,True,V4_DEFAULT,COUNTERFACTUAL,LOSS,
P7,62,13,1,TO_HAND,340.0,0.0,2,0,0,CARD,5000.0,0,CARD,5000.0,0.0,False,0,CARD,0.0,0.0,0.0,0.0,False,False,False,False,V4_DEFAULT,NONE,LOSS,
P7,62,21,1,MAIN,140.0,350.0,2,2,0,ATTACH,40400.0,0,ATTACH,42900.0,0.0,False,0,ATTACH,0.0,0.0,0.0,2500.0,False,False,False,True,V4_DEFAULT,COUNTERFACTUAL,LOSS,
P7,62,22,1,MAIN,140.0,350.0,3,2,3,ATTACK,18104.7,3,ATTACK,18904.7,0.0,False,3,ATTACK,0.0,0.0,0.0,800.0,False,False,False,True,V4_DEFAULT,COUNTERFACTUAL,LOSS,
P7,62,26,1,TO_ACTIVE,0.0,100.0,0,3,0,CARD,5000.0,0,CARD,5000.0,0.0,False,0,CARD,0.0,0.0,0.0,0.0,False,False,False,False,V4_DEFAULT,NONE,LOSS,
P7,62,27,1,MAIN,90.0,100.0,0,3,0,ATTACH,39000.0,0,ATTACH,41500.0,0.0,False,0,ATTACH,0.0,0.0,0.0,2500.0,False,False,False,True,V4_DEFAULT,COUNTERFACTUAL,LOSS,
P7,62,28,1,MAIN,90.0,100.0,1,3,3,ATTACK,18104.4,3,ATTACK,18904.4,0.0,False,3,ATTACK,0.0,0.0,0.0,800.0,False,False,False,True,V4_DEFAULT,COUNTERFACTUAL,LOSS,
P7,63,0,0,IS_FIRST,0.0,0.0,0,0,1,NO,5000.0,1,NO,5000.0,0.0,False,1,NO,0.0,0.0,0.0,0.0,False,False,False,False,V4_DEFAULT,NONE,LOSS,
P7,63,1,0,SETUP_ACTIVE_POKEMON,0.0,0.0,0,0,0,CARD,10000.0,0,CARD,10000.0,0.0,False,0,CARD,0.0,0.0,0.0,0.0,False,False,False,False,V4_DEFAULT,NONE,LOSS,
P7,63,3,0,DRAW_COUNT,0.0,0.0,0,0,1,NUMBER,1.0,1,NUMBER,1.0,0.0,False,1,NUMBER,0.0,0.0,0.0,0.0,False,False,False,False,V4_DEFAULT,NONE,LOSS,
P7,63,8,0,MAIN,90.0,150.0,0,1,3,ATTACH,39000.0,3,ATTACH,41500.0,0.0,False,3,ATTACH,0.0,0.0,0.0,2500.0,False,False,False,True,V4_DEFAULT,COUNTERFACTUAL,LOSS,
P7,63,9,0,MAIN,90.0,150.0,1,1,5,ATTACK,18104.4,5,ATTACK,18904.4,0.0,False,5,ATTACK,0.0,0.0,0.0,800.0,False,False,False,True,V4_DEFAULT,COUNTERFACTUAL,LOSS,
P7,63,12,0,MAIN,90.0,140.0,1,2,3,ATTACH,39700.0,3,ATTACH,42200.0,0.0,False,3,ATTACH,0.0,0.0,0.0,2500.0,False,False,False,True,V4_DEFAULT,COUNTERFACTUAL,LOSS,
P7,63,13,0,MAIN,90.0,140.0,2,2,6,ATTACK,18104.5,6,ATTACK,18904.5,0.0,False,6,ATTACK,0.0,0.0,0.0,800.0,False,False,False,True,V4_DEFAULT,COUNTERFACTUAL,LOSS,
P7,64,1,1,SETUP_ACTIVE_POKEMON,0.0,0.0,0,0,0,CARD,10000.0,0,CARD,10000.0,0.0,False,0,CARD,0.0,0.0,0.0,0.0,False,False,False,False,V4_DEFAULT,NONE,LOSS,
P7,64,3,1,SETUP_BENCH_POKEMON,0.0,0.0,0,0,0,CARD,10000.0,0,CARD,10000.0,0.0,False,0,CARD,0.0,0.0,0.0,0.0,False,False,False,False,V4_DEFAULT,NONE,LOSS,
P7,64,5,1,MAIN,90.0,90.0,0,0,0,ATTACH,39000.0,0,ATTACH,41500.0,0.0,False,0,ATTACH,0.0,0.0,0.0,2500.0,False,False,False,True,V4_DEFAULT,COUNTERFACTUAL,LOSS,
P7,64,6,1,MAIN,90.0,90.0,1,0,0,PLAY,12000.0,0,PLAY,12000.0,0.0,False,0,PLAY,0.0,0.0,0.0,0.0,False,False,False,False,V4_DEFAULT,NONE,LOSS,
P7,64,7,1,MAIN,90.0,90.0,1,0,0,END,0.0,0,END,0.0,0.0,False,0,END,0.0,0.0,0.0,0.0,False,False,False,False,V4_DEFAULT,NONE,LOSS,
P7,64,10,1,MAIN,80.0,90.0,1,1,0,ATTACH,39700.0,0,ATTACH,42200.0,0.0,False,0,ATTACH,0.0,0.0,0.0,2500.0,False,False,False,True,V4_DEFAULT,COUNTERFACTUAL,LOSS,
P7,64,11,1,MAIN,80.0,90.0,2,1,2,ATTACK,18104.5,2,ATTACK,18904.5,0.0,False,2,ATTACK,0.0,0.0,0.0,800.0,False,False,False,True,V4_DEFAULT,COUNTERFACTUAL,LOSS,
P7,64,14,1,MAIN,50.0,60.0,2,2,1,ATTACH,40400.0,1,ATTACH,42900.0,0.0,False,1,ATTACH,0.0,0.0,0.0,2500.0,False,False,False,True,V4_DEFAULT,COUNTERFACTUAL,LOSS,
P7,64,15,1,MAIN,50.0,60.0,3,2,1,ATTACH,41100.0,2,ATTACH,40000.0,400.0,True,2,ATTACH,0.0,0.0,2000.0,3000.0,False,False,True,True,COUNTERFACTUAL,THREAT_MODEL+COUNTERFACTUAL,LOSS,False
P7,64,16,1,MAIN,50.0,60.0,3,2,2,ATTACK,18104.5,2,ATTACK,18904.5,0.0,False,2,ATTACK,0.0,0.0,0.0,800.0,False,False,False,True,V4_DEFAULT,COUNTERFACTUAL,LOSS,
P7,64,28,1,MAIN,50.0,150.0,3,0,1,ATTACH,41100.0,2,ATTACH,40000.0,400.0,True,2,ATTACH,0.0,0.0,2000.0,3000.0,False,False,True,True,COUNTERFACTUAL,THREAT_MODEL+COUNTERFACTUAL,LOSS,False
P7,64,29,1,MAIN,50.0,150.0,3,0,2,ATTACK,18104.5,2,ATTACK,18904.5,0.0,False,2,ATTACK,0.0,0.0,0.0,800.0,False,False,False,True,V4_DEFAULT,COUNTERFACTUAL,LOSS,
P7,64,33,1,TO_ACTIVE,0.0,120.0,0,1,0,CARD,5000.0,0,CARD,5000.0,0.0,False,0,CARD,0.0,0.0,0.0,0.0,False,False,False,False,V4_DEFAULT,NONE,LOSS,
P7,64,34,1,MAIN,150.0,120.0,1,1,1,ATTACH,39700.0,1,ATTACH,42200.0,0.0,False,1,ATTACH,0.0,0.0,0.0,2500.0,False,False,False,True,V4_DEFAULT,COUNTERFACTUAL,LOSS,
P7,64,35,1,MAIN,150.0,120.0,2,1,2,ATTACK,18104.2,2,ATTACK,18904.2,0.0,False,2,ATTACK,0.0,0.0,0.0,800.0,False,False,False,True,V4_DEFAULT,COUNTERFACTUAL,LOSS,
P7,64,38,1,MAIN,150.0,60.0,2,2,1,ATTACH,40400.0,1,ATTACH,42900.0,0.0,False,1,ATTACH,0.0,0.0,0.0,2500.0,False,False,False,True,V4_DEFAULT,COUNTERFACTUAL,LOSS,
P7,64,39,1,MAIN,150.0,60.0,3,2,4,ATTACK,18104.3,4,ATTACK,18904.3,0.0,False,4,ATTACK,0.0,0.0,0.0,800.0,False,False,False,True,V4_DEFAULT,COUNTERFACTUAL,LOSS,
P7,64,40,1,DISCARD_ENERGY,150.0,0.0,3,2,0,ENERGY,30000.0,0,ENERGY,30000.0,0.0,False,0,ENERGY,0.0,0.0,0.0,0.0,False,False,False,False,V4_DEFAULT,NONE,LOSS,
P7,64,41,1,DISCARD_ENERGY,150.0,0.0,2,2,0,ENERGY,30000.0,0,ENERGY,30000.0,0.0,False,0,ENERGY,0.0,0.0,0.0,0.0,False,False,False,False,V4_DEFAULT,NONE,LOSS,
P7,64,42,1,TO_HAND,150.0,0.0,1,0,1,CARD,10000.0,1,CARD,10000.0,0.0,False,1,CARD,0.0,0.0,0.0,0.0,False,False,False,False,V4_DEFAULT,NONE,LOSS,
P7,64,47,1,MAIN,150.0,290.0,1,1,3,ATTACH,39700.0,3,ATTACH,42200.0,0.0,False,3,ATTACH,0.0,0.0,0.0,2500.0,False,False,False,True,V4_DEFAULT,COUNTERFACTUAL,LOSS,
P7,64,48,1,MAIN,150.0,290.0,2,1,3,ATTACK,18104.2,3,ATTACK,18904.2,0.0,False,3,ATTACK,0.0,0.0,0.0,800.0,False,False,False,True,V4_DEFAULT,COUNTERFACTUAL,LOSS,
P7,64,52,1,TO_ACTIVE,0.0,200.0,0,2,0,CARD,5000.0,0,CARD,5000.0,0.0,False,0,CARD,0.0,0.0,0.0,0.0,False,False,False,False,V4_DEFAULT,NONE,LOSS,
P7,64,53,1,MAIN,90.0,200.0,0,2,3,ATTACH,39000.0,3,ATTACH,41500.0,0.0,False,3,ATTACH,0.0,0.0,0.0,2500.0,False,False,False,True,V4_DEFAULT,COUNTERFACTUAL,LOSS,
P7,64,54,1,MAIN,90.0,200.0,1,2,3,ATTACK,18104.4,3,ATTACK,18904.4,0.0,False,3,ATTACK,0.0,0.0,0.0,800.0,False,False,False,True,V4_DEFAULT,COUNTERFACTUAL,LOSS,
P7,65,0,0,IS_FIRST,0.0,0.0,0,0,1,NO,5000.0,1,NO,5000.0,0.0,False,1,NO,0.0,0.0,0.0,0.0,False,False,False,False,V4_DEFAULT,NONE,LOSS,
P7,65,2,0,SETUP_ACTIVE_POKEMON,0.0,0.0,0,0,0,CARD,10000.0,0,CARD,10000.0,0.0,False,0,CARD,0.0,0.0,0.0,0.0,False,False,False,False,V4_DEFAULT,NONE,LOSS,
P7,65,7,0,MAIN,90.0,150.0,0,1,0,ATTACH,39000.0,0,ATTACH,41500.0,0.0,False,0,ATTACH,0.0,0.0,0.0,2500.0,False,False,False,True,V4_DEFAULT,COUNTERFACTUAL,LOSS,
P7,65,8,0,MAIN,90.0,150.0,1,1,2,ATTACK,18104.4,2,ATTACK,18904.4,0.0,False,2,ATTACK,0.0,0.0,0.0,800.0,False,False,False,True,V4_DEFAULT,COUNTERFACTUAL,LOSS,
P7,65,12,0,MAIN,90.0,140.0,1,2,1,ATTACH,39700.0,1,ATTACH,42200.0,0.0,False,1,ATTACH,0.0,0.0,0.0,2500.0,False,False,False,True,V4_DEFAULT,COUNTERFACTUAL,LOSS,
P7,65,13,0,MAIN,90.0,140.0,2,2,4,ATTACK,18104.5,4,ATTACK,18904.5,0.0,False,4,ATTACK,0.0,0.0,0.0,800.0,False,False,False,True,V4_DEFAULT,COUNTERFACTUAL,LOSS,
P7,66,1,1,SETUP_ACTIVE_POKEMON,0.0,0.0,0,0,0,CARD,10000.0,0,CARD,10000.0,0.0,False,0,CARD,0.0,0.0,0.0,0.0,False,False,False,False,V4_DEFAULT,NONE,LOSS,
P7,66,4,1,MAIN,90.0,90.0,0,0,0,ATTACH,39000.0,0,ATTACH,41500.0,0.0,False,0,ATTACH,0.0,0.0,0.0,2500.0,False,False,False,True,V4_DEFAULT,COUNTERFACTUAL,LOSS,
P7,66,5,1,MAIN,90.0,90.0,0,0,0,ATTACH,39000.0,0,ATTACH,41500.0,0.0,False,0,ATTACH,0.0,0.0,0.0,2500.0,False,False,False,True,V4_DEFAULT,COUNTERFACTUAL,LOSS,
P7,66,6,1,MAIN,90.0,90.0,1,0,0,END,0.0,0,END,0.0,0.0,False,0,END,0.0,0.0,0.0,0.0,False,False,False,False,V4_DEFAULT,NONE,LOSS,
P7,66,10,1,MAIN,80.0,90.0,1,1,0,ATTACH,39700.0,0,ATTACH,42200.0,0.0,False,0,ATTACH,0.0,0.0,0.0,2500.0,False,False,False,True,V4_DEFAULT,COUNTERFACTUAL,LOSS,
P7,66,11,1,MAIN,80.0,90.0,2,1,1,ATTACK,18104.5,1,ATTACK,18904.5,0.0,False,1,ATTACK,0.0,0.0,0.0,800.0,False,False,False,True,V4_DEFAULT,COUNTERFACTUAL,LOSS,
P7,67,0,0,IS_FIRST,0.0,0.0,0,0,1,NO,5000.0,1,NO,5000.0,0.0,False,1,NO,0.0,0.0,0.0,0.0,False,False,False,False,V4_DEFAULT,NONE,LOSS,
P7,67,2,0,SETUP_ACTIVE_POKEMON,0.0,0.0,0,0,0,CARD,10000.0,0,CARD,10000.0,0.0,False,0,CARD,0.0,0.0,0.0,0.0,False,False,False,False,V4_DEFAULT,NONE,LOSS,
P7,67,8,0,MAIN,90.0,90.0,0,1,0,ATTACH,39000.0,0,ATTACH,41500.0,0.0,False,0,ATTACH,0.0,0.0,0.0,2500.0,False,False,False,True,V4_DEFAULT,COUNTERFACTUAL,LOSS,
P7,67,9,0,MAIN,90.0,90.0,1,1,0,ATTACH,39700.0,0,ATTACH,42200.0,0.0,False,0,ATTACH,0.0,0.0,0.0,2500.0,False,False,False,True,V4_DEFAULT,COUNTERFACTUAL,LOSS,
P7,67,10,0,MAIN,90.0,90.0,1,1,2,ATTACK,18104.4,2,ATTACK,18904.4,0.0,False,2,ATTACK,0.0,0.0,0.0,800.0,False,False,False,True,V4_DEFAULT,COUNTERFACTUAL,LOSS,
P7,68,2,1,SETUP_ACTIVE_POKEMON,0.0,0.0,0,0,0,CARD,10000.0,0,CARD,10000.0,0.0,False,0,CARD,0.0,0.0,0.0,0.0,False,False,False,False,V4_DEFAULT,NONE,LOSS,
P7,68,4,1,SETUP_BENCH_POKEMON,0.0,0.0,0,0,0,CARD,10000.0,0,CARD,10000.0,0.0,False,0,CARD,0.0,0.0,0.0,0.0,False,False,False,False,V4_DEFAULT,NONE,LOSS,
P7,68,6,1,MAIN,90.0,90.0,0,0,0,ATTACH,39000.0,0,ATTACH,41500.0,0.0,False,0,ATTACH,0.0,0.0,0.0,2500.0,False,False,False,True,V4_DEFAULT,COUNTERFACTUAL,LOSS,
P7,68,7,1,MAIN,90.0,90.0,1,0,0,END,0.0,0,END,0.0,0.0,False,0,END,0.0,0.0,0.0,0.0,False,False,False,False,V4_DEFAULT,NONE,LOSS,
P7,68,10,1,MAIN,80.0,90.0,1,1,0,ATTACH,39700.0,0,ATTACH,42200.0,0.0,False,0,ATTACH,0.0,0.0,0.0,2500.0,False,False,False,True,V4_DEFAULT,COUNTERFACTUAL,LOSS,
P7,68,11,1,MAIN,80.0,90.0,2,1,1,ATTACK,18104.5,1,ATTACK,18904.5,0.0,False,1,ATTACK,0.0,0.0,0.0,800.0,False,False,False,True,V4_DEFAULT,COUNTERFACTUAL,LOSS,
P7,68,14,1,MAIN,50.0,60.0,2,2,0,ATTACH,40400.0,0,ATTACH,42900.0,0.0,False,0,ATTACH,0.0,0.0,0.0,2500.0,False,False,False,True,V4_DEFAULT,COUNTERFACTUAL,LOSS,
P7,68,15,1,MAIN,50.0,60.0,3,2,1,ATTACK,18104.5,1,ATTACK,18904.5,0.0,False,1,ATTACK,0.0,0.0,0.0,800.0,False,False,False,True,V4_DEFAULT,COUNTERFACTUAL,LOSS,
P7,68,28,1,MAIN,50.0,350.0,3,0,0,ATTACH,41100.0,1,ATTACH,40000.0,400.0,True,1,ATTACH,0.0,0.0,2000.0,3000.0,False,False,True,True,COUNTERFACTUAL,THREAT_MODEL+COUNTERFACTUAL,LOSS,False
P7,68,29,1,MAIN,50.0,350.0,3,0,1,ATTACK,18104.5,1,ATTACK,18904.5,0.0,False,1,ATTACK,0.0,0.0,0.0,800.0,False,False,False,True,V4_DEFAULT,COUNTERFACTUAL,LOSS,
P7,68,37,1,MAIN,50.0,320.0,3,1,0,ATTACH,41100.0,1,ATTACH,40700.0,1100.0,True,1,ATTACH,0.0,0.0,2000.0,3000.0,False,False,True,True,COUNTERFACTUAL,THREAT_MODEL+COUNTERFACTUAL,LOSS,False
P7,68,38,1,MAIN,50.0,320.0,3,1,2,ATTACK,18104.5,3,RETREAT,21000.0,2095.5,True,3,RETREAT,0.0,15000.0,0.0,5000.0,False,True,False,True,SAFE_RETREAT,SAFE_RETREAT+COUNTERFACTUAL,LOSS,False
P7,68,39,1,DISCARD_ENERGY,50.0,320.0,3,1,0,ENERGY,30000.0,0,ENERGY,30000.0,0.0,False,0,ENERGY,0.0,0.0,0.0,0.0,False,False,False,False,V4_DEFAULT,NONE,LOSS,
P7,68,40,1,DISCARD_ENERGY,50.0,320.0,2,1,0,ENERGY,30000.0,0,ENERGY,30000.0,0.0,False,0,ENERGY,0.0,0.0,0.0,0.0,False,False,False,False,V4_DEFAULT,NONE,LOSS,
P7,68,41,1,DISCARD_ENERGY,50.0,320.0,1,1,0,ENERGY,30000.0,0,ENERGY,30000.0,0.0,False,0,ENERGY,0.0,0.0,0.0,0.0,False,False,False,False,V4_DEFAULT,NONE,LOSS,
P7,68,42,1,SWITCH,50.0,320.0,0,1,0,CARD,5000.0,0,CARD,5000.0,0.0,False,0,CARD,0.0,0.0,0.0,0.0,False,False,False,False,V4_DEFAULT,NONE,LOSS,
P7,68,43,1,MAIN,150.0,320.0,2,1,1,ATTACK,18104.2,1,ATTACK,18904.2,0.0,False,1,ATTACK,0.0,0.0,0.0,800.0,False,False,False,True,V4_DEFAULT,COUNTERFACTUAL,LOSS,
P7,68,47,1,TO_ACTIVE,0.0,260.0,0,2,0,CARD,5000.0,0,CARD,5000.0,0.0,False,0,CARD,0.0,0.0,0.0,0.0,False,False,False,False,V4_DEFAULT,NONE,LOSS,
P7,68,48,1,MAIN,50.0,260.0,0,2,0,ATTACH,39000.0,0,ATTACH,41500.0,0.0,False,0,ATTACH,0.0,0.0,0.0,2500.0,False,False,False,True,V4_DEFAULT,COUNTERFACTUAL,LOSS,
P7,68,49,1,MAIN,50.0,260.0,1,2,1,ATTACK,18104.4,1,ATTACK,18904.4,0.0,False,1,ATTACK,0.0,0.0,0.0,800.0,False,False,False,True,V4_DEFAULT,COUNTERFACTUAL,LOSS,
P7,69,0,0,IS_FIRST,0.0,0.0,0,0,1,NO,5000.0,1,NO,5000.0,0.0,False,1,NO,0.0,0.0,0.0,0.0,False,False,False,False,V4_DEFAULT,NONE,LOSS,
P7,69,2,0,SETUP_ACTIVE_POKEMON,0.0,0.0,0,0,0,CARD,10000.0,0,CARD,10000.0,0.0,False,0,CARD,0.0,0.0,0.0,0.0,False,False,False,False,V4_DEFAULT,NONE,LOSS,
P7,69,9,0,MAIN,90.0,90.0,0,1,0,ATTACH,39000.0,0,ATTACH,41500.0,0.0,False,0,ATTACH,0.0,0.0,0.0,2500.0,False,False,False,True,V4_DEFAULT,COUNTERFACTUAL,LOSS,
P7,69,10,0,MAIN,90.0,90.0,1,1,2,ATTACK,18104.4,2,ATTACK,18904.4,0.0,False,2,ATTACK,0.0,0.0,0.0,800.0,False,False,False,True,V4_DEFAULT,COUNTERFACTUAL,LOSS,
P7,70,2,1,SETUP_ACTIVE_POKEMON,0.0,0.0,0,0,0,CARD,10000.0,0,CARD,10000.0,0.0,False,0,CARD,0.0,0.0,0.0,0.0,False,False,False,False,V4_DEFAULT,NONE,WIN,
P7,70,4,1,MAIN,90.0,90.0,0,0,0,ATTACH,39000.0,0,ATTACH,41500.0,0.0,False,0,ATTACH,0.0,0.0,0.0,2500.0,False,False,False,True,V4_DEFAULT,COUNTERFACTUAL,WIN,
P7,70,5,1,MAIN,90.0,90.0,1,0,0,PLAY,12000.0,0,PLAY,12000.0,0.0,False,0,PLAY,0.0,0.0,0.0,0.0,False,False,False,False,V4_DEFAULT,NONE,WIN,
P7,70,6,1,TO_HAND,90.0,90.0,1,0,0,CARD,1000.0,0,CARD,1000.0,0.0,False,0,CARD,0.0,0.0,0.0,0.0,False,False,False,False,V4_DEFAULT,NONE,WIN,
P7,70,7,1,MAIN,90.0,90.0,1,0,0,PLAY,12000.0,0,PLAY,12000.0,0.0,False,0,PLAY,0.0,0.0,0.0,0.0,False,False,False,False,V4_DEFAULT,NONE,WIN,
P7,70,8,1,MAIN,90.0,90.0,1,0,0,END,0.0,0,END,0.0,0.0,False,0,END,0.0,0.0,0.0,0.0,False,False,False,False,V4_DEFAULT,NONE,WIN,
P7,70,11,1,MAIN,80.0,90.0,1,1,7,EVOLVE,70500.0,7,EVOLVE,72500.0,0.0,False,7,EVOLVE,0.0,0.0,0.0,2000.0,False,False,False,True,V4_DEFAULT,COUNTERFACTUAL,WIN,
P7,70,12,1,MAIN,340.0,90.0,1,1,0,ATTACH,39700.0,0,ATTACH,42200.0,0.0,False,0,ATTACH,0.0,0.0,0.0,2500.0,False,False,False,True,V4_DEFAULT,COUNTERFACTUAL,WIN,
P7,70,13,1,MAIN,340.0,90.0,2,1,1,ATTACK,18104.6,1,ATTACK,18904.6,0.0,False,1,ATTACK,0.0,0.0,0.0,800.0,False,False,False,True,V4_DEFAULT,COUNTERFACTUAL,WIN,
P7,70,14,1,TO_HAND,340.0,0.0,2,0,5,CARD,10000.0,5,CARD,10000.0,0.0,False,5,CARD,0.0,0.0,0.0,0.0,False,False,False,False,V4_DEFAULT,NONE,WIN,
P7,71,0,0,IS_FIRST,0.0,0.0,0,0,1,NO,5000.0,1,NO,5000.0,0.0,False,1,NO,0.0,0.0,0.0,0.0,False,False,False,False,V4_DEFAULT,NONE,LOSS,
P7,71,2,0,SETUP_ACTIVE_POKEMON,0.0,0.0,0,0,0,CARD,10000.0,0,CARD,10000.0,0.0,False,0,CARD,0.0,0.0,0.0,0.0,False,False,False,False,V4_DEFAULT,NONE,LOSS,
P7,71,8,0,MAIN,90.0,150.0,0,1,0,ATTACH,39000.0,0,ATTACH,41500.0,0.0,False,0,ATTACH,0.0,0.0,0.0,2500.0,False,False,False,True,V4_DEFAULT,COUNTERFACTUAL,LOSS,
P7,71,9,0,MAIN,90.0,150.0,1,1,1,ATTACK,18104.4,1,ATTACK,18904.4,0.0,False,1,ATTACK,0.0,0.0,0.0,800.0,False,False,False,True,V4_DEFAULT,COUNTERFACTUAL,LOSS,
P7,71,12,0,MAIN,90.0,140.0,1,2,1,ATTACH,39700.0,1,ATTACH,42200.0,0.0,False,1,ATTACH,0.0,0.0,0.0,2500.0,False,False,False,True,V4_DEFAULT,COUNTERFACTUAL,LOSS,
P7,71,13,0,MAIN,90.0,140.0,2,2,2,ATTACK,18104.5,2,ATTACK,18904.5,0.0,False,2,ATTACK,0.0,0.0,0.0,800.0,False,False,False,True,V4_DEFAULT,COUNTERFACTUAL,LOSS,
P7,72,1,1,SETUP_ACTIVE_POKEMON,0.0,0.0,0,0,0,CARD,10000.0,0,CARD,10000.0,0.0,False,0,CARD,0.0,0.0,0.0,0.0,False,False,False,False,V4_DEFAULT,NONE,LOSS,
P7,72,4,1,MAIN,90.0,90.0,0,0,0,ATTACH,39000.0,0,ATTACH,41500.0,0.0,False,0,ATTACH,0.0,0.0,0.0,2500.0,False,False,False,True,V4_DEFAULT,COUNTERFACTUAL,LOSS,
P7,72,5,1,MAIN,90.0,90.0,1,0,0,END,0.0,0,END,0.0,0.0,False,0,END,0.0,0.0,0.0,0.0,False,False,False,False,V4_DEFAULT,NONE,LOSS,
P7,72,8,1,MAIN,80.0,90.0,1,1,0,ATTACH,39700.0,0,ATTACH,42200.0,0.0,False,0,ATTACH,0.0,0.0,0.0,2500.0,False,False,False,True,V4_DEFAULT,COUNTERFACTUAL,LOSS,
P7,72,9,1,MAIN,80.0,90.0,2,1,3,ATTACK,18104.5,3,ATTACK,18904.5,0.0,False,3,ATTACK,0.0,0.0,0.0,800.0,False,False,False,True,V4_DEFAULT,COUNTERFACTUAL,LOSS,
P7,72,12,1,MAIN,50.0,60.0,2,2,0,ATTACH,40400.0,0,ATTACH,42900.0,0.0,False,0,ATTACH,0.0,0.0,0.0,2500.0,False,False,False,True,V4_DEFAULT,COUNTERFACTUAL,LOSS,
P7,72,13,1,MAIN,50.0,60.0,3,2,3,ATTACK,18104.5,3,ATTACK,18904.5,0.0,False,3,ATTACK,0.0,0.0,0.0,800.0,False,False,False,True,V4_DEFAULT,COUNTERFACTUAL,LOSS,
P7,72,22,1,MAIN,50.0,90.0,3,0,0,ATTACH,41100.0,0,ATTACH,43600.0,0.0,False,0,ATTACH,0.0,0.0,0.0,2500.0,False,False,False,True,V4_DEFAULT,COUNTERFACTUAL,LOSS,
P7,72,23,1,MAIN,50.0,90.0,4,0,3,ATTACK,18104.5,3,ATTACK,18904.5,0.0,False,3,ATTACK,0.0,0.0,0.0,800.0,False,False,False,True,V4_DEFAULT,COUNTERFACTUAL,LOSS,
P7,72,26,1,MAIN,40.0,60.0,4,1,0,ATTACH,41800.0,0,ATTACH,44300.0,0.0,False,0,ATTACH,0.0,0.0,0.0,2500.0,False,False,False,True,V4_DEFAULT,COUNTERFACTUAL,LOSS,
P7,72,27,1,MAIN,40.0,60.0,5,1,4,ATTACK,18104.5,4,ATTACK,18904.5,0.0,False,4,ATTACK,0.0,0.0,0.0,800.0,False,False,False,True,V4_DEFAULT,COUNTERFACTUAL,LOSS,
P7,72,30,1,MAIN,10.0,30.0,5,2,2,ATTACH,41800.0,8,ATTACK,73104.5,28804.5,True,8,ATTACK,50000.0,0.0,0.0,5000.0,True,False,False,True,KO_GUARANTEE,KO_GUARANTEE+COUNTERFACTUAL,LOSS,False
P7,72,31,1,TO_HAND,10.0,0.0,5,0,5,CARD,10000.0,5,CARD,10000.0,0.0,False,5,CARD,0.0,0.0,0.0,0.0,False,False,False,False,V4_DEFAULT,NONE,LOSS,
P7,73,0,0,IS_FIRST,0.0,0.0,0,0,1,NO,5000.0,1,NO,5000.0,0.0,False,1,NO,0.0,0.0,0.0,0.0,False,False,False,False,V4_DEFAULT,NONE,LOSS,
P7,73,1,0,SETUP_ACTIVE_POKEMON,0.0,0.0,0,0,0,CARD,10000.0,0,CARD,10000.0,0.0,False,0,CARD,0.0,0.0,0.0,0.0,False,False,False,False,V4_DEFAULT,NONE,LOSS,
P7,73,3,0,DRAW_COUNT,0.0,0.0,0,0,1,NUMBER,1.0,1,NUMBER,1.0,0.0,False,1,NUMBER,0.0,0.0,0.0,0.0,False,False,False,False,V4_DEFAULT,NONE,LOSS,
P7,73,7,0,MAIN,90.0,90.0,0,1,0,ATTACH,39000.0,0,ATTACH,41500.0,0.0,False,0,ATTACH,0.0,0.0,0.0,2500.0,False,False,False,True,V4_DEFAULT,COUNTERFACTUAL,LOSS,
P7,73,8,0,MAIN,90.0,90.0,1,1,2,ATTACK,18104.4,2,ATTACK,18904.4,0.0,False,2,ATTACK,0.0,0.0,0.0,800.0,False,False,False,True,V4_DEFAULT,COUNTERFACTUAL,LOSS,
P7,73,11,0,MAIN,60.0,80.0,1,2,2,ATTACH,39700.0,2,ATTACH,42200.0,0.0,False,2,ATTACH,0.0,0.0,0.0,2500.0,False,False,False,True,V4_DEFAULT,COUNTERFACTUAL,LOSS,
P7,73,12,0,MAIN,60.0,80.0,2,2,3,ATTACK,18104.5,3,ATTACK,18904.5,0.0,False,3,ATTACK,0.0,0.0,0.0,800.0,False,False,False,True,V4_DEFAULT,COUNTERFACTUAL,LOSS,
P7,73,15,0,MAIN,30.0,50.0,2,3,2,ATTACH,40400.0,2,ATTACH,42900.0,0.0,False,2,ATTACH,0.0,0.0,0.0,2500.0,False,False,False,True,V4_DEFAULT,COUNTERFACTUAL,LOSS,
P7,73,16,0,MAIN,30.0,50.0,3,3,3,ATTACK,18104.5,3,ATTACK,18904.5,0.0,False,3,ATTACK,0.0,0.0,0.0,800.0,False,False,False,True,V4_DEFAULT,COUNTERFACTUAL,LOSS,
P7,73,27,0,MAIN,30.0,150.0,3,0,2,ATTACH,41100.0,2,ATTACH,43600.0,0.0,False,2,ATTACH,0.0,0.0,0.0,2500.0,False,False,False,True,V4_DEFAULT,COUNTERFACTUAL,LOSS,
P7,73,28,0,MAIN,30.0,150.0,4,0,3,ATTACK,18104.5,3,ATTACK,18904.5,0.0,False,3,ATTACK,0.0,0.0,0.0,800.0,False,False,False,True,V4_DEFAULT,COUNTERFACTUAL,LOSS,
P7,74,1,1,SETUP_ACTIVE_POKEMON,0.0,0.0,0,0,0,CARD,10000.0,0,CARD,10000.0,0.0,False,0,CARD,0.0,0.0,0.0,0.0,False,False,False,False,V4_DEFAULT,NONE,WIN,
P7,74,3,1,DRAW_COUNT,0.0,0.0,0,0,2,NUMBER,2.0,2,NUMBER,2.0,0.0,False,2,NUMBER,0.0,0.0,0.0,0.0,False,False,False,False,V4_DEFAULT,NONE,WIN,
P7,74,4,1,SETUP_BENCH_POKEMON,0.0,0.0,0,0,0,CARD,10000.0,0,CARD,10000.0,0.0,False,0,CARD,0.0,0.0,0.0,0.0,False,False,False,False,V4_DEFAULT,NONE,WIN,
P7,74,5,1,MAIN,90.0,90.0,0,0,0,ATTACH,39000.0,0,ATTACH,41500.0,0.0,False,0,ATTACH,0.0,0.0,0.0,2500.0,False,False,False,True,V4_DEFAULT,COUNTERFACTUAL,WIN,
P7,74,6,1,MAIN,90.0,90.0,1,0,0,PLAY,12000.0,0,PLAY,12000.0,0.0,False,0,PLAY,0.0,0.0,0.0,0.0,False,False,False,False,V4_DEFAULT,NONE,WIN,
P7,74,7,1,TO_HAND,90.0,90.0,1,0,0,CARD,5000.0,0,CARD,5000.0,0.0,False,0,CARD,0.0,0.0,0.0,0.0,False,False,False,False,V4_DEFAULT,NONE,WIN,
P7,74,8,1,MAIN,90.0,90.0,1,0,0,END,0.0,0,END,0.0,0.0,False,0,END,0.0,0.0,0.0,0.0,False,False,False,False,V4_DEFAULT,NONE,WIN,
P7,74,11,1,MAIN,80.0,90.0,1,1,3,EVOLVE,70500.0,3,EVOLVE,72500.0,0.0,False,3,EVOLVE,0.0,0.0,0.0,2000.0,False,False,False,True,V4_DEFAULT,COUNTERFACTUAL,WIN,
P7,74,12,1,MAIN,340.0,90.0,1,1,0,ATTACH,39700.0,0,ATTACH,42200.0,0.0,False,0,ATTACH,0.0,0.0,0.0,2500.0,False,False,False,True,V4_DEFAULT,COUNTERFACTUAL,WIN,
P7,74,13,1,MAIN,340.0,90.0,2,1,1,ATTACK,18104.6,1,ATTACK,18904.6,0.0,False,1,ATTACK,0.0,0.0,0.0,800.0,False,False,False,True,V4_DEFAULT,COUNTERFACTUAL,WIN,
P7,74,14,1,TO_HAND,340.0,0.0,2,0,3,CARD,10000.0,3,CARD,10000.0,0.0,False,3,CARD,0.0,0.0,0.0,0.0,False,False,False,False,V4_DEFAULT,NONE,WIN,
P7,75,0,0,IS_FIRST,0.0,0.0,0,0,1,NO,5000.0,1,NO,5000.0,0.0,False,1,NO,0.0,0.0,0.0,0.0,False,False,False,False,V4_DEFAULT,NONE,LOSS,
P7,75,1,0,SETUP_ACTIVE_POKEMON,0.0,0.0,0,0,0,CARD,10000.0,0,CARD,10000.0,0.0,False,0,CARD,0.0,0.0,0.0,0.0,False,False,False,False,V4_DEFAULT,NONE,LOSS,
P7,75,3,0,DRAW_COUNT,0.0,0.0,0,0,1,NUMBER,1.0,1,NUMBER,1.0,0.0,False,1,NUMBER,0.0,0.0,0.0,0.0,False,False,False,False,V4_DEFAULT,NONE,LOSS,
P7,75,7,0,MAIN,90.0,150.0,0,1,0,ATTACH,39000.0,0,ATTACH,41500.0,0.0,False,0,ATTACH,0.0,0.0,0.0,2500.0,False,False,False,True,V4_DEFAULT,COUNTERFACTUAL,LOSS,
P7,75,8,0,MAIN,90.0,150.0,1,1,3,ATTACK,18104.4,3,ATTACK,18904.4,0.0,False,3,ATTACK,0.0,0.0,0.0,800.0,False,False,False,True,V4_DEFAULT,COUNTERFACTUAL,LOSS,
P7,75,11,0,MAIN,90.0,140.0,1,2,2,ATTACH,39700.0,2,ATTACH,42200.0,0.0,False,2,ATTACH,0.0,0.0,0.0,2500.0,False,False,False,True,V4_DEFAULT,COUNTERFACTUAL,LOSS,
P7,75,12,0,MAIN,90.0,140.0,2,2,5,ATTACK,18104.5,5,ATTACK,18904.5,0.0,False,5,ATTACK,0.0,0.0,0.0,800.0,False,False,False,True,V4_DEFAULT,COUNTERFACTUAL,LOSS,
P7,76,2,1,SETUP_ACTIVE_POKEMON,0.0,0.0,0,0,0,CARD,10000.0,0,CARD,10000.0,0.0,False,0,CARD,0.0,0.0,0.0,0.0,False,False,False,False,V4_DEFAULT,NONE,WIN,
P7,76,4,1,SETUP_BENCH_POKEMON,0.0,0.0,0,0,0,CARD,10000.0,0,CARD,10000.0,0.0,False,0,CARD,0.0,0.0,0.0,0.0,False,False,False,False,V4_DEFAULT,NONE,WIN,
P7,76,5,1,MAIN,90.0,150.0,0,0,0,ATTACH,39000.0,0,ATTACH,41500.0,0.0,False,0,ATTACH,0.0,0.0,0.0,2500.0,False,False,False,True,V4_DEFAULT,COUNTERFACTUAL,WIN,
P7,76,6,1,MAIN,90.0,150.0,1,0,0,PLAY,12000.0,0,PLAY,12000.0,0.0,False,0,PLAY,0.0,0.0,0.0,0.0,False,False,False,False,V4_DEFAULT,NONE,WIN,
P7,76,7,1,TO_HAND,90.0,150.0,1,0,0,CARD,1000.0,0,CARD,1000.0,0.0,False,0,CARD,0.0,0.0,0.0,0.0,False,False,False,False,V4_DEFAULT,NONE,WIN,
P7,76,8,1,MAIN,90.0,150.0,1,0,0,PLAY,12000.0,0,PLAY,12000.0,0.0,False,0,PLAY,0.0,0.0,0.0,0.0,False,False,False,False,V4_DEFAULT,NONE,WIN,
P7,76,9,1,TO_HAND,90.0,150.0,1,0,0,CARD,1000.0,0,CARD,1000.0,0.0,False,0,CARD,0.0,0.0,0.0,0.0,False,False,False,False,V4_DEFAULT,NONE,WIN,
P7,76,10,1,MAIN,90.0,150.0,1,0,0,END,0.0,0,END,0.0,0.0,False,0,END,0.0,0.0,0.0,0.0,False,False,False,False,V4_DEFAULT,NONE,WIN,
P7,76,13,1,MAIN,90.0,150.0,1,1,0,EVOLVE,70500.0,0,EVOLVE,72500.0,0.0,False,0,EVOLVE,0.0,0.0,0.0,2000.0,False,False,False,True,V4_DEFAULT,COUNTERFACTUAL,WIN,
P7,76,14,1,MAIN,350.0,150.0,1,1,4,EVOLVE,70000.0,4,EVOLVE,72000.0,0.0,False,4,EVOLVE,0.0,0.0,0.0,2000.0,False,False,False,True,V4_DEFAULT,COUNTERFACTUAL,WIN,
P7,76,15,1,MAIN,350.0,150.0,1,1,0,ATTACH,39700.0,0,ATTACH,42200.0,0.0,False,0,ATTACH,0.0,0.0,0.0,2500.0,False,False,False,True,V4_DEFAULT,COUNTERFACTUAL,WIN,
P7,76,16,1,MAIN,350.0,150.0,2,1,1,ATTACK,18104.6,1,ATTACK,18904.6,0.0,False,1,ATTACK,0.0,0.0,0.0,800.0,False,False,False,True,V4_DEFAULT,COUNTERFACTUAL,WIN,
P7,76,17,1,TO_HAND,350.0,0.0,2,0,1,CARD,10000.0,1,CARD,10000.0,0.0,False,1,CARD,0.0,0.0,0.0,0.0,False,False,False,False,V4_DEFAULT,NONE,WIN,
P7,77,0,0,IS_FIRST,0.0,0.0,0,0,1,NO,5000.0,1,NO,5000.0,0.0,False,1,NO,0.0,0.0,0.0,0.0,False,False,False,False,V4_DEFAULT,NONE,LOSS,
P7,77,2,0,SETUP_ACTIVE_POKEMON,0.0,0.0,0,0,0,CARD,10000.0,0,CARD,10000.0,0.0,False,0,CARD,0.0,0.0,0.0,0.0,False,False,False,False,V4_DEFAULT,NONE,LOSS,
P7,77,9,0,MAIN,90.0,90.0,0,1,0,ATTACH,39000.0,0,ATTACH,41500.0,0.0,False,0,ATTACH,0.0,0.0,0.0,2500.0,False,False,False,True,V4_DEFAULT,COUNTERFACTUAL,LOSS,
P7,77,10,0,MAIN,90.0,90.0,1,1,2,ATTACK,18104.4,2,ATTACK,18904.4,0.0,False,2,ATTACK,0.0,0.0,0.0,800.0,False,False,False,True,V4_DEFAULT,COUNTERFACTUAL,LOSS,
P7,78,1,1,SETUP_ACTIVE_POKEMON,0.0,0.0,0,0,0,CARD,10000.0,0,CARD,10000.0,0.0,False,0,CARD,0.0,0.0,0.0,0.0,False,False,False,False,V4_DEFAULT,NONE,LOSS,
P7,78,3,1,MAIN,90.0,90.0,0,0,0,ATTACH,39000.0,0,ATTACH,41500.0,0.0,False,0,ATTACH,0.0,0.0,0.0,2500.0,False,False,False,True,V4_DEFAULT,COUNTERFACTUAL,LOSS,
P7,78,4,1,MAIN,90.0,90.0,1,0,0,PLAY,12000.0,0,PLAY,12000.0,0.0,False,0,PLAY,0.0,0.0,0.0,0.0,False,False,False,False,V4_DEFAULT,NONE,LOSS,
P7,78,5,1,MAIN,90.0,90.0,1,0,0,END,0.0,0,END,0.0,0.0,False,0,END,0.0,0.0,0.0,0.0,False,False,False,False,V4_DEFAULT,NONE,LOSS,
P7,78,8,1,MAIN,80.0,90.0,1,1,0,ATTACH,39700.0,0,ATTACH,42200.0,0.0,False,0,ATTACH,0.0,0.0,0.0,2500.0,False,False,False,True,V4_DEFAULT,COUNTERFACTUAL,LOSS,
P7,78,9,1,MAIN,80.0,90.0,2,1,2,ATTACK,18104.5,2,ATTACK,18904.5,0.0,False,2,ATTACK,0.0,0.0,0.0,800.0,False,False,False,True,V4_DEFAULT,COUNTERFACTUAL,LOSS,
P7,78,14,1,TO_ACTIVE,0.0,320.0,0,2,0,CARD,5000.0,0,CARD,5000.0,0.0,False,0,CARD,0.0,0.0,0.0,0.0,False,False,False,False,V4_DEFAULT,NONE,LOSS,
P7,78,15,1,MAIN,150.0,320.0,0,2,0,ATTACH,39000.0,0,ATTACH,41500.0,0.0,False,0,ATTACH,0.0,0.0,0.0,2500.0,False,False,False,True,V4_DEFAULT,COUNTERFACTUAL,LOSS,
P7,78,16,1,MAIN,150.0,320.0,1,2,2,ATTACK,18104.2,2,ATTACK,18904.2,0.0,False,2,ATTACK,0.0,0.0,0.0,800.0,False,False,False,True,V4_DEFAULT,COUNTERFACTUAL,LOSS,
P7,79,0,0,IS_FIRST,0.0,0.0,0,0,1,NO,5000.0,1,NO,5000.0,0.0,False,1,NO,0.0,0.0,0.0,0.0,False,False,False,False,V4_DEFAULT,NONE,WIN,
P7,79,1,0,SETUP_ACTIVE_POKEMON,0.0,0.0,0,0,0,CARD,10000.0,0,CARD,10000.0,0.0,False,0,CARD,0.0,0.0,0.0,0.0,False,False,False,False,V4_DEFAULT,NONE,WIN,
P7,79,3,0,DRAW_COUNT,0.0,0.0,0,0,1,NUMBER,1.0,1,NUMBER,1.0,0.0,False,1,NUMBER,0.0,0.0,0.0,0.0,False,False,False,False,V4_DEFAULT,NONE,WIN,
P7,79,4,0,SETUP_BENCH_POKEMON,0.0,0.0,0,0,0,CARD,10000.0,0,CARD,10000.0,0.0,False,0,CARD,0.0,0.0,0.0,0.0,False,False,False,False,V4_DEFAULT,NONE,WIN,
P7,79,7,0,MAIN,90.0,150.0,0,1,0,ATTACH,39000.0,0,ATTACH,41500.0,0.0,False,0,ATTACH,0.0,0.0,0.0,2500.0,False,False,False,True,V4_DEFAULT,COUNTERFACTUAL,WIN,
P7,79,8,0,MAIN,90.0,150.0,1,1,0,ATTACK,18104.4,0,ATTACK,18904.4,0.0,False,0,ATTACK,0.0,0.0,0.0,800.0,False,False,False,True,V4_DEFAULT,COUNTERFACTUAL,WIN,
P7,79,11,0,MAIN,90.0,140.0,1,2,6,EVOLVE,70500.0,6,EVOLVE,75500.0,0.0,False,6,EVOLVE,0.0,0.0,3000.0,2000.0,False,False,True,True,V4_DEFAULT,THREAT_MODEL+COUNTERFACTUAL,WIN,
P7,79,12,0,MAIN,350.0,140.0,1,2,0,ATTACH,39700.0,0,ATTACH,42200.0,0.0,False,0,ATTACH,0.0,0.0,0.0,2500.0,False,False,False,True,V4_DEFAULT,COUNTERFACTUAL,WIN,
P7,79,13,0,MAIN,350.0,140.0,2,2,0,ATTACK,18104.6,0,ATTACK,18904.6,0.0,False,0,ATTACK,0.0,0.0,0.0,800.0,False,False,False,True,V4_DEFAULT,COUNTERFACTUAL,WIN,
P7,79,14,0,TO_HAND,350.0,0.0,2,0,0,CARD,5000.0,0,CARD,5000.0,0.0,False,0,CARD,0.0,0.0,0.0,0.0,False,False,False,False,V4_DEFAULT,NONE,WIN,
P7,80,2,1,SETUP_ACTIVE_POKEMON,0.0,0.0,0,0,0,CARD,10000.0,0,CARD,10000.0,0.0,False,0,CARD,0.0,0.0,0.0,0.0,False,False,False,False,V4_DEFAULT,NONE,LOSS,
P7,80,5,1,MAIN,90.0,90.0,0,0,0,ATTACH,39000.0,0,ATTACH,41500.0,0.0,False,0,ATTACH,0.0,0.0,0.0,2500.0,False,False,False,True,V4_DEFAULT,COUNTERFACTUAL,LOSS,
P7,80,6,1,MAIN,90.0,90.0,1,0,0,END,0.0,0,END,0.0,0.0,False,0,END,0.0,0.0,0.0,0.0,False,False,False,False,V4_DEFAULT,NONE,LOSS,
P7,80,9,1,MAIN,80.0,90.0,1,1,1,ATTACH,39700.0,1,ATTACH,42200.0,0.0,False,1,ATTACH,0.0,0.0,0.0,2500.0,False,False,False,True,V4_DEFAULT,COUNTERFACTUAL,LOSS,
P7,80,10,1,MAIN,80.0,90.0,2,1,4,ATTACK,18104.5,4,ATTACK,18904.5,0.0,False,4,ATTACK,0.0,0.0,0.0,800.0,False,False,False,True,V4_DEFAULT,COUNTERFACTUAL,LOSS,
P7,80,13,1,MAIN,50.0,60.0,2,2,1,ATTACH,40400.0,1,ATTACH,42900.0,0.0,False,1,ATTACH,0.0,0.0,0.0,2500.0,False,False,False,True,V4_DEFAULT,COUNTERFACTUAL,LOSS,
P7,80,14,1,MAIN,50.0,60.0,3,2,4,ATTACK,18104.5,4,ATTACK,18904.5,0.0,False,4,ATTACK,0.0,0.0,0.0,800.0,False,False,False,True,V4_DEFAULT,COUNTERFACTUAL,LOSS,
P7,80,26,1,MAIN,50.0,350.0,3,0,1,ATTACH,41100.0,1,ATTACH,43600.0,0.0,False,1,ATTACH,0.0,0.0,0.0,2500.0,False,False,False,True,V4_DEFAULT,COUNTERFACTUAL,LOSS,
P7,80,27,1,MAIN,50.0,350.0,4,0,5,ATTACK,18104.5,5,ATTACK,18904.5,0.0,False,5,ATTACK,0.0,0.0,0.0,800.0,False,False,False,True,V4_DEFAULT,COUNTERFACTUAL,LOSS,
P7,81,0,0,IS_FIRST,0.0,0.0,0,0,1,NO,5000.0,1,NO,5000.0,0.0,False,1,NO,0.0,0.0,0.0,0.0,False,False,False,False,V4_DEFAULT,NONE,LOSS,
P7,81,2,0,SETUP_ACTIVE_POKEMON,0.0,0.0,0,0,0,CARD,10000.0,0,CARD,10000.0,0.0,False,0,CARD,0.0,0.0,0.0,0.0,False,False,False,False,V4_DEFAULT,NONE,LOSS,
P7,81,3,0,SETUP_BENCH_POKEMON,0.0,0.0,0,0,0,CARD,10000.0,0,CARD,10000.0,0.0,False,0,CARD,0.0,0.0,0.0,0.0,False,False,False,False,V4_DEFAULT,NONE,LOSS,
P7,81,9,0,MAIN,90.0,90.0,0,1,1,ATTACH,39000.0,1,ATTACH,41500.0,0.0,False,1,ATTACH,0.0,0.0,0.0,2500.0,False,False,False,True,V4_DEFAULT,COUNTERFACTUAL,LOSS,
P7,81,10,0,MAIN,90.0,90.0,1,1,2,ATTACK,18104.4,2,ATTACK,18904.4,0.0,False,2,ATTACK,0.0,0.0,0.0,800.0,False,False,False,True,V4_DEFAULT,COUNTERFACTUAL,LOSS,
P7,81,16,0,TO_ACTIVE,0.0,340.0,0,2,0,CARD,5000.0,0,CARD,5000.0,0.0,False,0,CARD,0.0,0.0,0.0,0.0,False,False,False,False,V4_DEFAULT,NONE,LOSS,
P7,81,17,0,MAIN,90.0,340.0,0,2,1,ATTACH,39000.0,1,ATTACH,41500.0,0.0,False,1,ATTACH,0.0,0.0,0.0,2500.0,False,False,False,True,V4_DEFAULT,COUNTERFACTUAL,LOSS,
P7,81,18,0,MAIN,90.0,340.0,1,2,3,ATTACK,18104.4,3,ATTACK,18904.4,0.0,False,3,ATTACK,0.0,0.0,0.0,800.0,False,False,False,True,V4_DEFAULT,COUNTERFACTUAL,LOSS,
P7,82,1,1,SETUP_ACTIVE_POKEMON,0.0,0.0,0,0,0,CARD,10000.0,0,CARD,10000.0,0.0,False,0,CARD,0.0,0.0,0.0,0.0,False,False,False,False,V4_DEFAULT,NONE,LOSS,
P7,82,3,1,MAIN,150.0,150.0,0,0,0,ATTACH,39000.0,0,ATTACH,41500.0,0.0,False,0,ATTACH,0.0,0.0,0.0,2500.0,False,False,False,True,V4_DEFAULT,COUNTERFACTUAL,LOSS,
P7,82,4,1,MAIN,150.0,150.0,1,0,0,PLAY,12000.0,0,PLAY,12000.0,0.0,False,0,PLAY,0.0,0.0,0.0,0.0,False,False,False,False,V4_DEFAULT,NONE,LOSS,
P7,82,5,1,TO_HAND,150.0,150.0,1,0,0,CARD,5000.0,0,CARD,5000.0,0.0,False,0,CARD,0.0,0.0,0.0,0.0,False,False,False,False,V4_DEFAULT,NONE,LOSS,
P7,82,6,1,MAIN,150.0,150.0,1,0,0,END,0.0,0,END,0.0,0.0,False,0,END,0.0,0.0,0.0,0.0,False,False,False,False,V4_DEFAULT,NONE,LOSS,
P7,82,9,1,MAIN,150.0,150.0,1,1,1,ATTACH,39700.0,1,ATTACH,42200.0,0.0,False,1,ATTACH,0.0,0.0,0.0,2500.0,False,False,False,True,V4_DEFAULT,COUNTERFACTUAL,LOSS,
P7,82,10,1,MAIN,150.0,150.0,2,1,2,ATTACH,40400.0,2,ATTACH,42900.0,0.0,False,2,ATTACH,0.0,0.0,0.0,2500.0,False,False,False,True,V4_DEFAULT,COUNTERFACTUAL,LOSS,
P7,82,11,1,MAIN,150.0,150.0,2,1,2,ATTACK,18104.2,2,ATTACK,18904.2,0.0,False,2,ATTACK,0.0,0.0,0.0,800.0,False,False,False,True,V4_DEFAULT,COUNTERFACTUAL,LOSS,
P7,82,14,1,MAIN,150.0,150.0,2,2,3,ATTACK,18104.2,3,ATTACK,18904.2,0.0,False,3,ATTACK,0.0,0.0,0.0,800.0,False,False,False,True,V4_DEFAULT,COUNTERFACTUAL,LOSS,
P7,82,19,1,MAIN,20.0,150.0,2,1,3,ATTACH,40400.0,3,ATTACH,42900.0,0.0,False,3,ATTACH,0.0,0.0,0.0,2500.0,False,False,False,True,V4_DEFAULT,COUNTERFACTUAL,LOSS,
P7,82,20,1,MAIN,20.0,150.0,3,1,4,ATTACK,18104.3,4,ATTACK,18904.3,0.0,False,4,ATTACK,0.0,0.0,0.0,800.0,False,False,False,True,V4_DEFAULT,COUNTERFACTUAL,LOSS,
P7,82,21,1,DISCARD_ENERGY,20.0,20.0,3,1,0,ENERGY,30000.0,0,ENERGY,30000.0,0.0,False,0,ENERGY,0.0,0.0,0.0,0.0,False,False,False,False,V4_DEFAULT,NONE,LOSS,
P7,82,22,1,DISCARD_ENERGY,20.0,20.0,2,1,0,ENERGY,30000.0,0,ENERGY,30000.0,0.0,False,0,ENERGY,0.0,0.0,0.0,0.0,False,False,False,False,V4_DEFAULT,NONE,LOSS,
P7,83,0,0,IS_FIRST,0.0,0.0,0,0,1,NO,5000.0,1,NO,5000.0,0.0,False,1,NO,0.0,0.0,0.0,0.0,False,False,False,False,V4_DEFAULT,NONE,LOSS,
P7,83,1,0,SETUP_ACTIVE_POKEMON,0.0,0.0,0,0,0,CARD,10000.0,0,CARD,10000.0,0.0,False,0,CARD,0.0,0.0,0.0,0.0,False,False,False,False,V4_DEFAULT,NONE,LOSS,
P7,83,3,0,DRAW_COUNT,0.0,0.0,0,0,1,NUMBER,1.0,1,NUMBER,1.0,0.0,False,1,NUMBER,0.0,0.0,0.0,0.0,False,False,False,False,V4_DEFAULT,NONE,LOSS,
P7,83,7,0,MAIN,90.0,90.0,0,1,1,ATTACH,39000.0,1,ATTACH,41500.0,0.0,False,1,ATTACH,0.0,0.0,0.0,2500.0,False,False,False,True,V4_DEFAULT,COUNTERFACTUAL,LOSS,
P7,83,8,0,MAIN,90.0,90.0,1,1,3,ATTACK,18104.4,3,ATTACK,18904.4,0.0,False,3,ATTACK,0.0,0.0,0.0,800.0,False,False,False,True,V4_DEFAULT,COUNTERFACTUAL,LOSS,
P7,84,1,1,SETUP_ACTIVE_POKEMON,0.0,0.0,0,0,0,CARD,10000.0,0,CARD,10000.0,0.0,False,0,CARD,0.0,0.0,0.0,0.0,False,False,False,False,V4_DEFAULT,NONE,WIN,
P7,84,3,1,DRAW_COUNT,0.0,0.0,0,0,5,NUMBER,5.0,5,NUMBER,5.0,0.0,False,5,NUMBER,0.0,0.0,0.0,0.0,False,False,False,False,V4_DEFAULT,NONE,WIN,
P7,84,4,1,SETUP_BENCH_POKEMON,0.0,0.0,0,0,0,CARD,10000.0,0,CARD,10000.0,0.0,False,0,CARD,0.0,0.0,0.0,0.0,False,False,False,False,V4_DEFAULT,NONE,WIN,
P7,84,5,1,MAIN,90.0,90.0,0,0,0,ATTACH,39000.0,0,ATTACH,41500.0,0.0,False,0,ATTACH,0.0,0.0,0.0,2500.0,False,False,False,True,V4_DEFAULT,COUNTERFACTUAL,WIN,
P7,84,6,1,MAIN,90.0,90.0,1,0,0,PLAY,12000.0,0,PLAY,12000.0,0.0,False,0,PLAY,0.0,0.0,0.0,0.0,False,False,False,False,V4_DEFAULT,NONE,WIN,
P7,84,7,1,TO_HAND,90.0,90.0,1,0,0,CARD,5000.0,0,CARD,5000.0,0.0,False,0,CARD,0.0,0.0,0.0,0.0,False,False,False,False,V4_DEFAULT,NONE,WIN,
P7,84,8,1,MAIN,90.0,90.0,1,0,0,END,0.0,0,END,0.0,0.0,False,0,END,0.0,0.0,0.0,0.0,False,False,False,False,V4_DEFAULT,NONE,WIN,
P7,84,11,1,MAIN,80.0,90.0,1,1,5,EVOLVE,70500.0,5,EVOLVE,72500.0,0.0,False,5,EVOLVE,0.0,0.0,0.0,2000.0,False,False,False,True,V4_DEFAULT,COUNTERFACTUAL,WIN,
P7,84,12,1,MAIN,340.0,90.0,1,1,13,EVOLVE,70000.0,13,EVOLVE,72000.0,0.0,False,13,EVOLVE,0.0,0.0,0.0,2000.0,False,False,False,True,V4_DEFAULT,COUNTERFACTUAL,WIN,
P7,84,13,1,MAIN,340.0,90.0,1,1,0,ATTACH,39700.0,0,ATTACH,42200.0,0.0,False,0,ATTACH,0.0,0.0,0.0,2500.0,False,False,False,True,V4_DEFAULT,COUNTERFACTUAL,WIN,
P7,84,14,1,MAIN,340.0,90.0,2,1,3,ATTACK,18104.6,3,ATTACK,18904.6,0.0,False,3,ATTACK,0.0,0.0,0.0,800.0,False,False,False,True,V4_DEFAULT,COUNTERFACTUAL,WIN,
P7,84,15,1,TO_HAND,340.0,0.0,2,0,0,CARD,5000.0,0,CARD,5000.0,0.0,False,0,CARD,0.0,0.0,0.0,0.0,False,False,False,False,V4_DEFAULT,NONE,WIN,
P7,85,0,0,IS_FIRST,0.0,0.0,0,0,1,NO,5000.0,1,NO,5000.0,0.0,False,1,NO,0.0,0.0,0.0,0.0,False,False,False,False,V4_DEFAULT,NONE,LOSS,
P7,85,1,0,SETUP_ACTIVE_POKEMON,0.0,0.0,0,0,0,CARD,10000.0,0,CARD,10000.0,0.0,False,0,CARD,0.0,0.0,0.0,0.0,False,False,False,False,V4_DEFAULT,NONE,LOSS,
P7,85,3,0,DRAW_COUNT,0.0,0.0,0,0,1,NUMBER,1.0,1,NUMBER,1.0,0.0,False,1,NUMBER,0.0,0.0,0.0,0.0,False,False,False,False,V4_DEFAULT,NONE,LOSS,
P7,85,8,0,MAIN,90.0,90.0,0,1,1,ATTACH,39000.0,1,ATTACH,41500.0,0.0,False,1,ATTACH,0.0,0.0,0.0,2500.0,False,False,False,True,V4_DEFAULT,COUNTERFACTUAL,LOSS,
P7,85,9,0,MAIN,90.0,90.0,1,1,1,ATTACK,18104.4,1,ATTACK,18904.4,0.0,False,1,ATTACK,0.0,0.0,0.0,800.0,False,False,False,True,V4_DEFAULT,COUNTERFACTUAL,LOSS,
P7,86,1,1,SETUP_ACTIVE_POKEMON,0.0,0.0,0,0,0,CARD,10000.0,0,CARD,10000.0,0.0,False,0,CARD,0.0,0.0,0.0,0.0,False,False,False,False,V4_DEFAULT,NONE,WIN,
P7,86,3,1,MAIN,90.0,90.0,0,0,0,ATTACH,39000.0,0,ATTACH,41500.0,0.0,False,0,ATTACH,0.0,0.0,0.0,2500.0,False,False,False,True,V4_DEFAULT,COUNTERFACTUAL,WIN,
P7,86,4,1,MAIN,90.0,90.0,1,0,0,PLAY,12000.0,0,PLAY,12000.0,0.0,False,0,PLAY,0.0,0.0,0.0,0.0,False,False,False,False,V4_DEFAULT,NONE,WIN,
P7,86,5,1,TO_HAND,90.0,90.0,1,0,0,CARD,1000.0,0,CARD,1000.0,0.0,False,0,CARD,0.0,0.0,0.0,0.0,False,False,False,False,V4_DEFAULT,NONE,WIN,
P7,86,6,1,MAIN,90.0,90.0,1,0,0,END,0.0,0,END,0.0,0.0,False,0,END,0.0,0.0,0.0,0.0,False,False,False,False,V4_DEFAULT,NONE,WIN,
P7,86,9,1,MAIN,80.0,90.0,1,1,5,EVOLVE,70500.0,5,EVOLVE,72500.0,0.0,False,5,EVOLVE,0.0,0.0,0.0,2000.0,False,False,False,True,V4_DEFAULT,COUNTERFACTUAL,WIN,
P7,86,10,1,MAIN,340.0,90.0,1,1,0,ATTACH,39700.0,0,ATTACH,42200.0,0.0,False,0,ATTACH,0.0,0.0,0.0,2500.0,False,False,False,True,V4_DEFAULT,COUNTERFACTUAL,WIN,
P7,86,11,1,MAIN,340.0,90.0,2,1,2,ATTACK,18104.6,2,ATTACK,18904.6,0.0,False,2,ATTACK,0.0,0.0,0.0,800.0,False,False,False,True,V4_DEFAULT,COUNTERFACTUAL,WIN,
P7,86,12,1,TO_HAND,340.0,0.0,2,0,0,CARD,5000.0,0,CARD,5000.0,0.0,False,0,CARD,0.0,0.0,0.0,0.0,False,False,False,False,V4_DEFAULT,NONE,WIN,
P7,87,0,0,IS_FIRST,0.0,0.0,0,0,1,NO,5000.0,1,NO,5000.0,0.0,False,1,NO,0.0,0.0,0.0,0.0,False,False,False,False,V4_DEFAULT,NONE,LOSS,
P7,87,2,0,SETUP_ACTIVE_POKEMON,0.0,0.0,0,0,0,CARD,10000.0,0,CARD,10000.0,0.0,False,0,CARD,0.0,0.0,0.0,0.0,False,False,False,False,V4_DEFAULT,NONE,LOSS,
P7,87,9,0,MAIN,90.0,150.0,0,1,0,ATTACH,39000.0,0,ATTACH,41500.0,0.0,False,0,ATTACH,0.0,0.0,0.0,2500.0,False,False,False,True,V4_DEFAULT,COUNTERFACTUAL,LOSS,
P7,87,10,0,MAIN,90.0,150.0,1,1,3,ATTACK,18104.4,3,ATTACK,18904.4,0.0,False,3,ATTACK,0.0,0.0,0.0,800.0,False,False,False,True,V4_DEFAULT,COUNTERFACTUAL,LOSS,
P7,87,14,0,MAIN,90.0,140.0,1,2,1,ATTACH,39700.0,1,ATTACH,42200.0,0.0,False,1,ATTACH,0.0,0.0,0.0,2500.0,False,False,False,True,V4_DEFAULT,COUNTERFACTUAL,LOSS,
P7,87,15,0,MAIN,90.0,140.0,2,2,4,ATTACK,18104.5,4,ATTACK,18904.5,0.0,False,4,ATTACK,0.0,0.0,0.0,800.0,False,False,False,True,V4_DEFAULT,COUNTERFACTUAL,LOSS,
P7,88,1,1,SETUP_ACTIVE_POKEMON,0.0,0.0,0,0,0,CARD,10000.0,0,CARD,10000.0,0.0,False,0,CARD,0.0,0.0,0.0,0.0,False,False,False,False,V4_DEFAULT,NONE,WIN,
P7,88,3,1,SETUP_BENCH_POKEMON,0.0,0.0,0,0,0,CARD,10000.0,0,CARD,10000.0,0.0,False,0,CARD,0.0,0.0,0.0,0.0,False,False,False,False,V4_DEFAULT,NONE,WIN,
P7,88,4,1,MAIN,90.0,90.0,0,0,0,ATTACH,39000.0,0,ATTACH,41500.0,0.0,False,0,ATTACH,0.0,0.0,0.0,2500.0,False,False,False,True,V4_DEFAULT,COUNTERFACTUAL,WIN,
P7,88,5,1,MAIN,90.0,90.0,1,0,0,END,0.0,0,END,0.0,0.0,False,0,END,0.0,0.0,0.0,0.0,False,False,False,False,V4_DEFAULT,NONE,WIN,
P7,88,8,1,MAIN,80.0,90.0,1,1,9,EVOLVE,70500.0,9,EVOLVE,72500.0,0.0,False,9,EVOLVE,0.0,0.0,0.0,2000.0,False,False,False,True,V4_DEFAULT,COUNTERFACTUAL,WIN,
P7,88,9,1,MAIN,340.0,90.0,1,1,1,ATTACH,39700.0,1,ATTACH,42200.0,0.0,False,1,ATTACH,0.0,0.0,0.0,2500.0,False,False,False,True,V4_DEFAULT,COUNTERFACTUAL,WIN,
P7,88,10,1,MAIN,340.0,90.0,2,1,1,ATTACK,18104.6,1,ATTACK,18904.6,0.0,False,1,ATTACK,0.0,0.0,0.0,800.0,False,False,False,True,V4_DEFAULT,COUNTERFACTUAL,WIN,
P7,88,11,1,TO_HAND,340.0,0.0,2,0,0,CARD,5000.0,0,CARD,5000.0,0.0,False,0,CARD,0.0,0.0,0.0,0.0,False,False,False,False,V4_DEFAULT,NONE,WIN,
P7,89,0,0,IS_FIRST,0.0,0.0,0,0,1,NO,5000.0,1,NO,5000.0,0.0,False,1,NO,0.0,0.0,0.0,0.0,False,False,False,False,V4_DEFAULT,NONE,LOSS,
P7,89,2,0,SETUP_ACTIVE_POKEMON,0.0,0.0,0,0,0,CARD,10000.0,0,CARD,10000.0,0.0,False,0,CARD,0.0,0.0,0.0,0.0,False,False,False,False,V4_DEFAULT,NONE,LOSS,
P7,89,10,0,MAIN,90.0,90.0,0,1,0,ATTACH,39000.0,0,ATTACH,41500.0,0.0,False,0,ATTACH,0.0,0.0,0.0,2500.0,False,False,False,True,V4_DEFAULT,COUNTERFACTUAL,LOSS,
P7,89,11,0,MAIN,90.0,90.0,1,1,5,ATTACK,18104.4,5,ATTACK,18904.4,0.0,False,5,ATTACK,0.0,0.0,0.0,800.0,False,False,False,True,V4_DEFAULT,COUNTERFACTUAL,LOSS,
P7,90,2,1,SETUP_ACTIVE_POKEMON,0.0,0.0,0,0,0,CARD,10000.0,0,CARD,10000.0,0.0,False,0,CARD,0.0,0.0,0.0,0.0,False,False,False,False,V4_DEFAULT,NONE,LOSS,
P7,90,4,1,MAIN,90.0,150.0,0,0,0,ATTACH,39000.0,0,ATTACH,41500.0,0.0,False,0,ATTACH,0.0,0.0,0.0,2500.0,False,False,False,True,V4_DEFAULT,COUNTERFACTUAL,LOSS,
P7,90,5,1,MAIN,90.0,150.0,1,0,0,PLAY,12000.0,0,PLAY,12000.0,0.0,False,0,PLAY,0.0,0.0,0.0,0.0,False,False,False,False,V4_DEFAULT,NONE,LOSS,
P7,90,6,1,MAIN,90.0,150.0,1,0,0,END,0.0,0,END,0.0,0.0,False,0,END,0.0,0.0,0.0,0.0,False,False,False,False,V4_DEFAULT,NONE,LOSS,
P7,90,9,1,MAIN,90.0,150.0,1,1,0,ATTACH,39700.0,0,ATTACH,42200.0,0.0,False,0,ATTACH,0.0,0.0,0.0,2500.0,False,False,False,True,V4_DEFAULT,COUNTERFACTUAL,LOSS,
P7,90,10,1,MAIN,90.0,150.0,2,1,1,ATTACK,18104.5,1,ATTACK,18904.5,0.0,False,1,ATTACK,0.0,0.0,0.0,800.0,False,False,False,True,V4_DEFAULT,COUNTERFACTUAL,LOSS,
P7,90,13,1,MAIN,90.0,120.0,2,2,0,ATTACH,40400.0,0,ATTACH,42900.0,0.0,False,0,ATTACH,0.0,0.0,0.0,2500.0,False,False,False,True,V4_DEFAULT,COUNTERFACTUAL,LOSS,
P7,90,14,1,MAIN,90.0,120.0,3,2,0,ATTACH,41100.0,1,ATTACH,40000.0,400.0,True,1,ATTACH,0.0,0.0,2000.0,3000.0,False,False,True,True,COUNTERFACTUAL,THREAT_MODEL+COUNTERFACTUAL,LOSS,False
P7,90,15,1,MAIN,90.0,120.0,3,2,1,ATTACK,18104.5,1,ATTACK,18904.5,0.0,False,1,ATTACK,0.0,0.0,0.0,800.0,False,False,False,True,V4_DEFAULT,COUNTERFACTUAL,LOSS,
P7,90,21,1,TO_ACTIVE,0.0,90.0,0,1,0,CARD,5000.0,0,CARD,5000.0,0.0,False,0,CARD,0.0,0.0,0.0,0.0,False,False,False,False,V4_DEFAULT,NONE,LOSS,
P7,90,22,1,MAIN,90.0,90.0,0,1,0,ATTACH,39000.0,0,ATTACH,41500.0,0.0,False,0,ATTACH,0.0,0.0,0.0,2500.0,False,False,False,True,V4_DEFAULT,COUNTERFACTUAL,LOSS,
P7,90,23,1,MAIN,90.0,90.0,1,1,0,ATTACK,18104.4,0,ATTACK,18904.4,0.0,False,0,ATTACK,0.0,0.0,0.0,800.0,False,False,False,True,V4_DEFAULT,COUNTERFACTUAL,LOSS,
P7,90,27,1,MAIN,50.0,80.0,1,2,0,ATTACH,39700.0,0,ATTACH,42200.0,0.0,False,0,ATTACH,0.0,0.0,0.0,2500.0,False,False,False,True,V4_DEFAULT,COUNTERFACTUAL,LOSS,
P7,90,28,1,MAIN,50.0,80.0,2,2,1,ATTACK,18104.5,1,ATTACK,18904.5,0.0,False,1,ATTACK,0.0,0.0,0.0,800.0,False,False,False,True,V4_DEFAULT,COUNTERFACTUAL,LOSS,
P7,91,0,0,IS_FIRST,0.0,0.0,0,0,1,NO,5000.0,1,NO,5000.0,0.0,False,1,NO,0.0,0.0,0.0,0.0,False,False,False,False,V4_DEFAULT,NONE,LOSS,
P7,91,1,0,SETUP_ACTIVE_POKEMON,0.0,0.0,0,0,0,CARD,10000.0,0,CARD,10000.0,0.0,False,0,CARD,0.0,0.0,0.0,0.0,False,False,False,False,V4_DEFAULT,NONE,LOSS,
P7,91,3,0,DRAW_COUNT,0.0,0.0,0,0,1,NUMBER,1.0,1,NUMBER,1.0,0.0,False,1,NUMBER,0.0,0.0,0.0,0.0,False,False,False,False,V4_DEFAULT,NONE,LOSS,
P7,91,6,0,MAIN,150.0,90.0,0,1,0,ATTACH,39000.0,0,ATTACH,41500.0,0.0,False,0,ATTACH,0.0,0.0,0.0,2500.0,False,False,False,True,V4_DEFAULT,COUNTERFACTUAL,LOSS,
P7,91,7,0,MAIN,150.0,90.0,1,1,3,ATTACK,18104.2,3,ATTACK,18904.2,0.0,False,3,ATTACK,0.0,0.0,0.0,800.0,False,False,False,True,V4_DEFAULT,COUNTERFACTUAL,LOSS,
P7,92,2,1,SETUP_ACTIVE_POKEMON,0.0,0.0,0,0,0,CARD,10000.0,0,CARD,10000.0,0.0,False,0,CARD,0.0,0.0,0.0,0.0,False,False,False,False,V4_DEFAULT,NONE,WIN,
P7,92,4,1,MAIN,90.0,90.0,0,0,0,ATTACH,39000.0,0,ATTACH,41500.0,0.0,False,0,ATTACH,0.0,0.0,0.0,2500.0,False,False,False,True,V4_DEFAULT,COUNTERFACTUAL,WIN,
P7,92,5,1,MAIN,90.0,90.0,1,0,0,ATTACH,39700.0,0,ATTACH,42200.0,0.0,False,0,ATTACH,0.0,0.0,0.0,2500.0,False,False,False,True,V4_DEFAULT,COUNTERFACTUAL,WIN,
P7,92,6,1,MAIN,90.0,90.0,1,0,0,END,0.0,0,END,0.0,0.0,False,0,END,0.0,0.0,0.0,0.0,False,False,False,False,V4_DEFAULT,NONE,WIN,
P7,92,9,1,MAIN,80.0,90.0,1,1,1,ATTACH,39700.0,1,ATTACH,42200.0,0.0,False,1,ATTACH,0.0,0.0,0.0,2500.0,False,False,False,True,V4_DEFAULT,COUNTERFACTUAL,WIN,
P7,92,10,1,MAIN,80.0,90.0,2,1,3,ATTACK,18104.5,3,ATTACK,18904.5,0.0,False,3,ATTACK,0.0,0.0,0.0,800.0,False,False,False,True,V4_DEFAULT,COUNTERFACTUAL,WIN,
P7,92,13,1,MAIN,50.0,60.0,2,2,1,ATTACH,40400.0,1,ATTACH,42900.0,0.0,False,1,ATTACH,0.0,0.0,0.0,2500.0,False,False,False,True,V4_DEFAULT,COUNTERFACTUAL,WIN,
P7,92,14,1,MAIN,50.0,60.0,3,2,4,ATTACK,18104.5,4,ATTACK,18904.5,0.0,False,4,ATTACK,0.0,0.0,0.0,800.0,False,False,False,True,V4_DEFAULT,COUNTERFACTUAL,WIN,
P7,92,17,1,MAIN,20.0,30.0,3,3,1,ATTACH,41100.0,7,ATTACK,73104.5,29504.5,True,7,ATTACK,50000.0,0.0,0.0,5000.0,True,False,False,True,KO_GUARANTEE,KO_GUARANTEE+COUNTERFACTUAL,WIN,True
P7,92,18,1,TO_HAND,20.0,0.0,3,0,0,CARD,5000.0,0,CARD,5000.0,0.0,False,0,CARD,0.0,0.0,0.0,0.0,False,False,False,False,V4_DEFAULT,NONE,WIN,
P7,93,0,0,IS_FIRST,0.0,0.0,0,0,1,NO,5000.0,1,NO,5000.0,0.0,False,1,NO,0.0,0.0,0.0,0.0,False,False,False,False,V4_DEFAULT,NONE,LOSS,
P7,93,1,0,SETUP_ACTIVE_POKEMON,0.0,0.0,0,0,0,CARD,10000.0,0,CARD,10000.0,0.0,False,0,CARD,0.0,0.0,0.0,0.0,False,False,False,False,V4_DEFAULT,NONE,LOSS,
P7,93,3,0,DRAW_COUNT,0.0,0.0,0,0,1,NUMBER,1.0,1,NUMBER,1.0,0.0,False,1,NUMBER,0.0,0.0,0.0,0.0,False,False,False,False,V4_DEFAULT,NONE,LOSS,
P7,93,8,0,MAIN,90.0,90.0,0,1,0,ATTACH,39000.0,0,ATTACH,41500.0,0.0,False,0,ATTACH,0.0,0.0,0.0,2500.0,False,False,False,True,V4_DEFAULT,COUNTERFACTUAL,LOSS,
P7,93,9,0,MAIN,90.0,90.0,1,1,2,ATTACK,18104.4,2,ATTACK,18904.4,0.0,False,2,ATTACK,0.0,0.0,0.0,800.0,False,False,False,True,V4_DEFAULT,COUNTERFACTUAL,LOSS,
P7,94,1,1,SETUP_ACTIVE_POKEMON,0.0,0.0,0,0,0,CARD,10000.0,0,CARD,10000.0,0.0,False,0,CARD,0.0,0.0,0.0,0.0,False,False,False,False,V4_DEFAULT,NONE,WIN,
P7,94,3,1,MAIN,90.0,90.0,0,0,1,ATTACH,39000.0,1,ATTACH,41500.0,0.0,False,1,ATTACH,0.0,0.0,0.0,2500.0,False,False,False,True,V4_DEFAULT,COUNTERFACTUAL,WIN,
P7,94,4,1,MAIN,90.0,90.0,1,0,0,PLAY,12000.0,0,PLAY,12000.0,0.0,False,0,PLAY,0.0,0.0,0.0,0.0,False,False,False,False,V4_DEFAULT,NONE,WIN,
P7,94,5,1,TO_HAND,90.0,90.0,1,0,0,CARD,1000.0,0,CARD,1000.0,0.0,False,0,CARD,0.0,0.0,0.0,0.0,False,False,False,False,V4_DEFAULT,NONE,WIN,
P7,94,6,1,MAIN,90.0,90.0,1,0,0,END,0.0,0,END,0.0,0.0,False,0,END,0.0,0.0,0.0,0.0,False,False,False,False,V4_DEFAULT,NONE,WIN,
P7,94,9,1,MAIN,80.0,90.0,1,1,5,EVOLVE,70500.0,5,EVOLVE,72500.0,0.0,False,5,EVOLVE,0.0,0.0,0.0,2000.0,False,False,False,True,V4_DEFAULT,COUNTERFACTUAL,WIN,
P7,94,10,1,MAIN,340.0,90.0,1,1,0,ATTACH,39700.0,0,ATTACH,42200.0,0.0,False,0,ATTACH,0.0,0.0,0.0,2500.0,False,False,False,True,V4_DEFAULT,COUNTERFACTUAL,WIN,
P7,94,11,1,MAIN,340.0,90.0,2,1,2,ATTACK,18104.6,2,ATTACK,18904.6,0.0,False,2,ATTACK,0.0,0.0,0.0,800.0,False,False,False,True,V4_DEFAULT,COUNTERFACTUAL,WIN,
P7,94,12,1,TO_HAND,340.0,0.0,2,0,0,CARD,5000.0,0,CARD,5000.0,0.0,False,0,CARD,0.0,0.0,0.0,0.0,False,False,False,False,V4_DEFAULT,NONE,WIN,
P7,95,0,0,IS_FIRST,0.0,0.0,0,0,1,NO,5000.0,1,NO,5000.0,0.0,False,1,NO,0.0,0.0,0.0,0.0,False,False,False,False,V4_DEFAULT,NONE,LOSS,
P7,95,1,0,SETUP_ACTIVE_POKEMON,0.0,0.0,0,0,0,CARD,10000.0,0,CARD,10000.0,0.0,False,0,CARD,0.0,0.0,0.0,0.0,False,False,False,False,V4_DEFAULT,NONE,LOSS,
P7,95,3,0,DRAW_COUNT,0.0,0.0,0,0,2,NUMBER,2.0,2,NUMBER,2.0,0.0,False,2,NUMBER,0.0,0.0,0.0,0.0,False,False,False,False,V4_DEFAULT,NONE,LOSS,
P7,95,5,0,SETUP_BENCH_POKEMON,0.0,0.0,0,0,0,CARD,10000.0,0,CARD,10000.0,0.0,False,0,CARD,0.0,0.0,0.0,0.0,False,False,False,False,V4_DEFAULT,NONE,LOSS,
P7,95,10,0,MAIN,150.0,90.0,0,1,0,ATTACH,39000.0,0,ATTACH,41500.0,0.0,False,0,ATTACH,0.0,0.0,0.0,2500.0,False,False,False,True,V4_DEFAULT,COUNTERFACTUAL,LOSS,
P7,95,11,0,MAIN,150.0,90.0,1,1,1,ATTACK,18104.2,1,ATTACK,18904.2,0.0,False,1,ATTACK,0.0,0.0,0.0,800.0,False,False,False,True,V4_DEFAULT,COUNTERFACTUAL,LOSS,
P7,95,16,0,TO_ACTIVE,0.0,350.0,0,2,0,CARD,5000.0,0,CARD,5000.0,0.0,False,0,CARD,0.0,0.0,0.0,0.0,False,False,False,False,V4_DEFAULT,NONE,LOSS,
P7,95,17,0,MAIN,90.0,350.0,0,2,5,EVOLVE,70000.0,5,EVOLVE,75000.0,0.0,False,5,EVOLVE,0.0,0.0,3000.0,2000.0,False,False,True,True,V4_DEFAULT,THREAT_MODEL+COUNTERFACTUAL,LOSS,
P7,95,18,0,MAIN,350.0,350.0,0,2,0,ATTACH,39000.0,0,ATTACH,41500.0,0.0,False,0,ATTACH,0.0,0.0,0.0,2500.0,False,False,False,True,V4_DEFAULT,COUNTERFACTUAL,LOSS,
P7,95,19,0,MAIN,350.0,350.0,1,2,0,PLAY,12000.0,0,PLAY,12000.0,0.0,False,0,PLAY,0.0,0.0,0.0,0.0,False,False,False,False,V4_DEFAULT,NONE,LOSS,
P7,95,20,0,TO_HAND,350.0,350.0,1,2,0,CARD,1000.0,0,CARD,1000.0,0.0,False,0,CARD,0.0,0.0,0.0,0.0,False,False,False,False,V4_DEFAULT,NONE,LOSS,
P7,95,21,0,MAIN,350.0,350.0,1,2,0,PLAY,12000.0,0,PLAY,12000.0,0.0,False,0,PLAY,0.0,0.0,0.0,0.0,False,False,False,False,V4_DEFAULT,NONE,LOSS,
P7,95,22,0,TO_HAND,350.0,350.0,1,2,0,CARD,1000.0,0,CARD,1000.0,0.0,False,0,CARD,0.0,0.0,0.0,0.0,False,False,False,False,V4_DEFAULT,NONE,LOSS,
P7,95,23,0,MAIN,350.0,350.0,1,2,0,END,0.0,0,END,0.0,0.0,False,0,END,0.0,0.0,0.0,0.0,False,False,False,False,V4_DEFAULT,NONE,LOSS,
P7,95,26,0,MAIN,150.0,350.0,1,3,0,ATTACH,39700.0,0,ATTACH,42200.0,0.0,False,0,ATTACH,0.0,0.0,0.0,2500.0,False,False,False,True,V4_DEFAULT,COUNTERFACTUAL,LOSS,
P7,95,27,0,MAIN,150.0,350.0,2,3,0,ATTACK,18104.6,0,ATTACK,18904.6,0.0,False,0,ATTACK,0.0,0.0,0.0,800.0,False,False,False,True,V4_DEFAULT,COUNTERFACTUAL,LOSS,
P7,95,38,0,MAIN,150.0,150.0,2,0,0,ATTACH,40400.0,0,ATTACH,42900.0,0.0,False,0,ATTACH,0.0,0.0,0.0,2500.0,False,False,False,True,V4_DEFAULT,COUNTERFACTUAL,LOSS,
P7,95,39,0,MAIN,150.0,150.0,3,0,1,ATTACK,18104.7,1,ATTACK,18904.7,0.0,False,1,ATTACK,0.0,0.0,0.0,800.0,False,False,False,True,V4_DEFAULT,COUNTERFACTUAL,LOSS,
P7,95,40,0,TO_HAND,150.0,0.0,3,0,2,CARD,10000.0,2,CARD,10000.0,0.0,False,2,CARD,0.0,0.0,0.0,0.0,False,False,False,False,V4_DEFAULT,NONE,LOSS,
P7,96,1,1,SETUP_ACTIVE_POKEMON,0.0,0.0,0,0,0,CARD,10000.0,0,CARD,10000.0,0.0,False,0,CARD,0.0,0.0,0.0,0.0,False,False,False,False,V4_DEFAULT,NONE,WIN,
P7,96,3,1,MAIN,90.0,90.0,0,0,0,ATTACH,39000.0,0,ATTACH,41500.0,0.0,False,0,ATTACH,0.0,0.0,0.0,2500.0,False,False,False,True,V4_DEFAULT,COUNTERFACTUAL,WIN,
P7,96,4,1,MAIN,90.0,90.0,1,0,0,ATTACH,39700.0,0,ATTACH,42200.0,0.0,False,0,ATTACH,0.0,0.0,0.0,2500.0,False,False,False,True,V4_DEFAULT,COUNTERFACTUAL,WIN,
P7,96,5,1,MAIN,90.0,90.0,1,0,0,PLAY,12000.0,0,PLAY,12000.0,0.0,False,0,PLAY,0.0,0.0,0.0,0.0,False,False,False,False,V4_DEFAULT,NONE,WIN,
P7,96,6,1,TO_HAND,90.0,90.0,1,0,0,CARD,5000.0,0,CARD,5000.0,0.0,False,0,CARD,0.0,0.0,0.0,0.0,False,False,False,False,V4_DEFAULT,NONE,WIN,
P7,96,7,1,MAIN,90.0,90.0,1,0,0,PLAY,12000.0,0,PLAY,12000.0,0.0,False,0,PLAY,0.0,0.0,0.0,0.0,False,False,False,False,V4_DEFAULT,NONE,WIN,
P7,96,8,1,MAIN,90.0,90.0,1,0,0,END,0.0,0,END,0.0,0.0,False,0,END,0.0,0.0,0.0,0.0,False,False,False,False,V4_DEFAULT,NONE,WIN,
P7,96,11,1,MAIN,80.0,90.0,1,1,5,EVOLVE,70500.0,5,EVOLVE,72500.0,0.0,False,5,EVOLVE,0.0,0.0,0.0,2000.0,False,False,False,True,V4_DEFAULT,COUNTERFACTUAL,WIN,
P7,96,12,1,MAIN,340.0,90.0,1,1,5,EVOLVE,70000.0,5,EVOLVE,72000.0,0.0,False,5,EVOLVE,0.0,0.0,0.0,2000.0,False,False,False,True,V4_DEFAULT,COUNTERFACTUAL,WIN,
P7,96,13,1,MAIN,340.0,90.0,1,1,1,ATTACH,39700.0,1,ATTACH,42200.0,0.0,False,1,ATTACH,0.0,0.0,0.0,2500.0,False,False,False,True,V4_DEFAULT,COUNTERFACTUAL,WIN,
P7,96,14,1,MAIN,340.0,90.0,2,1,1,ATTACK,18104.6,1,ATTACK,18904.6,0.0,False,1,ATTACK,0.0,0.0,0.0,800.0,False,False,False,True,V4_DEFAULT,COUNTERFACTUAL,WIN,
P7,96,15,1,TO_HAND,340.0,0.0,2,0,0,CARD,5000.0,0,CARD,5000.0,0.0,False,0,CARD,0.0,0.0,0.0,0.0,False,False,False,False,V4_DEFAULT,NONE,WIN,
P7,97,0,0,IS_FIRST,0.0,0.0,0,0,1,NO,5000.0,1,NO,5000.0,0.0,False,1,NO,0.0,0.0,0.0,0.0,False,False,False,False,V4_DEFAULT,NONE,LOSS,
P7,97,2,0,SETUP_ACTIVE_POKEMON,0.0,0.0,0,0,0,CARD,10000.0,0,CARD,10000.0,0.0,False,0,CARD,0.0,0.0,0.0,0.0,False,False,False,False,V4_DEFAULT,NONE,LOSS,
P7,97,9,0,MAIN,90.0,90.0,0,1,0,ATTACH,39000.0,0,ATTACH,41500.0,0.0,False,0,ATTACH,0.0,0.0,0.0,2500.0,False,False,False,True,V4_DEFAULT,COUNTERFACTUAL,LOSS,
P7,97,10,0,MAIN,90.0,90.0,1,1,3,ATTACK,18104.4,3,ATTACK,18904.4,0.0,False,3,ATTACK,0.0,0.0,0.0,800.0,False,False,False,True,V4_DEFAULT,COUNTERFACTUAL,LOSS,
P7,98,1,1,SETUP_ACTIVE_POKEMON,0.0,0.0,0,0,0,CARD,10000.0,0,CARD,10000.0,0.0,False,0,CARD,0.0,0.0,0.0,0.0,False,False,False,False,V4_DEFAULT,NONE,LOSS,
P7,98,3,1,DRAW_COUNT,0.0,0.0,0,0,2,NUMBER,2.0,2,NUMBER,2.0,0.0,False,2,NUMBER,0.0,0.0,0.0,0.0,False,False,False,False,V4_DEFAULT,NONE,LOSS,
P7,98,5,1,MAIN,150.0,90.0,0,0,0,ATTACH,39000.0,0,ATTACH,41500.0,0.0,False,0,ATTACH,0.0,0.0,0.0,2500.0,False,False,False,True,V4_DEFAULT,COUNTERFACTUAL,LOSS,
P7,98,6,1,MAIN,150.0,90.0,1,0,0,PLAY,12000.0,0,PLAY,12000.0,0.0,False,0,PLAY,0.0,0.0,0.0,0.0,False,False,False,False,V4_DEFAULT,NONE,LOSS,
P7,98,7,1,TO_HAND,150.0,90.0,1,0,0,CARD,5000.0,0,CARD,5000.0,0.0,False,0,CARD,0.0,0.0,0.0,0.0,False,False,False,False,V4_DEFAULT,NONE,LOSS,
P7,98,8,1,MAIN,150.0,90.0,1,0,0,END,0.0,0,END,0.0,0.0,False,0,END,0.0,0.0,0.0,0.0,False,False,False,False,V4_DEFAULT,NONE,LOSS,
P7,98,11,1,MAIN,140.0,90.0,1,1,1,ATTACH,39700.0,1,ATTACH,42200.0,0.0,False,1,ATTACH,0.0,0.0,0.0,2500.0,False,False,False,True,V4_DEFAULT,COUNTERFACTUAL,LOSS,
P7,98,12,1,MAIN,140.0,90.0,2,1,2,ATTACK,18104.2,2,ATTACK,18904.2,0.0,False,2,ATTACK,0.0,0.0,0.0,800.0,False,False,False,True,V4_DEFAULT,COUNTERFACTUAL,LOSS,
P7,99,0,0,IS_FIRST,0.0,0.0,0,0,1,NO,5000.0,1,NO,5000.0,0.0,False,1,NO,0.0,0.0,0.0,0.0,False,False,False,False,V4_DEFAULT,NONE,LOSS,
P7,99,2,0,SETUP_ACTIVE_POKEMON,0.0,0.0,0,0,0,CARD,10000.0,0,CARD,10000.0,0.0,False,0,CARD,0.0,0.0,0.0,0.0,False,False,False,False,V4_DEFAULT,NONE,LOSS,
P7,99,7,0,MAIN,150.0,150.0,0,1,0,ATTACH,39000.0,0,ATTACH,41500.0,0.0,False,0,ATTACH,0.0,0.0,0.0,2500.0,False,False,False,True,V4_DEFAULT,COUNTERFACTUAL,LOSS,
P7,99,8,0,MAIN,150.0,150.0,1,1,2,ATTACK,18104.2,2,ATTACK,18904.2,0.0,False,2,ATTACK,0.0,0.0,0.0,800.0,False,False,False,True,V4_DEFAULT,COUNTERFACTUAL,LOSS,
P7,99,11,0,MAIN,150.0,150.0,1,2,1,ATTACH,39700.0,1,ATTACH,42200.0,0.0,False,1,ATTACH,0.0,0.0,0.0,2500.0,False,False,False,True,V4_DEFAULT,COUNTERFACTUAL,LOSS,
P7,99,12,0,MAIN,150.0,150.0,2,2,2,ATTACK,18104.2,2,ATTACK,18904.2,0.0,False,2,ATTACK,0.0,0.0,0.0,800.0,False,False,False,True,V4_DEFAULT,COUNTERFACTUAL,LOSS,
P7,99,17,0,MAIN,20.0,150.0,2,1,1,ATTACH,40400.0,1,ATTACH,42900.0,0.0,False,1,ATTACH,0.0,0.0,0.0,2500.0,False,False,False,True,V4_DEFAULT,COUNTERFACTUAL,LOSS,
P7,99,18,0,MAIN,20.0,150.0,3,1,3,ATTACK,18104.3,3,ATTACK,18904.3,0.0,False,3,ATTACK,0.0,0.0,0.0,800.0,False,False,False,True,V4_DEFAULT,COUNTERFACTUAL,LOSS,
P7,99,19,0,DISCARD_ENERGY,20.0,20.0,3,1,0,ENERGY,30000.0,0,ENERGY,30000.0,0.0,False,0,ENERGY,0.0,0.0,0.0,0.0,False,False,False,False,V4_DEFAULT,NONE,LOSS,
P7,99,20,0,DISCARD_ENERGY,20.0,20.0,2,1,0,ENERGY,30000.0,0,ENERGY,30000.0,0.0,False,0,ENERGY,0.0,0.0,0.0,0.0,False,False,False,False,V4_DEFAULT,NONE,LOSS,
P7,100,2,1,SETUP_ACTIVE_POKEMON,0.0,0.0,0,0,0,CARD,10000.0,0,CARD,10000.0,0.0,False,0,CARD,0.0,0.0,0.0,0.0,False,False,False,False,V4_DEFAULT,NONE,WIN,
P7,100,5,1,MAIN,90.0,90.0,0,0,0,ATTACH,39000.0,0,ATTACH,41500.0,0.0,False,0,ATTACH,0.0,0.0,0.0,2500.0,False,False,False,True,V4_DEFAULT,COUNTERFACTUAL,WIN,
P7,100,6,1,MAIN,90.0,90.0,1,0,0,END,0.0,0,END,0.0,0.0,False,0,END,0.0,0.0,0.0,0.0,False,False,False,False,V4_DEFAULT,NONE,WIN,
P7,100,9,1,MAIN,80.0,90.0,1,1,2,EVOLVE,70500.0,2,EVOLVE,72500.0,0.0,False,2,EVOLVE,0.0,0.0,0.0,2000.0,False,False,False,True,V4_DEFAULT,COUNTERFACTUAL,WIN,
P7,100,10,1,MAIN,340.0,90.0,1,1,0,ATTACH,39700.0,0,ATTACH,42200.0,0.0,False,0,ATTACH,0.0,0.0,0.0,2500.0,False,False,False,True,V4_DEFAULT,COUNTERFACTUAL,WIN,
P7,100,11,1,MAIN,340.0,90.0,2,1,0,ATTACK,18104.6,0,ATTACK,18904.6,0.0,False,0,ATTACK,0.0,0.0,0.0,800.0,False,False,False,True,V4_DEFAULT,COUNTERFACTUAL,WIN,
P7,100,12,1,TO_HAND,340.0,0.0,2,0,2,CARD,10000.0,2,CARD,10000.0,0.0,False,2,CARD,0.0,0.0,0.0,0.0,False,False,False,False,V4_DEFAULT,NONE,WIN,
P7,100,16,1,MAIN,330.0,90.0,2,1,0,ATTACH,40400.0,0,ATTACH,42900.0,0.0,False,0,ATTACH,0.0,0.0,0.0,2500.0,False,False,False,True,V4_DEFAULT,COUNTERFACTUAL,WIN,
P7,100,17,1,MAIN,330.0,90.0,3,1,1,ATTACK,18104.7,1,ATTACK,18904.7,0.0,False,1,ATTACK,0.0,0.0,0.0,800.0,False,False,False,True,V4_DEFAULT,COUNTERFACTUAL,WIN,
P7,100,18,1,TO_HAND,330.0,0.0,3,0,1,CARD,10000.0,1,CARD,10000.0,0.0,False,1,CARD,0.0,0.0,0.0,0.0,False,False,False,False,V4_DEFAULT,NONE,WIN,
P7,101,0,0,IS_FIRST,0.0,0.0,0,0,1,NO,5000.0,1,NO,5000.0,0.0,False,1,NO,0.0,0.0,0.0,0.0,False,False,False,False,V4_DEFAULT,NONE,LOSS,
P7,101,1,0,SETUP_ACTIVE_POKEMON,0.0,0.0,0,0,0,CARD,10000.0,0,CARD,10000.0,0.0,False,0,CARD,0.0,0.0,0.0,0.0,False,False,False,False,V4_DEFAULT,NONE,LOSS,
P7,101,3,0,DRAW_COUNT,0.0,0.0,0,0,1,NUMBER,1.0,1,NUMBER,1.0,0.0,False,1,NUMBER,0.0,0.0,0.0,0.0,False,False,False,False,V4_DEFAULT,NONE,LOSS,
P7,101,4,0,SETUP_BENCH_POKEMON,0.0,0.0,0,0,0,CARD,10000.0,0,CARD,10000.0,0.0,False,0,CARD,0.0,0.0,0.0,0.0,False,False,False,False,V4_DEFAULT,NONE,LOSS,
P7,101,7,0,MAIN,150.0,90.0,0,1,0,ATTACH,39000.0,0,ATTACH,41500.0,0.0,False,0,ATTACH,0.0,0.0,0.0,2500.0,False,False,False,True,V4_DEFAULT,COUNTERFACTUAL,LOSS,
P7,101,8,0,MAIN,150.0,90.0,0,1,0,ATTACH,39000.0,0,ATTACH,41500.0,0.0,False,0,ATTACH,0.0,0.0,0.0,2500.0,False,False,False,True,V4_DEFAULT,COUNTERFACTUAL,LOSS,
P7,101,9,0,MAIN,150.0,90.0,1,1,1,ATTACK,18104.2,1,ATTACK,18904.2,0.0,False,1,ATTACK,0.0,0.0,0.0,800.0,False,False,False,True,V4_DEFAULT,COUNTERFACTUAL,LOSS,
P7,101,14,0,TO_ACTIVE,0.0,350.0,0,2,0,CARD,5000.0,0,CARD,5000.0,0.0,False,0,CARD,0.0,0.0,0.0,0.0,False,False,False,False,V4_DEFAULT,NONE,LOSS,
P7,101,15,0,MAIN,150.0,350.0,0,2,0,ATTACH,39000.0,0,ATTACH,41500.0,0.0,False,0,ATTACH,0.0,0.0,0.0,2500.0,False,False,False,True,V4_DEFAULT,COUNTERFACTUAL,LOSS,
P7,101,16,0,MAIN,150.0,350.0,1,2,1,ATTACK,18104.2,1,ATTACK,18904.2,0.0,False,1,ATTACK,0.0,0.0,0.0,800.0,False,False,False,True,V4_DEFAULT,COUNTERFACTUAL,LOSS,
P7,102,1,1,SETUP_ACTIVE_POKEMON,0.0,0.0,0,0,0,CARD,10000.0,0,CARD,10000.0,0.0,False,0,CARD,0.0,0.0,0.0,0.0,False,False,False,False,V4_DEFAULT,NONE,WIN,
P7,102,3,1,DRAW_COUNT,0.0,0.0,0,0,1,NUMBER,1.0,1,NUMBER,1.0,0.0,False,1,NUMBER,0.0,0.0,0.0,0.0,False,False,False,False,V4_DEFAULT,NONE,WIN,
P7,102,4,1,MAIN,90.0,90.0,0,0,0,ATTACH,39000.0,0,ATTACH,41500.0,0.0,False,0,ATTACH,0.0,0.0,0.0,2500.0,False,False,False,True,V4_DEFAULT,COUNTERFACTUAL,WIN,
P7,102,5,1,MAIN,90.0,90.0,1,0,0,END,0.0,0,END,0.0,0.0,False,0,END,0.0,0.0,0.0,0.0,False,False,False,False,V4_DEFAULT,NONE,WIN,
P7,102,8,1,MAIN,80.0,90.0,1,1,2,EVOLVE,70500.0,2,EVOLVE,72500.0,0.0,False,2,EVOLVE,0.0,0.0,0.0,2000.0,False,False,False,True,V4_DEFAULT,COUNTERFACTUAL,WIN,
P7,102,9,1,MAIN,340.0,90.0,1,1,0,ATTACH,39700.0,0,ATTACH,42200.0,0.0,False,0,ATTACH,0.0,0.0,0.0,2500.0,False,False,False,True,V4_DEFAULT,COUNTERFACTUAL,WIN,
P7,102,10,1,MAIN,340.0,90.0,2,1,4,ATTACK,18104.6,4,ATTACK,18904.6,0.0,False,4,ATTACK,0.0,0.0,0.0,800.0,False,False,False,True,V4_DEFAULT,COUNTERFACTUAL,WIN,
P7,102,11,1,TO_HAND,340.0,0.0,2,0,0,CARD,5000.0,0,CARD,5000.0,0.0,False,0,CARD,0.0,0.0,0.0,0.0,False,False,False,False,V4_DEFAULT,NONE,WIN,
P7,103,0,0,IS_FIRST,0.0,0.0,0,0,1,NO,5000.0,1,NO,5000.0,0.0,False,1,NO,0.0,0.0,0.0,0.0,False,False,False,False,V4_DEFAULT,NONE,WIN,
P7,103,2,0,SETUP_ACTIVE_POKEMON,0.0,0.0,0,0,0,CARD,10000.0,0,CARD,10000.0,0.0,False,0,CARD,0.0,0.0,0.0,0.0,False,False,False,False,V4_DEFAULT,NONE,WIN,
P7,103,6,0,MAIN,90.0,90.0,0,1,1,ATTACH,39000.0,1,ATTACH,41500.0,0.0,False,1,ATTACH,0.0,0.0,0.0,2500.0,False,False,False,True,V4_DEFAULT,COUNTERFACTUAL,WIN,
P7,103,7,0,MAIN,90.0,90.0,1,1,4,ATTACK,18104.4,4,ATTACK,18904.4,0.0,False,4,ATTACK,0.0,0.0,0.0,800.0,False,False,False,True,V4_DEFAULT,COUNTERFACTUAL,WIN,
P7,103,10,0,MAIN,60.0,80.0,1,2,2,ATTACH,39700.0,2,ATTACH,42200.0,0.0,False,2,ATTACH,0.0,0.0,0.0,2500.0,False,False,False,True,V4_DEFAULT,COUNTERFACTUAL,WIN,
P7,103,11,0,MAIN,60.0,80.0,2,2,6,ATTACK,18104.5,6,ATTACK,18904.5,0.0,False,6,ATTACK,0.0,0.0,0.0,800.0,False,False,False,True,V4_DEFAULT,COUNTERFACTUAL,WIN,
P7,103,14,0,MAIN,30.0,50.0,2,3,6,EVOLVE,71000.0,6,EVOLVE,76000.0,0.0,False,6,EVOLVE,0.0,0.0,3000.0,2000.0,False,False,True,True,V4_DEFAULT,THREAT_MODEL+COUNTERFACTUAL,WIN,
P7,103,15,0,MAIN,290.0,50.0,2,3,2,ATTACH,40400.0,2,ATTACH,42900.0,0.0,False,2,ATTACH,0.0,0.0,0.0,2500.0,False,False,False,True,V4_DEFAULT,COUNTERFACTUAL,WIN,
P7,103,16,0,MAIN,290.0,50.0,3,3,6,ATTACK,18104.7,6,ATTACK,18904.7,0.0,False,6,ATTACK,0.0,0.0,0.0,800.0,False,False,False,True,V4_DEFAULT,COUNTERFACTUAL,WIN,
P7,103,17,0,TO_HAND,290.0,0.0,3,0,3,CARD,10000.0,3,CARD,10000.0,0.0,False,3,CARD,0.0,0.0,0.0,0.0,False,False,False,False,V4_DEFAULT,NONE,WIN,
P7,104,1,1,SETUP_ACTIVE_POKEMON,0.0,0.0,0,0,0,CARD,10000.0,0,CARD,10000.0,0.0,False,0,CARD,0.0,0.0,0.0,0.0,False,False,False,False,V4_DEFAULT,NONE,LOSS,
P7,104,3,1,DRAW_COUNT,0.0,0.0,0,0,1,NUMBER,1.0,1,NUMBER,1.0,0.0,False,1,NUMBER,0.0,0.0,0.0,0.0,False,False,False,False,V4_DEFAULT,NONE,LOSS,
P7,104,4,1,MAIN,150.0,90.0,0,0,0,ATTACH,39000.0,0,ATTACH,41500.0,0.0,False,0,ATTACH,0.0,0.0,0.0,2500.0,False,False,False,True,V4_DEFAULT,COUNTERFACTUAL,LOSS,
P7,104,5,1,MAIN,150.0,90.0,1,0,0,END,0.0,0,END,0.0,0.0,False,0,END,0.0,0.0,0.0,0.0,False,False,False,False,V4_DEFAULT,NONE,LOSS,
P7,104,8,1,MAIN,140.0,90.0,1,1,0,ATTACH,39700.0,0,ATTACH,42200.0,0.0,False,0,ATTACH,0.0,0.0,0.0,2500.0,False,False,False,True,V4_DEFAULT,COUNTERFACTUAL,LOSS,
P7,104,9,1,MAIN,140.0,90.0,2,1,0,ATTACK,18104.2,0,ATTACK,18904.2,0.0,False,0,ATTACK,0.0,0.0,0.0,800.0,False,False,False,True,V4_DEFAULT,COUNTERFACTUAL,LOSS,
P7,105,0,0,IS_FIRST,0.0,0.0,0,0,1,NO,5000.0,1,NO,5000.0,0.0,False,1,NO,0.0,0.0,0.0,0.0,False,False,False,False,V4_DEFAULT,NONE,LOSS,
P7,105,1,0,SETUP_ACTIVE_POKEMON,0.0,0.0,0,0,0,CARD,10000.0,0,CARD,10000.0,0.0,False,0,CARD,0.0,0.0,0.0,0.0,False,False,False,False,V4_DEFAULT,NONE,LOSS,
P7,105,3,0,DRAW_COUNT,0.0,0.0,0,0,2,NUMBER,2.0,2,NUMBER,2.0,0.0,False,2,NUMBER,0.0,0.0,0.0,0.0,False,False,False,False,V4_DEFAULT,NONE,LOSS,
P7,105,4,0,SETUP_BENCH_POKEMON,0.0,0.0,0,0,0,CARD,10000.0,0,CARD,10000.0,0.0,False,0,CARD,0.0,0.0,0.0,0.0,False,False,False,False,V4_DEFAULT,NONE,LOSS,
P7,105,8,0,MAIN,90.0,90.0,0,1,0,ATTACH,39000.0,0,ATTACH,41500.0,0.0,False,0,ATTACH,0.0,0.0,0.0,2500.0,False,False,False,True,V4_DEFAULT,COUNTERFACTUAL,LOSS,
P7,105,9,0,MAIN,90.0,90.0,1,1,4,ATTACK,18104.4,4,ATTACK,18904.4,0.0,False,4,ATTACK,0.0,0.0,0.0,800.0,False,False,False,True,V4_DEFAULT,COUNTERFACTUAL,LOSS,
P7,105,12,0,MAIN,60.0,80.0,1,2,0,ATTACH,39700.0,0,ATTACH,42200.0,0.0,False,0,ATTACH,0.0,0.0,0.0,2500.0,False,False,False,True,V4_DEFAULT,COUNTERFACTUAL,LOSS,
P7,105,13,0,MAIN,60.0,80.0,2,2,5,ATTACK,18104.5,5,ATTACK,18904.5,0.0,False,5,ATTACK,0.0,0.0,0.0,800.0,False,False,False,True,V4_DEFAULT,COUNTERFACTUAL,LOSS,
P7,105,18,0,TO_ACTIVE,0.0,310.0,0,3,0,CARD,5000.0,0,CARD,5000.0,0.0,False,0,CARD,0.0,0.0,0.0,0.0,False,False,False,False,V4_DEFAULT,NONE,LOSS,
P7,105,19,0,MAIN,90.0,310.0,0,3,1,ATTACH,39000.0,1,ATTACH,41500.0,0.0,False,1,ATTACH,0.0,0.0,0.0,2500.0,False,False,False,True,V4_DEFAULT,COUNTERFACTUAL,LOSS,
P7,105,20,0,MAIN,90.0,310.0,1,3,4,ATTACK,18104.4,4,ATTACK,18904.4,0.0,False,4,ATTACK,0.0,0.0,0.0,800.0,False,False,False,True,V4_DEFAULT,COUNTERFACTUAL,LOSS,
P7,105,24,0,TO_ACTIVE,0.0,310.0,0,4,0,CARD,5000.0,0,CARD,5000.0,0.0,False,0,CARD,0.0,0.0,0.0,0.0,False,False,False,False,V4_DEFAULT,NONE,LOSS,
P7,105,25,0,MAIN,150.0,310.0,0,4,4,ATTACH,39000.0,4,ATTACH,41500.0,0.0,False,4,ATTACH,0.0,0.0,0.0,2500.0,False,False,False,True,V4_DEFAULT,COUNTERFACTUAL,LOSS,
P7,105,26,0,MAIN,150.0,310.0,1,4,4,ATTACK,18104.2,4,ATTACK,18904.2,0.0,False,4,ATTACK,0.0,0.0,0.0,800.0,False,False,False,True,V4_DEFAULT,COUNTERFACTUAL,LOSS,
P7,106,2,1,SETUP_ACTIVE_POKEMON,0.0,0.0,0,0,0,CARD,10000.0,0,CARD,10000.0,0.0,False,0,CARD,0.0,0.0,0.0,0.0,False,False,False,False,V4_DEFAULT,NONE,WIN,
P7,106,4,1,SETUP_BENCH_POKEMON,0.0,0.0,0,0,0,CARD,10000.0,0,CARD,10000.0,0.0,False,0,CARD,0.0,0.0,0.0,0.0,False,False,False,False,V4_DEFAULT,NONE,WIN,
P7,106,5,1,MAIN,150.0,150.0,0,0,0,ATTACH,39000.0,0,ATTACH,41500.0,0.0,False,0,ATTACH,0.0,0.0,0.0,2500.0,False,False,False,True,V4_DEFAULT,COUNTERFACTUAL,WIN,
P7,106,6,1,MAIN,150.0,150.0,1,0,0,ATTACH,39700.0,0,ATTACH,42200.0,0.0,False,0,ATTACH,0.0,0.0,0.0,2500.0,False,False,False,True,V4_DEFAULT,COUNTERFACTUAL,WIN,
P7,106,7,1,MAIN,150.0,150.0,1,0,0,END,0.0,0,END,0.0,0.0,False,0,END,0.0,0.0,0.0,0.0,False,False,False,False,V4_DEFAULT,NONE,WIN,
P7,106,10,1,MAIN,150.0,150.0,1,1,0,ATTACH,39700.0,0,ATTACH,42200.0,0.0,False,0,ATTACH,0.0,0.0,0.0,2500.0,False,False,False,True,V4_DEFAULT,COUNTERFACTUAL,WIN,
P7,106,11,1,MAIN,150.0,150.0,2,1,1,ATTACK,18104.2,1,ATTACK,18904.2,0.0,False,1,ATTACK,0.0,0.0,0.0,800.0,False,False,False,True,V4_DEFAULT,COUNTERFACTUAL,WIN,
P7,106,14,1,MAIN,150.0,150.0,2,2,0,ATTACH,40400.0,0,ATTACH,42900.0,0.0,False,0,ATTACH,0.0,0.0,0.0,2500.0,False,False,False,True,V4_DEFAULT,COUNTERFACTUAL,WIN,
P7,106,15,1,MAIN,150.0,150.0,3,2,2,ATTACK,18104.3,2,ATTACK,18904.3,0.0,False,2,ATTACK,0.0,0.0,0.0,800.0,False,False,False,True,V4_DEFAULT,COUNTERFACTUAL,WIN,
P7,106,16,1,DISCARD_ENERGY,150.0,20.0,3,2,0,ENERGY,30000.0,0,ENERGY,30000.0,0.0,False,0,ENERGY,0.0,0.0,0.0,0.0,False,False,False,False,V4_DEFAULT,NONE,WIN,
P7,106,17,1,DISCARD_ENERGY,150.0,20.0,2,2,0,ENERGY,30000.0,0,ENERGY,30000.0,0.0,False,0,ENERGY,0.0,0.0,0.0,0.0,False,False,False,False,V4_DEFAULT,NONE,WIN,
P7,106,22,1,MAIN,20.0,20.0,1,1,0,ATTACH,39700.0,9,ATTACK,73104.2,30904.199999999997,True,9,ATTACK,50000.0,0.0,0.0,5000.0,True,False,False,True,KO_GUARANTEE,KO_GUARANTEE+COUNTERFACTUAL,WIN,True
P7,106,23,1,TO_HAND,20.0,0.0,1,0,0,CARD,5000.0,0,CARD,5000.0,0.0,False,0,CARD,0.0,0.0,0.0,0.0,False,False,False,False,V4_DEFAULT,NONE,WIN,
P7,107,0,0,IS_FIRST,0.0,0.0,0,0,1,NO,5000.0,1,NO,5000.0,0.0,False,1,NO,0.0,0.0,0.0,0.0,False,False,False,False,V4_DEFAULT,NONE,WIN,
P7,107,1,0,SETUP_ACTIVE_POKEMON,0.0,0.0,0,0,0,CARD,10000.0,0,CARD,10000.0,0.0,False,0,CARD,0.0,0.0,0.0,0.0,False,False,False,False,V4_DEFAULT,NONE,WIN,
P7,107,3,0,DRAW_COUNT,0.0,0.0,0,0,1,NUMBER,1.0,1,NUMBER,1.0,0.0,False,1,NUMBER,0.0,0.0,0.0,0.0,False,False,False,False,V4_DEFAULT,NONE,WIN,
P7,107,4,0,SETUP_BENCH_POKEMON,0.0,0.0,0,0,0,CARD,10000.0,0,CARD,10000.0,0.0,False,0,CARD,0.0,0.0,0.0,0.0,False,False,False,False,V4_DEFAULT,NONE,WIN,
P7,107,7,0,MAIN,90.0,150.0,0,1,1,ATTACH,39000.0,1,ATTACH,41500.0,0.0,False,1,ATTACH,0.0,0.0,0.0,2500.0,False,False,False,True,V4_DEFAULT,COUNTERFACTUAL,WIN,
P7,107,8,0,MAIN,90.0,150.0,1,1,2,ATTACH,39700.0,2,ATTACH,42200.0,0.0,False,2,ATTACH,0.0,0.0,0.0,2500.0,False,False,False,True,V4_DEFAULT,COUNTERFACTUAL,WIN,
P7,107,9,0,MAIN,90.0,150.0,1,1,2,ATTACK,18104.4,2,ATTACK,18904.4,0.0,False,2,ATTACK,0.0,0.0,0.0,800.0,False,False,False,True,V4_DEFAULT,COUNTERFACTUAL,WIN,
P7,107,12,0,MAIN,90.0,140.0,1,2,5,EVOLVE,70500.0,5,EVOLVE,75500.0,0.0,False,5,EVOLVE,0.0,0.0,3000.0,2000.0,False,False,True,True,V4_DEFAULT,THREAT_MODEL+COUNTERFACTUAL,WIN,
P7,107,13,0,MAIN,350.0,140.0,1,2,2,ATTACH,39700.0,2,ATTACH,42200.0,0.0,False,2,ATTACH,0.0,0.0,0.0,2500.0,False,False,False,True,V4_DEFAULT,COUNTERFACTUAL,WIN,
P7,107,14,0,MAIN,350.0,140.0,2,2,3,ATTACK,18104.6,3,ATTACK,18904.6,0.0,False,3,ATTACK,0.0,0.0,0.0,800.0,False,False,False,True,V4_DEFAULT,COUNTERFACTUAL,WIN,
P7,107,15,0,TO_HAND,350.0,0.0,2,0,3,CARD,10000.0,3,CARD,10000.0,0.0,False,3,CARD,0.0,0.0,0.0,0.0,False,False,False,False,V4_DEFAULT,NONE,WIN,
P7,108,1,1,SETUP_ACTIVE_POKEMON,0.0,0.0,0,0,0,CARD,10000.0,0,CARD,10000.0,0.0,False,0,CARD,0.0,0.0,0.0,0.0,False,False,False,False,V4_DEFAULT,NONE,WIN,
P7,108,3,1,MAIN,90.0,90.0,0,0,1,ATTACH,39000.0,1,ATTACH,41500.0,0.0,False,1,ATTACH,0.0,0.0,0.0,2500.0,False,False,False,True,V4_DEFAULT,COUNTERFACTUAL,WIN,
P7,108,4,1,MAIN,90.0,90.0,1,0,0,PLAY,12000.0,0,PLAY,12000.0,0.0,False,0,PLAY,0.0,0.0,0.0,0.0,False,False,False,False,V4_DEFAULT,NONE,WIN,
P7,108,5,1,TO_HAND,90.0,90.0,1,0,0,CARD,5000.0,0,CARD,5000.0,0.0,False,0,CARD,0.0,0.0,0.0,0.0,False,False,False,False,V4_DEFAULT,NONE,WIN,
P7,108,6,1,MAIN,90.0,90.0,1,0,0,END,0.0,0,END,0.0,0.0,False,0,END,0.0,0.0,0.0,0.0,False,False,False,False,V4_DEFAULT,NONE,WIN,
P7,108,9,1,MAIN,80.0,90.0,1,1,5,EVOLVE,70500.0,5,EVOLVE,72500.0,0.0,False,5,EVOLVE,0.0,0.0,0.0,2000.0,False,False,False,True,V4_DEFAULT,COUNTERFACTUAL,WIN,
P7,108,10,1,MAIN,340.0,90.0,1,1,2,ATTACH,39700.0,2,ATTACH,42200.0,0.0,False,2,ATTACH,0.0,0.0,0.0,2500.0,False,False,False,True,V4_DEFAULT,COUNTERFACTUAL,WIN,
P7,108,11,1,MAIN,340.0,90.0,2,1,4,ATTACK,18104.6,4,ATTACK,18904.6,0.0,False,4,ATTACK,0.0,0.0,0.0,800.0,False,False,False,True,V4_DEFAULT,COUNTERFACTUAL,WIN,
P7,108,12,1,TO_HAND,340.0,0.0,2,0,5,CARD,10000.0,5,CARD,10000.0,0.0,False,5,CARD,0.0,0.0,0.0,0.0,False,False,False,False,V4_DEFAULT,NONE,WIN,
P7,109,0,0,IS_FIRST,0.0,0.0,0,0,1,NO,5000.0,1,NO,5000.0,0.0,False,1,NO,0.0,0.0,0.0,0.0,False,False,False,False,V4_DEFAULT,NONE,LOSS,
P7,109,2,0,SETUP_ACTIVE_POKEMON,0.0,0.0,0,0,0,CARD,10000.0,0,CARD,10000.0,0.0,False,0,CARD,0.0,0.0,0.0,0.0,False,False,False,False,V4_DEFAULT,NONE,LOSS,
P7,109,4,0,SETUP_BENCH_POKEMON,0.0,0.0,0,0,0,CARD,10000.0,0,CARD,10000.0,0.0,False,0,CARD,0.0,0.0,0.0,0.0,False,False,False,False,V4_DEFAULT,NONE,LOSS,
P7,109,10,0,MAIN,90.0,150.0,0,1,0,ATTACH,39000.0,0,ATTACH,41500.0,0.0,False,0,ATTACH,0.0,0.0,0.0,2500.0,False,False,False,True,V4_DEFAULT,COUNTERFACTUAL,LOSS,
P7,109,11,0,MAIN,90.0,150.0,1,1,2,ATTACK,18104.4,2,ATTACK,18904.4,0.0,False,2,ATTACK,0.0,0.0,0.0,800.0,False,False,False,True,V4_DEFAULT,COUNTERFACTUAL,LOSS,
P7,109,15,0,MAIN,90.0,140.0,1,2,0,ATTACH,39700.0,0,ATTACH,42200.0,0.0,False,0,ATTACH,0.0,0.0,0.0,2500.0,False,False,False,True,V4_DEFAULT,COUNTERFACTUAL,LOSS,
P7,109,16,0,MAIN,90.0,140.0,2,2,3,ATTACK,18104.5,3,ATTACK,18904.5,0.0,False,3,ATTACK,0.0,0.0,0.0,800.0,False,False,False,True,V4_DEFAULT,COUNTERFACTUAL,LOSS,
P7,109,22,0,TO_ACTIVE,0.0,110.0,0,1,0,CARD,5000.0,0,CARD,5000.0,0.0,False,0,CARD,0.0,0.0,0.0,0.0,False,False,False,False,V4_DEFAULT,NONE,LOSS,
P7,109,23,0,MAIN,150.0,110.0,0,1,1,ATTACH,39000.0,1,ATTACH,41500.0,0.0,False,1,ATTACH,0.0,0.0,0.0,2500.0,False,False,False,True,V4_DEFAULT,COUNTERFACTUAL,LOSS,
P7,109,24,0,MAIN,150.0,110.0,1,1,3,ATTACK,18104.2,3,ATTACK,18904.2,0.0,False,3,ATTACK,0.0,0.0,0.0,800.0,False,False,False,True,V4_DEFAULT,COUNTERFACTUAL,LOSS,
P7,109,27,0,MAIN,110.0,70.0,1,2,2,ATTACH,39700.0,2,ATTACH,42200.0,0.0,False,2,ATTACH,0.0,0.0,0.0,2500.0,False,False,False,True,V4_DEFAULT,COUNTERFACTUAL,LOSS,
P7,109,28,0,MAIN,110.0,70.0,2,2,3,ATTACK,18104.2,3,ATTACK,18904.2,0.0,False,3,ATTACK,0.0,0.0,0.0,800.0,False,False,False,True,V4_DEFAULT,COUNTERFACTUAL,LOSS,
P7,110,2,1,SETUP_ACTIVE_POKEMON,0.0,0.0,0,0,0,CARD,10000.0,0,CARD,10000.0,0.0,False,0,CARD,0.0,0.0,0.0,0.0,False,False,False,False,V4_DEFAULT,NONE,WIN,
P7,110,4,1,MAIN,90.0,90.0,0,0,0,ATTACH,39000.0,0,ATTACH,41500.0,0.0,False,0,ATTACH,0.0,0.0,0.0,2500.0,False,False,False,True,V4_DEFAULT,COUNTERFACTUAL,WIN,
P7,110,5,1,MAIN,90.0,90.0,1,0,0,PLAY,12000.0,0,PLAY,12000.0,0.0,False,0,PLAY,0.0,0.0,0.0,0.0,False,False,False,False,V4_DEFAULT,NONE,WIN,
P7,110,6,1,TO_HAND,90.0,90.0,1,0,0,CARD,1000.0,0,CARD,1000.0,0.0,False,0,CARD,0.0,0.0,0.0,0.0,False,False,False,False,V4_DEFAULT,NONE,WIN,
P7,110,7,1,MAIN,90.0,90.0,1,0,0,END,0.0,0,END,0.0,0.0,False,0,END,0.0,0.0,0.0,0.0,False,False,False,False,V4_DEFAULT,NONE,WIN,
P7,110,10,1,MAIN,80.0,90.0,1,1,5,EVOLVE,70500.0,5,EVOLVE,72500.0,0.0,False,5,EVOLVE,0.0,0.0,0.0,2000.0,False,False,False,True,V4_DEFAULT,COUNTERFACTUAL,WIN,
P7,110,11,1,MAIN,340.0,90.0,1,1,1,ATTACH,39700.0,1,ATTACH,42200.0,0.0,False,1,ATTACH,0.0,0.0,0.0,2500.0,False,False,False,True,V4_DEFAULT,COUNTERFACTUAL,WIN,
P7,110,12,1,MAIN,340.0,90.0,2,1,3,ATTACK,18104.6,3,ATTACK,18904.6,0.0,False,3,ATTACK,0.0,0.0,0.0,800.0,False,False,False,True,V4_DEFAULT,COUNTERFACTUAL,WIN,
P7,110,13,1,TO_HAND,340.0,0.0,2,0,0,CARD,5000.0,0,CARD,5000.0,0.0,False,0,CARD,0.0,0.0,0.0,0.0,False,False,False,False,V4_DEFAULT,NONE,WIN,
P7,111,0,0,IS_FIRST,0.0,0.0,0,0,1,NO,5000.0,1,NO,5000.0,0.0,False,1,NO,0.0,0.0,0.0,0.0,False,False,False,False,V4_DEFAULT,NONE,LOSS,
P7,111,2,0,SETUP_ACTIVE_POKEMON,0.0,0.0,0,0,0,CARD,10000.0,0,CARD,10000.0,0.0,False,0,CARD,0.0,0.0,0.0,0.0,False,False,False,False,V4_DEFAULT,NONE,LOSS,
P7,111,7,0,MAIN,90.0,150.0,0,1,0,ATTACH,39000.0,0,ATTACH,41500.0,0.0,False,0,ATTACH,0.0,0.0,0.0,2500.0,False,False,False,True,V4_DEFAULT,COUNTERFACTUAL,LOSS,
P7,111,8,0,MAIN,90.0,150.0,1,1,2,ATTACK,18104.4,2,ATTACK,18904.4,0.0,False,2,ATTACK,0.0,0.0,0.0,800.0,False,False,False,True,V4_DEFAULT,COUNTERFACTUAL,LOSS,
P7,111,12,0,MAIN,90.0,140.0,1,2,0,ATTACH,39700.0,0,ATTACH,42200.0,0.0,False,0,ATTACH,0.0,0.0,0.0,2500.0,False,False,False,True,V4_DEFAULT,COUNTERFACTUAL,LOSS,
P7,111,13,0,MAIN,90.0,140.0,2,2,3,ATTACK,18104.5,3,ATTACK,18904.5,0.0,False,3,ATTACK,0.0,0.0,0.0,800.0,False,False,False,True,V4_DEFAULT,COUNTERFACTUAL,LOSS,
P7,112,1,1,SETUP_ACTIVE_POKEMON,0.0,0.0,0,0,0,CARD,10000.0,0,CARD,10000.0,0.0,False,0,CARD,0.0,0.0,0.0,0.0,False,False,False,False,V4_DEFAULT,NONE,WIN,
P7,112,3,1,SETUP_BENCH_POKEMON,0.0,0.0,0,0,0,CARD,10000.0,0,CARD,10000.0,0.0,False,0,CARD,0.0,0.0,0.0,0.0,False,False,False,False,V4_DEFAULT,NONE,WIN,
P7,112,4,1,MAIN,90.0,90.0,0,0,0,ATTACH,39000.0,0,ATTACH,41500.0,0.0,False,0,ATTACH,0.0,0.0,0.0,2500.0,False,False,False,True,V4_DEFAULT,COUNTERFACTUAL,WIN,
P7,112,5,1,MAIN,90.0,90.0,1,0,0,END,0.0,0,END,0.0,0.0,False,0,END,0.0,0.0,0.0,0.0,False,False,False,False,V4_DEFAULT,NONE,WIN,
P7,112,8,1,MAIN,80.0,90.0,1,1,6,EVOLVE,70500.0,6,EVOLVE,72500.0,0.0,False,6,EVOLVE,0.0,0.0,0.0,2000.0,False,False,False,True,V4_DEFAULT,COUNTERFACTUAL,WIN,
P7,112,9,1,MAIN,340.0,90.0,1,1,2,ATTACH,39700.0,2,ATTACH,42200.0,0.0,False,2,ATTACH,0.0,0.0,0.0,2500.0,False,False,False,True,V4_DEFAULT,COUNTERFACTUAL,WIN,
P7,112,10,1,MAIN,340.0,90.0,2,1,2,ATTACK,18104.6,2,ATTACK,18904.6,0.0,False,2,ATTACK,0.0,0.0,0.0,800.0,False,False,False,True,V4_DEFAULT,COUNTERFACTUAL,WIN,
P7,112,11,1,TO_HAND,340.0,0.0,2,0,4,CARD,10000.0,4,CARD,10000.0,0.0,False,4,CARD,0.0,0.0,0.0,0.0,False,False,False,False,V4_DEFAULT,NONE,WIN,
P7,113,0,0,IS_FIRST,0.0,0.0,0,0,1,NO,5000.0,1,NO,5000.0,0.0,False,1,NO,0.0,0.0,0.0,0.0,False,False,False,False,V4_DEFAULT,NONE,LOSS,
P7,113,2,0,SETUP_ACTIVE_POKEMON,0.0,0.0,0,0,0,CARD,10000.0,0,CARD,10000.0,0.0,False,0,CARD,0.0,0.0,0.0,0.0,False,False,False,False,V4_DEFAULT,NONE,LOSS,
P7,113,6,0,MAIN,150.0,150.0,0,1,0,ATTACH,39000.0,0,ATTACH,41500.0,0.0,False,0,ATTACH,0.0,0.0,0.0,2500.0,False,False,False,True,V4_DEFAULT,COUNTERFACTUAL,LOSS,
P7,113,7,0,MAIN,150.0,150.0,1,1,2,ATTACK,18104.2,2,ATTACK,18904.2,0.0,False,2,ATTACK,0.0,0.0,0.0,800.0,False,False,False,True,V4_DEFAULT,COUNTERFACTUAL,LOSS,
P7,113,10,0,MAIN,150.0,150.0,1,2,0,ATTACH,39700.0,0,ATTACH,42200.0,0.0,False,0,ATTACH,0.0,0.0,0.0,2500.0,False,False,False,True,V4_DEFAULT,COUNTERFACTUAL,LOSS,
P7,113,11,0,MAIN,150.0,150.0,2,2,2,ATTACK,18104.2,2,ATTACK,18904.2,0.0,False,2,ATTACK,0.0,0.0,0.0,800.0,False,False,False,True,V4_DEFAULT,COUNTERFACTUAL,LOSS,
P7,113,16,0,MAIN,20.0,150.0,2,1,2,ATTACH,40400.0,2,ATTACH,42900.0,0.0,False,2,ATTACH,0.0,0.0,0.0,2500.0,False,False,False,True,V4_DEFAULT,COUNTERFACTUAL,LOSS,
P7,113,17,0,MAIN,20.0,150.0,3,1,3,ATTACK,18104.3,3,ATTACK,18904.3,0.0,False,3,ATTACK,0.0,0.0,0.0,800.0,False,False,False,True,V4_DEFAULT,COUNTERFACTUAL,LOSS,
P7,113,18,0,DISCARD_ENERGY,20.0,20.0,3,1,0,ENERGY,30000.0,0,ENERGY,30000.0,0.0,False,0,ENERGY,0.0,0.0,0.0,0.0,False,False,False,False,V4_DEFAULT,NONE,LOSS,
P7,113,19,0,DISCARD_ENERGY,20.0,20.0,2,1,0,ENERGY,30000.0,0,ENERGY,30000.0,0.0,False,0,ENERGY,0.0,0.0,0.0,0.0,False,False,False,False,V4_DEFAULT,NONE,LOSS,
P7,114,2,1,SETUP_ACTIVE_POKEMON,0.0,0.0,0,0,0,CARD,10000.0,0,CARD,10000.0,0.0,False,0,CARD,0.0,0.0,0.0,0.0,False,False,False,False,V4_DEFAULT,NONE,WIN,
P7,114,4,1,SETUP_BENCH_POKEMON,0.0,0.0,0,0,0,CARD,10000.0,0,CARD,10000.0,0.0,False,0,CARD,0.0,0.0,0.0,0.0,False,False,False,False,V4_DEFAULT,NONE,WIN,
P7,114,5,1,MAIN,90.0,90.0,0,0,1,ATTACH,39000.0,1,ATTACH,41500.0,0.0,False,1,ATTACH,0.0,0.0,0.0,2500.0,False,False,False,True,V4_DEFAULT,COUNTERFACTUAL,WIN,
P7,114,6,1,MAIN,90.0,90.0,1,0,0,PLAY,12000.0,0,PLAY,12000.0,0.0,False,0,PLAY,0.0,0.0,0.0,0.0,False,False,False,False,V4_DEFAULT,NONE,WIN,
P7,114,7,1,TO_HAND,90.0,90.0,1,0,0,CARD,1000.0,0,CARD,1000.0,0.0,False,0,CARD,0.0,0.0,0.0,0.0,False,False,False,False,V4_DEFAULT,NONE,WIN,
P7,114,8,1,MAIN,90.0,90.0,1,0,0,END,0.0,0,END,0.0,0.0,False,0,END,0.0,0.0,0.0,0.0,False,False,False,False,V4_DEFAULT,NONE,WIN,
P7,114,11,1,MAIN,80.0,90.0,1,1,5,EVOLVE,70500.0,5,EVOLVE,72500.0,0.0,False,5,EVOLVE,0.0,0.0,0.0,2000.0,False,False,False,True,V4_DEFAULT,COUNTERFACTUAL,WIN,
P7,114,12,1,MAIN,340.0,90.0,1,1,5,EVOLVE,70000.0,5,EVOLVE,72000.0,0.0,False,5,EVOLVE,0.0,0.0,0.0,2000.0,False,False,False,True,V4_DEFAULT,COUNTERFACTUAL,WIN,
P7,114,13,1,MAIN,340.0,90.0,1,1,2,ATTACH,39700.0,2,ATTACH,42200.0,0.0,False,2,ATTACH,0.0,0.0,0.0,2500.0,False,False,False,True,V4_DEFAULT,COUNTERFACTUAL,WIN,
P7,114,14,1,MAIN,340.0,90.0,2,1,3,ATTACK,18104.6,3,ATTACK,18904.6,0.0,False,3,ATTACK,0.0,0.0,0.0,800.0,False,False,False,True,V4_DEFAULT,COUNTERFACTUAL,WIN,
P7,114,15,1,TO_HAND,340.0,0.0,2,0,5,CARD,10000.0,5,CARD,10000.0,0.0,False,5,CARD,0.0,0.0,0.0,0.0,False,False,False,False,V4_DEFAULT,NONE,WIN,
P7,115,0,0,IS_FIRST,0.0,0.0,0,0,1,NO,5000.0,1,NO,5000.0,0.0,False,1,NO,0.0,0.0,0.0,0.0,False,False,False,False,V4_DEFAULT,NONE,LOSS,
P7,115,1,0,SETUP_ACTIVE_POKEMON,0.0,0.0,0,0,0,CARD,10000.0,0,CARD,10000.0,0.0,False,0,CARD,0.0,0.0,0.0,0.0,False,False,False,False,V4_DEFAULT,NONE,LOSS,
P7,115,3,0,DRAW_COUNT,0.0,0.0,0,0,2,NUMBER,2.0,2,NUMBER,2.0,0.0,False,2,NUMBER,0.0,0.0,0.0,0.0,False,False,False,False,V4_DEFAULT,NONE,LOSS,
P7,115,9,0,MAIN,150.0,150.0,0,1,0,ATTACH,39000.0,0,ATTACH,41500.0,0.0,False,0,ATTACH,0.0,0.0,0.0,2500.0,False,False,False,True,V4_DEFAULT,COUNTERFACTUAL,LOSS,
P7,115,10,0,MAIN,150.0,150.0,1,1,3,ATTACK,18104.2,3,ATTACK,18904.2,0.0,False,3,ATTACK,0.0,0.0,0.0,800.0,False,False,False,True,V4_DEFAULT,COUNTERFACTUAL,LOSS,
P7,115,13,0,MAIN,150.0,150.0,1,2,0,ATTACH,39700.0,0,ATTACH,42200.0,0.0,False,0,ATTACH,0.0,0.0,0.0,2500.0,False,False,False,True,V4_DEFAULT,COUNTERFACTUAL,LOSS,
P7,115,14,0,MAIN,150.0,150.0,2,2,3,ATTACK,18104.2,3,ATTACK,18904.2,0.0,False,3,ATTACK,0.0,0.0,0.0,800.0,False,False,False,True,V4_DEFAULT,COUNTERFACTUAL,LOSS,
P7,115,19,0,MAIN,20.0,150.0,2,1,0,ATTACH,40400.0,0,ATTACH,42900.0,0.0,False,0,ATTACH,0.0,0.0,0.0,2500.0,False,False,False,True,V4_DEFAULT,COUNTERFACTUAL,LOSS,
P7,115,20,0,MAIN,20.0,150.0,3,1,5,ATTACK,18104.3,5,ATTACK,18904.3,0.0,False,5,ATTACK,0.0,0.0,0.0,800.0,False,False,False,True,V4_DEFAULT,COUNTERFACTUAL,LOSS,
P7,115,21,0,DISCARD_ENERGY,20.0,20.0,3,1,0,ENERGY,30000.0,0,ENERGY,30000.0,0.0,False,0,ENERGY,0.0,0.0,0.0,0.0,False,False,False,False,V4_DEFAULT,NONE,LOSS,
P7,115,22,0,DISCARD_ENERGY,20.0,20.0,2,1,0,ENERGY,30000.0,0,ENERGY,30000.0,0.0,False,0,ENERGY,0.0,0.0,0.0,0.0,False,False,False,False,V4_DEFAULT,NONE,LOSS,
P7,116,2,1,SETUP_ACTIVE_POKEMON,0.0,0.0,0,0,0,CARD,10000.0,0,CARD,10000.0,0.0,False,0,CARD,0.0,0.0,0.0,0.0,False,False,False,False,V4_DEFAULT,NONE,WIN,
P7,116,4,1,MAIN,150.0,90.0,0,0,0,ATTACH,39000.0,0,ATTACH,41500.0,0.0,False,0,ATTACH,0.0,0.0,0.0,2500.0,False,False,False,True,V4_DEFAULT,COUNTERFACTUAL,WIN,
P7,116,5,1,MAIN,150.0,90.0,1,0,0,END,0.0,0,END,0.0,0.0,False,0,END,0.0,0.0,0.0,0.0,False,False,False,False,V4_DEFAULT,NONE,WIN,
P7,116,8,1,MAIN,140.0,90.0,1,1,1,ATTACH,39700.0,1,ATTACH,42200.0,0.0,False,1,ATTACH,0.0,0.0,0.0,2500.0,False,False,False,True,V4_DEFAULT,COUNTERFACTUAL,WIN,
P7,116,9,1,MAIN,140.0,90.0,2,1,3,ATTACK,18104.2,3,ATTACK,18904.2,0.0,False,3,ATTACK,0.0,0.0,0.0,800.0,False,False,False,True,V4_DEFAULT,COUNTERFACTUAL,WIN,
P7,116,12,1,MAIN,110.0,90.0,2,2,1,ATTACH,40400.0,1,ATTACH,42900.0,0.0,False,1,ATTACH,0.0,0.0,0.0,2500.0,False,False,False,True,V4_DEFAULT,COUNTERFACTUAL,WIN,
P7,116,13,1,MAIN,110.0,90.0,3,2,5,ATTACK,18104.3,5,ATTACK,18904.3,0.0,False,5,ATTACK,0.0,0.0,0.0,800.0,False,False,False,True,V4_DEFAULT,COUNTERFACTUAL,WIN,
P7,116,14,1,DISCARD_ENERGY,110.0,0.0,3,2,0,ENERGY,30000.0,0,ENERGY,30000.0,0.0,False,0,ENERGY,0.0,0.0,0.0,0.0,False,False,False,False,V4_DEFAULT,NONE,WIN,
P7,116,15,1,DISCARD_ENERGY,110.0,0.0,2,2,0,ENERGY,30000.0,0,ENERGY,30000.0,0.0,False,0,ENERGY,0.0,0.0,0.0,0.0,False,False,False,False,V4_DEFAULT,NONE,WIN,
P7,116,16,1,TO_HAND,110.0,0.0,1,0,5,CARD,10000.0,5,CARD,10000.0,0.0,False,5,CARD,0.0,0.0,0.0,0.0,False,False,False,False,V4_DEFAULT,NONE,WIN,
P7,117,0,0,IS_FIRST,0.0,0.0,0,0,1,NO,5000.0,1,NO,5000.0,0.0,False,1,NO,0.0,0.0,0.0,0.0,False,False,False,False,V4_DEFAULT,NONE,LOSS,
P7,117,1,0,SETUP_ACTIVE_POKEMON,0.0,0.0,0,0,0,CARD,10000.0,0,CARD,10000.0,0.0,False,0,CARD,0.0,0.0,0.0,0.0,False,False,False,False,V4_DEFAULT,NONE,LOSS,
P7,117,3,0,DRAW_COUNT,0.0,0.0,0,0,1,NUMBER,1.0,1,NUMBER,1.0,0.0,False,1,NUMBER,0.0,0.0,0.0,0.0,False,False,False,False,V4_DEFAULT,NONE,LOSS,
P7,117,5,0,SETUP_BENCH_POKEMON,0.0,0.0,0,0,0,CARD,10000.0,0,CARD,10000.0,0.0,False,0,CARD,0.0,0.0,0.0,0.0,False,False,False,False,V4_DEFAULT,NONE,LOSS,
P7,117,10,0,MAIN,90.0,90.0,0,1,0,ATTACH,39000.0,0,ATTACH,41500.0,0.0,False,0,ATTACH,0.0,0.0,0.0,2500.0,False,False,False,True,V4_DEFAULT,COUNTERFACTUAL,LOSS,
P7,117,11,0,MAIN,90.0,90.0,1,1,1,ATTACK,18104.4,1,ATTACK,18904.4,0.0,False,1,ATTACK,0.0,0.0,0.0,800.0,False,False,False,True,V4_DEFAULT,COUNTERFACTUAL,LOSS,
P7,117,17,0,TO_ACTIVE,0.0,340.0,0,2,0,CARD,5000.0,0,CARD,5000.0,0.0,False,0,CARD,0.0,0.0,0.0,0.0,False,False,False,False,V4_DEFAULT,NONE,LOSS,
P7,117,18,0,MAIN,150.0,340.0,0,2,0,ATTACH,39000.0,0,ATTACH,41500.0,0.0,False,0,ATTACH,0.0,0.0,0.0,2500.0,False,False,False,True,V4_DEFAULT,COUNTERFACTUAL,LOSS,
P7,117,19,0,MAIN,150.0,340.0,1,2,1,ATTACK,18104.2,1,ATTACK,18904.2,0.0,False,1,ATTACK,0.0,0.0,0.0,800.0,False,False,False,True,V4_DEFAULT,COUNTERFACTUAL,LOSS,
P7,118,1,1,SETUP_ACTIVE_POKEMON,0.0,0.0,0,0,0,CARD,10000.0,0,CARD,10000.0,0.0,False,0,CARD,0.0,0.0,0.0,0.0,False,False,False,False,V4_DEFAULT,NONE,WIN,
P7,118,3,1,SETUP_BENCH_POKEMON,0.0,0.0,0,0,0,CARD,10000.0,0,CARD,10000.0,0.0,False,0,CARD,0.0,0.0,0.0,0.0,False,False,False,False,V4_DEFAULT,NONE,WIN,
P7,118,4,1,MAIN,90.0,90.0,0,0,0,ATTACH,39000.0,0,ATTACH,41500.0,0.0,False,0,ATTACH,0.0,0.0,0.0,2500.0,False,False,False,True,V4_DEFAULT,COUNTERFACTUAL,WIN,
P7,118,5,1,MAIN,90.0,90.0,1,0,0,PLAY,12000.0,0,PLAY,12000.0,0.0,False,0,PLAY,0.0,0.0,0.0,0.0,False,False,False,False,V4_DEFAULT,NONE,WIN,
P7,118,6,1,TO_HAND,90.0,90.0,1,0,0,CARD,10000.0,0,CARD,10000.0,0.0,False,0,CARD,0.0,0.0,0.0,0.0,False,False,False,False,V4_DEFAULT,NONE,WIN,
P7,118,7,1,MAIN,90.0,90.0,1,0,0,END,0.0,0,END,0.0,0.0,False,0,END,0.0,0.0,0.0,0.0,False,False,False,False,V4_DEFAULT,NONE,WIN,
P7,118,10,1,MAIN,80.0,90.0,1,1,4,EVOLVE,70500.0,4,EVOLVE,72500.0,0.0,False,4,EVOLVE,0.0,0.0,0.0,2000.0,False,False,False,True,V4_DEFAULT,COUNTERFACTUAL,WIN,
P7,118,11,1,MAIN,340.0,90.0,1,1,4,EVOLVE,70000.0,4,EVOLVE,72000.0,0.0,False,4,EVOLVE,0.0,0.0,0.0,2000.0,False,False,False,True,V4_DEFAULT,COUNTERFACTUAL,WIN,
P7,118,12,1,MAIN,340.0,90.0,1,1,0,ATTACH,39700.0,0,ATTACH,42200.0,0.0,False,0,ATTACH,0.0,0.0,0.0,2500.0,False,False,False,True,V4_DEFAULT,COUNTERFACTUAL,WIN,
P7,118,13,1,MAIN,340.0,90.0,2,1,2,ATTACK,18104.6,2,ATTACK,18904.6,0.0,False,2,ATTACK,0.0,0.0,0.0,800.0,False,False,False,True,V4_DEFAULT,COUNTERFACTUAL,WIN,
P7,118,14,1,TO_HAND,340.0,0.0,2,0,2,CARD,10000.0,2,CARD,10000.0,0.0,False,2,CARD,0.0,0.0,0.0,0.0,False,False,False,False,V4_DEFAULT,NONE,WIN,
P7,119,0,0,IS_FIRST,0.0,0.0,0,0,1,NO,5000.0,1,NO,5000.0,0.0,False,1,NO,0.0,0.0,0.0,0.0,False,False,False,False,V4_DEFAULT,NONE,WIN,
P7,119,2,0,SETUP_ACTIVE_POKEMON,0.0,0.0,0,0,0,CARD,10000.0,0,CARD,10000.0,0.0,False,0,CARD,0.0,0.0,0.0,0.0,False,False,False,False,V4_DEFAULT,NONE,WIN,
P7,119,5,0,MAIN,90.0,90.0,0,1,0,ATTACH,39000.0,0,ATTACH,41500.0,0.0,False,0,ATTACH,0.0,0.0,0.0,2500.0,False,False,False,True,V4_DEFAULT,COUNTERFACTUAL,WIN,
P7,119,6,0,MAIN,90.0,90.0,1,1,2,ATTACK,18104.4,2,ATTACK,18904.4,0.0,False,2,ATTACK,0.0,0.0,0.0,800.0,False,False,False,True,V4_DEFAULT,COUNTERFACTUAL,WIN,
P7,119,9,0,MAIN,60.0,80.0,1,2,3,EVOLVE,70500.0,3,EVOLVE,75500.0,0.0,False,3,EVOLVE,0.0,0.0,3000.0,2000.0,False,False,True,True,V4_DEFAULT,THREAT_MODEL+COUNTERFACTUAL,WIN,
P7,119,10,0,MAIN,320.0,80.0,1,2,1,ATTACH,39700.0,1,ATTACH,42200.0,0.0,False,1,ATTACH,0.0,0.0,0.0,2500.0,False,False,False,True,V4_DEFAULT,COUNTERFACTUAL,WIN,
P7,119,11,0,MAIN,320.0,80.0,2,2,2,ATTACK,18104.6,2,ATTACK,18904.6,0.0,False,2,ATTACK,0.0,0.0,0.0,800.0,False,False,False,True,V4_DEFAULT,COUNTERFACTUAL,WIN,
P7,119,12,0,TO_HAND,320.0,0.0,2,0,5,CARD,10000.0,5,CARD,10000.0,0.0,False,5,CARD,0.0,0.0,0.0,0.0,False,False,False,False,V4_DEFAULT,NONE,WIN,
P7,120,2,1,SETUP_ACTIVE_POKEMON,0.0,0.0,0,0,0,CARD,10000.0,0,CARD,10000.0,0.0,False,0,CARD,0.0,0.0,0.0,0.0,False,False,False,False,V4_DEFAULT,NONE,LOSS,
P7,120,4,1,MAIN,90.0,150.0,0,0,0,ATTACH,39000.0,0,ATTACH,41500.0,0.0,False,0,ATTACH,0.0,0.0,0.0,2500.0,False,False,False,True,V4_DEFAULT,COUNTERFACTUAL,LOSS,
P7,120,5,1,MAIN,90.0,150.0,1,0,0,END,0.0,0,END,0.0,0.0,False,0,END,0.0,0.0,0.0,0.0,False,False,False,False,V4_DEFAULT,NONE,LOSS,
P7,120,8,1,MAIN,90.0,150.0,1,1,1,ATTACH,39700.0,1,ATTACH,42200.0,0.0,False,1,ATTACH,0.0,0.0,0.0,2500.0,False,False,False,True,V4_DEFAULT,COUNTERFACTUAL,LOSS,
P7,120,9,1,MAIN,90.0,150.0,2,1,3,ATTACK,18104.5,3,ATTACK,18904.5,0.0,False,3,ATTACK,0.0,0.0,0.0,800.0,False,False,False,True,V4_DEFAULT,COUNTERFACTUAL,LOSS,
P7,120,12,1,MAIN,90.0,120.0,2,2,1,ATTACH,40400.0,1,ATTACH,42900.0,0.0,False,1,ATTACH,0.0,0.0,0.0,2500.0,False,False,False,True,V4_DEFAULT,COUNTERFACTUAL,LOSS,
P7,120,13,1,MAIN,90.0,120.0,3,2,4,ATTACK,18104.5,4,ATTACK,18904.5,0.0,False,4,ATTACK,0.0,0.0,0.0,800.0,False,False,False,True,V4_DEFAULT,COUNTERFACTUAL,LOSS,
P7,121,0,0,IS_FIRST,0.0,0.0,0,0,1,NO,5000.0,1,NO,5000.0,0.0,False,1,NO,0.0,0.0,0.0,0.0,False,False,False,False,V4_DEFAULT,NONE,LOSS,
P7,121,2,0,SETUP_ACTIVE_POKEMON,0.0,0.0,0,0,0,CARD,10000.0,0,CARD,10000.0,0.0,False,0,CARD,0.0,0.0,0.0,0.0,False,False,False,False,V4_DEFAULT,NONE,LOSS,
P7,121,5,0,MAIN,90.0,90.0,0,1,1,ATTACH,39000.0,1,ATTACH,41500.0,0.0,False,1,ATTACH,0.0,0.0,0.0,2500.0,False,False,False,True,V4_DEFAULT,COUNTERFACTUAL,LOSS,
P7,121,6,0,MAIN,90.0,90.0,1,1,3,ATTACK,18104.4,3,ATTACK,18904.4,0.0,False,3,ATTACK,0.0,0.0,0.0,800.0,False,False,False,True,V4_DEFAULT,COUNTERFACTUAL,LOSS,
P7,122,1,1,SETUP_ACTIVE_POKEMON,0.0,0.0,0,0,0,CARD,10000.0,0,CARD,10000.0,0.0,False,0,CARD,0.0,0.0,0.0,0.0,False,False,False,False,V4_DEFAULT,NONE,WIN,
P7,122,3,1,MAIN,90.0,90.0,0,0,0,ATTACH,39000.0,0,ATTACH,41500.0,0.0,False,0,ATTACH,0.0,0.0,0.0,2500.0,False,False,False,True,V4_DEFAULT,COUNTERFACTUAL,WIN,
P7,122,4,1,MAIN,90.0,90.0,1,0,0,PLAY,12000.0,0,PLAY,12000.0,0.0,False,0,PLAY,0.0,0.0,0.0,0.0,False,False,False,False,V4_DEFAULT,NONE,WIN,
P7,122,5,1,TO_HAND,90.0,90.0,1,0,0,CARD,5000.0,0,CARD,5000.0,0.0,False,0,CARD,0.0,0.0,0.0,0.0,False,False,False,False,V4_DEFAULT,NONE,WIN,
P7,122,6,1,MAIN,90.0,90.0,1,0,0,PLAY,12000.0,0,PLAY,12000.0,0.0,False,0,PLAY,0.0,0.0,0.0,0.0,False,False,False,False,V4_DEFAULT,NONE,WIN,
P7,122,7,1,TO_HAND,90.0,90.0,1,0,0,CARD,1000.0,0,CARD,1000.0,0.0,False,0,CARD,0.0,0.0,0.0,0.0,False,False,False,False,V4_DEFAULT,NONE,WIN,
P7,122,8,1,MAIN,90.0,90.0,1,0,0,END,0.0,0,END,0.0,0.0,False,0,END,0.0,0.0,0.0,0.0,False,False,False,False,V4_DEFAULT,NONE,WIN,
P7,122,11,1,MAIN,80.0,90.0,1,1,4,EVOLVE,70500.0,4,EVOLVE,72500.0,0.0,False,4,EVOLVE,0.0,0.0,0.0,2000.0,False,False,False,True,V4_DEFAULT,COUNTERFACTUAL,WIN,
P7,122,12,1,MAIN,340.0,90.0,1,1,0,ATTACH,39700.0,0,ATTACH,42200.0,0.0,False,0,ATTACH,0.0,0.0,0.0,2500.0,False,False,False,True,V4_DEFAULT,COUNTERFACTUAL,WIN,
P7,122,13,1,MAIN,340.0,90.0,2,1,1,ATTACK,18104.6,1,ATTACK,18904.6,0.0,False,1,ATTACK,0.0,0.0,0.0,800.0,False,False,False,True,V4_DEFAULT,COUNTERFACTUAL,WIN,
P7,122,14,1,TO_HAND,340.0,0.0,2,0,3,CARD,10000.0,3,CARD,10000.0,0.0,False,3,CARD,0.0,0.0,0.0,0.0,False,False,False,False,V4_DEFAULT,NONE,WIN,
P7,123,0,0,IS_FIRST,0.0,0.0,0,0,1,NO,5000.0,1,NO,5000.0,0.0,False,1,NO,0.0,0.0,0.0,0.0,False,False,False,False,V4_DEFAULT,NONE,LOSS,
P7,123,1,0,SETUP_ACTIVE_POKEMON,0.0,0.0,0,0,0,CARD,10000.0,0,CARD,10000.0,0.0,False,0,CARD,0.0,0.0,0.0,0.0,False,False,False,False,V4_DEFAULT,NONE,LOSS,
P7,123,3,0,DRAW_COUNT,0.0,0.0,0,0,1,NUMBER,1.0,1,NUMBER,1.0,0.0,False,1,NUMBER,0.0,0.0,0.0,0.0,False,False,False,False,V4_DEFAULT,NONE,LOSS,
P7,123,10,0,MAIN,150.0,90.0,0,1,0,ATTACH,39000.0,0,ATTACH,41500.0,0.0,False,0,ATTACH,0.0,0.0,0.0,2500.0,False,False,False,True,V4_DEFAULT,COUNTERFACTUAL,LOSS,
P7,123,11,0,MAIN,150.0,90.0,1,1,1,ATTACK,18104.2,1,ATTACK,18904.2,0.0,False,1,ATTACK,0.0,0.0,0.0,800.0,False,False,False,True,V4_DEFAULT,COUNTERFACTUAL,LOSS,
P7,124,2,1,SETUP_ACTIVE_POKEMON,0.0,0.0,0,0,0,CARD,10000.0,0,CARD,10000.0,0.0,False,0,CARD,0.0,0.0,0.0,0.0,False,False,False,False,V4_DEFAULT,NONE,WIN,
P7,124,4,1,SETUP_BENCH_POKEMON,0.0,0.0,0,0,0,CARD,10000.0,0,CARD,10000.0,0.0,False,0,CARD,0.0,0.0,0.0,0.0,False,False,False,False,V4_DEFAULT,NONE,WIN,
P7,124,6,1,MAIN,90.0,150.0,0,0,0,ATTACH,39000.0,0,ATTACH,41500.0,0.0,False,0,ATTACH,0.0,0.0,0.0,2500.0,False,False,False,True,V4_DEFAULT,COUNTERFACTUAL,WIN,
P7,124,7,1,MAIN,90.0,150.0,1,0,0,END,0.0,0,END,0.0,0.0,False,0,END,0.0,0.0,0.0,0.0,False,False,False,False,V4_DEFAULT,NONE,WIN,
P7,124,10,1,MAIN,90.0,150.0,1,1,0,EVOLVE,70500.0,0,EVOLVE,72500.0,0.0,False,0,EVOLVE,0.0,0.0,0.0,2000.0,False,False,False,True,V4_DEFAULT,COUNTERFACTUAL,WIN,
P7,124,11,1,MAIN,350.0,150.0,1,1,0,ATTACH,39700.0,0,ATTACH,42200.0,0.0,False,0,ATTACH,0.0,0.0,0.0,2500.0,False,False,False,True,V4_DEFAULT,COUNTERFACTUAL,WIN,
P7,124,12,1,MAIN,350.0,150.0,2,1,1,ATTACK,18104.6,1,ATTACK,18904.6,0.0,False,1,ATTACK,0.0,0.0,0.0,800.0,False,False,False,True,V4_DEFAULT,COUNTERFACTUAL,WIN,
P7,124,13,1,TO_HAND,350.0,0.0,2,0,3,CARD,10000.0,3,CARD,10000.0,0.0,False,3,CARD,0.0,0.0,0.0,0.0,False,False,False,False,V4_DEFAULT,NONE,WIN,
P7,124,17,1,MAIN,340.0,90.0,2,1,0,ATTACH,40400.0,0,ATTACH,42900.0,0.0,False,0,ATTACH,0.0,0.0,0.0,2500.0,False,False,False,True,V4_DEFAULT,COUNTERFACTUAL,WIN,
P7,124,18,1,MAIN,340.0,90.0,3,1,3,ATTACK,18104.7,3,ATTACK,18904.7,0.0,False,3,ATTACK,0.0,0.0,0.0,800.0,False,False,False,True,V4_DEFAULT,COUNTERFACTUAL,WIN,
P7,124,19,1,TO_HAND,340.0,0.0,3,0,2,CARD,10000.0,2,CARD,10000.0,0.0,False,2,CARD,0.0,0.0,0.0,0.0,False,False,False,False,V4_DEFAULT,NONE,WIN,
P7,124,23,1,MAIN,340.0,90.0,3,1,0,ATTACH,41100.0,1,ATTACH,40000.0,400.0,True,1,ATTACH,0.0,0.0,2000.0,3000.0,False,False,True,True,COUNTERFACTUAL,THREAT_MODEL+COUNTERFACTUAL,WIN,True
P7,124,24,1,MAIN,340.0,90.0,3,1,2,ATTACH,41100.0,3,ATTACH,40700.0,1100.0,True,3,ATTACH,0.0,0.0,2000.0,3000.0,False,False,True,True,COUNTERFACTUAL,THREAT_MODEL+COUNTERFACTUAL,WIN,True
P7,124,25,1,MAIN,340.0,90.0,3,1,3,ATTACK,18104.7,3,ATTACK,18904.7,0.0,False,3,ATTACK,0.0,0.0,0.0,800.0,False,False,False,True,V4_DEFAULT,COUNTERFACTUAL,WIN,
P7,124,26,1,TO_HAND,340.0,0.0,3,0,1,CARD,10000.0,1,CARD,10000.0,0.0,False,1,CARD,0.0,0.0,0.0,0.0,False,False,False,False,V4_DEFAULT,NONE,WIN,
P7,125,0,0,IS_FIRST,0.0,0.0,0,0,1,NO,5000.0,1,NO,5000.0,0.0,False,1,NO,0.0,0.0,0.0,0.0,False,False,False,False,V4_DEFAULT,NONE,WIN,
P7,125,1,0,SETUP_ACTIVE_POKEMON,0.0,0.0,0,0,0,CARD,10000.0,0,CARD,10000.0,0.0,False,0,CARD,0.0,0.0,0.0,0.0,False,False,False,False,V4_DEFAULT,NONE,WIN,
P7,125,3,0,DRAW_COUNT,0.0,0.0,0,0,2,NUMBER,2.0,2,NUMBER,2.0,0.0,False,2,NUMBER,0.0,0.0,0.0,0.0,False,False,False,False,V4_DEFAULT,NONE,WIN,
P7,125,7,0,MAIN,90.0,90.0,0,1,0,ATTACH,39000.0,0,ATTACH,41500.0,0.0,False,0,ATTACH,0.0,0.0,0.0,2500.0,False,False,False,True,V4_DEFAULT,COUNTERFACTUAL,WIN,
P7,125,8,0,MAIN,90.0,90.0,1,1,1,ATTACH,39700.0,1,ATTACH,42200.0,0.0,False,1,ATTACH,0.0,0.0,0.0,2500.0,False,False,False,True,V4_DEFAULT,COUNTERFACTUAL,WIN,
P7,125,9,0,MAIN,90.0,90.0,1,1,1,ATTACK,18104.4,1,ATTACK,18904.4,0.0,False,1,ATTACK,0.0,0.0,0.0,800.0,False,False,False,True,V4_DEFAULT,COUNTERFACTUAL,WIN,
P7,125,12,0,MAIN,60.0,80.0,1,2,1,EVOLVE,70500.0,1,EVOLVE,75500.0,0.0,False,1,EVOLVE,0.0,0.0,3000.0,2000.0,False,False,True,True,V4_DEFAULT,THREAT_MODEL+COUNTERFACTUAL,WIN,
P7,125,13,0,MAIN,320.0,80.0,1,2,0,ATTACH,39700.0,0,ATTACH,42200.0,0.0,False,0,ATTACH,0.0,0.0,0.0,2500.0,False,False,False,True,V4_DEFAULT,COUNTERFACTUAL,WIN,
P7,125,14,0,MAIN,320.0,80.0,2,2,1,ATTACK,18104.6,1,ATTACK,18904.6,0.0,False,1,ATTACK,0.0,0.0,0.0,800.0,False,False,False,True,V4_DEFAULT,COUNTERFACTUAL,WIN,
P7,125,15,0,TO_HAND,320.0,0.0,2,0,0,CARD,5000.0,0,CARD,5000.0,0.0,False,0,CARD,0.0,0.0,0.0,0.0,False,False,False,False,V4_DEFAULT,NONE,WIN,
P7,125,19,0,MAIN,280.0,150.0,2,1,0,ATTACH,40400.0,0,ATTACH,42900.0,0.0,False,0,ATTACH,0.0,0.0,0.0,2500.0,False,False,False,True,V4_DEFAULT,COUNTERFACTUAL,WIN,
P7,125,20,0,MAIN,280.0,150.0,3,1,3,ATTACK,18104.7,3,ATTACK,18904.7,0.0,False,3,ATTACK,0.0,0.0,0.0,800.0,False,False,False,True,V4_DEFAULT,COUNTERFACTUAL,WIN,
P7,125,21,0,TO_HAND,280.0,0.0,3,0,0,CARD,5000.0,0,CARD,5000.0,0.0,False,0,CARD,0.0,0.0,0.0,0.0,False,False,False,False,V4_DEFAULT,NONE,WIN,
P7,126,1,1,SETUP_ACTIVE_POKEMON,0.0,0.0,0,0,0,CARD,10000.0,0,CARD,10000.0,0.0,False,0,CARD,0.0,0.0,0.0,0.0,False,False,False,False,V4_DEFAULT,NONE,WIN,
P7,126,3,1,MAIN,150.0,90.0,0,0,1,ATTACH,39000.0,1,ATTACH,41500.0,0.0,False,1,ATTACH,0.0,0.0,0.0,2500.0,False,False,False,True,V4_DEFAULT,COUNTERFACTUAL,WIN,
P7,126,4,1,MAIN,150.0,90.0,1,0,0,PLAY,12000.0,0,PLAY,12000.0,0.0,False,0,PLAY,0.0,0.0,0.0,0.0,False,False,False,False,V4_DEFAULT,NONE,WIN,
P7,126,5,1,TO_HAND,150.0,90.0,1,0,0,CARD,1000.0,0,CARD,1000.0,0.0,False,0,CARD,0.0,0.0,0.0,0.0,False,False,False,False,V4_DEFAULT,NONE,WIN,
P7,126,6,1,MAIN,150.0,90.0,1,0,0,END,0.0,0,END,0.0,0.0,False,0,END,0.0,0.0,0.0,0.0,False,False,False,False,V4_DEFAULT,NONE,WIN,
P7,126,9,1,MAIN,140.0,90.0,1,1,1,ATTACH,39700.0,1,ATTACH,42200.0,0.0,False,1,ATTACH,0.0,0.0,0.0,2500.0,False,False,False,True,V4_DEFAULT,COUNTERFACTUAL,WIN,
P7,126,10,1,MAIN,140.0,90.0,2,1,1,ATTACK,18104.2,1,ATTACK,18904.2,0.0,False,1,ATTACK,0.0,0.0,0.0,800.0,False,False,False,True,V4_DEFAULT,COUNTERFACTUAL,WIN,
P7,126,13,1,MAIN,110.0,90.0,2,2,1,ATTACH,40400.0,1,ATTACH,42900.0,0.0,False,1,ATTACH,0.0,0.0,0.0,2500.0,False,False,False,True,V4_DEFAULT,COUNTERFACTUAL,WIN,
P7,126,14,1,MAIN,110.0,90.0,3,2,2,ATTACK,18104.3,2,ATTACK,18904.3,0.0,False,2,ATTACK,0.0,0.0,0.0,800.0,False,False,False,True,V4_DEFAULT,COUNTERFACTUAL,WIN,
P7,126,15,1,DISCARD_ENERGY,110.0,0.0,3,2,0,ENERGY,30000.0,0,ENERGY,30000.0,0.0,False,0,ENERGY,0.0,0.0,0.0,0.0,False,False,False,False,V4_DEFAULT,NONE,WIN,
P7,126,16,1,DISCARD_ENERGY,110.0,0.0,2,2,0,ENERGY,30000.0,0,ENERGY,30000.0,0.0,False,0,ENERGY,0.0,0.0,0.0,0.0,False,False,False,False,V4_DEFAULT,NONE,WIN,
P7,126,17,1,TO_HAND,110.0,0.0,1,0,1,CARD,10000.0,1,CARD,10000.0,0.0,False,1,CARD,0.0,0.0,0.0,0.0,False,False,False,False,V4_DEFAULT,NONE,WIN,
P7,127,0,0,IS_FIRST,0.0,0.0,0,0,1,NO,5000.0,1,NO,5000.0,0.0,False,1,NO,0.0,0.0,0.0,0.0,False,False,False,False,V4_DEFAULT,NONE,LOSS,
P7,127,2,0,SETUP_ACTIVE_POKEMON,0.0,0.0,0,0,0,CARD,10000.0,0,CARD,10000.0,0.0,False,0,CARD,0.0,0.0,0.0,0.0,False,False,False,False,V4_DEFAULT,NONE,LOSS,
P7,127,5,0,MAIN,90.0,90.0,0,1,0,ATTACH,39000.0,0,ATTACH,41500.0,0.0,False,0,ATTACH,0.0,0.0,0.0,2500.0,False,False,False,True,V4_DEFAULT,COUNTERFACTUAL,LOSS,
P7,127,6,0,MAIN,90.0,90.0,1,1,2,ATTACK,18104.4,2,ATTACK,18904.4,0.0,False,2,ATTACK,0.0,0.0,0.0,800.0,False,False,False,True,V4_DEFAULT,COUNTERFACTUAL,LOSS,
P7,128,2,1,SETUP_ACTIVE_POKEMON,0.0,0.0,0,0,0,CARD,10000.0,0,CARD,10000.0,0.0,False,0,CARD,0.0,0.0,0.0,0.0,False,False,False,False,V4_DEFAULT,NONE,WIN,
P7,128,5,1,MAIN,90.0,90.0,0,0,1,ATTACH,39000.0,1,ATTACH,41500.0,0.0,False,1,ATTACH,0.0,0.0,0.0,2500.0,False,False,False,True,V4_DEFAULT,COUNTERFACTUAL,WIN,
P7,128,6,1,MAIN,90.0,90.0,1,0,0,PLAY,12000.0,0,PLAY,12000.0,0.0,False,0,PLAY,0.0,0.0,0.0,0.0,False,False,False,False,V4_DEFAULT,NONE,WIN,
P7,128,7,1,TO_HAND,90.0,90.0,1,0,0,CARD,1000.0,0,CARD,1000.0,0.0,False,0,CARD,0.0,0.0,0.0,0.0,False,False,False,False,V4_DEFAULT,NONE,WIN,
P7,128,8,1,MAIN,90.0,90.0,1,0,0,END,0.0,0,END,0.0,0.0,False,0,END,0.0,0.0,0.0,0.0,False,False,False,False,V4_DEFAULT,NONE,WIN,
P7,128,11,1,MAIN,80.0,90.0,1,1,5,EVOLVE,70500.0,5,EVOLVE,72500.0,0.0,False,5,EVOLVE,0.0,0.0,0.0,2000.0,False,False,False,True,V4_DEFAULT,COUNTERFACTUAL,WIN,
P7,128,12,1,MAIN,340.0,90.0,1,1,0,ATTACH,39700.0,0,ATTACH,42200.0,0.0,False,0,ATTACH,0.0,0.0,0.0,2500.0,False,False,False,True,V4_DEFAULT,COUNTERFACTUAL,WIN,
P7,128,13,1,MAIN,340.0,90.0,2,1,2,ATTACK,18104.6,2,ATTACK,18904.6,0.0,False,2,ATTACK,0.0,0.0,0.0,800.0,False,False,False,True,V4_DEFAULT,COUNTERFACTUAL,WIN,
P7,128,14,1,TO_HAND,340.0,0.0,2,0,4,CARD,10000.0,4,CARD,10000.0,0.0,False,4,CARD,0.0,0.0,0.0,0.0,False,False,False,False,V4_DEFAULT,NONE,WIN,
P7,128,18,1,MAIN,320.0,150.0,2,1,0,ATTACH,40400.0,0,ATTACH,42900.0,0.0,False,0,ATTACH,0.0,0.0,0.0,2500.0,False,False,False,True,V4_DEFAULT,COUNTERFACTUAL,WIN,
P7,128,19,1,MAIN,320.0,150.0,3,1,3,ATTACH,41100.0,3,ATTACH,43600.0,0.0,False,3,ATTACH,0.0,0.0,0.0,2500.0,False,False,False,True,V4_DEFAULT,COUNTERFACTUAL,WIN,
P7,128,20,1,MAIN,320.0,150.0,3,1,4,ATTACK,18104.7,4,ATTACK,18904.7,0.0,False,4,ATTACK,0.0,0.0,0.0,800.0,False,False,False,True,V4_DEFAULT,COUNTERFACTUAL,WIN,
P7,128,21,1,TO_HAND,320.0,0.0,3,0,3,CARD,10000.0,3,CARD,10000.0,0.0,False,3,CARD,0.0,0.0,0.0,0.0,False,False,False,False,V4_DEFAULT,NONE,WIN,
P7,129,0,0,IS_FIRST,0.0,0.0,0,0,1,NO,5000.0,1,NO,5000.0,0.0,False,1,NO,0.0,0.0,0.0,0.0,False,False,False,False,V4_DEFAULT,NONE,LOSS,
P7,129,2,0,SETUP_ACTIVE_POKEMON,0.0,0.0,0,0,0,CARD,10000.0,0,CARD,10000.0,0.0,False,0,CARD,0.0,0.0,0.0,0.0,False,False,False,False,V4_DEFAULT,NONE,LOSS,
P7,129,8,0,MAIN,150.0,150.0,0,1,1,ATTACH,39000.0,1,ATTACH,41500.0,0.0,False,1,ATTACH,0.0,0.0,0.0,2500.0,False,False,False,True,V4_DEFAULT,COUNTERFACTUAL,LOSS,
P7,129,9,0,MAIN,150.0,150.0,1,1,1,ATTACK,18104.2,1,ATTACK,18904.2,0.0,False,1,ATTACK,0.0,0.0,0.0,800.0,False,False,False,True,V4_DEFAULT,COUNTERFACTUAL,LOSS,
P7,129,13,0,MAIN,150.0,150.0,1,2,1,ATTACH,39700.0,1,ATTACH,42200.0,0.0,False,1,ATTACH,0.0,0.0,0.0,2500.0,False,False,False,True,V4_DEFAULT,COUNTERFACTUAL,LOSS,
P7,129,14,0,MAIN,150.0,150.0,2,2,2,ATTACK,18104.2,2,ATTACK,18904.2,0.0,False,2,ATTACK,0.0,0.0,0.0,800.0,False,False,False,True,V4_DEFAULT,COUNTERFACTUAL,LOSS,
P7,129,19,0,MAIN,20.0,150.0,2,1,1,ATTACH,40400.0,1,ATTACH,42900.0,0.0,False,1,ATTACH,0.0,0.0,0.0,2500.0,False,False,False,True,V4_DEFAULT,COUNTERFACTUAL,LOSS,
P7,129,20,0,MAIN,20.0,150.0,3,1,3,ATTACK,18104.3,3,ATTACK,18904.3,0.0,False,3,ATTACK,0.0,0.0,0.0,800.0,False,False,False,True,V4_DEFAULT,COUNTERFACTUAL,LOSS,
P7,129,21,0,DISCARD_ENERGY,20.0,20.0,3,1,0,ENERGY,30000.0,0,ENERGY,30000.0,0.0,False,0,ENERGY,0.0,0.0,0.0,0.0,False,False,False,False,V4_DEFAULT,NONE,LOSS,
P7,129,22,0,DISCARD_ENERGY,20.0,20.0,2,1,0,ENERGY,30000.0,0,ENERGY,30000.0,0.0,False,0,ENERGY,0.0,0.0,0.0,0.0,False,False,False,False,V4_DEFAULT,NONE,LOSS,
P7,130,1,1,SETUP_ACTIVE_POKEMON,0.0,0.0,0,0,0,CARD,10000.0,0,CARD,10000.0,0.0,False,0,CARD,0.0,0.0,0.0,0.0,False,False,False,False,V4_DEFAULT,NONE,WIN,
P7,130,3,1,MAIN,150.0,90.0,0,0,1,ATTACH,39000.0,1,ATTACH,41500.0,0.0,False,1,ATTACH,0.0,0.0,0.0,2500.0,False,False,False,True,V4_DEFAULT,COUNTERFACTUAL,WIN,
P7,130,4,1,MAIN,150.0,90.0,1,0,0,PLAY,12000.0,0,PLAY,12000.0,0.0,False,0,PLAY,0.0,0.0,0.0,0.0,False,False,False,False,V4_DEFAULT,NONE,WIN,
P7,130,5,1,TO_HAND,150.0,90.0,1,0,0,CARD,1000.0,0,CARD,1000.0,0.0,False,0,CARD,0.0,0.0,0.0,0.0,False,False,False,False,V4_DEFAULT,NONE,WIN,
P7,130,6,1,MAIN,150.0,90.0,1,0,0,PLAY,12000.0,0,PLAY,12000.0,0.0,False,0,PLAY,0.0,0.0,0.0,0.0,False,False,False,False,V4_DEFAULT,NONE,WIN,
P7,130,7,1,MAIN,150.0,90.0,1,0,0,END,0.0,0,END,0.0,0.0,False,0,END,0.0,0.0,0.0,0.0,False,False,False,False,V4_DEFAULT,NONE,WIN,
P7,130,11,1,MAIN,140.0,90.0,1,1,5,EVOLVE,70000.0,5,EVOLVE,72000.0,0.0,False,5,EVOLVE,0.0,0.0,0.0,2000.0,False,False,False,True,V4_DEFAULT,COUNTERFACTUAL,WIN,
P7,130,12,1,MAIN,140.0,90.0,1,1,2,ATTACH,39700.0,2,ATTACH,42200.0,0.0,False,2,ATTACH,0.0,0.0,0.0,2500.0,False,False,False,True,V4_DEFAULT,COUNTERFACTUAL,WIN,
P7,130,13,1,MAIN,140.0,90.0,2,1,3,ATTACK,18104.2,3,ATTACK,18904.2,0.0,False,3,ATTACK,0.0,0.0,0.0,800.0,False,False,False,True,V4_DEFAULT,COUNTERFACTUAL,WIN,
P7,130,16,1,MAIN,110.0,90.0,2,2,3,ATTACH,40400.0,3,ATTACH,42900.0,0.0,False,3,ATTACH,0.0,0.0,0.0,2500.0,False,False,False,True,V4_DEFAULT,COUNTERFACTUAL,WIN,
P7,130,17,1,MAIN,110.0,90.0,3,2,4,ATTACK,18104.3,4,ATTACK,18904.3,0.0,False,4,ATTACK,0.0,0.0,0.0,800.0,False,False,False,True,V4_DEFAULT,COUNTERFACTUAL,WIN,
P7,130,18,1,DISCARD_ENERGY,110.0,0.0,3,2,0,ENERGY,30000.0,0,ENERGY,30000.0,0.0,False,0,ENERGY,0.0,0.0,0.0,0.0,False,False,False,False,V4_DEFAULT,NONE,WIN,
P7,130,19,1,DISCARD_ENERGY,110.0,0.0,2,2,0,ENERGY,30000.0,0,ENERGY,30000.0,0.0,False,0,ENERGY,0.0,0.0,0.0,0.0,False,False,False,False,V4_DEFAULT,NONE,WIN,
P7,130,20,1,TO_HAND,110.0,0.0,1,0,0,CARD,5000.0,0,CARD,5000.0,0.0,False,0,CARD,0.0,0.0,0.0,0.0,False,False,False,False,V4_DEFAULT,NONE,WIN,
P7,131,0,0,IS_FIRST,0.0,0.0,0,0,1,NO,5000.0,1,NO,5000.0,0.0,False,1,NO,0.0,0.0,0.0,0.0,False,False,False,False,V4_DEFAULT,NONE,LOSS,
P7,131,2,0,SETUP_ACTIVE_POKEMON,0.0,0.0,0,0,0,CARD,10000.0,0,CARD,10000.0,0.0,False,0,CARD,0.0,0.0,0.0,0.0,False,False,False,False,V4_DEFAULT,NONE,LOSS,
P7,131,7,0,MAIN,150.0,90.0,0,1,0,ATTACH,39000.0,0,ATTACH,41500.0,0.0,False,0,ATTACH,0.0,0.0,0.0,2500.0,False,False,False,True,V4_DEFAULT,COUNTERFACTUAL,LOSS,
P7,131,8,0,MAIN,150.0,90.0,1,1,0,ATTACH,39700.0,0,ATTACH,42200.0,0.0,False,0,ATTACH,0.0,0.0,0.0,2500.0,False,False,False,True,V4_DEFAULT,COUNTERFACTUAL,LOSS,
P7,131,9,0,MAIN,150.0,90.0,1,1,3,ATTACK,18104.2,3,ATTACK,18904.2,0.0,False,3,ATTACK,0.0,0.0,0.0,800.0,False,False,False,True,V4_DEFAULT,COUNTERFACTUAL,LOSS,
P7,132,2,1,SETUP_ACTIVE_POKEMON,0.0,0.0,0,0,0,CARD,10000.0,0,CARD,10000.0,0.0,False,0,CARD,0.0,0.0,0.0,0.0,False,False,False,False,V4_DEFAULT,NONE,WIN,
P7,132,4,1,MAIN,90.0,150.0,0,0,2,ATTACH,39000.0,2,ATTACH,41500.0,0.0,False,2,ATTACH,0.0,0.0,0.0,2500.0,False,False,False,True,V4_DEFAULT,COUNTERFACTUAL,WIN,
P7,132,5,1,MAIN,90.0,150.0,1,0,0,PLAY,12000.0,0,PLAY,12000.0,0.0,False,0,PLAY,0.0,0.0,0.0,0.0,False,False,False,False,V4_DEFAULT,NONE,WIN,
P7,132,6,1,TO_HAND,90.0,150.0,1,0,0,CARD,5000.0,0,CARD,5000.0,0.0,False,0,CARD,0.0,0.0,0.0,0.0,False,False,False,False,V4_DEFAULT,NONE,WIN,
P7,132,7,1,MAIN,90.0,150.0,1,0,0,PLAY,12000.0,0,PLAY,12000.0,0.0,False,0,PLAY,0.0,0.0,0.0,0.0,False,False,False,False,V4_DEFAULT,NONE,WIN,
P7,132,8,1,TO_HAND,90.0,150.0,1,0,0,CARD,1000.0,0,CARD,1000.0,0.0,False,0,CARD,0.0,0.0,0.0,0.0,False,False,False,False,V4_DEFAULT,NONE,WIN,
P7,132,9,1,MAIN,90.0,150.0,1,0,0,PLAY,12000.0,0,PLAY,12000.0,0.0,False,0,PLAY,0.0,0.0,0.0,0.0,False,False,False,False,V4_DEFAULT,NONE,WIN,
P7,132,10,1,MAIN,90.0,150.0,1,0,0,END,0.0,0,END,0.0,0.0,False,0,END,0.0,0.0,0.0,0.0,False,False,False,False,V4_DEFAULT,NONE,WIN,
P7,132,14,1,MAIN,90.0,150.0,1,1,4,EVOLVE,70500.0,4,EVOLVE,72500.0,0.0,False,4,EVOLVE,0.0,0.0,0.0,2000.0,False,False,False,True,V4_DEFAULT,COUNTERFACTUAL,WIN,
P7,132,15,1,MAIN,350.0,150.0,1,1,2,ATTACH,39700.0,2,ATTACH,42200.0,0.0,False,2,ATTACH,0.0,0.0,0.0,2500.0,False,False,False,True,V4_DEFAULT,COUNTERFACTUAL,WIN,
P7,132,16,1,MAIN,350.0,150.0,2,1,2,ATTACH,40400.0,2,ATTACH,42900.0,0.0,False,2,ATTACH,0.0,0.0,0.0,2500.0,False,False,False,True,V4_DEFAULT,COUNTERFACTUAL,WIN,
P7,132,17,1,MAIN,350.0,150.0,2,1,2,ATTACK,18104.6,2,ATTACK,18904.6,0.0,False,2,ATTACK,0.0,0.0,0.0,800.0,False,False,False,True,V4_DEFAULT,COUNTERFACTUAL,WIN,
P7,132,18,1,TO_HAND,350.0,0.0,2,0,2,CARD,10000.0,2,CARD,10000.0,0.0,False,2,CARD,0.0,0.0,0.0,0.0,False,False,False,False,V4_DEFAULT,NONE,WIN,
P7,133,0,0,IS_FIRST,0.0,0.0,0,0,1,NO,5000.0,1,NO,5000.0,0.0,False,1,NO,0.0,0.0,0.0,0.0,False,False,False,False,V4_DEFAULT,NONE,WIN,
P7,133,2,0,SETUP_ACTIVE_POKEMON,0.0,0.0,0,0,0,CARD,10000.0,0,CARD,10000.0,0.0,False,0,CARD,0.0,0.0,0.0,0.0,False,False,False,False,V4_DEFAULT,NONE,WIN,
P7,133,7,0,MAIN,90.0,90.0,0,1,1,ATTACH,39000.0,1,ATTACH,41500.0,0.0,False,1,ATTACH,0.0,0.0,0.0,2500.0,False,False,False,True,V4_DEFAULT,COUNTERFACTUAL,WIN,
P7,133,8,0,MAIN,90.0,90.0,0,1,1,ATTACH,39000.0,1,ATTACH,41500.0,0.0,False,1,ATTACH,0.0,0.0,0.0,2500.0,False,False,False,True,V4_DEFAULT,COUNTERFACTUAL,WIN,
P7,133,9,0,MAIN,90.0,90.0,1,1,1,ATTACK,18104.4,1,ATTACK,18904.4,0.0,False,1,ATTACK,0.0,0.0,0.0,800.0,False,False,False,True,V4_DEFAULT,COUNTERFACTUAL,WIN,
P7,133,12,0,MAIN,60.0,80.0,1,2,3,EVOLVE,70500.0,3,EVOLVE,75500.0,0.0,False,3,EVOLVE,0.0,0.0,3000.0,2000.0,False,False,True,True,V4_DEFAULT,THREAT_MODEL+COUNTERFACTUAL,WIN,
P7,133,13,0,MAIN,320.0,80.0,1,2,1,ATTACH,39700.0,1,ATTACH,42200.0,0.0,False,1,ATTACH,0.0,0.0,0.0,2500.0,False,False,False,True,V4_DEFAULT,COUNTERFACTUAL,WIN,
P7,133,14,0,MAIN,320.0,80.0,2,2,1,ATTACK,18104.6,1,ATTACK,18904.6,0.0,False,1,ATTACK,0.0,0.0,0.0,800.0,False,False,False,True,V4_DEFAULT,COUNTERFACTUAL,WIN,
P7,133,15,0,TO_HAND,320.0,0.0,2,0,0,CARD,5000.0,0,CARD,5000.0,0.0,False,0,CARD,0.0,0.0,0.0,0.0,False,False,False,False,V4_DEFAULT,NONE,WIN,
P7,133,19,0,MAIN,310.0,90.0,2,1,1,ATTACH,40400.0,1,ATTACH,42900.0,0.0,False,1,ATTACH,0.0,0.0,0.0,2500.0,False,False,False,True,V4_DEFAULT,COUNTERFACTUAL,WIN,
P7,133,20,0,MAIN,310.0,90.0,3,1,4,ATTACK,18104.7,4,ATTACK,18904.7,0.0,False,4,ATTACK,0.0,0.0,0.0,800.0,False,False,False,True,V4_DEFAULT,COUNTERFACTUAL,WIN,
P7,133,21,0,TO_HAND,310.0,0.0,3,0,3,CARD,10000.0,3,CARD,10000.0,0.0,False,3,CARD,0.0,0.0,0.0,0.0,False,False,False,False,V4_DEFAULT,NONE,WIN,
P7,134,1,1,SETUP_ACTIVE_POKEMON,0.0,0.0,0,0,0,CARD,10000.0,0,CARD,10000.0,0.0,False,0,CARD,0.0,0.0,0.0,0.0,False,False,False,False,V4_DEFAULT,NONE,WIN,
P7,134,4,1,MAIN,90.0,90.0,0,0,1,ATTACH,39000.0,1,ATTACH,41500.0,0.0,False,1,ATTACH,0.0,0.0,0.0,2500.0,False,False,False,True,V4_DEFAULT,COUNTERFACTUAL,WIN,
P7,134,5,1,MAIN,90.0,90.0,0,0,1,ATTACH,39000.0,1,ATTACH,41500.0,0.0,False,1,ATTACH,0.0,0.0,0.0,2500.0,False,False,False,True,V4_DEFAULT,COUNTERFACTUAL,WIN,
P7,134,6,1,MAIN,90.0,90.0,1,0,0,PLAY,12000.0,0,PLAY,12000.0,0.0,False,0,PLAY,0.0,0.0,0.0,0.0,False,False,False,False,V4_DEFAULT,NONE,WIN,
P7,134,7,1,TO_HAND,90.0,90.0,1,0,0,CARD,5000.0,0,CARD,5000.0,0.0,False,0,CARD,0.0,0.0,0.0,0.0,False,False,False,False,V4_DEFAULT,NONE,WIN,
P7,134,8,1,MAIN,90.0,90.0,1,0,0,END,0.0,0,END,0.0,0.0,False,0,END,0.0,0.0,0.0,0.0,False,False,False,False,V4_DEFAULT,NONE,WIN,
P7,134,11,1,MAIN,80.0,90.0,1,1,4,EVOLVE,70500.0,4,EVOLVE,72500.0,0.0,False,4,EVOLVE,0.0,0.0,0.0,2000.0,False,False,False,True,V4_DEFAULT,COUNTERFACTUAL,WIN,
P7,134,12,1,MAIN,340.0,90.0,1,1,0,ATTACH,39700.0,0,ATTACH,42200.0,0.0,False,0,ATTACH,0.0,0.0,0.0,2500.0,False,False,False,True,V4_DEFAULT,COUNTERFACTUAL,WIN,
P7,134,13,1,MAIN,340.0,90.0,2,1,0,ATTACK,18104.6,0,ATTACK,18904.6,0.0,False,0,ATTACK,0.0,0.0,0.0,800.0,False,False,False,True,V4_DEFAULT,COUNTERFACTUAL,WIN,
P7,134,14,1,TO_HAND,340.0,0.0,2,0,0,CARD,5000.0,0,CARD,5000.0,0.0,False,0,CARD,0.0,0.0,0.0,0.0,False,False,False,False,V4_DEFAULT,NONE,WIN,
P7,134,19,1,MAIN,320.0,150.0,2,1,0,ATTACH,40400.0,0,ATTACH,42900.0,0.0,False,0,ATTACH,0.0,0.0,0.0,2500.0,False,False,False,True,V4_DEFAULT,COUNTERFACTUAL,WIN,
P7,134,20,1,MAIN,320.0,150.0,3,1,3,ATTACK,18104.7,3,ATTACK,18904.7,0.0,False,3,ATTACK,0.0,0.0,0.0,800.0,False,False,False,True,V4_DEFAULT,COUNTERFACTUAL,WIN,
P7,134,21,1,TO_HAND,320.0,0.0,3,0,3,CARD,10000.0,3,CARD,10000.0,0.0,False,3,CARD,0.0,0.0,0.0,0.0,False,False,False,False,V4_DEFAULT,NONE,WIN,
P7,134,26,1,MAIN,320.0,350.0,3,1,0,ATTACH,41100.0,0,ATTACH,43600.0,0.0,False,0,ATTACH,0.0,0.0,0.0,2500.0,False,False,False,True,V4_DEFAULT,COUNTERFACTUAL,WIN,
P7,134,27,1,MAIN,320.0,350.0,4,1,4,ATTACK,18104.7,4,ATTACK,18904.7,0.0,False,4,ATTACK,0.0,0.0,0.0,800.0,False,False,False,True,V4_DEFAULT,COUNTERFACTUAL,WIN,
P7,134,30,1,MAIN,150.0,100.0,4,2,0,ATTACH,41800.0,0,ATTACH,44300.0,0.0,False,0,ATTACH,0.0,0.0,0.0,2500.0,False,False,False,True,V4_DEFAULT,COUNTERFACTUAL,WIN,
P7,134,31,1,MAIN,150.0,100.0,5,2,4,ATTACK,18104.7,4,ATTACK,18904.7,0.0,False,4,ATTACK,0.0,0.0,0.0,800.0,False,False,False,True,V4_DEFAULT,COUNTERFACTUAL,WIN,
P7,134,32,1,TO_HAND,150.0,0.0,5,0,1,CARD,10000.0,1,CARD,10000.0,0.0,False,1,CARD,0.0,0.0,0.0,0.0,False,False,False,False,V4_DEFAULT,NONE,WIN,
P7,135,0,0,IS_FIRST,0.0,0.0,0,0,1,NO,5000.0,1,NO,5000.0,0.0,False,1,NO,0.0,0.0,0.0,0.0,False,False,False,False,V4_DEFAULT,NONE,WIN,
P7,135,2,0,SETUP_ACTIVE_POKEMON,0.0,0.0,0,0,0,CARD,10000.0,0,CARD,10000.0,0.0,False,0,CARD,0.0,0.0,0.0,0.0,False,False,False,False,V4_DEFAULT,NONE,WIN,
P7,135,3,0,SETUP_BENCH_POKEMON,0.0,0.0,0,0,0,CARD,10000.0,0,CARD,10000.0,0.0,False,0,CARD,0.0,0.0,0.0,0.0,False,False,False,False,V4_DEFAULT,NONE,WIN,
P7,135,6,0,MAIN,90.0,90.0,0,1,0,ATTACH,39000.0,0,ATTACH,41500.0,0.0,False,0,ATTACH,0.0,0.0,0.0,2500.0,False,False,False,True,V4_DEFAULT,COUNTERFACTUAL,WIN,
P7,135,7,0,MAIN,90.0,90.0,1,1,1,ATTACK,18104.4,1,ATTACK,18904.4,0.0,False,1,ATTACK,0.0,0.0,0.0,800.0,False,False,False,True,V4_DEFAULT,COUNTERFACTUAL,WIN,
P7,135,10,0,MAIN,60.0,80.0,1,2,9,EVOLVE,70500.0,9,EVOLVE,75500.0,0.0,False,9,EVOLVE,0.0,0.0,3000.0,2000.0,False,False,True,True,V4_DEFAULT,THREAT_MODEL+COUNTERFACTUAL,WIN,
P7,135,11,0,MAIN,320.0,80.0,1,2,1,ATTACH,39700.0,1,ATTACH,42200.0,0.0,False,1,ATTACH,0.0,0.0,0.0,2500.0,False,False,False,True,V4_DEFAULT,COUNTERFACTUAL,WIN,
P7,135,12,0,MAIN,320.0,80.0,2,2,1,ATTACK,18104.6,1,ATTACK,18904.6,0.0,False,1,ATTACK,0.0,0.0,0.0,800.0,False,False,False,True,V4_DEFAULT,COUNTERFACTUAL,WIN,
P7,135,13,0,TO_HAND,320.0,0.0,2,0,0,CARD,5000.0,0,CARD,5000.0,0.0,False,0,CARD,0.0,0.0,0.0,0.0,False,False,False,False,V4_DEFAULT,NONE,WIN,
P7,136,1,1,SETUP_ACTIVE_POKEMON,0.0,0.0,0,0,0,CARD,10000.0,0,CARD,10000.0,0.0,False,0,CARD,0.0,0.0,0.0,0.0,False,False,False,False,V4_DEFAULT,NONE,WIN,
P7,136,4,1,MAIN,150.0,90.0,0,0,1,ATTACH,39000.0,1,ATTACH,41500.0,0.0,False,1,ATTACH,0.0,0.0,0.0,2500.0,False,False,False,True,V4_DEFAULT,COUNTERFACTUAL,WIN,
P7,136,5,1,MAIN,150.0,90.0,1,0,0,PLAY,12000.0,0,PLAY,12000.0,0.0,False,0,PLAY,0.0,0.0,0.0,0.0,False,False,False,False,V4_DEFAULT,NONE,WIN,
P7,136,6,1,TO_HAND,150.0,90.0,1,0,0,CARD,1000.0,0,CARD,1000.0,0.0,False,0,CARD,0.0,0.0,0.0,0.0,False,False,False,False,V4_DEFAULT,NONE,WIN,
P7,136,7,1,MAIN,150.0,90.0,1,0,0,END,0.0,0,END,0.0,0.0,False,0,END,0.0,0.0,0.0,0.0,False,False,False,False,V4_DEFAULT,NONE,WIN,
P7,136,10,1,MAIN,140.0,90.0,1,1,1,ATTACH,39700.0,1,ATTACH,42200.0,0.0,False,1,ATTACH,0.0,0.0,0.0,2500.0,False,False,False,True,V4_DEFAULT,COUNTERFACTUAL,WIN,
P7,136,11,1,MAIN,140.0,90.0,2,1,2,ATTACK,18104.2,2,ATTACK,18904.2,0.0,False,2,ATTACK,0.0,0.0,0.0,800.0,False,False,False,True,V4_DEFAULT,COUNTERFACTUAL,WIN,
P7,136,14,1,MAIN,110.0,90.0,2,2,1,ATTACH,40400.0,1,ATTACH,42900.0,0.0,False,1,ATTACH,0.0,0.0,0.0,2500.0,False,False,False,True,V4_DEFAULT,COUNTERFACTUAL,WIN,
P7,136,15,1,MAIN,110.0,90.0,3,2,4,ATTACK,18104.3,4,ATTACK,18904.3,0.0,False,4,ATTACK,0.0,0.0,0.0,800.0,False,False,False,True,V4_DEFAULT,COUNTERFACTUAL,WIN,
P7,136,16,1,DISCARD_ENERGY,110.0,0.0,3,2,0,ENERGY,30000.0,0,ENERGY,30000.0,0.0,False,0,ENERGY,0.0,0.0,0.0,0.0,False,False,False,False,V4_DEFAULT,NONE,WIN,
P7,136,17,1,DISCARD_ENERGY,110.0,0.0,2,2,0,ENERGY,30000.0,0,ENERGY,30000.0,0.0,False,0,ENERGY,0.0,0.0,0.0,0.0,False,False,False,False,V4_DEFAULT,NONE,WIN,
P7,136,18,1,TO_HAND,110.0,0.0,1,0,3,CARD,10000.0,3,CARD,10000.0,0.0,False,3,CARD,0.0,0.0,0.0,0.0,False,False,False,False,V4_DEFAULT,NONE,WIN,
P7,136,22,1,MAIN,70.0,150.0,1,1,2,ATTACH,39700.0,2,ATTACH,42200.0,0.0,False,2,ATTACH,0.0,0.0,0.0,2500.0,False,False,False,True,V4_DEFAULT,COUNTERFACTUAL,WIN,
P7,136,23,1,MAIN,70.0,150.0,2,1,3,ATTACK,18104.2,3,ATTACK,18904.2,0.0,False,3,ATTACK,0.0,0.0,0.0,800.0,False,False,False,True,V4_DEFAULT,COUNTERFACTUAL,WIN,
P7,136,26,1,MAIN,70.0,110.0,2,2,2,ATTACH,40400.0,2,ATTACH,42900.0,0.0,False,2,ATTACH,0.0,0.0,0.0,2500.0,False,False,False,True,V4_DEFAULT,COUNTERFACTUAL,WIN,
P7,136,27,1,MAIN,70.0,110.0,3,2,5,ATTACK,18104.3,5,ATTACK,18904.3,0.0,False,5,ATTACK,0.0,0.0,0.0,800.0,False,False,False,True,V4_DEFAULT,COUNTERFACTUAL,WIN,
P7,136,28,1,DISCARD_ENERGY,70.0,0.0,3,2,0,ENERGY,30000.0,0,ENERGY,30000.0,0.0,False,0,ENERGY,0.0,0.0,0.0,0.0,False,False,False,False,V4_DEFAULT,NONE,WIN,
P7,136,29,1,DISCARD_ENERGY,70.0,0.0,2,2,0,ENERGY,30000.0,0,ENERGY,30000.0,0.0,False,0,ENERGY,0.0,0.0,0.0,0.0,False,False,False,False,V4_DEFAULT,NONE,WIN,
P7,136,30,1,TO_HAND,70.0,0.0,1,0,2,CARD,10000.0,2,CARD,10000.0,0.0,False,2,CARD,0.0,0.0,0.0,0.0,False,False,False,False,V4_DEFAULT,NONE,WIN,
P7,137,0,0,IS_FIRST,0.0,0.0,0,0,1,NO,5000.0,1,NO,5000.0,0.0,False,1,NO,0.0,0.0,0.0,0.0,False,False,False,False,V4_DEFAULT,NONE,LOSS,
P7,137,1,0,SETUP_ACTIVE_POKEMON,0.0,0.0,0,0,0,CARD,10000.0,0,CARD,10000.0,0.0,False,0,CARD,0.0,0.0,0.0,0.0,False,False,False,False,V4_DEFAULT,NONE,LOSS,
P7,137,3,0,DRAW_COUNT,0.0,0.0,0,0,1,NUMBER,1.0,1,NUMBER,1.0,0.0,False,1,NUMBER,0.0,0.0,0.0,0.0,False,False,False,False,V4_DEFAULT,NONE,LOSS,
P7,137,7,0,MAIN,90.0,150.0,0,1,0,ATTACH,39000.0,0,ATTACH,41500.0,0.0,False,0,ATTACH,0.0,0.0,0.0,2500.0,False,False,False,True,V4_DEFAULT,COUNTERFACTUAL,LOSS,
P7,137,8,0,MAIN,90.0,150.0,1,1,1,ATTACK,18104.4,1,ATTACK,18904.4,0.0,False,1,ATTACK,0.0,0.0,0.0,800.0,False,False,False,True,V4_DEFAULT,COUNTERFACTUAL,LOSS,
P7,137,11,0,MAIN,90.0,140.0,1,2,0,ATTACH,39700.0,0,ATTACH,42200.0,0.0,False,0,ATTACH,0.0,0.0,0.0,2500.0,False,False,False,True,V4_DEFAULT,COUNTERFACTUAL,LOSS,
P7,137,12,0,MAIN,90.0,140.0,2,2,3,ATTACK,18104.5,3,ATTACK,18904.5,0.0,False,3,ATTACK,0.0,0.0,0.0,800.0,False,False,False,True,V4_DEFAULT,COUNTERFACTUAL,LOSS,
P7,138,2,1,SETUP_ACTIVE_POKEMON,0.0,0.0,0,0,0,CARD,10000.0,0,CARD,10000.0,0.0,False,0,CARD,0.0,0.0,0.0,0.0,False,False,False,False,V4_DEFAULT,NONE,WIN,
P7,138,4,1,MAIN,90.0,90.0,0,0,0,ATTACH,39000.0,0,ATTACH,41500.0,0.0,False,0,ATTACH,0.0,0.0,0.0,2500.0,False,False,False,True,V4_DEFAULT,COUNTERFACTUAL,WIN,
P7,138,5,1,MAIN,90.0,90.0,1,0,0,END,0.0,0,END,0.0,0.0,False,0,END,0.0,0.0,0.0,0.0,False,False,False,False,V4_DEFAULT,NONE,WIN,
P7,138,9,1,MAIN,80.0,90.0,1,1,4,EVOLVE,70500.0,4,EVOLVE,72500.0,0.0,False,4,EVOLVE,0.0,0.0,0.0,2000.0,False,False,False,True,V4_DEFAULT,COUNTERFACTUAL,WIN,
P7,138,10,1,MAIN,340.0,90.0,1,1,1,ATTACH,39700.0,1,ATTACH,42200.0,0.0,False,1,ATTACH,0.0,0.0,0.0,2500.0,False,False,False,True,V4_DEFAULT,COUNTERFACTUAL,WIN,
P7,138,11,1,MAIN,340.0,90.0,2,1,2,ATTACK,18104.6,2,ATTACK,18904.6,0.0,False,2,ATTACK,0.0,0.0,0.0,800.0,False,False,False,True,V4_DEFAULT,COUNTERFACTUAL,WIN,
P7,138,12,1,TO_HAND,340.0,0.0,2,0,5,CARD,10000.0,5,CARD,10000.0,0.0,False,5,CARD,0.0,0.0,0.0,0.0,False,False,False,False,V4_DEFAULT,NONE,WIN,
P7,139,0,0,IS_FIRST,0.0,0.0,0,0,1,NO,5000.0,1,NO,5000.0,0.0,False,1,NO,0.0,0.0,0.0,0.0,False,False,False,False,V4_DEFAULT,NONE,LOSS,
P7,139,1,0,SETUP_ACTIVE_POKEMON,0.0,0.0,0,0,0,CARD,10000.0,0,CARD,10000.0,0.0,False,0,CARD,0.0,0.0,0.0,0.0,False,False,False,False,V4_DEFAULT,NONE,LOSS,
P7,139,3,0,DRAW_COUNT,0.0,0.0,0,0,1,NUMBER,1.0,1,NUMBER,1.0,0.0,False,1,NUMBER,0.0,0.0,0.0,0.0,False,False,False,False,V4_DEFAULT,NONE,LOSS,
P7,139,8,0,MAIN,150.0,150.0,0,1,0,ATTACH,39000.0,0,ATTACH,41500.0,0.0,False,0,ATTACH,0.0,0.0,0.0,2500.0,False,False,False,True,V4_DEFAULT,COUNTERFACTUAL,LOSS,
P7,139,9,0,MAIN,150.0,150.0,1,1,0,ATTACK,18104.2,0,ATTACK,18904.2,0.0,False,0,ATTACK,0.0,0.0,0.0,800.0,False,False,False,True,V4_DEFAULT,COUNTERFACTUAL,LOSS,
P7,139,12,0,MAIN,150.0,150.0,1,2,0,ATTACH,39700.0,0,ATTACH,42200.0,0.0,False,0,ATTACH,0.0,0.0,0.0,2500.0,False,False,False,True,V4_DEFAULT,COUNTERFACTUAL,LOSS,
P7,139,13,0,MAIN,150.0,150.0,2,2,1,ATTACK,18104.2,1,ATTACK,18904.2,0.0,False,1,ATTACK,0.0,0.0,0.0,800.0,False,False,False,True,V4_DEFAULT,COUNTERFACTUAL,LOSS,
P7,139,18,0,MAIN,20.0,150.0,2,1,0,ATTACH,40400.0,0,ATTACH,42900.0,0.0,False,0,ATTACH,0.0,0.0,0.0,2500.0,False,False,False,True,V4_DEFAULT,COUNTERFACTUAL,LOSS,
P7,139,19,0,MAIN,20.0,150.0,3,1,2,ATTACK,18104.3,2,ATTACK,18904.3,0.0,False,2,ATTACK,0.0,0.0,0.0,800.0,False,False,False,True,V4_DEFAULT,COUNTERFACTUAL,LOSS,
P7,139,20,0,DISCARD_ENERGY,20.0,20.0,3,1,0,ENERGY,30000.0,0,ENERGY,30000.0,0.0,False,0,ENERGY,0.0,0.0,0.0,0.0,False,False,False,False,V4_DEFAULT,NONE,LOSS,
P7,139,21,0,DISCARD_ENERGY,20.0,20.0,2,1,0,ENERGY,30000.0,0,ENERGY,30000.0,0.0,False,0,ENERGY,0.0,0.0,0.0,0.0,False,False,False,False,V4_DEFAULT,NONE,LOSS,
P7,140,1,1,SETUP_ACTIVE_POKEMON,0.0,0.0,0,0,0,CARD,10000.0,0,CARD,10000.0,0.0,False,0,CARD,0.0,0.0,0.0,0.0,False,False,False,False,V4_DEFAULT,NONE,WIN,
P7,140,3,1,SETUP_BENCH_POKEMON,0.0,0.0,0,0,0,CARD,10000.0,0,CARD,10000.0,0.0,False,0,CARD,0.0,0.0,0.0,0.0,False,False,False,False,V4_DEFAULT,NONE,WIN,
P7,140,4,1,MAIN,90.0,90.0,0,0,1,ATTACH,39000.0,1,ATTACH,41500.0,0.0,False,1,ATTACH,0.0,0.0,0.0,2500.0,False,False,False,True,V4_DEFAULT,COUNTERFACTUAL,WIN,
P7,140,5,1,MAIN,90.0,90.0,0,0,1,ATTACH,39000.0,1,ATTACH,41500.0,0.0,False,1,ATTACH,0.0,0.0,0.0,2500.0,False,False,False,True,V4_DEFAULT,COUNTERFACTUAL,WIN,
P7,140,6,1,MAIN,90.0,90.0,1,0,0,PLAY,12000.0,0,PLAY,12000.0,0.0,False,0,PLAY,0.0,0.0,0.0,0.0,False,False,False,False,V4_DEFAULT,NONE,WIN,
P7,140,7,1,TO_HAND,90.0,90.0,1,0,0,CARD,1000.0,0,CARD,1000.0,0.0,False,0,CARD,0.0,0.0,0.0,0.0,False,False,False,False,V4_DEFAULT,NONE,WIN,
P7,140,8,1,MAIN,90.0,90.0,1,0,0,END,0.0,0,END,0.0,0.0,False,0,END,0.0,0.0,0.0,0.0,False,False,False,False,V4_DEFAULT,NONE,WIN,
P7,140,11,1,MAIN,80.0,90.0,1,1,4,EVOLVE,70500.0,4,EVOLVE,72500.0,0.0,False,4,EVOLVE,0.0,0.0,0.0,2000.0,False,False,False,True,V4_DEFAULT,COUNTERFACTUAL,WIN,
P7,140,12,1,MAIN,340.0,90.0,1,1,2,ATTACH,39700.0,2,ATTACH,42200.0,0.0,False,2,ATTACH,0.0,0.0,0.0,2500.0,False,False,False,True,V4_DEFAULT,COUNTERFACTUAL,WIN,
P7,140,13,1,MAIN,340.0,90.0,2,1,3,ATTACK,18104.6,3,ATTACK,18904.6,0.0,False,3,ATTACK,0.0,0.0,0.0,800.0,False,False,False,True,V4_DEFAULT,COUNTERFACTUAL,WIN,
P7,140,14,1,TO_HAND,340.0,0.0,2,0,2,CARD,10000.0,2,CARD,10000.0,0.0,False,2,CARD,0.0,0.0,0.0,0.0,False,False,False,False,V4_DEFAULT,NONE,WIN,
P7,141,0,0,IS_FIRST,0.0,0.0,0,0,1,NO,5000.0,1,NO,5000.0,0.0,False,1,NO,0.0,0.0,0.0,0.0,False,False,False,False,V4_DEFAULT,NONE,WIN,
P7,141,2,0,SETUP_ACTIVE_POKEMON,0.0,0.0,0,0,0,CARD,10000.0,0,CARD,10000.0,0.0,False,0,CARD,0.0,0.0,0.0,0.0,False,False,False,False,V4_DEFAULT,NONE,WIN,
P7,141,4,0,SETUP_BENCH_POKEMON,0.0,0.0,0,0,0,CARD,10000.0,0,CARD,10000.0,0.0,False,0,CARD,0.0,0.0,0.0,0.0,False,False,False,False,V4_DEFAULT,NONE,WIN,
P7,141,11,0,MAIN,150.0,90.0,0,1,1,ATTACH,39000.0,1,ATTACH,41500.0,0.0,False,1,ATTACH,0.0,0.0,0.0,2500.0,False,False,False,True,V4_DEFAULT,COUNTERFACTUAL,WIN,
P7,141,12,0,MAIN,150.0,90.0,1,1,3,ATTACK,18104.2,3,ATTACK,18904.2,0.0,False,3,ATTACK,0.0,0.0,0.0,800.0,False,False,False,True,V4_DEFAULT,COUNTERFACTUAL,WIN,
P7,141,17,0,TO_ACTIVE,0.0,350.0,0,2,0,CARD,5000.0,0,CARD,5000.0,0.0,False,0,CARD,0.0,0.0,0.0,0.0,False,False,False,False,V4_DEFAULT,NONE,WIN,
P7,141,18,0,MAIN,90.0,350.0,0,2,3,EVOLVE,70000.0,3,EVOLVE,75000.0,0.0,False,3,EVOLVE,0.0,0.0,3000.0,2000.0,False,False,True,True,V4_DEFAULT,THREAT_MODEL+COUNTERFACTUAL,WIN,
P7,141,19,0,MAIN,350.0,350.0,0,2,3,ATTACH,39000.0,3,ATTACH,41500.0,0.0,False,3,ATTACH,0.0,0.0,0.0,2500.0,False,False,False,True,V4_DEFAULT,COUNTERFACTUAL,WIN,
P7,141,20,0,MAIN,350.0,350.0,1,2,3,ATTACH,39700.0,3,ATTACH,42200.0,0.0,False,3,ATTACH,0.0,0.0,0.0,2500.0,False,False,False,True,V4_DEFAULT,COUNTERFACTUAL,WIN,
P7,141,21,0,MAIN,350.0,350.0,1,2,0,PLAY,12000.0,0,PLAY,12000.0,0.0,False,0,PLAY,0.0,0.0,0.0,0.0,False,False,False,False,V4_DEFAULT,NONE,WIN,
P7,141,22,0,TO_HAND,350.0,350.0,1,2,0,CARD,1000.0,0,CARD,1000.0,0.0,False,0,CARD,0.0,0.0,0.0,0.0,False,False,False,False,V4_DEFAULT,NONE,WIN,
P7,141,23,0,MAIN,350.0,350.0,1,2,0,PLAY,12000.0,0,PLAY,12000.0,0.0,False,0,PLAY,0.0,0.0,0.0,0.0,False,False,False,False,V4_DEFAULT,NONE,WIN,
P7,141,24,0,ATTACH_TO,350.0,350.0,1,2,1,CARD,10000.0,1,CARD,10000.0,0.0,False,1,CARD,0.0,0.0,0.0,0.0,False,False,False,False,V4_DEFAULT,NONE,WIN,
P7,141,25,0,ATTACH_FROM,350.0,350.0,1,2,0,CARD,5000.0,0,CARD,5000.0,0.0,False,0,CARD,0.0,0.0,0.0,0.0,False,False,False,False,V4_DEFAULT,NONE,WIN,
P7,141,26,0,MAIN,350.0,350.0,2,2,0,ATTACK,18104.6,0,ATTACK,18904.6,0.0,False,0,ATTACK,0.0,0.0,0.0,800.0,False,False,False,True,V4_DEFAULT,COUNTERFACTUAL,WIN,
P7,141,27,0,TO_HAND,350.0,0.0,2,0,1,CARD,10000.0,1,CARD,10000.0,0.0,False,1,CARD,0.0,0.0,0.0,0.0,False,False,False,False,V4_DEFAULT,NONE,WIN,
P7,142,1,1,SETUP_ACTIVE_POKEMON,0.0,0.0,0,0,0,CARD,10000.0,0,CARD,10000.0,0.0,False,0,CARD,0.0,0.0,0.0,0.0,False,False,False,False,V4_DEFAULT,NONE,WIN,
P7,142,3,1,MAIN,90.0,90.0,0,0,0,ATTACH,39000.0,0,ATTACH,41500.0,0.0,False,0,ATTACH,0.0,0.0,0.0,2500.0,False,False,False,True,V4_DEFAULT,COUNTERFACTUAL,WIN,
P7,142,4,1,MAIN,90.0,90.0,1,0,0,PLAY,12000.0,0,PLAY,12000.0,0.0,False,0,PLAY,0.0,0.0,0.0,0.0,False,False,False,False,V4_DEFAULT,NONE,WIN,
P7,142,5,1,TO_HAND,90.0,90.0,1,0,0,CARD,1000.0,0,CARD,1000.0,0.0,False,0,CARD,0.0,0.0,0.0,0.0,False,False,False,False,V4_DEFAULT,NONE,WIN,
P7,142,6,1,MAIN,90.0,90.0,1,0,0,END,0.0,0,END,0.0,0.0,False,0,END,0.0,0.0,0.0,0.0,False,False,False,False,V4_DEFAULT,NONE,WIN,
P7,142,9,1,MAIN,80.0,90.0,1,1,1,EVOLVE,70500.0,1,EVOLVE,72500.0,0.0,False,1,EVOLVE,0.0,0.0,0.0,2000.0,False,False,False,True,V4_DEFAULT,COUNTERFACTUAL,WIN,
P7,142,10,1,MAIN,340.0,90.0,1,1,1,ATTACH,39700.0,1,ATTACH,42200.0,0.0,False,1,ATTACH,0.0,0.0,0.0,2500.0,False,False,False,True,V4_DEFAULT,COUNTERFACTUAL,WIN,
P7,142,11,1,MAIN,340.0,90.0,2,1,1,ATTACK,18104.6,1,ATTACK,18904.6,0.0,False,1,ATTACK,0.0,0.0,0.0,800.0,False,False,False,True,V4_DEFAULT,COUNTERFACTUAL,WIN,
P7,142,12,1,TO_HAND,340.0,0.0,2,0,3,CARD,10000.0,3,CARD,10000.0,0.0,False,3,CARD,0.0,0.0,0.0,0.0,False,False,False,False,V4_DEFAULT,NONE,WIN,
P7,143,0,0,IS_FIRST,0.0,0.0,0,0,1,NO,5000.0,1,NO,5000.0,0.0,False,1,NO,0.0,0.0,0.0,0.0,False,False,False,False,V4_DEFAULT,NONE,WIN,
P7,143,2,0,SETUP_ACTIVE_POKEMON,0.0,0.0,0,0,0,CARD,10000.0,0,CARD,10000.0,0.0,False,0,CARD,0.0,0.0,0.0,0.0,False,False,False,False,V4_DEFAULT,NONE,WIN,
P7,143,6,0,MAIN,90.0,150.0,0,1,1,ATTACH,39000.0,1,ATTACH,41500.0,0.0,False,1,ATTACH,0.0,0.0,0.0,2500.0,False,False,False,True,V4_DEFAULT,COUNTERFACTUAL,WIN,
P7,143,7,0,MAIN,90.0,150.0,1,1,2,ATTACK,18104.4,2,ATTACK,18904.4,0.0,False,2,ATTACK,0.0,0.0,0.0,800.0,False,False,False,True,V4_DEFAULT,COUNTERFACTUAL,WIN,
P7,143,10,0,MAIN,90.0,140.0,1,2,2,EVOLVE,70500.0,2,EVOLVE,75500.0,0.0,False,2,EVOLVE,0.0,0.0,3000.0,2000.0,False,False,True,True,V4_DEFAULT,THREAT_MODEL+COUNTERFACTUAL,WIN,
P7,143,11,0,MAIN,350.0,140.0,1,2,1,ATTACH,39700.0,1,ATTACH,42200.0,0.0,False,1,ATTACH,0.0,0.0,0.0,2500.0,False,False,False,True,V4_DEFAULT,COUNTERFACTUAL,WIN,
P7,143,12,0,MAIN,350.0,140.0,2,2,3,ATTACK,18104.6,3,ATTACK,18904.6,0.0,False,3,ATTACK,0.0,0.0,0.0,800.0,False,False,False,True,V4_DEFAULT,COUNTERFACTUAL,WIN,
P7,143,13,0,TO_HAND,350.0,0.0,2,0,4,CARD,10000.0,4,CARD,10000.0,0.0,False,4,CARD,0.0,0.0,0.0,0.0,False,False,False,False,V4_DEFAULT,NONE,WIN,
P7,144,1,1,SETUP_ACTIVE_POKEMON,0.0,0.0,0,0,0,CARD,10000.0,0,CARD,10000.0,0.0,False,0,CARD,0.0,0.0,0.0,0.0,False,False,False,False,V4_DEFAULT,NONE,WIN,
P7,144,3,1,DRAW_COUNT,0.0,0.0,0,0,3,NUMBER,3.0,3,NUMBER,3.0,0.0,False,3,NUMBER,0.0,0.0,0.0,0.0,False,False,False,False,V4_DEFAULT,NONE,WIN,
P7,144,4,1,SETUP_BENCH_POKEMON,0.0,0.0,0,0,0,CARD,10000.0,0,CARD,10000.0,0.0,False,0,CARD,0.0,0.0,0.0,0.0,False,False,False,False,V4_DEFAULT,NONE,WIN,
P7,144,5,1,MAIN,90.0,90.0,0,0,0,ATTACH,39000.0,0,ATTACH,41500.0,0.0,False,0,ATTACH,0.0,0.0,0.0,2500.0,False,False,False,True,V4_DEFAULT,COUNTERFACTUAL,WIN,
P7,144,6,1,MAIN,90.0,90.0,1,0,0,PLAY,12000.0,0,PLAY,12000.0,0.0,False,0,PLAY,0.0,0.0,0.0,0.0,False,False,False,False,V4_DEFAULT,NONE,WIN,
P7,144,7,1,MAIN,90.0,90.0,1,0,0,END,0.0,0,END,0.0,0.0,False,0,END,0.0,0.0,0.0,0.0,False,False,False,False,V4_DEFAULT,NONE,WIN,
P7,144,10,1,MAIN,80.0,90.0,1,1,4,EVOLVE,70500.0,4,EVOLVE,72500.0,0.0,False,4,EVOLVE,0.0,0.0,0.0,2000.0,False,False,False,True,V4_DEFAULT,COUNTERFACTUAL,WIN,
P7,144,11,1,MAIN,340.0,90.0,1,1,0,ATTACH,39700.0,0,ATTACH,42200.0,0.0,False,0,ATTACH,0.0,0.0,0.0,2500.0,False,False,False,True,V4_DEFAULT,COUNTERFACTUAL,WIN,
P7,144,12,1,MAIN,340.0,90.0,2,1,1,ATTACK,18104.6,1,ATTACK,18904.6,0.0,False,1,ATTACK,0.0,0.0,0.0,800.0,False,False,False,True,V4_DEFAULT,COUNTERFACTUAL,WIN,
P7,144,13,1,TO_HAND,340.0,0.0,2,0,0,CARD,5000.0,0,CARD,5000.0,0.0,False,0,CARD,0.0,0.0,0.0,0.0,False,False,False,False,V4_DEFAULT,NONE,WIN,
P7,145,0,0,IS_FIRST,0.0,0.0,0,0,1,NO,5000.0,1,NO,5000.0,0.0,False,1,NO,0.0,0.0,0.0,0.0,False,False,False,False,V4_DEFAULT,NONE,LOSS,
P7,145,2,0,SETUP_ACTIVE_POKEMON,0.0,0.0,0,0,0,CARD,10000.0,0,CARD,10000.0,0.0,False,0,CARD,0.0,0.0,0.0,0.0,False,False,False,False,V4_DEFAULT,NONE,LOSS,
P7,145,9,0,MAIN,150.0,90.0,0,1,0,ATTACH,39000.0,0,ATTACH,41500.0,0.0,False,0,ATTACH,0.0,0.0,0.0,2500.0,False,False,False,True,V4_DEFAULT,COUNTERFACTUAL,LOSS,
P7,145,10,0,MAIN,150.0,90.0,0,1,0,ATTACH,39000.0,0,ATTACH,41500.0,0.0,False,0,ATTACH,0.0,0.0,0.0,2500.0,False,False,False,True,V4_DEFAULT,COUNTERFACTUAL,LOSS,
P7,145,11,0,MAIN,150.0,90.0,1,1,1,ATTACK,18104.2,1,ATTACK,18904.2,0.0,False,1,ATTACK,0.0,0.0,0.0,800.0,False,False,False,True,V4_DEFAULT,COUNTERFACTUAL,LOSS,
P7,146,2,1,SETUP_ACTIVE_POKEMON,0.0,0.0,0,0,0,CARD,10000.0,0,CARD,10000.0,0.0,False,0,CARD,0.0,0.0,0.0,0.0,False,False,False,False,V4_DEFAULT,NONE,LOSS,
P7,146,4,1,MAIN,90.0,150.0,0,0,0,ATTACH,39000.0,0,ATTACH,41500.0,0.0,False,0,ATTACH,0.0,0.0,0.0,2500.0,False,False,False,True,V4_DEFAULT,COUNTERFACTUAL,LOSS,
P7,146,5,1,MAIN,90.0,150.0,1,0,0,END,0.0,0,END,0.0,0.0,False,0,END,0.0,0.0,0.0,0.0,False,False,False,False,V4_DEFAULT,NONE,LOSS,
P7,146,8,1,MAIN,90.0,150.0,1,1,1,ATTACH,39700.0,1,ATTACH,42200.0,0.0,False,1,ATTACH,0.0,0.0,0.0,2500.0,False,False,False,True,V4_DEFAULT,COUNTERFACTUAL,LOSS,
P7,146,9,1,MAIN,90.0,150.0,2,1,4,ATTACK,18104.5,4,ATTACK,18904.5,0.0,False,4,ATTACK,0.0,0.0,0.0,800.0,False,False,False,True,V4_DEFAULT,COUNTERFACTUAL,LOSS,
P7,146,12,1,MAIN,90.0,120.0,2,2,2,ATTACH,40400.0,2,ATTACH,42900.0,0.0,False,2,ATTACH,0.0,0.0,0.0,2500.0,False,False,False,True,V4_DEFAULT,COUNTERFACTUAL,LOSS,
P7,146,13,1,MAIN,90.0,120.0,3,2,4,ATTACK,18104.5,4,ATTACK,18904.5,0.0,False,4,ATTACK,0.0,0.0,0.0,800.0,False,False,False,True,V4_DEFAULT,COUNTERFACTUAL,LOSS,
P7,147,0,0,IS_FIRST,0.0,0.0,0,0,1,NO,5000.0,1,NO,5000.0,0.0,False,1,NO,0.0,0.0,0.0,0.0,False,False,False,False,V4_DEFAULT,NONE,LOSS,
P7,147,1,0,SETUP_ACTIVE_POKEMON,0.0,0.0,0,0,0,CARD,10000.0,0,CARD,10000.0,0.0,False,0,CARD,0.0,0.0,0.0,0.0,False,False,False,False,V4_DEFAULT,NONE,LOSS,
P7,147,3,0,DRAW_COUNT,0.0,0.0,0,0,1,NUMBER,1.0,1,NUMBER,1.0,0.0,False,1,NUMBER,0.0,0.0,0.0,0.0,False,False,False,False,V4_DEFAULT,NONE,LOSS,
P7,147,4,0,SETUP_BENCH_POKEMON,0.0,0.0,0,0,0,CARD,10000.0,0,CARD,10000.0,0.0,False,0,CARD,0.0,0.0,0.0,0.0,False,False,False,False,V4_DEFAULT,NONE,LOSS,
P7,147,9,0,MAIN,90.0,90.0,0,1,0,ATTACH,39000.0,0,ATTACH,41500.0,0.0,False,0,ATTACH,0.0,0.0,0.0,2500.0,False,False,False,True,V4_DEFAULT,COUNTERFACTUAL,LOSS,
P7,147,10,0,MAIN,90.0,90.0,1,1,1,ATTACK,18104.4,1,ATTACK,18904.4,0.0,False,1,ATTACK,0.0,0.0,0.0,800.0,False,False,False,True,V4_DEFAULT,COUNTERFACTUAL,LOSS,
P7,147,15,0,TO_ACTIVE,0.0,340.0,0,2,0,CARD,5000.0,0,CARD,5000.0,0.0,False,0,CARD,0.0,0.0,0.0,0.0,False,False,False,False,V4_DEFAULT,NONE,LOSS,
P7,147,16,0,MAIN,150.0,340.0,0,2,0,ATTACH,39000.0,0,ATTACH,41500.0,0.0,False,0,ATTACH,0.0,0.0,0.0,2500.0,False,False,False,True,V4_DEFAULT,COUNTERFACTUAL,LOSS,
P7,147,17,0,MAIN,150.0,340.0,1,2,2,ATTACK,18104.2,2,ATTACK,18904.2,0.0,False,2,ATTACK,0.0,0.0,0.0,800.0,False,False,False,True,V4_DEFAULT,COUNTERFACTUAL,LOSS,
P7,148,1,1,SETUP_ACTIVE_POKEMON,0.0,0.0,0,0,0,CARD,10000.0,0,CARD,10000.0,0.0,False,0,CARD,0.0,0.0,0.0,0.0,False,False,False,False,V4_DEFAULT,NONE,WIN,
P7,148,3,1,DRAW_COUNT,0.0,0.0,0,0,4,NUMBER,4.0,4,NUMBER,4.0,0.0,False,4,NUMBER,0.0,0.0,0.0,0.0,False,False,False,False,V4_DEFAULT,NONE,WIN,
P7,148,4,1,MAIN,90.0,150.0,0,0,0,ATTACH,39000.0,0,ATTACH,41500.0,0.0,False,0,ATTACH,0.0,0.0,0.0,2500.0,False,False,False,True,V4_DEFAULT,COUNTERFACTUAL,WIN,
P7,148,5,1,MAIN,90.0,150.0,1,0,0,PLAY,12000.0,0,PLAY,12000.0,0.0,False,0,PLAY,0.0,0.0,0.0,0.0,False,False,False,False,V4_DEFAULT,NONE,WIN,
P7,148,6,1,TO_HAND,90.0,150.0,1,0,0,CARD,5000.0,0,CARD,5000.0,0.0,False,0,CARD,0.0,0.0,0.0,0.0,False,False,False,False,V4_DEFAULT,NONE,WIN,
P7,148,7,1,MAIN,90.0,150.0,1,0,0,END,0.0,0,END,0.0,0.0,False,0,END,0.0,0.0,0.0,0.0,False,False,False,False,V4_DEFAULT,NONE,WIN,
P7,148,10,1,MAIN,90.0,150.0,1,1,9,EVOLVE,70500.0,9,EVOLVE,72500.0,0.0,False,9,EVOLVE,0.0,0.0,0.0,2000.0,False,False,False,True,V4_DEFAULT,COUNTERFACTUAL,WIN,
P7,148,11,1,MAIN,350.0,150.0,1,1,0,ATTACH,39700.0,0,ATTACH,42200.0,0.0,False,0,ATTACH,0.0,0.0,0.0,2500.0,False,False,False,True,V4_DEFAULT,COUNTERFACTUAL,WIN,
P7,148,12,1,MAIN,350.0,150.0,2,1,0,ATTACK,18104.6,0,ATTACK,18904.6,0.0,False,0,ATTACK,0.0,0.0,0.0,800.0,False,False,False,True,V4_DEFAULT,COUNTERFACTUAL,WIN,
P7,148,13,1,TO_HAND,350.0,0.0,2,0,0,CARD,5000.0,0,CARD,5000.0,0.0,False,0,CARD,0.0,0.0,0.0,0.0,False,False,False,False,V4_DEFAULT,NONE,WIN,
P7,149,0,0,IS_FIRST,0.0,0.0,0,0,1,NO,5000.0,1,NO,5000.0,0.0,False,1,NO,0.0,0.0,0.0,0.0,False,False,False,False,V4_DEFAULT,NONE,LOSS,
P7,149,1,0,SETUP_ACTIVE_POKEMON,0.0,0.0,0,0,0,CARD,10000.0,0,CARD,10000.0,0.0,False,0,CARD,0.0,0.0,0.0,0.0,False,False,False,False,V4_DEFAULT,NONE,LOSS,
P7,149,3,0,DRAW_COUNT,0.0,0.0,0,0,1,NUMBER,1.0,1,NUMBER,1.0,0.0,False,1,NUMBER,0.0,0.0,0.0,0.0,False,False,False,False,V4_DEFAULT,NONE,LOSS,
P7,149,8,0,MAIN,150.0,90.0,0,1,0,ATTACH,39000.0,0,ATTACH,41500.0,0.0,False,0,ATTACH,0.0,0.0,0.0,2500.0,False,False,False,True,V4_DEFAULT,COUNTERFACTUAL,LOSS,
P7,149,9,0,MAIN,150.0,90.0,1,1,3,ATTACK,18104.2,3,ATTACK,18904.2,0.0,False,3,ATTACK,0.0,0.0,0.0,800.0,False,False,False,True,V4_DEFAULT,COUNTERFACTUAL,LOSS,
P7,150,1,1,SETUP_ACTIVE_POKEMON,0.0,0.0,0,0,0,CARD,10000.0,0,CARD,10000.0,0.0,False,0,CARD,0.0,0.0,0.0,0.0,False,False,False,False,V4_DEFAULT,NONE,WIN,
P7,150,4,1,MAIN,90.0,150.0,0,0,1,ATTACH,39000.0,1,ATTACH,41500.0,0.0,False,1,ATTACH,0.0,0.0,0.0,2500.0,False,False,False,True,V4_DEFAULT,COUNTERFACTUAL,WIN,
P7,150,5,1,MAIN,90.0,150.0,1,0,0,PLAY,12000.0,0,PLAY,12000.0,0.0,False,0,PLAY,0.0,0.0,0.0,0.0,False,False,False,False,V4_DEFAULT,NONE,WIN,
P7,150,6,1,TO_HAND,90.0,150.0,1,0,0,CARD,1000.0,0,CARD,1000.0,0.0,False,0,CARD,0.0,0.0,0.0,0.0,False,False,False,False,V4_DEFAULT,NONE,WIN,
P7,150,7,1,MAIN,90.0,150.0,1,0,0,PLAY,12000.0,0,PLAY,12000.0,0.0,False,0,PLAY,0.0,0.0,0.0,0.0,False,False,False,False,V4_DEFAULT,NONE,WIN,
P7,150,8,1,TO_HAND,90.0,150.0,1,0,0,CARD,5000.0,0,CARD,5000.0,0.0,False,0,CARD,0.0,0.0,0.0,0.0,False,False,False,False,V4_DEFAULT,NONE,WIN,
P7,150,9,1,MAIN,90.0,150.0,1,0,0,END,0.0,0,END,0.0,0.0,False,0,END,0.0,0.0,0.0,0.0,False,False,False,False,V4_DEFAULT,NONE,WIN,
P7,150,12,1,MAIN,90.0,150.0,1,1,0,EVOLVE,70500.0,0,EVOLVE,72500.0,0.0,False,0,EVOLVE,0.0,0.0,0.0,2000.0,False,False,False,True,V4_DEFAULT,COUNTERFACTUAL,WIN,
P7,150,13,1,MAIN,350.0,150.0,1,1,0,ATTACH,39700.0,0,ATTACH,42200.0,0.0,False,0,ATTACH,0.0,0.0,0.0,2500.0,False,False,False,True,V4_DEFAULT,COUNTERFACTUAL,WIN,
P7,150,14,1,MAIN,350.0,150.0,2,1,2,ATTACK,18104.6,2,ATTACK,18904.6,0.0,False,2,ATTACK,0.0,0.0,0.0,800.0,False,False,False,True,V4_DEFAULT,COUNTERFACTUAL,WIN,
P7,150,15,1,TO_HAND,350.0,0.0,2,0,2,CARD,10000.0,2,CARD,10000.0,0.0,False,2,CARD,0.0,0.0,0.0,0.0,False,False,False,False,V4_DEFAULT,NONE,WIN,
P7,150,19,1,MAIN,340.0,90.0,2,1,2,ATTACH,40400.0,2,ATTACH,42900.0,0.0,False,2,ATTACH,0.0,0.0,0.0,2500.0,False,False,False,True,V4_DEFAULT,COUNTERFACTUAL,WIN,
P7,150,20,1,MAIN,340.0,90.0,3,1,3,ATTACK,18104.7,3,ATTACK,18904.7,0.0,False,3,ATTACK,0.0,0.0,0.0,800.0,False,False,False,True,V4_DEFAULT,COUNTERFACTUAL,WIN,
P7,150,21,1,TO_HAND,340.0,0.0,3,0,2,CARD,10000.0,2,CARD,10000.0,0.0,False,2,CARD,0.0,0.0,0.0,0.0,False,False,False,False,V4_DEFAULT,NONE,WIN,
P7,151,0,0,IS_FIRST,0.0,0.0,0,0,1,NO,5000.0,1,NO,5000.0,0.0,False,1,NO,0.0,0.0,0.0,0.0,False,False,False,False,V4_DEFAULT,NONE,LOSS,
P7,151,2,0,SETUP_ACTIVE_POKEMON,0.0,0.0,0,0,0,CARD,10000.0,0,CARD,10000.0,0.0,False,0,CARD,0.0,0.0,0.0,0.0,False,False,False,False,V4_DEFAULT,NONE,LOSS,
P7,151,7,0,MAIN,90.0,90.0,0,1,0,ATTACH,39000.0,0,ATTACH,41500.0,0.0,False,0,ATTACH,0.0,0.0,0.0,2500.0,False,False,False,True,V4_DEFAULT,COUNTERFACTUAL,LOSS,
P7,151,8,0,MAIN,90.0,90.0,1,1,2,ATTACK,18104.4,2,ATTACK,18904.4,0.0,False,2,ATTACK,0.0,0.0,0.0,800.0,False,False,False,True,V4_DEFAULT,COUNTERFACTUAL,LOSS,
P7,152,1,1,SETUP_ACTIVE_POKEMON,0.0,0.0,0,0,0,CARD,10000.0,0,CARD,10000.0,0.0,False,0,CARD,0.0,0.0,0.0,0.0,False,False,False,False,V4_DEFAULT,NONE,WIN,
P7,152,3,1,DRAW_COUNT,0.0,0.0,0,0,3,NUMBER,3.0,3,NUMBER,3.0,0.0,False,3,NUMBER,0.0,0.0,0.0,0.0,False,False,False,False,V4_DEFAULT,NONE,WIN,
P7,152,4,1,SETUP_BENCH_POKEMON,0.0,0.0,0,0,0,CARD,10000.0,0,CARD,10000.0,0.0,False,0,CARD,0.0,0.0,0.0,0.0,False,False,False,False,V4_DEFAULT,NONE,WIN,
P7,152,5,1,MAIN,90.0,90.0,0,0,0,ATTACH,39000.0,0,ATTACH,41500.0,0.0,False,0,ATTACH,0.0,0.0,0.0,2500.0,False,False,False,True,V4_DEFAULT,COUNTERFACTUAL,WIN,
P7,152,6,1,MAIN,90.0,90.0,1,0,0,END,0.0,0,END,0.0,0.0,False,0,END,0.0,0.0,0.0,0.0,False,False,False,False,V4_DEFAULT,NONE,WIN,
P7,152,9,1,MAIN,80.0,90.0,1,1,3,EVOLVE,70500.0,3,EVOLVE,72500.0,0.0,False,3,EVOLVE,0.0,0.0,0.0,2000.0,False,False,False,True,V4_DEFAULT,COUNTERFACTUAL,WIN,
P7,152,10,1,MAIN,340.0,90.0,1,1,5,EVOLVE,70000.0,5,EVOLVE,72000.0,0.0,False,5,EVOLVE,0.0,0.0,0.0,2000.0,False,False,False,True,V4_DEFAULT,COUNTERFACTUAL,WIN,
P7,152,11,1,MAIN,340.0,90.0,1,1,1,ATTACH,39700.0,1,ATTACH,42200.0,0.0,False,1,ATTACH,0.0,0.0,0.0,2500.0,False,False,False,True,V4_DEFAULT,COUNTERFACTUAL,WIN,
P7,152,12,1,MAIN,340.0,90.0,2,1,2,ATTACK,18104.6,2,ATTACK,18904.6,0.0,False,2,ATTACK,0.0,0.0,0.0,800.0,False,False,False,True,V4_DEFAULT,COUNTERFACTUAL,WIN,
P7,152,13,1,TO_HAND,340.0,0.0,2,0,4,CARD,10000.0,4,CARD,10000.0,0.0,False,4,CARD,0.0,0.0,0.0,0.0,False,False,False,False,V4_DEFAULT,NONE,WIN,
P7,153,0,0,IS_FIRST,0.0,0.0,0,0,1,NO,5000.0,1,NO,5000.0,0.0,False,1,NO,0.0,0.0,0.0,0.0,False,False,False,False,V4_DEFAULT,NONE,LOSS,
P7,153,2,0,SETUP_ACTIVE_POKEMON,0.0,0.0,0,0,0,CARD,10000.0,0,CARD,10000.0,0.0,False,0,CARD,0.0,0.0,0.0,0.0,False,False,False,False,V4_DEFAULT,NONE,LOSS,
P7,153,6,0,MAIN,90.0,150.0,0,1,1,ATTACH,39000.0,1,ATTACH,41500.0,0.0,False,1,ATTACH,0.0,0.0,0.0,2500.0,False,False,False,True,V4_DEFAULT,COUNTERFACTUAL,LOSS,
P7,153,7,0,MAIN,90.0,150.0,1,1,2,ATTACK,18104.4,2,ATTACK,18904.4,0.0,False,2,ATTACK,0.0,0.0,0.0,800.0,False,False,False,True,V4_DEFAULT,COUNTERFACTUAL,LOSS,
P7,153,10,0,MAIN,90.0,140.0,1,2,1,ATTACH,39700.0,1,ATTACH,42200.0,0.0,False,1,ATTACH,0.0,0.0,0.0,2500.0,False,False,False,True,V4_DEFAULT,COUNTERFACTUAL,LOSS,
P7,153,11,0,MAIN,90.0,140.0,2,2,3,ATTACK,18104.5,3,ATTACK,18904.5,0.0,False,3,ATTACK,0.0,0.0,0.0,800.0,False,False,False,True,V4_DEFAULT,COUNTERFACTUAL,LOSS,
P7,154,1,1,SETUP_ACTIVE_POKEMON,0.0,0.0,0,0,0,CARD,10000.0,0,CARD,10000.0,0.0,False,0,CARD,0.0,0.0,0.0,0.0,False,False,False,False,V4_DEFAULT,NONE,WIN,
P7,154,4,1,MAIN,90.0,90.0,0,0,1,ATTACH,39000.0,1,ATTACH,41500.0,0.0,False,1,ATTACH,0.0,0.0,0.0,2500.0,False,False,False,True,V4_DEFAULT,COUNTERFACTUAL,WIN,
P7,154,5,1,MAIN,90.0,90.0,1,0,1,ATTACH,39700.0,1,ATTACH,42200.0,0.0,False,1,ATTACH,0.0,0.0,0.0,2500.0,False,False,False,True,V4_DEFAULT,COUNTERFACTUAL,WIN,
P7,154,6,1,MAIN,90.0,90.0,1,0,0,PLAY,12000.0,0,PLAY,12000.0,0.0,False,0,PLAY,0.0,0.0,0.0,0.0,False,False,False,False,V4_DEFAULT,NONE,WIN,
P7,154,7,1,TO_HAND,90.0,90.0,1,0,0,CARD,1000.0,0,CARD,1000.0,0.0,False,0,CARD,0.0,0.0,0.0,0.0,False,False,False,False,V4_DEFAULT,NONE,WIN,
P7,154,8,1,MAIN,90.0,90.0,1,0,0,END,0.0,0,END,0.0,0.0,False,0,END,0.0,0.0,0.0,0.0,False,False,False,False,V4_DEFAULT,NONE,WIN,
P7,154,11,1,MAIN,80.0,90.0,1,1,4,EVOLVE,70500.0,4,EVOLVE,72500.0,0.0,False,4,EVOLVE,0.0,0.0,0.0,2000.0,False,False,False,True,V4_DEFAULT,COUNTERFACTUAL,WIN,
P7,154,12,1,MAIN,340.0,90.0,1,1,1,ATTACH,39700.0,1,ATTACH,42200.0,0.0,False,1,ATTACH,0.0,0.0,0.0,2500.0,False,False,False,True,V4_DEFAULT,COUNTERFACTUAL,WIN,
P7,154,13,1,MAIN,340.0,90.0,2,1,1,ATTACK,18104.6,1,ATTACK,18904.6,0.0,False,1,ATTACK,0.0,0.0,0.0,800.0,False,False,False,True,V4_DEFAULT,COUNTERFACTUAL,WIN,
P7,154,14,1,TO_HAND,340.0,0.0,2,0,5,CARD,10000.0,5,CARD,10000.0,0.0,False,5,CARD,0.0,0.0,0.0,0.0,False,False,False,False,V4_DEFAULT,NONE,WIN,
P7,154,18,1,MAIN,320.0,150.0,2,1,1,ATTACH,40400.0,1,ATTACH,42900.0,0.0,False,1,ATTACH,0.0,0.0,0.0,2500.0,False,False,False,True,V4_DEFAULT,COUNTERFACTUAL,WIN,
P7,154,19,1,MAIN,320.0,150.0,3,1,4,ATTACK,18104.7,4,ATTACK,18904.7,0.0,False,4,ATTACK,0.0,0.0,0.0,800.0,False,False,False,True,V4_DEFAULT,COUNTERFACTUAL,WIN,
P7,154,20,1,TO_HAND,320.0,0.0,3,0,0,CARD,5000.0,0,CARD,5000.0,0.0,False,0,CARD,0.0,0.0,0.0,0.0,False,False,False,False,V4_DEFAULT,NONE,WIN,
P7,155,0,0,IS_FIRST,0.0,0.0,0,0,1,NO,5000.0,1,NO,5000.0,0.0,False,1,NO,0.0,0.0,0.0,0.0,False,False,False,False,V4_DEFAULT,NONE,WIN,
P7,155,1,0,SETUP_ACTIVE_POKEMON,0.0,0.0,0,0,0,CARD,10000.0,0,CARD,10000.0,0.0,False,0,CARD,0.0,0.0,0.0,0.0,False,False,False,False,V4_DEFAULT,NONE,WIN,
P7,155,3,0,DRAW_COUNT,0.0,0.0,0,0,1,NUMBER,1.0,1,NUMBER,1.0,0.0,False,1,NUMBER,0.0,0.0,0.0,0.0,False,False,False,False,V4_DEFAULT,NONE,WIN,
P7,155,6,0,MAIN,90.0,90.0,0,1,0,ATTACH,39000.0,0,ATTACH,41500.0,0.0,False,0,ATTACH,0.0,0.0,0.0,2500.0,False,False,False,True,V4_DEFAULT,COUNTERFACTUAL,WIN,
P7,155,7,0,MAIN,90.0,90.0,0,1,0,ATTACH,39000.0,0,ATTACH,41500.0,0.0,False,0,ATTACH,0.0,0.0,0.0,2500.0,False,False,False,True,V4_DEFAULT,COUNTERFACTUAL,WIN,
P7,155,8,0,MAIN,90.0,90.0,1,1,1,ATTACK,18104.4,1,ATTACK,18904.4,0.0,False,1,ATTACK,0.0,0.0,0.0,800.0,False,False,False,True,V4_DEFAULT,COUNTERFACTUAL,WIN,
P7,155,11,0,MAIN,60.0,80.0,1,2,4,EVOLVE,70500.0,4,EVOLVE,75500.0,0.0,False,4,EVOLVE,0.0,0.0,3000.0,2000.0,False,False,True,True,V4_DEFAULT,THREAT_MODEL+COUNTERFACTUAL,WIN,
P7,155,12,0,MAIN,320.0,80.0,1,2,0,ATTACH,39700.0,0,ATTACH,42200.0,0.0,False,0,ATTACH,0.0,0.0,0.0,2500.0,False,False,False,True,V4_DEFAULT,COUNTERFACTUAL,WIN,
P7,155,13,0,MAIN,320.0,80.0,2,2,1,ATTACK,18104.6,1,ATTACK,18904.6,0.0,False,1,ATTACK,0.0,0.0,0.0,800.0,False,False,False,True,V4_DEFAULT,COUNTERFACTUAL,WIN,
P7,155,14,0,TO_HAND,320.0,0.0,2,0,0,CARD,5000.0,0,CARD,5000.0,0.0,False,0,CARD,0.0,0.0,0.0,0.0,False,False,False,False,V4_DEFAULT,NONE,WIN,
P7,156,1,1,SETUP_ACTIVE_POKEMON,0.0,0.0,0,0,0,CARD,10000.0,0,CARD,10000.0,0.0,False,0,CARD,0.0,0.0,0.0,0.0,False,False,False,False,V4_DEFAULT,NONE,WIN,
P7,156,3,1,DRAW_COUNT,0.0,0.0,0,0,2,NUMBER,2.0,2,NUMBER,2.0,0.0,False,2,NUMBER,0.0,0.0,0.0,0.0,False,False,False,False,V4_DEFAULT,NONE,WIN,
P7,156,4,1,MAIN,90.0,90.0,0,0,1,ATTACH,39000.0,1,ATTACH,41500.0,0.0,False,1,ATTACH,0.0,0.0,0.0,2500.0,False,False,False,True,V4_DEFAULT,COUNTERFACTUAL,WIN,
P7,156,5,1,MAIN,90.0,90.0,1,0,0,PLAY,12000.0,0,PLAY,12000.0,0.0,False,0,PLAY,0.0,0.0,0.0,0.0,False,False,False,False,V4_DEFAULT,NONE,WIN,
P7,156,6,1,TO_HAND,90.0,90.0,1,0,0,CARD,1000.0,0,CARD,1000.0,0.0,False,0,CARD,0.0,0.0,0.0,0.0,False,False,False,False,V4_DEFAULT,NONE,WIN,
P7,156,7,1,MAIN,90.0,90.0,1,0,0,END,0.0,0,END,0.0,0.0,False,0,END,0.0,0.0,0.0,0.0,False,False,False,False,V4_DEFAULT,NONE,WIN,
P7,156,10,1,MAIN,80.0,90.0,1,1,0,EVOLVE,70500.0,0,EVOLVE,72500.0,0.0,False,0,EVOLVE,0.0,0.0,0.0,2000.0,False,False,False,True,V4_DEFAULT,COUNTERFACTUAL,WIN,
P7,156,11,1,MAIN,340.0,90.0,1,1,0,ATTACH,39700.0,0,ATTACH,42200.0,0.0,False,0,ATTACH,0.0,0.0,0.0,2500.0,False,False,False,True,V4_DEFAULT,COUNTERFACTUAL,WIN,
P7,156,12,1,MAIN,340.0,90.0,2,1,2,ATTACK,18104.6,2,ATTACK,18904.6,0.0,False,2,ATTACK,0.0,0.0,0.0,800.0,False,False,False,True,V4_DEFAULT,COUNTERFACTUAL,WIN,
P7,156,13,1,TO_HAND,340.0,0.0,2,0,5,CARD,10000.0,5,CARD,10000.0,0.0,False,5,CARD,0.0,0.0,0.0,0.0,False,False,False,False,V4_DEFAULT,NONE,WIN,
P7,157,0,0,IS_FIRST,0.0,0.0,0,0,1,NO,5000.0,1,NO,5000.0,0.0,False,1,NO,0.0,0.0,0.0,0.0,False,False,False,False,V4_DEFAULT,NONE,LOSS,
P7,157,1,0,SETUP_ACTIVE_POKEMON,0.0,0.0,0,0,0,CARD,10000.0,0,CARD,10000.0,0.0,False,0,CARD,0.0,0.0,0.0,0.0,False,False,False,False,V4_DEFAULT,NONE,LOSS,
P7,157,3,0,DRAW_COUNT,0.0,0.0,0,0,1,NUMBER,1.0,1,NUMBER,1.0,0.0,False,1,NUMBER,0.0,0.0,0.0,0.0,False,False,False,False,V4_DEFAULT,NONE,LOSS,
P7,157,5,0,SETUP_BENCH_POKEMON,0.0,0.0,0,0,0,CARD,10000.0,0,CARD,10000.0,0.0,False,0,CARD,0.0,0.0,0.0,0.0,False,False,False,False,V4_DEFAULT,NONE,LOSS,
P7,157,10,0,MAIN,90.0,90.0,0,1,0,ATTACH,39000.0,0,ATTACH,41500.0,0.0,False,0,ATTACH,0.0,0.0,0.0,2500.0,False,False,False,True,V4_DEFAULT,COUNTERFACTUAL,LOSS,
P7,157,11,0,MAIN,90.0,90.0,1,1,2,ATTACK,18104.4,2,ATTACK,18904.4,0.0,False,2,ATTACK,0.0,0.0,0.0,800.0,False,False,False,True,V4_DEFAULT,COUNTERFACTUAL,LOSS,
P7,157,16,0,TO_ACTIVE,0.0,340.0,0,2,0,CARD,5000.0,0,CARD,5000.0,0.0,False,0,CARD,0.0,0.0,0.0,0.0,False,False,False,False,V4_DEFAULT,NONE,LOSS,
P7,157,17,0,MAIN,150.0,340.0,0,2,0,ATTACH,39000.0,0,ATTACH,41500.0,0.0,False,0,ATTACH,0.0,0.0,0.0,2500.0,False,False,False,True,V4_DEFAULT,COUNTERFACTUAL,LOSS,
P7,157,18,0,MAIN,150.0,340.0,1,2,2,ATTACK,18104.2,2,ATTACK,18904.2,0.0,False,2,ATTACK,0.0,0.0,0.0,800.0,False,False,False,True,V4_DEFAULT,COUNTERFACTUAL,LOSS,
P7,158,2,1,SETUP_ACTIVE_POKEMON,0.0,0.0,0,0,0,CARD,10000.0,0,CARD,10000.0,0.0,False,0,CARD,0.0,0.0,0.0,0.0,False,False,False,False,V4_DEFAULT,NONE,LOSS,
P7,158,5,1,MAIN,90.0,90.0,0,0,1,ATTACH,39000.0,1,ATTACH,41500.0,0.0,False,1,ATTACH,0.0,0.0,0.0,2500.0,False,False,False,True,V4_DEFAULT,COUNTERFACTUAL,LOSS,
P7,158,6,1,MAIN,90.0,90.0,1,0,0,PLAY,12000.0,0,PLAY,12000.0,0.0,False,0,PLAY,0.0,0.0,0.0,0.0,False,False,False,False,V4_DEFAULT,NONE,LOSS,
P7,158,7,1,TO_HAND,90.0,90.0,1,0,0,CARD,5000.0,0,CARD,5000.0,0.0,False,0,CARD,0.0,0.0,0.0,0.0,False,False,False,False,V4_DEFAULT,NONE,LOSS,
P7,158,8,1,MAIN,90.0,90.0,1,0,0,END,0.0,0,END,0.0,0.0,False,0,END,0.0,0.0,0.0,0.0,False,False,False,False,V4_DEFAULT,NONE,LOSS,
P7,158,11,1,MAIN,80.0,90.0,1,1,1,EVOLVE,70500.0,1,EVOLVE,72500.0,0.0,False,1,EVOLVE,0.0,0.0,0.0,2000.0,False,False,False,True,V4_DEFAULT,COUNTERFACTUAL,LOSS,
P7,158,12,1,MAIN,340.0,90.0,1,1,1,ATTACH,39700.0,1,ATTACH,42200.0,0.0,False,1,ATTACH,0.0,0.0,0.0,2500.0,False,False,False,True,V4_DEFAULT,COUNTERFACTUAL,LOSS,
P7,158,13,1,MAIN,340.0,90.0,2,1,2,ATTACK,18104.6,2,ATTACK,18904.6,0.0,False,2,ATTACK,0.0,0.0,0.0,800.0,False,False,False,True,V4_DEFAULT,COUNTERFACTUAL,LOSS,
P7,158,14,1,TO_HAND,340.0,0.0,2,0,1,CARD,10000.0,1,CARD,10000.0,0.0,False,1,CARD,0.0,0.0,0.0,0.0,False,False,False,False,V4_DEFAULT,NONE,LOSS,
P7,158,24,1,MAIN,340.0,350.0,2,1,1,ATTACH,40400.0,1,ATTACH,42900.0,0.0,False,1,ATTACH,0.0,0.0,0.0,2500.0,False,False,False,True,V4_DEFAULT,COUNTERFACTUAL,LOSS,
P7,158,25,1,MAIN,340.0,350.0,3,1,4,ATTACK,18104.7,4,ATTACK,18904.7,0.0,False,4,ATTACK,0.0,0.0,0.0,800.0,False,False,False,True,V4_DEFAULT,COUNTERFACTUAL,LOSS,
P7,159,0,0,IS_FIRST,0.0,0.0,0,0,1,NO,5000.0,1,NO,5000.0,0.0,False,1,NO,0.0,0.0,0.0,0.0,False,False,False,False,V4_DEFAULT,NONE,LOSS,
P7,159,1,0,SETUP_ACTIVE_POKEMON,0.0,0.0,0,0,0,CARD,10000.0,0,CARD,10000.0,0.0,False,0,CARD,0.0,0.0,0.0,0.0,False,False,False,False,V4_DEFAULT,NONE,LOSS,
P7,159,3,0,DRAW_COUNT,0.0,0.0,0,0,1,NUMBER,1.0,1,NUMBER,1.0,0.0,False,1,NUMBER,0.0,0.0,0.0,0.0,False,False,False,False,V4_DEFAULT,NONE,LOSS,
P7,159,7,0,MAIN,90.0,150.0,0,1,1,ATTACH,39000.0,1,ATTACH,41500.0,0.0,False,1,ATTACH,0.0,0.0,0.0,2500.0,False,False,False,True,V4_DEFAULT,COUNTERFACTUAL,LOSS,
P7,159,8,0,MAIN,90.0,150.0,1,1,2,ATTACK,18104.4,2,ATTACK,18904.4,0.0,False,2,ATTACK,0.0,0.0,0.0,800.0,False,False,False,True,V4_DEFAULT,COUNTERFACTUAL,LOSS,
P7,159,12,0,MAIN,90.0,140.0,1,2,1,ATTACH,39700.0,1,ATTACH,42200.0,0.0,False,1,ATTACH,0.0,0.0,0.0,2500.0,False,False,False,True,V4_DEFAULT,COUNTERFACTUAL,LOSS,
P7,159,13,0,MAIN,90.0,140.0,2,2,3,ATTACK,18104.5,3,ATTACK,18904.5,0.0,False,3,ATTACK,0.0,0.0,0.0,800.0,False,False,False,True,V4_DEFAULT,COUNTERFACTUAL,LOSS,
P7,160,1,1,SETUP_ACTIVE_POKEMON,0.0,0.0,0,0,0,CARD,10000.0,0,CARD,10000.0,0.0,False,0,CARD,0.0,0.0,0.0,0.0,False,False,False,False,V4_DEFAULT,NONE,WIN,
P7,160,3,1,DRAW_COUNT,0.0,0.0,0,0,2,NUMBER,2.0,2,NUMBER,2.0,0.0,False,2,NUMBER,0.0,0.0,0.0,0.0,False,False,False,False,V4_DEFAULT,NONE,WIN,
P7,160,5,1,MAIN,150.0,150.0,0,0,0,ATTACH,39000.0,0,ATTACH,41500.0,0.0,False,0,ATTACH,0.0,0.0,0.0,2500.0,False,False,False,True,V4_DEFAULT,COUNTERFACTUAL,WIN,
P7,160,6,1,MAIN,150.0,150.0,1,0,0,PLAY,12000.0,0,PLAY,12000.0,0.0,False,0,PLAY,0.0,0.0,0.0,0.0,False,False,False,False,V4_DEFAULT,NONE,WIN,
P7,160,7,1,TO_HAND,150.0,150.0,1,0,0,CARD,1000.0,0,CARD,1000.0,0.0,False,0,CARD,0.0,0.0,0.0,0.0,False,False,False,False,V4_DEFAULT,NONE,WIN,
P7,160,8,1,MAIN,150.0,150.0,1,0,0,END,0.0,0,END,0.0,0.0,False,0,END,0.0,0.0,0.0,0.0,False,False,False,False,V4_DEFAULT,NONE,WIN,
P7,160,12,1,MAIN,150.0,150.0,1,1,2,ATTACH,39700.0,2,ATTACH,42200.0,0.0,False,2,ATTACH,0.0,0.0,0.0,2500.0,False,False,False,True,V4_DEFAULT,COUNTERFACTUAL,WIN,
P7,160,13,1,MAIN,150.0,150.0,2,1,2,ATTACK,18104.2,2,ATTACK,18904.2,0.0,False,2,ATTACK,0.0,0.0,0.0,800.0,False,False,False,True,V4_DEFAULT,COUNTERFACTUAL,WIN,
P7,160,16,1,MAIN,150.0,150.0,2,2,2,ATTACH,40400.0,2,ATTACH,42900.0,0.0,False,2,ATTACH,0.0,0.0,0.0,2500.0,False,False,False,True,V4_DEFAULT,COUNTERFACTUAL,WIN,
P7,160,17,1,MAIN,150.0,150.0,3,2,4,ATTACK,18104.3,4,ATTACK,18904.3,0.0,False,4,ATTACK,0.0,0.0,0.0,800.0,False,False,False,True,V4_DEFAULT,COUNTERFACTUAL,WIN,
P7,160,18,1,DISCARD_ENERGY,150.0,20.0,3,2,0,ENERGY,30000.0,0,ENERGY,30000.0,0.0,False,0,ENERGY,0.0,0.0,0.0,0.0,False,False,False,False,V4_DEFAULT,NONE,WIN,
P7,160,19,1,DISCARD_ENERGY,150.0,20.0,2,2,0,ENERGY,30000.0,0,ENERGY,30000.0,0.0,False,0,ENERGY,0.0,0.0,0.0,0.0,False,False,False,False,V4_DEFAULT,NONE,WIN,
P7,160,30,1,MAIN,140.0,90.0,1,1,2,ATTACH,39700.0,2,ATTACH,42200.0,0.0,False,2,ATTACH,0.0,0.0,0.0,2500.0,False,False,False,True,V4_DEFAULT,COUNTERFACTUAL,WIN,
P7,160,31,1,MAIN,140.0,90.0,2,1,3,ATTACK,18104.2,3,ATTACK,18904.2,0.0,False,3,ATTACK,0.0,0.0,0.0,800.0,False,False,False,True,V4_DEFAULT,COUNTERFACTUAL,WIN,
P7,160,34,1,MAIN,110.0,50.0,2,2,2,ATTACH,40400.0,2,ATTACH,42900.0,0.0,False,2,ATTACH,0.0,0.0,0.0,2500.0,False,False,False,True,V4_DEFAULT,COUNTERFACTUAL,WIN,
P7,160,35,1,MAIN,110.0,50.0,3,2,4,ATTACK,18104.3,4,ATTACK,18904.3,0.0,False,4,ATTACK,0.0,0.0,0.0,800.0,False,False,False,True,V4_DEFAULT,COUNTERFACTUAL,WIN,
P7,160,36,1,DISCARD_ENERGY,110.0,0.0,3,2,0,ENERGY,30000.0,0,ENERGY,30000.0,0.0,False,0,ENERGY,0.0,0.0,0.0,0.0,False,False,False,False,V4_DEFAULT,NONE,WIN,
P7,160,37,1,DISCARD_ENERGY,110.0,0.0,2,2,0,ENERGY,30000.0,0,ENERGY,30000.0,0.0,False,0,ENERGY,0.0,0.0,0.0,0.0,False,False,False,False,V4_DEFAULT,NONE,WIN,
P7,160,38,1,TO_HAND,110.0,0.0,1,0,2,CARD,10000.0,2,CARD,10000.0,0.0,False,2,CARD,0.0,0.0,0.0,0.0,False,False,False,False,V4_DEFAULT,NONE,WIN,
P7,160,42,1,MAIN,10.0,20.0,1,1,2,ATTACH,39700.0,8,ATTACK,73104.2,30904.199999999997,True,8,ATTACK,50000.0,0.0,0.0,5000.0,True,False,False,True,KO_GUARANTEE,KO_GUARANTEE+COUNTERFACTUAL,WIN,True
P7,160,43,1,TO_HAND,10.0,0.0,1,0,2,CARD,10000.0,2,CARD,10000.0,0.0,False,2,CARD,0.0,0.0,0.0,0.0,False,False,False,False,V4_DEFAULT,NONE,WIN,
P7,161,0,0,IS_FIRST,0.0,0.0,0,0,1,NO,5000.0,1,NO,5000.0,0.0,False,1,NO,0.0,0.0,0.0,0.0,False,False,False,False,V4_DEFAULT,NONE,LOSS,
P7,161,2,0,SETUP_ACTIVE_POKEMON,0.0,0.0,0,0,0,CARD,10000.0,0,CARD,10000.0,0.0,False,0,CARD,0.0,0.0,0.0,0.0,False,False,False,False,V4_DEFAULT,NONE,LOSS,
P7,161,5,0,MAIN,90.0,90.0,0,1,0,ATTACH,39000.0,0,ATTACH,41500.0,0.0,False,0,ATTACH,0.0,0.0,0.0,2500.0,False,False,False,True,V4_DEFAULT,COUNTERFACTUAL,LOSS,
P7,161,6,0,MAIN,90.0,90.0,1,1,1,ATTACK,18104.4,1,ATTACK,18904.4,0.0,False,1,ATTACK,0.0,0.0,0.0,800.0,False,False,False,True,V4_DEFAULT,COUNTERFACTUAL,LOSS,
P7,162,1,1,SETUP_ACTIVE_POKEMON,0.0,0.0,0,0,0,CARD,10000.0,0,CARD,10000.0,0.0,False,0,CARD,0.0,0.0,0.0,0.0,False,False,False,False,V4_DEFAULT,NONE,LOSS,
P7,162,3,1,DRAW_COUNT,0.0,0.0,0,0,1,NUMBER,1.0,1,NUMBER,1.0,0.0,False,1,NUMBER,0.0,0.0,0.0,0.0,False,False,False,False,V4_DEFAULT,NONE,LOSS,
P7,162,4,1,SETUP_BENCH_POKEMON,0.0,0.0,0,0,0,CARD,10000.0,0,CARD,10000.0,0.0,False,0,CARD,0.0,0.0,0.0,0.0,False,False,False,False,V4_DEFAULT,NONE,LOSS,
P7,162,5,1,MAIN,150.0,90.0,0,0,0,ATTACH,39000.0,0,ATTACH,41500.0,0.0,False,0,ATTACH,0.0,0.0,0.0,2500.0,False,False,False,True,V4_DEFAULT,COUNTERFACTUAL,LOSS,
P7,162,6,1,MAIN,150.0,90.0,1,0,0,PLAY,12000.0,0,PLAY,12000.0,0.0,False,0,PLAY,0.0,0.0,0.0,0.0,False,False,False,False,V4_DEFAULT,NONE,LOSS,
P7,162,7,1,TO_HAND,150.0,90.0,1,0,0,CARD,1000.0,0,CARD,1000.0,0.0,False,0,CARD,0.0,0.0,0.0,0.0,False,False,False,False,V4_DEFAULT,NONE,LOSS,
P7,162,8,1,MAIN,150.0,90.0,1,0,0,END,0.0,0,END,0.0,0.0,False,0,END,0.0,0.0,0.0,0.0,False,False,False,False,V4_DEFAULT,NONE,LOSS,
P7,162,11,1,MAIN,140.0,90.0,1,1,0,ATTACH,39700.0,0,ATTACH,42200.0,0.0,False,0,ATTACH,0.0,0.0,0.0,2500.0,False,False,False,True,V4_DEFAULT,COUNTERFACTUAL,LOSS,
P7,162,12,1,MAIN,140.0,90.0,2,1,3,ATTACK,18104.2,3,ATTACK,18904.2,0.0,False,3,ATTACK,0.0,0.0,0.0,800.0,False,False,False,True,V4_DEFAULT,COUNTERFACTUAL,LOSS,
P7,162,17,1,TO_ACTIVE,0.0,350.0,0,2,0,CARD,5000.0,0,CARD,5000.0,0.0,False,0,CARD,0.0,0.0,0.0,0.0,False,False,False,False,V4_DEFAULT,NONE,LOSS,
P7,162,18,1,MAIN,150.0,350.0,0,2,0,ATTACH,39000.0,0,ATTACH,41500.0,0.0,False,0,ATTACH,0.0,0.0,0.0,2500.0,False,False,False,True,V4_DEFAULT,COUNTERFACTUAL,LOSS,
P7,162,19,1,MAIN,150.0,350.0,1,2,3,ATTACH,39700.0,3,ATTACH,42200.0,0.0,False,3,ATTACH,0.0,0.0,0.0,2500.0,False,False,False,True,V4_DEFAULT,COUNTERFACTUAL,LOSS,
P7,162,20,1,MAIN,150.0,350.0,1,2,3,ATTACK,18104.2,3,ATTACK,18904.2,0.0,False,3,ATTACK,0.0,0.0,0.0,800.0,False,False,False,True,V4_DEFAULT,COUNTERFACTUAL,LOSS,
P7,163,0,0,IS_FIRST,0.0,0.0,0,0,1,NO,5000.0,1,NO,5000.0,0.0,False,1,NO,0.0,0.0,0.0,0.0,False,False,False,False,V4_DEFAULT,NONE,LOSS,
P7,163,1,0,SETUP_ACTIVE_POKEMON,0.0,0.0,0,0,0,CARD,10000.0,0,CARD,10000.0,0.0,False,0,CARD,0.0,0.0,0.0,0.0,False,False,False,False,V4_DEFAULT,NONE,LOSS,
P7,163,3,0,DRAW_COUNT,0.0,0.0,0,0,2,NUMBER,2.0,2,NUMBER,2.0,0.0,False,2,NUMBER,0.0,0.0,0.0,0.0,False,False,False,False,V4_DEFAULT,NONE,LOSS,
P7,163,9,0,MAIN,90.0,90.0,0,1,1,ATTACH,39000.0,1,ATTACH,41500.0,0.0,False,1,ATTACH,0.0,0.0,0.0,2500.0,False,False,False,True,V4_DEFAULT,COUNTERFACTUAL,LOSS,
P7,163,10,0,MAIN,90.0,90.0,1,1,3,ATTACK,18104.4,3,ATTACK,18904.4,0.0,False,3,ATTACK,0.0,0.0,0.0,800.0,False,False,False,True,V4_DEFAULT,COUNTERFACTUAL,LOSS,
P7,164,2,1,SETUP_ACTIVE_POKEMON,0.0,0.0,0,0,0,CARD,10000.0,0,CARD,10000.0,0.0,False,0,CARD,0.0,0.0,0.0,0.0,False,False,False,False,V4_DEFAULT,NONE,WIN,
P7,164,4,1,MAIN,90.0,90.0,0,0,0,ATTACH,39000.0,0,ATTACH,41500.0,0.0,False,0,ATTACH,0.0,0.0,0.0,2500.0,False,False,False,True,V4_DEFAULT,COUNTERFACTUAL,WIN,
P7,164,5,1,MAIN,90.0,90.0,1,0,1,ATTACH,39700.0,1,ATTACH,42200.0,0.0,False,1,ATTACH,0.0,0.0,0.0,2500.0,False,False,False,True,V4_DEFAULT,COUNTERFACTUAL,WIN,
P7,164,6,1,MAIN,90.0,90.0,1,0,0,PLAY,12000.0,0,PLAY,12000.0,0.0,False,0,PLAY,0.0,0.0,0.0,0.0,False,False,False,False,V4_DEFAULT,NONE,WIN,
P7,164,7,1,TO_HAND,90.0,90.0,1,0,0,CARD,1000.0,0,CARD,1000.0,0.0,False,0,CARD,0.0,0.0,0.0,0.0,False,False,False,False,V4_DEFAULT,NONE,WIN,
P7,164,8,1,MAIN,90.0,90.0,1,0,0,PLAY,12000.0,0,PLAY,12000.0,0.0,False,0,PLAY,0.0,0.0,0.0,0.0,False,False,False,False,V4_DEFAULT,NONE,WIN,
P7,164,9,1,TO_HAND,90.0,90.0,1,0,0,CARD,5000.0,0,CARD,5000.0,0.0,False,0,CARD,0.0,0.0,0.0,0.0,False,False,False,False,V4_DEFAULT,NONE,WIN,
P7,164,10,1,MAIN,90.0,90.0,1,0,0,END,0.0,0,END,0.0,0.0,False,0,END,0.0,0.0,0.0,0.0,False,False,False,False,V4_DEFAULT,NONE,WIN,
P7,164,13,1,MAIN,80.0,90.0,1,1,3,EVOLVE,70500.0,3,EVOLVE,72500.0,0.0,False,3,EVOLVE,0.0,0.0,0.0,2000.0,False,False,False,True,V4_DEFAULT,COUNTERFACTUAL,WIN,
P7,164,14,1,MAIN,340.0,90.0,1,1,0,ATTACH,39700.0,0,ATTACH,42200.0,0.0,False,0,ATTACH,0.0,0.0,0.0,2500.0,False,False,False,True,V4_DEFAULT,COUNTERFACTUAL,WIN,
P7,164,15,1,MAIN,340.0,90.0,2,1,0,ATTACK,18104.6,0,ATTACK,18904.6,0.0,False,0,ATTACK,0.0,0.0,0.0,800.0,False,False,False,True,V4_DEFAULT,COUNTERFACTUAL,WIN,
P7,164,16,1,TO_HAND,340.0,0.0,2,0,2,CARD,10000.0,2,CARD,10000.0,0.0,False,2,CARD,0.0,0.0,0.0,0.0,False,False,False,False,V4_DEFAULT,NONE,WIN,
P7,165,0,0,IS_FIRST,0.0,0.0,0,0,1,NO,5000.0,1,NO,5000.0,0.0,False,1,NO,0.0,0.0,0.0,0.0,False,False,False,False,V4_DEFAULT,NONE,WIN,
P7,165,2,0,SETUP_ACTIVE_POKEMON,0.0,0.0,0,0,0,CARD,10000.0,0,CARD,10000.0,0.0,False,0,CARD,0.0,0.0,0.0,0.0,False,False,False,False,V4_DEFAULT,NONE,WIN,
P7,165,3,0,SETUP_BENCH_POKEMON,0.0,0.0,0,0,0,CARD,10000.0,0,CARD,10000.0,0.0,False,0,CARD,0.0,0.0,0.0,0.0,False,False,False,False,V4_DEFAULT,NONE,WIN,
P7,165,7,0,MAIN,90.0,90.0,0,1,0,ATTACH,39000.0,0,ATTACH,41500.0,0.0,False,0,ATTACH,0.0,0.0,0.0,2500.0,False,False,False,True,V4_DEFAULT,COUNTERFACTUAL,WIN,
P7,165,8,0,MAIN,90.0,90.0,1,1,2,ATTACK,18104.4,2,ATTACK,18904.4,0.0,False,2,ATTACK,0.0,0.0,0.0,800.0,False,False,False,True,V4_DEFAULT,COUNTERFACTUAL,WIN,
P7,165,11,0,MAIN,60.0,80.0,1,2,2,EVOLVE,70500.0,2,EVOLVE,75500.0,0.0,False,2,EVOLVE,0.0,0.0,3000.0,2000.0,False,False,True,True,V4_DEFAULT,THREAT_MODEL+COUNTERFACTUAL,WIN,
P7,165,12,0,MAIN,320.0,80.0,1,2,0,ATTACH,39700.0,0,ATTACH,42200.0,0.0,False,0,ATTACH,0.0,0.0,0.0,2500.0,False,False,False,True,V4_DEFAULT,COUNTERFACTUAL,WIN,
P7,165,13,0,MAIN,320.0,80.0,2,2,2,ATTACK,18104.6,2,ATTACK,18904.6,0.0,False,2,ATTACK,0.0,0.0,0.0,800.0,False,False,False,True,V4_DEFAULT,COUNTERFACTUAL,WIN,
P7,165,14,0,TO_HAND,320.0,0.0,2,0,0,CARD,5000.0,0,CARD,5000.0,0.0,False,0,CARD,0.0,0.0,0.0,0.0,False,False,False,False,V4_DEFAULT,NONE,WIN,
P7,166,1,1,SETUP_ACTIVE_POKEMON,0.0,0.0,0,0,0,CARD,10000.0,0,CARD,10000.0,0.0,False,0,CARD,0.0,0.0,0.0,0.0,False,False,False,False,V4_DEFAULT,NONE,WIN,
P7,166,4,1,MAIN,90.0,150.0,0,0,0,ATTACH,39000.0,0,ATTACH,41500.0,0.0,False,0,ATTACH,0.0,0.0,0.0,2500.0,False,False,False,True,V4_DEFAULT,COUNTERFACTUAL,WIN,
P7,166,5,1,MAIN,90.0,150.0,1,0,0,PLAY,12000.0,0,PLAY,12000.0,0.0,False,0,PLAY,0.0,0.0,0.0,0.0,False,False,False,False,V4_DEFAULT,NONE,WIN,
P7,166,6,1,TO_HAND,90.0,150.0,1,0,0,CARD,5000.0,0,CARD,5000.0,0.0,False,0,CARD,0.0,0.0,0.0,0.0,False,False,False,False,V4_DEFAULT,NONE,WIN,
P7,166,7,1,MAIN,90.0,150.0,1,0,0,PLAY,12000.0,0,PLAY,12000.0,0.0,False,0,PLAY,0.0,0.0,0.0,0.0,False,False,False,False,V4_DEFAULT,NONE,WIN,
P7,166,8,1,TO_HAND,90.0,150.0,1,0,0,CARD,1000.0,0,CARD,1000.0,0.0,False,0,CARD,0.0,0.0,0.0,0.0,False,False,False,False,V4_DEFAULT,NONE,WIN,
P7,166,9,1,MAIN,90.0,150.0,1,0,0,END,0.0,0,END,0.0,0.0,False,0,END,0.0,0.0,0.0,0.0,False,False,False,False,V4_DEFAULT,NONE,WIN,
P7,166,12,1,MAIN,90.0,150.0,1,1,4,EVOLVE,70500.0,4,EVOLVE,72500.0,0.0,False,4,EVOLVE,0.0,0.0,0.0,2000.0,False,False,False,True,V4_DEFAULT,COUNTERFACTUAL,WIN,
P7,166,13,1,MAIN,350.0,150.0,1,1,0,ATTACH,39700.0,0,ATTACH,42200.0,0.0,False,0,ATTACH,0.0,0.0,0.0,2500.0,False,False,False,True,V4_DEFAULT,COUNTERFACTUAL,WIN,
P7,166,14,1,MAIN,350.0,150.0,2,1,1,ATTACK,18104.6,1,ATTACK,18904.6,0.0,False,1,ATTACK,0.0,0.0,0.0,800.0,False,False,False,True,V4_DEFAULT,COUNTERFACTUAL,WIN,
P7,166,15,1,TO_HAND,350.0,0.0,2,0,3,CARD,10000.0,3,CARD,10000.0,0.0,False,3,CARD,0.0,0.0,0.0,0.0,False,False,False,False,V4_DEFAULT,NONE,WIN,
P7,166,19,1,MAIN,340.0,90.0,2,1,0,ATTACH,40400.0,0,ATTACH,42900.0,0.0,False,0,ATTACH,0.0,0.0,0.0,2500.0,False,False,False,True,V4_DEFAULT,COUNTERFACTUAL,WIN,
P7,166,20,1,MAIN,340.0,90.0,3,1,4,ATTACK,18104.7,4,ATTACK,18904.7,0.0,False,4,ATTACK,0.0,0.0,0.0,800.0,False,False,False,True,V4_DEFAULT,COUNTERFACTUAL,WIN,
P7,166,21,1,TO_HAND,340.0,0.0,3,0,2,CARD,10000.0,2,CARD,10000.0,0.0,False,2,CARD,0.0,0.0,0.0,0.0,False,False,False,False,V4_DEFAULT,NONE,WIN,
P7,167,0,0,IS_FIRST,0.0,0.0,0,0,1,NO,5000.0,1,NO,5000.0,0.0,False,1,NO,0.0,0.0,0.0,0.0,False,False,False,False,V4_DEFAULT,NONE,WIN,
P7,167,1,0,SETUP_ACTIVE_POKEMON,0.0,0.0,0,0,0,CARD,10000.0,0,CARD,10000.0,0.0,False,0,CARD,0.0,0.0,0.0,0.0,False,False,False,False,V4_DEFAULT,NONE,WIN,
P7,167,3,0,DRAW_COUNT,0.0,0.0,0,0,1,NUMBER,1.0,1,NUMBER,1.0,0.0,False,1,NUMBER,0.0,0.0,0.0,0.0,False,False,False,False,V4_DEFAULT,NONE,WIN,
P7,167,5,0,SETUP_BENCH_POKEMON,0.0,0.0,0,0,0,CARD,10000.0,0,CARD,10000.0,0.0,False,0,CARD,0.0,0.0,0.0,0.0,False,False,False,False,V4_DEFAULT,NONE,WIN,
P7,167,8,0,MAIN,90.0,90.0,0,1,1,ATTACH,39000.0,1,ATTACH,41500.0,0.0,False,1,ATTACH,0.0,0.0,0.0,2500.0,False,False,False,True,V4_DEFAULT,COUNTERFACTUAL,WIN,
P7,167,9,0,MAIN,90.0,90.0,1,1,2,ATTACK,18104.4,2,ATTACK,18904.4,0.0,False,2,ATTACK,0.0,0.0,0.0,800.0,False,False,False,True,V4_DEFAULT,COUNTERFACTUAL,WIN,
P7,167,12,0,MAIN,60.0,80.0,1,2,0,EVOLVE,70500.0,0,EVOLVE,75500.0,0.0,False,0,EVOLVE,0.0,0.0,3000.0,2000.0,False,False,True,True,V4_DEFAULT,THREAT_MODEL+COUNTERFACTUAL,WIN,
P7,167,13,0,MAIN,320.0,80.0,1,2,1,ATTACH,39700.0,1,ATTACH,42200.0,0.0,False,1,ATTACH,0.0,0.0,0.0,2500.0,False,False,False,True,V4_DEFAULT,COUNTERFACTUAL,WIN,
P7,167,14,0,MAIN,320.0,80.0,2,2,3,ATTACK,18104.6,3,ATTACK,18904.6,0.0,False,3,ATTACK,0.0,0.0,0.0,800.0,False,False,False,True,V4_DEFAULT,COUNTERFACTUAL,WIN,
P7,167,15,0,TO_HAND,320.0,0.0,2,0,3,CARD,10000.0,3,CARD,10000.0,0.0,False,3,CARD,0.0,0.0,0.0,0.0,False,False,False,False,V4_DEFAULT,NONE,WIN,
P7,167,19,0,MAIN,310.0,90.0,2,1,1,ATTACH,40400.0,1,ATTACH,42900.0,0.0,False,1,ATTACH,0.0,0.0,0.0,2500.0,False,False,False,True,V4_DEFAULT,COUNTERFACTUAL,WIN,
P7,167,20,0,MAIN,310.0,90.0,3,1,4,ATTACK,18104.7,4,ATTACK,18904.7,0.0,False,4,ATTACK,0.0,0.0,0.0,800.0,False,False,False,True,V4_DEFAULT,COUNTERFACTUAL,WIN,
P7,167,21,0,TO_HAND,310.0,0.0,3,0,2,CARD,10000.0,2,CARD,10000.0,0.0,False,2,CARD,0.0,0.0,0.0,0.0,False,False,False,False,V4_DEFAULT,NONE,WIN,
P7,167,25,0,MAIN,280.0,150.0,3,1,1,ATTACH,41100.0,2,ATTACH,40000.0,400.0,True,2,ATTACH,0.0,0.0,2000.0,3000.0,False,False,True,True,COUNTERFACTUAL,THREAT_MODEL+COUNTERFACTUAL,WIN,True
P7,167,26,0,MAIN,280.0,150.0,3,1,5,ATTACK,18104.7,5,ATTACK,18904.7,0.0,False,5,ATTACK,0.0,0.0,0.0,800.0,False,False,False,True,V4_DEFAULT,COUNTERFACTUAL,WIN,
P7,167,27,0,TO_HAND,280.0,0.0,3,0,1,CARD,10000.0,1,CARD,10000.0,0.0,False,1,CARD,0.0,0.0,0.0,0.0,False,False,False,False,V4_DEFAULT,NONE,WIN,
P7,168,1,1,SETUP_ACTIVE_POKEMON,0.0,0.0,0,0,0,CARD,10000.0,0,CARD,10000.0,0.0,False,0,CARD,0.0,0.0,0.0,0.0,False,False,False,False,V4_DEFAULT,NONE,WIN,
P7,168,3,1,MAIN,90.0,90.0,0,0,1,ATTACH,39000.0,1,ATTACH,41500.0,0.0,False,1,ATTACH,0.0,0.0,0.0,2500.0,False,False,False,True,V4_DEFAULT,COUNTERFACTUAL,WIN,
P7,168,4,1,MAIN,90.0,90.0,1,0,0,PLAY,12000.0,0,PLAY,12000.0,0.0,False,0,PLAY,0.0,0.0,0.0,0.0,False,False,False,False,V4_DEFAULT,NONE,WIN,
P7,168,5,1,TO_HAND,90.0,90.0,1,0,0,CARD,1000.0,0,CARD,1000.0,0.0,False,0,CARD,0.0,0.0,0.0,0.0,False,False,False,False,V4_DEFAULT,NONE,WIN,
P7,168,6,1,MAIN,90.0,90.0,1,0,0,PLAY,12000.0,0,PLAY,12000.0,0.0,False,0,PLAY,0.0,0.0,0.0,0.0,False,False,False,False,V4_DEFAULT,NONE,WIN,
P7,168,7,1,MAIN,90.0,90.0,1,0,0,END,0.0,0,END,0.0,0.0,False,0,END,0.0,0.0,0.0,0.0,False,False,False,False,V4_DEFAULT,NONE,WIN,
P7,168,10,1,MAIN,80.0,90.0,1,1,8,EVOLVE,70500.0,8,EVOLVE,72500.0,0.0,False,8,EVOLVE,0.0,0.0,0.0,2000.0,False,False,False,True,V4_DEFAULT,COUNTERFACTUAL,WIN,
P7,168,11,1,MAIN,340.0,90.0,1,1,0,ATTACH,39700.0,0,ATTACH,42200.0,0.0,False,0,ATTACH,0.0,0.0,0.0,2500.0,False,False,False,True,V4_DEFAULT,COUNTERFACTUAL,WIN,
P7,168,12,1,MAIN,340.0,90.0,2,1,0,ATTACK,18104.6,0,ATTACK,18904.6,0.0,False,0,ATTACK,0.0,0.0,0.0,800.0,False,False,False,True,V4_DEFAULT,COUNTERFACTUAL,WIN,
P7,168,13,1,TO_HAND,340.0,0.0,2,0,0,CARD,5000.0,0,CARD,5000.0,0.0,False,0,CARD,0.0,0.0,0.0,0.0,False,False,False,False,V4_DEFAULT,NONE,WIN,
P7,169,0,0,IS_FIRST,0.0,0.0,0,0,1,NO,5000.0,1,NO,5000.0,0.0,False,1,NO,0.0,0.0,0.0,0.0,False,False,False,False,V4_DEFAULT,NONE,LOSS,
P7,169,2,0,SETUP_ACTIVE_POKEMON,0.0,0.0,0,0,0,CARD,10000.0,0,CARD,10000.0,0.0,False,0,CARD,0.0,0.0,0.0,0.0,False,False,False,False,V4_DEFAULT,NONE,LOSS,
P7,169,3,0,SETUP_BENCH_POKEMON,0.0,0.0,0,0,0,CARD,10000.0,0,CARD,10000.0,0.0,False,0,CARD,0.0,0.0,0.0,0.0,False,False,False,False,V4_DEFAULT,NONE,LOSS,
P7,169,8,0,MAIN,150.0,150.0,0,1,0,ATTACH,39000.0,0,ATTACH,41500.0,0.0,False,0,ATTACH,0.0,0.0,0.0,2500.0,False,False,False,True,V4_DEFAULT,COUNTERFACTUAL,LOSS,
P7,169,9,0,MAIN,150.0,150.0,1,1,0,ATTACK,18104.2,0,ATTACK,18904.2,0.0,False,0,ATTACK,0.0,0.0,0.0,800.0,False,False,False,True,V4_DEFAULT,COUNTERFACTUAL,LOSS,
P7,169,12,0,MAIN,150.0,150.0,1,2,0,ATTACH,39700.0,0,ATTACH,42200.0,0.0,False,0,ATTACH,0.0,0.0,0.0,2500.0,False,False,False,True,V4_DEFAULT,COUNTERFACTUAL,LOSS,
P7,169,13,0,MAIN,150.0,150.0,2,2,0,ATTACK,18104.2,0,ATTACK,18904.2,0.0,False,0,ATTACK,0.0,0.0,0.0,800.0,False,False,False,True,V4_DEFAULT,COUNTERFACTUAL,LOSS,
P7,169,18,0,MAIN,20.0,150.0,2,1,0,ATTACH,40400.0,0,ATTACH,42900.0,0.0,False,0,ATTACH,0.0,0.0,0.0,2500.0,False,False,False,True,V4_DEFAULT,COUNTERFACTUAL,LOSS,
P7,169,19,0,MAIN,20.0,150.0,3,1,3,RETREAT,30000.0,2,ATTACK,18904.3,3904.2999999999993,True,2,ATTACK,0.0,0.0,0.0,800.0,False,False,False,True,COUNTERFACTUAL,COUNTERFACTUAL,LOSS,False
P7,169,20,0,DISCARD_ENERGY,20.0,20.0,3,1,0,ENERGY,30000.0,0,ENERGY,30000.0,0.0,False,0,ENERGY,0.0,0.0,0.0,0.0,False,False,False,False,V4_DEFAULT,NONE,LOSS,
P7,169,21,0,DISCARD_ENERGY,20.0,20.0,2,1,0,ENERGY,30000.0,0,ENERGY,30000.0,0.0,False,0,ENERGY,0.0,0.0,0.0,0.0,False,False,False,False,V4_DEFAULT,NONE,LOSS,
P7,169,25,0,TO_ACTIVE,0.0,20.0,0,2,0,CARD,5000.0,0,CARD,5000.0,0.0,False,0,CARD,0.0,0.0,0.0,0.0,False,False,False,False,V4_DEFAULT,NONE,LOSS,
P7,169,26,0,MAIN,90.0,20.0,0,2,0,ATTACH,39000.0,0,ATTACH,41500.0,0.0,False,0,ATTACH,0.0,0.0,0.0,2500.0,False,False,False,True,V4_DEFAULT,COUNTERFACTUAL,LOSS,
P7,169,27,0,MAIN,90.0,20.0,1,2,1,ATTACK,18104.4,1,ATTACK,73104.4,0.0,False,1,ATTACK,50000.0,0.0,0.0,5000.0,True,False,False,True,V4_DEFAULT,KO_GUARANTEE+COUNTERFACTUAL,LOSS,
P7,170,1,1,SETUP_ACTIVE_POKEMON,0.0,0.0,0,0,0,CARD,10000.0,0,CARD,10000.0,0.0,False,0,CARD,0.0,0.0,0.0,0.0,False,False,False,False,V4_DEFAULT,NONE,WIN,
P7,170,3,1,DRAW_COUNT,0.0,0.0,0,0,1,NUMBER,1.0,1,NUMBER,1.0,0.0,False,1,NUMBER,0.0,0.0,0.0,0.0,False,False,False,False,V4_DEFAULT,NONE,WIN,
P7,170,5,1,MAIN,90.0,90.0,0,0,1,ATTACH,39000.0,1,ATTACH,41500.0,0.0,False,1,ATTACH,0.0,0.0,0.0,2500.0,False,False,False,True,V4_DEFAULT,COUNTERFACTUAL,WIN,
P7,170,6,1,MAIN,90.0,90.0,1,0,0,PLAY,12000.0,0,PLAY,12000.0,0.0,False,0,PLAY,0.0,0.0,0.0,0.0,False,False,False,False,V4_DEFAULT,NONE,WIN,
P7,170,7,1,TO_HAND,90.0,90.0,1,0,0,CARD,1000.0,0,CARD,1000.0,0.0,False,0,CARD,0.0,0.0,0.0,0.0,False,False,False,False,V4_DEFAULT,NONE,WIN,
P7,170,8,1,MAIN,90.0,90.0,1,0,0,END,0.0,0,END,0.0,0.0,False,0,END,0.0,0.0,0.0,0.0,False,False,False,False,V4_DEFAULT,NONE,WIN,
P7,170,11,1,MAIN,80.0,90.0,1,1,0,EVOLVE,70500.0,0,EVOLVE,72500.0,0.0,False,0,EVOLVE,0.0,0.0,0.0,2000.0,False,False,False,True,V4_DEFAULT,COUNTERFACTUAL,WIN,
P7,170,12,1,MAIN,340.0,90.0,1,1,2,ATTACH,39700.0,2,ATTACH,42200.0,0.0,False,2,ATTACH,0.0,0.0,0.0,2500.0,False,False,False,True,V4_DEFAULT,COUNTERFACTUAL,WIN,
P7,170,13,1,MAIN,340.0,90.0,2,1,2,ATTACK,18104.6,2,ATTACK,18904.6,0.0,False,2,ATTACK,0.0,0.0,0.0,800.0,False,False,False,True,V4_DEFAULT,COUNTERFACTUAL,WIN,
P7,170,14,1,TO_HAND,340.0,0.0,2,0,2,CARD,10000.0,2,CARD,10000.0,0.0,False,2,CARD,0.0,0.0,0.0,0.0,False,False,False,False,V4_DEFAULT,NONE,WIN,
P7,170,19,1,MAIN,340.0,350.0,2,1,2,ATTACH,40400.0,2,ATTACH,42900.0,0.0,False,2,ATTACH,0.0,0.0,0.0,2500.0,False,False,False,True,V4_DEFAULT,COUNTERFACTUAL,WIN,
P7,170,20,1,MAIN,340.0,350.0,3,1,4,ATTACK,18104.7,4,ATTACK,18904.7,0.0,False,4,ATTACK,0.0,0.0,0.0,800.0,False,False,False,True,V4_DEFAULT,COUNTERFACTUAL,WIN,
P7,170,23,1,MAIN,70.0,150.0,3,2,2,ATTACH,41100.0,2,ATTACH,43600.0,0.0,False,2,ATTACH,0.0,0.0,0.0,2500.0,False,False,False,True,V4_DEFAULT,COUNTERFACTUAL,WIN,
P7,170,24,1,MAIN,70.0,150.0,4,2,4,ATTACK,18104.7,4,ATTACK,18904.7,0.0,False,4,ATTACK,0.0,0.0,0.0,800.0,False,False,False,True,V4_DEFAULT,COUNTERFACTUAL,WIN,
P7,170,25,1,TO_HAND,70.0,0.0,4,0,2,CARD,10000.0,2,CARD,10000.0,0.0,False,2,CARD,0.0,0.0,0.0,0.0,False,False,False,False,V4_DEFAULT,NONE,WIN,
P7,171,0,0,IS_FIRST,0.0,0.0,0,0,1,NO,5000.0,1,NO,5000.0,0.0,False,1,NO,0.0,0.0,0.0,0.0,False,False,False,False,V4_DEFAULT,NONE,LOSS,
P7,171,2,0,SETUP_ACTIVE_POKEMON,0.0,0.0,0,0,0,CARD,10000.0,0,CARD,10000.0,0.0,False,0,CARD,0.0,0.0,0.0,0.0,False,False,False,False,V4_DEFAULT,NONE,LOSS,
P7,171,5,0,MAIN,90.0,90.0,0,1,0,ATTACH,39000.0,0,ATTACH,41500.0,0.0,False,0,ATTACH,0.0,0.0,0.0,2500.0,False,False,False,True,V4_DEFAULT,COUNTERFACTUAL,LOSS,
P7,171,6,0,MAIN,90.0,90.0,1,1,1,ATTACK,18104.4,1,ATTACK,18904.4,0.0,False,1,ATTACK,0.0,0.0,0.0,800.0,False,False,False,True,V4_DEFAULT,COUNTERFACTUAL,LOSS,
P7,171,9,0,MAIN,60.0,80.0,1,2,1,ATTACH,39700.0,1,ATTACH,42200.0,0.0,False,1,ATTACH,0.0,0.0,0.0,2500.0,False,False,False,True,V4_DEFAULT,COUNTERFACTUAL,LOSS,
P7,171,10,0,MAIN,60.0,80.0,2,2,3,ATTACK,18104.5,3,ATTACK,18904.5,0.0,False,3,ATTACK,0.0,0.0,0.0,800.0,False,False,False,True,V4_DEFAULT,COUNTERFACTUAL,LOSS,
P7,171,13,0,MAIN,30.0,50.0,2,3,1,ATTACH,40400.0,1,ATTACH,42900.0,0.0,False,1,ATTACH,0.0,0.0,0.0,2500.0,False,False,False,True,V4_DEFAULT,COUNTERFACTUAL,LOSS,
P7,171,14,0,MAIN,30.0,50.0,3,3,4,ATTACK,18104.5,4,ATTACK,18904.5,0.0,False,4,ATTACK,0.0,0.0,0.0,800.0,False,False,False,True,V4_DEFAULT,COUNTERFACTUAL,LOSS,
P7,172,1,1,SETUP_ACTIVE_POKEMON,0.0,0.0,0,0,0,CARD,10000.0,0,CARD,10000.0,0.0,False,0,CARD,0.0,0.0,0.0,0.0,False,False,False,False,V4_DEFAULT,NONE,WIN,
P7,172,3,1,DRAW_COUNT,0.0,0.0,0,0,1,NUMBER,1.0,1,NUMBER,1.0,0.0,False,1,NUMBER,0.0,0.0,0.0,0.0,False,False,False,False,V4_DEFAULT,NONE,WIN,
P7,172,4,1,SETUP_BENCH_POKEMON,0.0,0.0,0,0,0,CARD,10000.0,0,CARD,10000.0,0.0,False,0,CARD,0.0,0.0,0.0,0.0,False,False,False,False,V4_DEFAULT,NONE,WIN,
P7,172,5,1,MAIN,90.0,150.0,0,0,0,ATTACH,39000.0,0,ATTACH,41500.0,0.0,False,0,ATTACH,0.0,0.0,0.0,2500.0,False,False,False,True,V4_DEFAULT,COUNTERFACTUAL,WIN,
P7,172,6,1,MAIN,90.0,150.0,1,0,0,END,0.0,0,END,0.0,0.0,False,0,END,0.0,0.0,0.0,0.0,False,False,False,False,V4_DEFAULT,NONE,WIN,
P7,172,9,1,MAIN,90.0,150.0,1,1,0,ATTACH,39700.0,0,ATTACH,42200.0,0.0,False,0,ATTACH,0.0,0.0,0.0,2500.0,False,False,False,True,V4_DEFAULT,COUNTERFACTUAL,WIN,
P7,172,10,1,MAIN,90.0,150.0,2,1,3,ATTACK,18104.5,3,ATTACK,18904.5,0.0,False,3,ATTACK,0.0,0.0,0.0,800.0,False,False,False,True,V4_DEFAULT,COUNTERFACTUAL,WIN,
P7,172,13,1,MAIN,90.0,120.0,2,2,2,ATTACH,40400.0,2,ATTACH,42900.0,0.0,False,2,ATTACH,0.0,0.0,0.0,2500.0,False,False,False,True,V4_DEFAULT,COUNTERFACTUAL,WIN,
P7,172,14,1,MAIN,90.0,120.0,3,2,3,ATTACK,18104.5,3,ATTACK,18904.5,0.0,False,3,ATTACK,0.0,0.0,0.0,800.0,False,False,False,True,V4_DEFAULT,COUNTERFACTUAL,WIN,
P7,172,20,1,TO_ACTIVE,0.0,90.0,0,1,0,CARD,5000.0,0,CARD,5000.0,0.0,False,0,CARD,0.0,0.0,0.0,0.0,False,False,False,False,V4_DEFAULT,NONE,WIN,
P7,172,21,1,MAIN,90.0,90.0,0,1,2,ATTACH,39000.0,2,ATTACH,41500.0,0.0,False,2,ATTACH,0.0,0.0,0.0,2500.0,False,False,False,True,V4_DEFAULT,COUNTERFACTUAL,WIN,
P7,172,22,1,MAIN,90.0,90.0,1,1,3,ATTACK,18104.4,3,ATTACK,18904.4,0.0,False,3,ATTACK,0.0,0.0,0.0,800.0,False,False,False,True,V4_DEFAULT,COUNTERFACTUAL,WIN,
P7,172,25,1,MAIN,50.0,80.0,1,2,6,EVOLVE,70500.0,6,EVOLVE,75500.0,0.0,False,6,EVOLVE,0.0,0.0,3000.0,2000.0,False,False,True,True,V4_DEFAULT,THREAT_MODEL+COUNTERFACTUAL,WIN,
P7,172,26,1,MAIN,310.0,80.0,1,2,2,ATTACH,39700.0,2,ATTACH,42200.0,0.0,False,2,ATTACH,0.0,0.0,0.0,2500.0,False,False,False,True,V4_DEFAULT,COUNTERFACTUAL,WIN,
P7,172,27,1,MAIN,310.0,80.0,2,2,3,ATTACK,18104.6,3,ATTACK,18904.6,0.0,False,3,ATTACK,0.0,0.0,0.0,800.0,False,False,False,True,V4_DEFAULT,COUNTERFACTUAL,WIN,
P7,172,28,1,TO_HAND,310.0,0.0,2,0,4,CARD,10000.0,4,CARD,10000.0,0.0,False,4,CARD,0.0,0.0,0.0,0.0,False,False,False,False,V4_DEFAULT,NONE,WIN,
P7,173,0,0,IS_FIRST,0.0,0.0,0,0,1,NO,5000.0,1,NO,5000.0,0.0,False,1,NO,0.0,0.0,0.0,0.0,False,False,False,False,V4_DEFAULT,NONE,WIN,
P7,173,2,0,SETUP_ACTIVE_POKEMON,0.0,0.0,0,0,0,CARD,10000.0,0,CARD,10000.0,0.0,False,0,CARD,0.0,0.0,0.0,0.0,False,False,False,False,V4_DEFAULT,NONE,WIN,
P7,173,7,0,MAIN,90.0,90.0,0,1,0,ATTACH,39000.0,0,ATTACH,41500.0,0.0,False,0,ATTACH,0.0,0.0,0.0,2500.0,False,False,False,True,V4_DEFAULT,COUNTERFACTUAL,WIN,
P7,173,8,0,MAIN,90.0,90.0,1,1,2,ATTACK,18104.4,2,ATTACK,18904.4,0.0,False,2,ATTACK,0.0,0.0,0.0,800.0,False,False,False,True,V4_DEFAULT,COUNTERFACTUAL,WIN,
P7,173,11,0,MAIN,60.0,80.0,1,2,0,EVOLVE,70500.0,0,EVOLVE,75500.0,0.0,False,0,EVOLVE,0.0,0.0,3000.0,2000.0,False,False,True,True,V4_DEFAULT,THREAT_MODEL+COUNTERFACTUAL,WIN,
P7,173,12,0,MAIN,320.0,80.0,1,2,0,ATTACH,39700.0,0,ATTACH,42200.0,0.0,False,0,ATTACH,0.0,0.0,0.0,2500.0,False,False,False,True,V4_DEFAULT,COUNTERFACTUAL,WIN,
P7,173,13,0,MAIN,320.0,80.0,2,2,2,ATTACK,18104.6,2,ATTACK,18904.6,0.0,False,2,ATTACK,0.0,0.0,0.0,800.0,False,False,False,True,V4_DEFAULT,COUNTERFACTUAL,WIN,
P7,173,14,0,TO_HAND,320.0,0.0,2,0,5,CARD,10000.0,5,CARD,10000.0,0.0,False,5,CARD,0.0,0.0,0.0,0.0,False,False,False,False,V4_DEFAULT,NONE,WIN,
P7,173,18,0,MAIN,310.0,90.0,2,1,1,ATTACH,40400.0,1,ATTACH,42900.0,0.0,False,1,ATTACH,0.0,0.0,0.0,2500.0,False,False,False,True,V4_DEFAULT,COUNTERFACTUAL,WIN,
P7,173,19,0,MAIN,310.0,90.0,3,1,3,ATTACK,18104.7,3,ATTACK,18904.7,0.0,False,3,ATTACK,0.0,0.0,0.0,800.0,False,False,False,True,V4_DEFAULT,COUNTERFACTUAL,WIN,
P7,173,20,0,TO_HAND,310.0,0.0,3,0,0,CARD,5000.0,0,CARD,5000.0,0.0,False,0,CARD,0.0,0.0,0.0,0.0,False,False,False,False,V4_DEFAULT,NONE,WIN,
P7,174,1,1,SETUP_ACTIVE_POKEMON,0.0,0.0,0,0,0,CARD,10000.0,0,CARD,10000.0,0.0,False,0,CARD,0.0,0.0,0.0,0.0,False,False,False,False,V4_DEFAULT,NONE,WIN,
P7,174,3,1,SETUP_BENCH_POKEMON,0.0,0.0,0,0,0,CARD,10000.0,0,CARD,10000.0,0.0,False,0,CARD,0.0,0.0,0.0,0.0,False,False,False,False,V4_DEFAULT,NONE,WIN,
P7,174,4,1,MAIN,90.0,90.0,0,0,0,ATTACH,39000.0,0,ATTACH,41500.0,0.0,False,0,ATTACH,0.0,0.0,0.0,2500.0,False,False,False,True,V4_DEFAULT,COUNTERFACTUAL,WIN,
P7,174,5,1,MAIN,90.0,90.0,1,0,0,PLAY,12000.0,0,PLAY,12000.0,0.0,False,0,PLAY,0.0,0.0,0.0,0.0,False,False,False,False,V4_DEFAULT,NONE,WIN,
P7,174,6,1,TO_HAND,90.0,90.0,1,0,0,CARD,5000.0,0,CARD,5000.0,0.0,False,0,CARD,0.0,0.0,0.0,0.0,False,False,False,False,V4_DEFAULT,NONE,WIN,
P7,174,7,1,MAIN,90.0,90.0,1,0,0,PLAY,12000.0,0,PLAY,12000.0,0.0,False,0,PLAY,0.0,0.0,0.0,0.0,False,False,False,False,V4_DEFAULT,NONE,WIN,
P7,174,8,1,TO_HAND,90.0,90.0,1,0,0,CARD,10000.0,0,CARD,10000.0,0.0,False,0,CARD,0.0,0.0,0.0,0.0,False,False,False,False,V4_DEFAULT,NONE,WIN,
P7,174,9,1,MAIN,90.0,90.0,1,0,0,END,0.0,0,END,0.0,0.0,False,0,END,0.0,0.0,0.0,0.0,False,False,False,False,V4_DEFAULT,NONE,WIN,
P7,174,12,1,MAIN,80.0,90.0,1,1,4,EVOLVE,70500.0,4,EVOLVE,72500.0,0.0,False,4,EVOLVE,0.0,0.0,0.0,2000.0,False,False,False,True,V4_DEFAULT,COUNTERFACTUAL,WIN,
P7,174,13,1,MAIN,340.0,90.0,1,1,4,EVOLVE,70000.0,4,EVOLVE,72000.0,0.0,False,4,EVOLVE,0.0,0.0,0.0,2000.0,False,False,False,True,V4_DEFAULT,COUNTERFACTUAL,WIN,
P7,174,14,1,MAIN,340.0,90.0,1,1,2,ATTACH,39700.0,2,ATTACH,42200.0,0.0,False,2,ATTACH,0.0,0.0,0.0,2500.0,False,False,False,True,V4_DEFAULT,COUNTERFACTUAL,WIN,
P7,174,15,1,MAIN,340.0,90.0,2,1,2,ATTACK,18104.6,2,ATTACK,18904.6,0.0,False,2,ATTACK,0.0,0.0,0.0,800.0,False,False,False,True,V4_DEFAULT,COUNTERFACTUAL,WIN,
P7,174,16,1,TO_HAND,340.0,0.0,2,0,0,CARD,5000.0,0,CARD,5000.0,0.0,False,0,CARD,0.0,0.0,0.0,0.0,False,False,False,False,V4_DEFAULT,NONE,WIN,
P7,175,0,0,IS_FIRST,0.0,0.0,0,0,1,NO,5000.0,1,NO,5000.0,0.0,False,1,NO,0.0,0.0,0.0,0.0,False,False,False,False,V4_DEFAULT,NONE,LOSS,
P7,175,2,0,SETUP_ACTIVE_POKEMON,0.0,0.0,0,0,0,CARD,10000.0,0,CARD,10000.0,0.0,False,0,CARD,0.0,0.0,0.0,0.0,False,False,False,False,V4_DEFAULT,NONE,LOSS,
P7,175,3,0,SETUP_BENCH_POKEMON,0.0,0.0,0,0,0,CARD,10000.0,0,CARD,10000.0,0.0,False,0,CARD,0.0,0.0,0.0,0.0,False,False,False,False,V4_DEFAULT,NONE,LOSS,
P7,175,9,0,MAIN,150.0,150.0,0,1,0,ATTACH,39000.0,0,ATTACH,41500.0,0.0,False,0,ATTACH,0.0,0.0,0.0,2500.0,False,False,False,True,V4_DEFAULT,COUNTERFACTUAL,LOSS,
P7,175,10,0,MAIN,150.0,150.0,1,1,0,ATTACH,39700.0,0,ATTACH,42200.0,0.0,False,0,ATTACH,0.0,0.0,0.0,2500.0,False,False,False,True,V4_DEFAULT,COUNTERFACTUAL,LOSS,
P7,175,11,0,MAIN,150.0,150.0,1,1,0,ATTACK,18104.2,0,ATTACK,18904.2,0.0,False,0,ATTACK,0.0,0.0,0.0,800.0,False,False,False,True,V4_DEFAULT,COUNTERFACTUAL,LOSS,
P7,175,14,0,MAIN,150.0,150.0,1,2,0,ATTACH,39700.0,0,ATTACH,42200.0,0.0,False,0,ATTACH,0.0,0.0,0.0,2500.0,False,False,False,True,V4_DEFAULT,COUNTERFACTUAL,LOSS,
P7,175,15,0,MAIN,150.0,150.0,2,2,1,ATTACK,18104.2,1,ATTACK,18904.2,0.0,False,1,ATTACK,0.0,0.0,0.0,800.0,False,False,False,True,V4_DEFAULT,COUNTERFACTUAL,LOSS,
P7,175,20,0,MAIN,20.0,150.0,2,1,0,ATTACH,40400.0,0,ATTACH,42900.0,0.0,False,0,ATTACH,0.0,0.0,0.0,2500.0,False,False,False,True,V4_DEFAULT,COUNTERFACTUAL,LOSS,
P7,175,21,0,MAIN,20.0,150.0,3,1,4,RETREAT,30000.0,3,ATTACK,18904.3,3904.2999999999993,True,3,ATTACK,0.0,0.0,0.0,800.0,False,False,False,True,COUNTERFACTUAL,COUNTERFACTUAL,LOSS,False
P7,175,22,0,DISCARD_ENERGY,20.0,20.0,3,1,0,ENERGY,30000.0,0,ENERGY,30000.0,0.0,False,0,ENERGY,0.0,0.0,0.0,0.0,False,False,False,False,V4_DEFAULT,NONE,LOSS,
P7,175,23,0,DISCARD_ENERGY,20.0,20.0,2,1,0,ENERGY,30000.0,0,ENERGY,30000.0,0.0,False,0,ENERGY,0.0,0.0,0.0,0.0,False,False,False,False,V4_DEFAULT,NONE,LOSS,
P7,175,27,0,TO_ACTIVE,0.0,20.0,0,2,0,CARD,5000.0,0,CARD,5000.0,0.0,False,0,CARD,0.0,0.0,0.0,0.0,False,False,False,False,V4_DEFAULT,NONE,LOSS,
P7,175,28,0,MAIN,90.0,20.0,0,2,0,ATTACH,39000.0,0,ATTACH,41500.0,0.0,False,0,ATTACH,0.0,0.0,0.0,2500.0,False,False,False,True,V4_DEFAULT,COUNTERFACTUAL,LOSS,
P7,175,29,0,MAIN,90.0,20.0,1,2,2,ATTACK,18104.4,2,ATTACK,73104.4,0.0,False,2,ATTACK,50000.0,0.0,0.0,5000.0,True,False,False,True,V4_DEFAULT,KO_GUARANTEE+COUNTERFACTUAL,LOSS,
P7,176,1,1,SETUP_ACTIVE_POKEMON,0.0,0.0,0,0,0,CARD,10000.0,0,CARD,10000.0,0.0,False,0,CARD,0.0,0.0,0.0,0.0,False,False,False,False,V4_DEFAULT,NONE,LOSS,
P7,176,3,1,DRAW_COUNT,0.0,0.0,0,0,2,NUMBER,2.0,2,NUMBER,2.0,0.0,False,2,NUMBER,0.0,0.0,0.0,0.0,False,False,False,False,V4_DEFAULT,NONE,LOSS,
P7,176,5,1,MAIN,90.0,90.0,0,0,0,ATTACH,39000.0,0,ATTACH,41500.0,0.0,False,0,ATTACH,0.0,0.0,0.0,2500.0,False,False,False,True,V4_DEFAULT,COUNTERFACTUAL,LOSS,
P7,176,6,1,MAIN,90.0,90.0,1,0,0,PLAY,12000.0,0,PLAY,12000.0,0.0,False,0,PLAY,0.0,0.0,0.0,0.0,False,False,False,False,V4_DEFAULT,NONE,LOSS,
P7,176,7,1,TO_HAND,90.0,90.0,1,0,0,CARD,5000.0,0,CARD,5000.0,0.0,False,0,CARD,0.0,0.0,0.0,0.0,False,False,False,False,V4_DEFAULT,NONE,LOSS,
P7,176,8,1,MAIN,90.0,90.0,1,0,0,END,0.0,0,END,0.0,0.0,False,0,END,0.0,0.0,0.0,0.0,False,False,False,False,V4_DEFAULT,NONE,LOSS,
P7,176,11,1,MAIN,80.0,90.0,1,1,7,EVOLVE,70500.0,7,EVOLVE,72500.0,0.0,False,7,EVOLVE,0.0,0.0,0.0,2000.0,False,False,False,True,V4_DEFAULT,COUNTERFACTUAL,LOSS,
P7,176,12,1,MAIN,340.0,90.0,1,1,2,ATTACH,39700.0,2,ATTACH,42200.0,0.0,False,2,ATTACH,0.0,0.0,0.0,2500.0,False,False,False,True,V4_DEFAULT,COUNTERFACTUAL,LOSS,
P7,176,13,1,MAIN,340.0,90.0,2,1,2,ATTACH,40400.0,2,ATTACH,42900.0,0.0,False,2,ATTACH,0.0,0.0,0.0,2500.0,False,False,False,True,V4_DEFAULT,COUNTERFACTUAL,LOSS,
P7,176,14,1,MAIN,340.0,90.0,2,1,2,ATTACK,18104.6,2,ATTACK,18904.6,0.0,False,2,ATTACK,0.0,0.0,0.0,800.0,False,False,False,True,V4_DEFAULT,COUNTERFACTUAL,LOSS,
P7,176,15,1,TO_HAND,340.0,0.0,2,0,0,CARD,5000.0,0,CARD,5000.0,0.0,False,0,CARD,0.0,0.0,0.0,0.0,False,False,False,False,V4_DEFAULT,NONE,LOSS,
P7,176,24,1,MAIN,340.0,350.0,2,1,2,ATTACH,40400.0,2,ATTACH,42900.0,0.0,False,2,ATTACH,0.0,0.0,0.0,2500.0,False,False,False,True,V4_DEFAULT,COUNTERFACTUAL,LOSS,
P7,176,25,1,MAIN,340.0,350.0,3,1,3,ATTACK,18104.7,3,ATTACK,18904.7,0.0,False,3,ATTACK,0.0,0.0,0.0,800.0,False,False,False,True,V4_DEFAULT,COUNTERFACTUAL,LOSS,
P7,177,0,0,IS_FIRST,0.0,0.0,0,0,1,NO,5000.0,1,NO,5000.0,0.0,False,1,NO,0.0,0.0,0.0,0.0,False,False,False,False,V4_DEFAULT,NONE,LOSS,
P7,177,1,0,SETUP_ACTIVE_POKEMON,0.0,0.0,0,0,0,CARD,10000.0,0,CARD,10000.0,0.0,False,0,CARD,0.0,0.0,0.0,0.0,False,False,False,False,V4_DEFAULT,NONE,LOSS,
P7,177,3,0,DRAW_COUNT,0.0,0.0,0,0,2,NUMBER,2.0,2,NUMBER,2.0,0.0,False,2,NUMBER,0.0,0.0,0.0,0.0,False,False,False,False,V4_DEFAULT,NONE,LOSS,
P7,177,10,0,MAIN,90.0,90.0,0,1,0,ATTACH,39000.0,0,ATTACH,41500.0,0.0,False,0,ATTACH,0.0,0.0,0.0,2500.0,False,False,False,True,V4_DEFAULT,COUNTERFACTUAL,LOSS,
P7,177,11,0,MAIN,90.0,90.0,1,1,1,ATTACH,39700.0,1,ATTACH,42200.0,0.0,False,1,ATTACH,0.0,0.0,0.0,2500.0,False,False,False,True,V4_DEFAULT,COUNTERFACTUAL,LOSS,
P7,177,12,0,MAIN,90.0,90.0,1,1,4,ATTACK,18104.4,4,ATTACK,18904.4,0.0,False,4,ATTACK,0.0,0.0,0.0,800.0,False,False,False,True,V4_DEFAULT,COUNTERFACTUAL,LOSS,
P7,178,1,1,SETUP_ACTIVE_POKEMON,0.0,0.0,0,0,0,CARD,10000.0,0,CARD,10000.0,0.0,False,0,CARD,0.0,0.0,0.0,0.0,False,False,False,False,V4_DEFAULT,NONE,LOSS,
P7,178,3,1,MAIN,150.0,90.0,0,0,0,ATTACH,39000.0,0,ATTACH,41500.0,0.0,False,0,ATTACH,0.0,0.0,0.0,2500.0,False,False,False,True,V4_DEFAULT,COUNTERFACTUAL,LOSS,
P7,178,4,1,MAIN,150.0,90.0,1,0,0,END,0.0,0,END,0.0,0.0,False,0,END,0.0,0.0,0.0,0.0,False,False,False,False,V4_DEFAULT,NONE,LOSS,
P7,178,7,1,MAIN,140.0,90.0,1,1,2,ATTACH,39700.0,2,ATTACH,42200.0,0.0,False,2,ATTACH,0.0,0.0,0.0,2500.0,False,False,False,True,V4_DEFAULT,COUNTERFACTUAL,LOSS,
P7,178,8,1,MAIN,140.0,90.0,2,1,3,ATTACK,18104.2,3,ATTACK,18904.2,0.0,False,3,ATTACK,0.0,0.0,0.0,800.0,False,False,False,True,V4_DEFAULT,COUNTERFACTUAL,LOSS,
P7,179,0,0,IS_FIRST,0.0,0.0,0,0,1,NO,5000.0,1,NO,5000.0,0.0,False,1,NO,0.0,0.0,0.0,0.0,False,False,False,False,V4_DEFAULT,NONE,LOSS,
P7,179,2,0,SETUP_ACTIVE_POKEMON,0.0,0.0,0,0,0,CARD,10000.0,0,CARD,10000.0,0.0,False,0,CARD,0.0,0.0,0.0,0.0,False,False,False,False,V4_DEFAULT,NONE,LOSS,
P7,179,6,0,MAIN,150.0,90.0,0,1,0,ATTACH,39000.0,0,ATTACH,41500.0,0.0,False,0,ATTACH,0.0,0.0,0.0,2500.0,False,False,False,True,V4_DEFAULT,COUNTERFACTUAL,LOSS,
P7,179,7,0,MAIN,150.0,90.0,1,1,3,ATTACK,18104.2,3,ATTACK,18904.2,0.0,False,3,ATTACK,0.0,0.0,0.0,800.0,False,False,False,True,V4_DEFAULT,COUNTERFACTUAL,LOSS,
P7,180,2,1,SETUP_ACTIVE_POKEMON,0.0,0.0,0,0,0,CARD,10000.0,0,CARD,10000.0,0.0,False,0,CARD,0.0,0.0,0.0,0.0,False,False,False,False,V4_DEFAULT,NONE,LOSS,
P7,180,5,1,MAIN,90.0,150.0,0,0,0,ATTACH,39000.0,0,ATTACH,41500.0,0.0,False,0,ATTACH,0.0,0.0,0.0,2500.0,False,False,False,True,V4_DEFAULT,COUNTERFACTUAL,LOSS,
P7,180,6,1,MAIN,90.0,150.0,1,0,0,END,0.0,0,END,0.0,0.0,False,0,END,0.0,0.0,0.0,0.0,False,False,False,False,V4_DEFAULT,NONE,LOSS,
P7,180,9,1,MAIN,90.0,150.0,1,1,0,EVOLVE,70500.0,0,EVOLVE,72500.0,0.0,False,0,EVOLVE,0.0,0.0,0.0,2000.0,False,False,False,True,V4_DEFAULT,COUNTERFACTUAL,LOSS,
P7,180,10,1,MAIN,350.0,150.0,1,1,0,ATTACH,39700.0,0,ATTACH,42200.0,0.0,False,0,ATTACH,0.0,0.0,0.0,2500.0,False,False,False,True,V4_DEFAULT,COUNTERFACTUAL,LOSS,
P7,180,11,1,MAIN,350.0,150.0,2,1,1,ATTACK,18104.6,1,ATTACK,18904.6,0.0,False,1,ATTACK,0.0,0.0,0.0,800.0,False,False,False,True,V4_DEFAULT,COUNTERFACTUAL,LOSS,
P7,180,12,1,TO_HAND,350.0,0.0,2,0,4,CARD,10000.0,4,CARD,10000.0,0.0,False,4,CARD,0.0,0.0,0.0,0.0,False,False,False,False,V4_DEFAULT,NONE,LOSS,
P7,180,20,1,MAIN,350.0,350.0,2,1,0,ATTACH,40400.0,0,ATTACH,42900.0,0.0,False,0,ATTACH,0.0,0.0,0.0,2500.0,False,False,False,True,V4_DEFAULT,COUNTERFACTUAL,LOSS,
P7,180,21,1,MAIN,350.0,350.0,3,1,3,ATTACK,18104.7,3,ATTACK,18904.7,0.0,False,3,ATTACK,0.0,0.0,0.0,800.0,False,False,False,True,V4_DEFAULT,COUNTERFACTUAL,LOSS,
P7,181,0,0,IS_FIRST,0.0,0.0,0,0,1,NO,5000.0,1,NO,5000.0,0.0,False,1,NO,0.0,0.0,0.0,0.0,False,False,False,False,V4_DEFAULT,NONE,WIN,
P7,181,2,0,SETUP_ACTIVE_POKEMON,0.0,0.0,0,0,0,CARD,10000.0,0,CARD,10000.0,0.0,False,0,CARD,0.0,0.0,0.0,0.0,False,False,False,False,V4_DEFAULT,NONE,WIN,
P7,181,7,0,MAIN,90.0,150.0,0,1,0,ATTACH,39000.0,0,ATTACH,41500.0,0.0,False,0,ATTACH,0.0,0.0,0.0,2500.0,False,False,False,True,V4_DEFAULT,COUNTERFACTUAL,WIN,
P7,181,8,0,MAIN,90.0,150.0,1,1,2,ATTACK,18104.4,2,ATTACK,18904.4,0.0,False,2,ATTACK,0.0,0.0,0.0,800.0,False,False,False,True,V4_DEFAULT,COUNTERFACTUAL,WIN,
P7,181,11,0,MAIN,90.0,140.0,1,2,5,EVOLVE,70500.0,5,EVOLVE,75500.0,0.0,False,5,EVOLVE,0.0,0.0,3000.0,2000.0,False,False,True,True,V4_DEFAULT,THREAT_MODEL+COUNTERFACTUAL,WIN,
P7,181,12,0,MAIN,350.0,140.0,1,2,1,ATTACH,39700.0,1,ATTACH,42200.0,0.0,False,1,ATTACH,0.0,0.0,0.0,2500.0,False,False,False,True,V4_DEFAULT,COUNTERFACTUAL,WIN,
P7,181,13,0,MAIN,350.0,140.0,2,2,3,ATTACK,18104.6,3,ATTACK,18904.6,0.0,False,3,ATTACK,0.0,0.0,0.0,800.0,False,False,False,True,V4_DEFAULT,COUNTERFACTUAL,WIN,
P7,181,14,0,TO_HAND,350.0,0.0,2,0,0,CARD,5000.0,0,CARD,5000.0,0.0,False,0,CARD,0.0,0.0,0.0,0.0,False,False,False,False,V4_DEFAULT,NONE,WIN,
P7,181,18,0,MAIN,340.0,90.0,2,1,2,ATTACH,40400.0,2,ATTACH,42900.0,0.0,False,2,ATTACH,0.0,0.0,0.0,2500.0,False,False,False,True,V4_DEFAULT,COUNTERFACTUAL,WIN,
P7,181,19,0,MAIN,340.0,90.0,3,1,5,ATTACK,18104.7,5,ATTACK,18904.7,0.0,False,5,ATTACK,0.0,0.0,0.0,800.0,False,False,False,True,V4_DEFAULT,COUNTERFACTUAL,WIN,
P7,181,20,0,TO_HAND,340.0,0.0,3,0,0,CARD,5000.0,0,CARD,5000.0,0.0,False,0,CARD,0.0,0.0,0.0,0.0,False,False,False,False,V4_DEFAULT,NONE,WIN,
P7,182,1,1,SETUP_ACTIVE_POKEMON,0.0,0.0,0,0,0,CARD,10000.0,0,CARD,10000.0,0.0,False,0,CARD,0.0,0.0,0.0,0.0,False,False,False,False,V4_DEFAULT,NONE,WIN,
P7,182,3,1,DRAW_COUNT,0.0,0.0,0,0,4,NUMBER,4.0,4,NUMBER,4.0,0.0,False,4,NUMBER,0.0,0.0,0.0,0.0,False,False,False,False,V4_DEFAULT,NONE,WIN,
P7,182,4,1,MAIN,90.0,90.0,0,0,0,ATTACH,39000.0,0,ATTACH,41500.0,0.0,False,0,ATTACH,0.0,0.0,0.0,2500.0,False,False,False,True,V4_DEFAULT,COUNTERFACTUAL,WIN,
P7,182,5,1,MAIN,90.0,90.0,1,0,0,PLAY,12000.0,0,PLAY,12000.0,0.0,False,0,PLAY,0.0,0.0,0.0,0.0,False,False,False,False,V4_DEFAULT,NONE,WIN,
P7,182,6,1,TO_HAND,90.0,90.0,1,0,0,CARD,5000.0,0,CARD,5000.0,0.0,False,0,CARD,0.0,0.0,0.0,0.0,False,False,False,False,V4_DEFAULT,NONE,WIN,
P7,182,7,1,MAIN,90.0,90.0,1,0,0,PLAY,12000.0,0,PLAY,12000.0,0.0,False,0,PLAY,0.0,0.0,0.0,0.0,False,False,False,False,V4_DEFAULT,NONE,WIN,
P7,182,8,1,MAIN,90.0,90.0,1,0,0,END,0.0,0,END,0.0,0.0,False,0,END,0.0,0.0,0.0,0.0,False,False,False,False,V4_DEFAULT,NONE,WIN,
P7,182,11,1,MAIN,80.0,90.0,1,1,0,EVOLVE,70500.0,0,EVOLVE,72500.0,0.0,False,0,EVOLVE,0.0,0.0,0.0,2000.0,False,False,False,True,V4_DEFAULT,COUNTERFACTUAL,WIN,
P7,182,12,1,MAIN,340.0,90.0,1,1,11,EVOLVE,70000.0,11,EVOLVE,72000.0,0.0,False,11,EVOLVE,0.0,0.0,0.0,2000.0,False,False,False,True,V4_DEFAULT,COUNTERFACTUAL,WIN,
P7,182,13,1,MAIN,340.0,90.0,1,1,1,ATTACH,39700.0,1,ATTACH,42200.0,0.0,False,1,ATTACH,0.0,0.0,0.0,2500.0,False,False,False,True,V4_DEFAULT,COUNTERFACTUAL,WIN,
P7,182,14,1,MAIN,340.0,90.0,2,1,3,ATTACK,18104.6,3,ATTACK,18904.6,0.0,False,3,ATTACK,0.0,0.0,0.0,800.0,False,False,False,True,V4_DEFAULT,COUNTERFACTUAL,WIN,
P7,182,15,1,TO_HAND,340.0,0.0,2,0,0,CARD,5000.0,0,CARD,5000.0,0.0,False,0,CARD,0.0,0.0,0.0,0.0,False,False,False,False,V4_DEFAULT,NONE,WIN,
P7,183,0,0,IS_FIRST,0.0,0.0,0,0,1,NO,5000.0,1,NO,5000.0,0.0,False,1,NO,0.0,0.0,0.0,0.0,False,False,False,False,V4_DEFAULT,NONE,WIN,
P7,183,2,0,SETUP_ACTIVE_POKEMON,0.0,0.0,0,0,0,CARD,10000.0,0,CARD,10000.0,0.0,False,0,CARD,0.0,0.0,0.0,0.0,False,False,False,False,V4_DEFAULT,NONE,WIN,
P7,183,3,0,SETUP_BENCH_POKEMON,0.0,0.0,0,0,0,CARD,10000.0,0,CARD,10000.0,0.0,False,0,CARD,0.0,0.0,0.0,0.0,False,False,False,False,V4_DEFAULT,NONE,WIN,
P7,183,8,0,MAIN,90.0,150.0,0,1,0,ATTACH,39000.0,0,ATTACH,41500.0,0.0,False,0,ATTACH,0.0,0.0,0.0,2500.0,False,False,False,True,V4_DEFAULT,COUNTERFACTUAL,WIN,
P7,183,9,0,MAIN,90.0,150.0,1,1,1,ATTACK,18104.4,1,ATTACK,18904.4,0.0,False,1,ATTACK,0.0,0.0,0.0,800.0,False,False,False,True,V4_DEFAULT,COUNTERFACTUAL,WIN,
P7,183,12,0,MAIN,90.0,140.0,1,2,0,EVOLVE,70500.0,0,EVOLVE,75500.0,0.0,False,0,EVOLVE,0.0,0.0,3000.0,2000.0,False,False,True,True,V4_DEFAULT,THREAT_MODEL+COUNTERFACTUAL,WIN,
P7,183,13,0,MAIN,350.0,140.0,1,2,0,ATTACH,39700.0,0,ATTACH,42200.0,0.0,False,0,ATTACH,0.0,0.0,0.0,2500.0,False,False,False,True,V4_DEFAULT,COUNTERFACTUAL,WIN,
P7,183,14,0,MAIN,350.0,140.0,2,2,1,ATTACK,18104.6,1,ATTACK,18904.6,0.0,False,1,ATTACK,0.0,0.0,0.0,800.0,False,False,False,True,V4_DEFAULT,COUNTERFACTUAL,WIN,
P7,183,15,0,TO_HAND,350.0,0.0,2,0,3,CARD,10000.0,3,CARD,10000.0,0.0,False,3,CARD,0.0,0.0,0.0,0.0,False,False,False,False,V4_DEFAULT,NONE,WIN,
P7,184,1,1,SETUP_ACTIVE_POKEMON,0.0,0.0,0,0,0,CARD,10000.0,0,CARD,10000.0,0.0,False,0,CARD,0.0,0.0,0.0,0.0,False,False,False,False,V4_DEFAULT,NONE,LOSS,
P7,184,3,1,DRAW_COUNT,0.0,0.0,0,0,1,NUMBER,1.0,1,NUMBER,1.0,0.0,False,1,NUMBER,0.0,0.0,0.0,0.0,False,False,False,False,V4_DEFAULT,NONE,LOSS,
P7,184,4,1,MAIN,90.0,150.0,0,0,0,ATTACH,39000.0,0,ATTACH,41500.0,0.0,False,0,ATTACH,0.0,0.0,0.0,2500.0,False,False,False,True,V4_DEFAULT,COUNTERFACTUAL,LOSS,
P7,184,5,1,MAIN,90.0,150.0,1,0,0,END,0.0,0,END,0.0,0.0,False,0,END,0.0,0.0,0.0,0.0,False,False,False,False,V4_DEFAULT,NONE,LOSS,
P7,184,8,1,MAIN,90.0,150.0,1,1,0,ATTACH,39700.0,0,ATTACH,42200.0,0.0,False,0,ATTACH,0.0,0.0,0.0,2500.0,False,False,False,True,V4_DEFAULT,COUNTERFACTUAL,LOSS,
P7,184,9,1,MAIN,90.0,150.0,2,1,2,ATTACK,18104.5,2,ATTACK,18904.5,0.0,False,2,ATTACK,0.0,0.0,0.0,800.0,False,False,False,True,V4_DEFAULT,COUNTERFACTUAL,LOSS,
P7,184,12,1,MAIN,90.0,120.0,2,2,1,ATTACH,40400.0,1,ATTACH,42900.0,0.0,False,1,ATTACH,0.0,0.0,0.0,2500.0,False,False,False,True,V4_DEFAULT,COUNTERFACTUAL,LOSS,
P7,184,13,1,MAIN,90.0,120.0,3,2,3,ATTACK,18104.5,3,ATTACK,18904.5,0.0,False,3,ATTACK,0.0,0.0,0.0,800.0,False,False,False,True,V4_DEFAULT,COUNTERFACTUAL,LOSS,
P7,185,0,0,IS_FIRST,0.0,0.0,0,0,1,NO,5000.0,1,NO,5000.0,0.0,False,1,NO,0.0,0.0,0.0,0.0,False,False,False,False,V4_DEFAULT,NONE,LOSS,
P7,185,2,0,SETUP_ACTIVE_POKEMON,0.0,0.0,0,0,0,CARD,10000.0,0,CARD,10000.0,0.0,False,0,CARD,0.0,0.0,0.0,0.0,False,False,False,False,V4_DEFAULT,NONE,LOSS,
P7,185,6,0,MAIN,90.0,90.0,0,1,0,ATTACH,39000.0,0,ATTACH,41500.0,0.0,False,0,ATTACH,0.0,0.0,0.0,2500.0,False,False,False,True,V4_DEFAULT,COUNTERFACTUAL,LOSS,
P7,185,7,0,MAIN,90.0,90.0,1,1,2,ATTACK,18104.4,2,ATTACK,18904.4,0.0,False,2,ATTACK,0.0,0.0,0.0,800.0,False,False,False,True,V4_DEFAULT,COUNTERFACTUAL,LOSS,
P7,186,2,1,SETUP_ACTIVE_POKEMON,0.0,0.0,0,0,0,CARD,10000.0,0,CARD,10000.0,0.0,False,0,CARD,0.0,0.0,0.0,0.0,False,False,False,False,V4_DEFAULT,NONE,WIN,
P7,186,4,1,MAIN,90.0,90.0,0,0,0,ATTACH,39000.0,0,ATTACH,41500.0,0.0,False,0,ATTACH,0.0,0.0,0.0,2500.0,False,False,False,True,V4_DEFAULT,COUNTERFACTUAL,WIN,
P7,186,5,1,MAIN,90.0,90.0,1,0,0,PLAY,12000.0,0,PLAY,12000.0,0.0,False,0,PLAY,0.0,0.0,0.0,0.0,False,False,False,False,V4_DEFAULT,NONE,WIN,
P7,186,6,1,TO_HAND,90.0,90.0,1,0,0,CARD,1000.0,0,CARD,1000.0,0.0,False,0,CARD,0.0,0.0,0.0,0.0,False,False,False,False,V4_DEFAULT,NONE,WIN,
P7,186,7,1,MAIN,90.0,90.0,1,0,0,END,0.0,0,END,0.0,0.0,False,0,END,0.0,0.0,0.0,0.0,False,False,False,False,V4_DEFAULT,NONE,WIN,
P7,186,10,1,MAIN,80.0,90.0,1,1,3,EVOLVE,70500.0,3,EVOLVE,72500.0,0.0,False,3,EVOLVE,0.0,0.0,0.0,2000.0,False,False,False,True,V4_DEFAULT,COUNTERFACTUAL,WIN,
P7,186,11,1,MAIN,340.0,90.0,1,1,0,ATTACH,39700.0,0,ATTACH,42200.0,0.0,False,0,ATTACH,0.0,0.0,0.0,2500.0,False,False,False,True,V4_DEFAULT,COUNTERFACTUAL,WIN,
P7,186,12,1,MAIN,340.0,90.0,2,1,1,ATTACK,18104.6,1,ATTACK,18904.6,0.0,False,1,ATTACK,0.0,0.0,0.0,800.0,False,False,False,True,V4_DEFAULT,COUNTERFACTUAL,WIN,
P7,186,13,1,TO_HAND,340.0,0.0,2,0,3,CARD,10000.0,3,CARD,10000.0,0.0,False,3,CARD,0.0,0.0,0.0,0.0,False,False,False,False,V4_DEFAULT,NONE,WIN,
P7,187,0,0,IS_FIRST,0.0,0.0,0,0,1,NO,5000.0,1,NO,5000.0,0.0,False,1,NO,0.0,0.0,0.0,0.0,False,False,False,False,V4_DEFAULT,NONE,WIN,
P7,187,2,0,SETUP_ACTIVE_POKEMON,0.0,0.0,0,0,0,CARD,10000.0,0,CARD,10000.0,0.0,False,0,CARD,0.0,0.0,0.0,0.0,False,False,False,False,V4_DEFAULT,NONE,WIN,
P7,187,5,0,SETUP_BENCH_POKEMON,0.0,0.0,0,0,0,CARD,10000.0,0,CARD,10000.0,0.0,False,0,CARD,0.0,0.0,0.0,0.0,False,False,False,False,V4_DEFAULT,NONE,WIN,
P7,187,9,0,MAIN,150.0,90.0,0,1,0,ATTACH,39000.0,0,ATTACH,41500.0,0.0,False,0,ATTACH,0.0,0.0,0.0,2500.0,False,False,False,True,V4_DEFAULT,COUNTERFACTUAL,WIN,
P7,187,10,0,MAIN,150.0,90.0,1,1,0,ATTACH,39700.0,0,ATTACH,42200.0,0.0,False,0,ATTACH,0.0,0.0,0.0,2500.0,False,False,False,True,V4_DEFAULT,COUNTERFACTUAL,WIN,
P7,187,11,0,MAIN,150.0,90.0,1,1,0,ATTACK,18104.2,0,ATTACK,18904.2,0.0,False,0,ATTACK,0.0,0.0,0.0,800.0,False,False,False,True,V4_DEFAULT,COUNTERFACTUAL,WIN,
P7,187,14,0,MAIN,120.0,90.0,1,2,0,ATTACH,39700.0,0,ATTACH,42200.0,0.0,False,0,ATTACH,0.0,0.0,0.0,2500.0,False,False,False,True,V4_DEFAULT,COUNTERFACTUAL,WIN,
P7,187,15,0,MAIN,120.0,90.0,2,2,0,ATTACK,18104.2,0,ATTACK,18904.2,0.0,False,0,ATTACK,0.0,0.0,0.0,800.0,False,False,False,True,V4_DEFAULT,COUNTERFACTUAL,WIN,
P7,187,18,0,MAIN,90.0,90.0,2,3,0,ATTACH,40400.0,0,ATTACH,42900.0,0.0,False,0,ATTACH,0.0,0.0,0.0,2500.0,False,False,False,True,V4_DEFAULT,COUNTERFACTUAL,WIN,
P7,187,19,0,MAIN,90.0,90.0,3,3,2,ATTACK,18104.3,2,ATTACK,18904.3,0.0,False,2,ATTACK,0.0,0.0,0.0,800.0,False,False,False,True,V4_DEFAULT,COUNTERFACTUAL,WIN,
P7,187,20,0,DISCARD_ENERGY,90.0,0.0,3,3,0,ENERGY,30000.0,0,ENERGY,30000.0,0.0,False,0,ENERGY,0.0,0.0,0.0,0.0,False,False,False,False,V4_DEFAULT,NONE,WIN,
P7,187,21,0,DISCARD_ENERGY,90.0,0.0,2,3,0,ENERGY,30000.0,0,ENERGY,30000.0,0.0,False,0,ENERGY,0.0,0.0,0.0,0.0,False,False,False,False,V4_DEFAULT,NONE,WIN,
P7,187,22,0,TO_HAND,90.0,0.0,1,0,0,CARD,5000.0,0,CARD,5000.0,0.0,False,0,CARD,0.0,0.0,0.0,0.0,False,False,False,False,V4_DEFAULT,NONE,WIN,
P7,187,26,0,MAIN,30.0,150.0,1,1,0,ATTACH,39700.0,0,ATTACH,42200.0,0.0,False,0,ATTACH,0.0,0.0,0.0,2500.0,False,False,False,True,V4_DEFAULT,COUNTERFACTUAL,WIN,
P7,187,27,0,MAIN,30.0,150.0,2,1,2,ATTACK,18104.2,2,ATTACK,18904.2,0.0,False,2,ATTACK,0.0,0.0,0.0,800.0,False,False,False,True,V4_DEFAULT,COUNTERFACTUAL,WIN,
P7,187,30,0,MAIN,30.0,110.0,2,2,0,ATTACH,40400.0,0,ATTACH,42900.0,0.0,False,0,ATTACH,0.0,0.0,0.0,2500.0,False,False,False,True,V4_DEFAULT,COUNTERFACTUAL,WIN,
P7,187,31,0,MAIN,30.0,110.0,3,2,4,RETREAT,30000.0,3,ATTACK,18904.3,3904.2999999999993,True,3,ATTACK,0.0,0.0,0.0,800.0,False,False,False,True,COUNTERFACTUAL,COUNTERFACTUAL,WIN,True
P7,187,32,0,DISCARD_ENERGY,30.0,0.0,3,2,0,ENERGY,30000.0,0,ENERGY,30000.0,0.0,False,0,ENERGY,0.0,0.0,0.0,0.0,False,False,False,False,V4_DEFAULT,NONE,WIN,
P7,187,33,0,DISCARD_ENERGY,30.0,0.0,2,2,0,ENERGY,30000.0,0,ENERGY,30000.0,0.0,False,0,ENERGY,0.0,0.0,0.0,0.0,False,False,False,False,V4_DEFAULT,NONE,WIN,
P7,187,34,0,TO_HAND,30.0,0.0,1,0,0,CARD,5000.0,0,CARD,5000.0,0.0,False,0,CARD,0.0,0.0,0.0,0.0,False,False,False,False,V4_DEFAULT,NONE,WIN,
P7,188,1,1,SETUP_ACTIVE_POKEMON,0.0,0.0,0,0,0,CARD,10000.0,0,CARD,10000.0,0.0,False,0,CARD,0.0,0.0,0.0,0.0,False,False,False,False,V4_DEFAULT,NONE,LOSS,
P7,188,4,1,MAIN,90.0,90.0,0,0,0,ATTACH,39000.0,0,ATTACH,41500.0,0.0,False,0,ATTACH,0.0,0.0,0.0,2500.0,False,False,False,True,V4_DEFAULT,COUNTERFACTUAL,LOSS,
P7,188,5,1,MAIN,90.0,90.0,1,0,0,END,0.0,0,END,0.0,0.0,False,0,END,0.0,0.0,0.0,0.0,False,False,False,False,V4_DEFAULT,NONE,LOSS,
P7,188,8,1,MAIN,80.0,90.0,1,1,2,ATTACH,39700.0,2,ATTACH,42200.0,0.0,False,2,ATTACH,0.0,0.0,0.0,2500.0,False,False,False,True,V4_DEFAULT,COUNTERFACTUAL,LOSS,
P7,188,9,1,MAIN,80.0,90.0,2,1,4,ATTACK,18104.5,4,ATTACK,18904.5,0.0,False,4,ATTACK,0.0,0.0,0.0,800.0,False,False,False,True,V4_DEFAULT,COUNTERFACTUAL,LOSS,
P7,189,0,0,IS_FIRST,0.0,0.0,0,0,1,NO,5000.0,1,NO,5000.0,0.0,False,1,NO,0.0,0.0,0.0,0.0,False,False,False,False,V4_DEFAULT,NONE,LOSS,
P7,189,2,0,SETUP_ACTIVE_POKEMON,0.0,0.0,0,0,0,CARD,10000.0,0,CARD,10000.0,0.0,False,0,CARD,0.0,0.0,0.0,0.0,False,False,False,False,V4_DEFAULT,NONE,LOSS,
P7,189,4,0,SETUP_BENCH_POKEMON,0.0,0.0,0,0,0,CARD,10000.0,0,CARD,10000.0,0.0,False,0,CARD,0.0,0.0,0.0,0.0,False,False,False,False,V4_DEFAULT,NONE,LOSS,
P7,189,10,0,MAIN,90.0,90.0,0,1,0,ATTACH,39000.0,0,ATTACH,41500.0,0.0,False,0,ATTACH,0.0,0.0,0.0,2500.0,False,False,False,True,V4_DEFAULT,COUNTERFACTUAL,LOSS,
P7,189,11,0,MAIN,90.0,90.0,1,1,1,ATTACK,18104.4,1,ATTACK,18904.4,0.0,False,1,ATTACK,0.0,0.0,0.0,800.0,False,False,False,True,V4_DEFAULT,COUNTERFACTUAL,LOSS,
P7,189,16,0,TO_ACTIVE,0.0,340.0,0,2,0,CARD,5000.0,0,CARD,5000.0,0.0,False,0,CARD,0.0,0.0,0.0,0.0,False,False,False,False,V4_DEFAULT,NONE,LOSS,
P7,189,17,0,MAIN,90.0,340.0,0,2,0,ATTACH,39000.0,0,ATTACH,41500.0,0.0,False,0,ATTACH,0.0,0.0,0.0,2500.0,False,False,False,True,V4_DEFAULT,COUNTERFACTUAL,LOSS,
P7,189,18,0,MAIN,90.0,340.0,1,2,1,ATTACK,18104.4,1,ATTACK,18904.4,0.0,False,1,ATTACK,0.0,0.0,0.0,800.0,False,False,False,True,V4_DEFAULT,COUNTERFACTUAL,LOSS,
P7,190,2,1,SETUP_ACTIVE_POKEMON,0.0,0.0,0,0,0,CARD,10000.0,0,CARD,10000.0,0.0,False,0,CARD,0.0,0.0,0.0,0.0,False,False,False,False,V4_DEFAULT,NONE,WIN,
P7,190,5,1,MAIN,90.0,150.0,0,0,0,ATTACH,39000.0,0,ATTACH,41500.0,0.0,False,0,ATTACH,0.0,0.0,0.0,2500.0,False,False,False,True,V4_DEFAULT,COUNTERFACTUAL,WIN,
P7,190,6,1,MAIN,90.0,150.0,1,0,0,ATTACH,39700.0,0,ATTACH,42200.0,0.0,False,0,ATTACH,0.0,0.0,0.0,2500.0,False,False,False,True,V4_DEFAULT,COUNTERFACTUAL,WIN,
P7,190,7,1,MAIN,90.0,150.0,1,0,0,END,0.0,0,END,0.0,0.0,False,0,END,0.0,0.0,0.0,0.0,False,False,False,False,V4_DEFAULT,NONE,WIN,
P7,190,11,1,MAIN,90.0,150.0,1,1,2,EVOLVE,70500.0,2,EVOLVE,72500.0,0.0,False,2,EVOLVE,0.0,0.0,0.0,2000.0,False,False,False,True,V4_DEFAULT,COUNTERFACTUAL,WIN,
P7,190,12,1,MAIN,350.0,150.0,1,1,0,ATTACH,39700.0,0,ATTACH,42200.0,0.0,False,0,ATTACH,0.0,0.0,0.0,2500.0,False,False,False,True,V4_DEFAULT,COUNTERFACTUAL,WIN,
P7,190,13,1,MAIN,350.0,150.0,2,1,1,ATTACK,18104.6,1,ATTACK,18904.6,0.0,False,1,ATTACK,0.0,0.0,0.0,800.0,False,False,False,True,V4_DEFAULT,COUNTERFACTUAL,WIN,
P7,190,14,1,TO_HAND,350.0,0.0,2,0,0,CARD,5000.0,0,CARD,5000.0,0.0,False,0,CARD,0.0,0.0,0.0,0.0,False,False,False,False,V4_DEFAULT,NONE,WIN,
P7,190,18,1,MAIN,330.0,150.0,2,1,0,ATTACH,40400.0,0,ATTACH,42900.0,0.0,False,0,ATTACH,0.0,0.0,0.0,2500.0,False,False,False,True,V4_DEFAULT,COUNTERFACTUAL,WIN,
P7,190,19,1,MAIN,330.0,150.0,3,1,2,ATTACK,18104.7,2,ATTACK,18904.7,0.0,False,2,ATTACK,0.0,0.0,0.0,800.0,False,False,False,True,V4_DEFAULT,COUNTERFACTUAL,WIN,
P7,190,20,1,TO_HAND,330.0,0.0,3,0,0,CARD,5000.0,0,CARD,5000.0,0.0,False,0,CARD,0.0,0.0,0.0,0.0,False,False,False,False,V4_DEFAULT,NONE,WIN,
P7,191,0,0,IS_FIRST,0.0,0.0,0,0,1,NO,5000.0,1,NO,5000.0,0.0,False,1,NO,0.0,0.0,0.0,0.0,False,False,False,False,V4_DEFAULT,NONE,LOSS,
P7,191,2,0,SETUP_ACTIVE_POKEMON,0.0,0.0,0,0,0,CARD,10000.0,0,CARD,10000.0,0.0,False,0,CARD,0.0,0.0,0.0,0.0,False,False,False,False,V4_DEFAULT,NONE,LOSS,
P7,191,7,0,MAIN,150.0,150.0,0,1,2,ATTACH,39000.0,2,ATTACH,41500.0,0.0,False,2,ATTACH,0.0,0.0,0.0,2500.0,False,False,False,True,V4_DEFAULT,COUNTERFACTUAL,LOSS,
P7,191,8,0,MAIN,150.0,150.0,1,1,4,ATTACK,18104.2,4,ATTACK,18904.2,0.0,False,4,ATTACK,0.0,0.0,0.0,800.0,False,False,False,True,V4_DEFAULT,COUNTERFACTUAL,LOSS,
P7,191,12,0,MAIN,150.0,150.0,1,2,3,ATTACH,39700.0,3,ATTACH,42200.0,0.0,False,3,ATTACH,0.0,0.0,0.0,2500.0,False,False,False,True,V4_DEFAULT,COUNTERFACTUAL,LOSS,
P7,191,13,0,MAIN,150.0,150.0,2,2,4,ATTACK,18104.2,4,ATTACK,18904.2,0.0,False,4,ATTACK,0.0,0.0,0.0,800.0,False,False,False,True,V4_DEFAULT,COUNTERFACTUAL,LOSS,
P7,191,18,0,MAIN,20.0,150.0,2,1,3,ATTACH,40400.0,3,ATTACH,42900.0,0.0,False,3,ATTACH,0.0,0.0,0.0,2500.0,False,False,False,True,V4_DEFAULT,COUNTERFACTUAL,LOSS,
P7,191,19,0,MAIN,20.0,150.0,3,1,5,ATTACK,18104.3,5,ATTACK,18904.3,0.0,False,5,ATTACK,0.0,0.0,0.0,800.0,False,False,False,True,V4_DEFAULT,COUNTERFACTUAL,LOSS,
P7,191,20,0,DISCARD_ENERGY,20.0,20.0,3,1,0,ENERGY,30000.0,0,ENERGY,30000.0,0.0,False,0,ENERGY,0.0,0.0,0.0,0.0,False,False,False,False,V4_DEFAULT,NONE,LOSS,
P7,191,21,0,DISCARD_ENERGY,20.0,20.0,2,1,0,ENERGY,30000.0,0,ENERGY,30000.0,0.0,False,0,ENERGY,0.0,0.0,0.0,0.0,False,False,False,False,V4_DEFAULT,NONE,LOSS,
P7,192,1,1,SETUP_ACTIVE_POKEMON,0.0,0.0,0,0,0,CARD,10000.0,0,CARD,10000.0,0.0,False,0,CARD,0.0,0.0,0.0,0.0,False,False,False,False,V4_DEFAULT,NONE,LOSS,
P7,192,3,1,MAIN,90.0,90.0,0,0,0,ATTACH,39000.0,0,ATTACH,41500.0,0.0,False,0,ATTACH,0.0,0.0,0.0,2500.0,False,False,False,True,V4_DEFAULT,COUNTERFACTUAL,LOSS,
P7,192,4,1,MAIN,90.0,90.0,1,0,0,END,0.0,0,END,0.0,0.0,False,0,END,0.0,0.0,0.0,0.0,False,False,False,False,V4_DEFAULT,NONE,LOSS,
P7,192,7,1,MAIN,80.0,90.0,1,1,1,ATTACH,39700.0,1,ATTACH,42200.0,0.0,False,1,ATTACH,0.0,0.0,0.0,2500.0,False,False,False,True,V4_DEFAULT,COUNTERFACTUAL,LOSS,
P7,192,8,1,MAIN,80.0,90.0,2,1,4,ATTACK,18104.5,4,ATTACK,18904.5,0.0,False,4,ATTACK,0.0,0.0,0.0,800.0,False,False,False,True,V4_DEFAULT,COUNTERFACTUAL,LOSS,
P7,193,0,0,IS_FIRST,0.0,0.0,0,0,1,NO,5000.0,1,NO,5000.0,0.0,False,1,NO,0.0,0.0,0.0,0.0,False,False,False,False,V4_DEFAULT,NONE,LOSS,
P7,193,2,0,SETUP_ACTIVE_POKEMON,0.0,0.0,0,0,0,CARD,10000.0,0,CARD,10000.0,0.0,False,0,CARD,0.0,0.0,0.0,0.0,False,False,False,False,V4_DEFAULT,NONE,LOSS,
P7,193,7,0,MAIN,150.0,150.0,0,1,0,ATTACH,39000.0,0,ATTACH,41500.0,0.0,False,0,ATTACH,0.0,0.0,0.0,2500.0,False,False,False,True,V4_DEFAULT,COUNTERFACTUAL,LOSS,
P7,193,8,0,MAIN,150.0,150.0,1,1,2,ATTACK,18104.2,2,ATTACK,18904.2,0.0,False,2,ATTACK,0.0,0.0,0.0,800.0,False,False,False,True,V4_DEFAULT,COUNTERFACTUAL,LOSS,
P7,193,11,0,MAIN,150.0,150.0,1,2,0,ATTACH,39700.0,0,ATTACH,42200.0,0.0,False,0,ATTACH,0.0,0.0,0.0,2500.0,False,False,False,True,V4_DEFAULT,COUNTERFACTUAL,LOSS,
P7,193,12,0,MAIN,150.0,150.0,2,2,2,ATTACK,18104.2,2,ATTACK,18904.2,0.0,False,2,ATTACK,0.0,0.0,0.0,800.0,False,False,False,True,V4_DEFAULT,COUNTERFACTUAL,LOSS,
P7,193,17,0,MAIN,20.0,150.0,2,1,2,ATTACH,40400.0,2,ATTACH,42900.0,0.0,False,2,ATTACH,0.0,0.0,0.0,2500.0,False,False,False,True,V4_DEFAULT,COUNTERFACTUAL,LOSS,
P7,193,18,0,MAIN,20.0,150.0,3,1,3,ATTACK,18104.3,3,ATTACK,18904.3,0.0,False,3,ATTACK,0.0,0.0,0.0,800.0,False,False,False,True,V4_DEFAULT,COUNTERFACTUAL,LOSS,
P7,193,19,0,DISCARD_ENERGY,20.0,20.0,3,1,0,ENERGY,30000.0,0,ENERGY,30000.0,0.0,False,0,ENERGY,0.0,0.0,0.0,0.0,False,False,False,False,V4_DEFAULT,NONE,LOSS,
P7,193,20,0,DISCARD_ENERGY,20.0,20.0,2,1,0,ENERGY,30000.0,0,ENERGY,30000.0,0.0,False,0,ENERGY,0.0,0.0,0.0,0.0,False,False,False,False,V4_DEFAULT,NONE,LOSS,
P7,194,2,1,SETUP_ACTIVE_POKEMON,0.0,0.0,0,0,0,CARD,10000.0,0,CARD,10000.0,0.0,False,0,CARD,0.0,0.0,0.0,0.0,False,False,False,False,V4_DEFAULT,NONE,LOSS,
P7,194,4,1,SETUP_BENCH_POKEMON,0.0,0.0,0,0,0,CARD,10000.0,0,CARD,10000.0,0.0,False,0,CARD,0.0,0.0,0.0,0.0,False,False,False,False,V4_DEFAULT,NONE,LOSS,
P7,194,5,1,MAIN,90.0,90.0,0,0,0,ATTACH,39000.0,0,ATTACH,41500.0,0.0,False,0,ATTACH,0.0,0.0,0.0,2500.0,False,False,False,True,V4_DEFAULT,COUNTERFACTUAL,LOSS,
P7,194,6,1,MAIN,90.0,90.0,1,0,0,END,0.0,0,END,0.0,0.0,False,0,END,0.0,0.0,0.0,0.0,False,False,False,False,V4_DEFAULT,NONE,LOSS,
P7,194,10,1,MAIN,80.0,90.0,1,1,0,ATTACH,39700.0,0,ATTACH,42200.0,0.0,False,0,ATTACH,0.0,0.0,0.0,2500.0,False,False,False,True,V4_DEFAULT,COUNTERFACTUAL,LOSS,
P7,194,11,1,MAIN,80.0,90.0,2,1,2,ATTACK,18104.5,2,ATTACK,18904.5,0.0,False,2,ATTACK,0.0,0.0,0.0,800.0,False,False,False,True,V4_DEFAULT,COUNTERFACTUAL,LOSS,
P7,194,16,1,TO_ACTIVE,0.0,320.0,0,2,0,CARD,5000.0,0,CARD,5000.0,0.0,False,0,CARD,0.0,0.0,0.0,0.0,False,False,False,False,V4_DEFAULT,NONE,LOSS,
P7,194,17,1,MAIN,90.0,320.0,0,2,1,ATTACH,39000.0,1,ATTACH,41500.0,0.0,False,1,ATTACH,0.0,0.0,0.0,2500.0,False,False,False,True,V4_DEFAULT,COUNTERFACTUAL,LOSS,
P7,194,18,1,MAIN,90.0,320.0,1,2,2,ATTACK,18104.4,2,ATTACK,18904.4,0.0,False,2,ATTACK,0.0,0.0,0.0,800.0,False,False,False,True,V4_DEFAULT,COUNTERFACTUAL,LOSS,
P7,195,0,0,IS_FIRST,0.0,0.0,0,0,1,NO,5000.0,1,NO,5000.0,0.0,False,1,NO,0.0,0.0,0.0,0.0,False,False,False,False,V4_DEFAULT,NONE,LOSS,
P7,195,2,0,SETUP_ACTIVE_POKEMON,0.0,0.0,0,0,0,CARD,10000.0,0,CARD,10000.0,0.0,False,0,CARD,0.0,0.0,0.0,0.0,False,False,False,False,V4_DEFAULT,NONE,LOSS,
P7,195,4,0,SETUP_BENCH_POKEMON,0.0,0.0,0,0,0,CARD,10000.0,0,CARD,10000.0,0.0,False,0,CARD,0.0,0.0,0.0,0.0,False,False,False,False,V4_DEFAULT,NONE,LOSS,
P7,195,9,0,MAIN,90.0,150.0,0,1,0,ATTACH,39000.0,0,ATTACH,41500.0,0.0,False,0,ATTACH,0.0,0.0,0.0,2500.0,False,False,False,True,V4_DEFAULT,COUNTERFACTUAL,LOSS,
P7,195,10,0,MAIN,90.0,150.0,1,1,0,ATTACK,18104.4,0,ATTACK,18904.4,0.0,False,0,ATTACK,0.0,0.0,0.0,800.0,False,False,False,True,V4_DEFAULT,COUNTERFACTUAL,LOSS,
P7,195,13,0,MAIN,90.0,140.0,1,2,0,ATTACH,39700.0,0,ATTACH,42200.0,0.0,False,0,ATTACH,0.0,0.0,0.0,2500.0,False,False,False,True,V4_DEFAULT,COUNTERFACTUAL,LOSS,
P7,195,14,0,MAIN,90.0,140.0,2,2,1,ATTACK,18104.5,1,ATTACK,18904.5,0.0,False,1,ATTACK,0.0,0.0,0.0,800.0,False,False,False,True,V4_DEFAULT,COUNTERFACTUAL,LOSS,
P7,195,20,0,TO_ACTIVE,0.0,110.0,0,1,0,CARD,5000.0,0,CARD,5000.0,0.0,False,0,CARD,0.0,0.0,0.0,0.0,False,False,False,False,V4_DEFAULT,NONE,LOSS,
P7,195,21,0,MAIN,90.0,110.0,0,1,0,ATTACH,39000.0,0,ATTACH,41500.0,0.0,False,0,ATTACH,0.0,0.0,0.0,2500.0,False,False,False,True,V4_DEFAULT,COUNTERFACTUAL,LOSS,
P7,195,22,0,MAIN,90.0,110.0,1,1,0,ATTACK,18104.4,0,ATTACK,18904.4,0.0,False,0,ATTACK,0.0,0.0,0.0,800.0,False,False,False,True,V4_DEFAULT,COUNTERFACTUAL,LOSS,
P7,195,25,0,MAIN,50.0,100.0,1,2,0,ATTACH,39700.0,0,ATTACH,42200.0,0.0,False,0,ATTACH,0.0,0.0,0.0,2500.0,False,False,False,True,V4_DEFAULT,COUNTERFACTUAL,LOSS,
P7,195,26,0,MAIN,50.0,100.0,2,2,2,ATTACK,18104.5,2,ATTACK,18904.5,0.0,False,2,ATTACK,0.0,0.0,0.0,800.0,False,False,False,True,V4_DEFAULT,COUNTERFACTUAL,LOSS,
P7,196,1,1,SETUP_ACTIVE_POKEMON,0.0,0.0,0,0,0,CARD,10000.0,0,CARD,10000.0,0.0,False,0,CARD,0.0,0.0,0.0,0.0,False,False,False,False,V4_DEFAULT,NONE,WIN,
P7,196,3,1,DRAW_COUNT,0.0,0.0,0,0,1,NUMBER,1.0,1,NUMBER,1.0,0.0,False,1,NUMBER,0.0,0.0,0.0,0.0,False,False,False,False,V4_DEFAULT,NONE,WIN,
P7,196,4,1,SETUP_BENCH_POKEMON,0.0,0.0,0,0,0,CARD,10000.0,0,CARD,10000.0,0.0,False,0,CARD,0.0,0.0,0.0,0.0,False,False,False,False,V4_DEFAULT,NONE,WIN,
P7,196,5,1,MAIN,90.0,90.0,0,0,0,ATTACH,39000.0,0,ATTACH,41500.0,0.0,False,0,ATTACH,0.0,0.0,0.0,2500.0,False,False,False,True,V4_DEFAULT,COUNTERFACTUAL,WIN,
P7,196,6,1,MAIN,90.0,90.0,1,0,0,END,0.0,0,END,0.0,0.0,False,0,END,0.0,0.0,0.0,0.0,False,False,False,False,V4_DEFAULT,NONE,WIN,
P7,196,9,1,MAIN,80.0,90.0,1,1,0,ATTACH,39700.0,0,ATTACH,42200.0,0.0,False,0,ATTACH,0.0,0.0,0.0,2500.0,False,False,False,True,V4_DEFAULT,COUNTERFACTUAL,WIN,
P7,196,10,1,MAIN,80.0,90.0,2,1,1,ATTACH,40400.0,1,ATTACH,42900.0,0.0,False,1,ATTACH,0.0,0.0,0.0,2500.0,False,False,False,True,V4_DEFAULT,COUNTERFACTUAL,WIN,
P7,196,11,1,MAIN,80.0,90.0,2,1,2,ATTACK,18104.5,2,ATTACK,18904.5,0.0,False,2,ATTACK,0.0,0.0,0.0,800.0,False,False,False,True,V4_DEFAULT,COUNTERFACTUAL,WIN,
P7,196,14,1,MAIN,50.0,60.0,2,2,0,ATTACH,40400.0,0,ATTACH,42900.0,0.0,False,0,ATTACH,0.0,0.0,0.0,2500.0,False,False,False,True,V4_DEFAULT,COUNTERFACTUAL,WIN,
P7,196,15,1,MAIN,50.0,60.0,3,2,2,ATTACK,18104.5,2,ATTACK,18904.5,0.0,False,2,ATTACK,0.0,0.0,0.0,800.0,False,False,False,True,V4_DEFAULT,COUNTERFACTUAL,WIN,
P7,196,18,1,MAIN,20.0,30.0,3,3,0,ATTACH,41100.0,11,ATTACK,73104.5,33504.5,True,11,ATTACK,50000.0,0.0,0.0,5000.0,True,False,False,True,KO_GUARANTEE,KO_GUARANTEE+COUNTERFACTUAL,WIN,True
P7,196,19,1,TO_HAND,20.0,0.0,3,0,0,CARD,5000.0,0,CARD,5000.0,0.0,False,0,CARD,0.0,0.0,0.0,0.0,False,False,False,False,V4_DEFAULT,NONE,WIN,
P7,197,0,0,IS_FIRST,0.0,0.0,0,0,1,NO,5000.0,1,NO,5000.0,0.0,False,1,NO,0.0,0.0,0.0,0.0,False,False,False,False,V4_DEFAULT,NONE,LOSS,
P7,197,2,0,SETUP_ACTIVE_POKEMON,0.0,0.0,0,0,0,CARD,10000.0,0,CARD,10000.0,0.0,False,0,CARD,0.0,0.0,0.0,0.0,False,False,False,False,V4_DEFAULT,NONE,LOSS,
P7,197,5,0,MAIN,90.0,90.0,0,1,1,ATTACH,39000.0,1,ATTACH,41500.0,0.0,False,1,ATTACH,0.0,0.0,0.0,2500.0,False,False,False,True,V4_DEFAULT,COUNTERFACTUAL,LOSS,
P7,197,6,0,MAIN,90.0,90.0,1,1,2,ATTACK,18104.4,2,ATTACK,18904.4,0.0,False,2,ATTACK,0.0,0.0,0.0,800.0,False,False,False,True,V4_DEFAULT,COUNTERFACTUAL,LOSS,
P7,197,9,0,MAIN,60.0,80.0,1,2,1,ATTACH,39700.0,1,ATTACH,42200.0,0.0,False,1,ATTACH,0.0,0.0,0.0,2500.0,False,False,False,True,V4_DEFAULT,COUNTERFACTUAL,LOSS,
P7,197,10,0,MAIN,60.0,80.0,2,2,3,ATTACK,18104.5,3,ATTACK,18904.5,0.0,False,3,ATTACK,0.0,0.0,0.0,800.0,False,False,False,True,V4_DEFAULT,COUNTERFACTUAL,LOSS,
P7,197,13,0,MAIN,30.0,50.0,2,3,1,ATTACH,40400.0,1,ATTACH,42900.0,0.0,False,1,ATTACH,0.0,0.0,0.0,2500.0,False,False,False,True,V4_DEFAULT,COUNTERFACTUAL,LOSS,
P7,197,14,0,MAIN,30.0,50.0,3,3,3,ATTACK,18104.5,3,ATTACK,18904.5,0.0,False,3,ATTACK,0.0,0.0,0.0,800.0,False,False,False,True,V4_DEFAULT,COUNTERFACTUAL,LOSS,
P7,198,1,1,SETUP_ACTIVE_POKEMON,0.0,0.0,0,0,0,CARD,10000.0,0,CARD,10000.0,0.0,False,0,CARD,0.0,0.0,0.0,0.0,False,False,False,False,V4_DEFAULT,NONE,WIN,
P7,198,3,1,MAIN,90.0,90.0,0,0,0,ATTACH,39000.0,0,ATTACH,41500.0,0.0,False,0,ATTACH,0.0,0.0,0.0,2500.0,False,False,False,True,V4_DEFAULT,COUNTERFACTUAL,WIN,
P7,198,4,1,MAIN,90.0,90.0,1,0,0,END,0.0,0,END,0.0,0.0,False,0,END,0.0,0.0,0.0,0.0,False,False,False,False,V4_DEFAULT,NONE,WIN,
P7,198,7,1,MAIN,80.0,90.0,1,1,1,ATTACH,39700.0,1,ATTACH,42200.0,0.0,False,1,ATTACH,0.0,0.0,0.0,2500.0,False,False,False,True,V4_DEFAULT,COUNTERFACTUAL,WIN,
P7,198,8,1,MAIN,80.0,90.0,2,1,2,ATTACK,18104.5,2,ATTACK,18904.5,0.0,False,2,ATTACK,0.0,0.0,0.0,800.0,False,False,False,True,V4_DEFAULT,COUNTERFACTUAL,WIN,
P7,198,11,1,MAIN,50.0,60.0,2,2,1,ATTACH,40400.0,1,ATTACH,42900.0,0.0,False,1,ATTACH,0.0,0.0,0.0,2500.0,False,False,False,True,V4_DEFAULT,COUNTERFACTUAL,WIN,
P7,198,12,1,MAIN,50.0,60.0,3,2,2,ATTACK,18104.5,2,ATTACK,18904.5,0.0,False,2,ATTACK,0.0,0.0,0.0,800.0,False,False,False,True,V4_DEFAULT,COUNTERFACTUAL,WIN,
P7,198,15,1,MAIN,20.0,30.0,3,3,1,ATTACH,41100.0,8,ATTACK,73104.5,29504.5,True,8,ATTACK,50000.0,0.0,0.0,5000.0,True,False,False,True,KO_GUARANTEE,KO_GUARANTEE+COUNTERFACTUAL,WIN,True
P7,198,16,1,TO_HAND,20.0,0.0,3,0,0,CARD,5000.0,0,CARD,5000.0,0.0,False,0,CARD,0.0,0.0,0.0,0.0,False,False,False,False,V4_DEFAULT,NONE,WIN,
P7,199,0,0,IS_FIRST,0.0,0.0,0,0,1,NO,5000.0,1,NO,5000.0,0.0,False,1,NO,0.0,0.0,0.0,0.0,False,False,False,False,V4_DEFAULT,NONE,LOSS,
P7,199,2,0,SETUP_ACTIVE_POKEMON,0.0,0.0,0,0,0,CARD,10000.0,0,CARD,10000.0,0.0,False,0,CARD,0.0,0.0,0.0,0.0,False,False,False,False,V4_DEFAULT,NONE,LOSS,
P7,199,5,0,MAIN,90.0,90.0,0,1,1,ATTACH,39000.0,1,ATTACH,41500.0,0.0,False,1,ATTACH,0.0,0.0,0.0,2500.0,False,False,False,True,V4_DEFAULT,COUNTERFACTUAL,LOSS,
P7,199,6,0,MAIN,90.0,90.0,1,1,2,ATTACK,18104.4,2,ATTACK,18904.4,0.0,False,2,ATTACK,0.0,0.0,0.0,800.0,False,False,False,True,V4_DEFAULT,COUNTERFACTUAL,LOSS,
P7,199,9,0,MAIN,60.0,80.0,1,2,1,ATTACH,39700.0,1,ATTACH,42200.0,0.0,False,1,ATTACH,0.0,0.0,0.0,2500.0,False,False,False,True,V4_DEFAULT,COUNTERFACTUAL,LOSS,
P7,199,10,0,MAIN,60.0,80.0,2,2,4,ATTACK,18104.5,4,ATTACK,18904.5,0.0,False,4,ATTACK,0.0,0.0,0.0,800.0,False,False,False,True,V4_DEFAULT,COUNTERFACTUAL,LOSS,
P7,199,13,0,MAIN,30.0,50.0,2,3,1,ATTACH,40400.0,1,ATTACH,42900.0,0.0,False,1,ATTACH,0.0,0.0,0.0,2500.0,False,False,False,True,V4_DEFAULT,COUNTERFACTUAL,LOSS,
P7,199,14,0,MAIN,30.0,50.0,3,3,4,ATTACK,18104.5,4,ATTACK,18904.5,0.0,False,4,ATTACK,0.0,0.0,0.0,800.0,False,False,False,True,V4_DEFAULT,COUNTERFACTUAL,LOSS,
P7,200,2,1,SETUP_ACTIVE_POKEMON,0.0,0.0,0,0,0,CARD,10000.0,0,CARD,10000.0,0.0,False,0,CARD,0.0,0.0,0.0,0.0,False,False,False,False,V4_DEFAULT,NONE,LOSS,
P7,200,5,1,MAIN,90.0,90.0,0,0,0,ATTACH,39000.0,0,ATTACH,41500.0,0.0,False,0,ATTACH,0.0,0.0,0.0,2500.0,False,False,False,True,V4_DEFAULT,COUNTERFACTUAL,LOSS,
P7,200,6,1,MAIN,90.0,90.0,1,0,0,END,0.0,0,END,0.0,0.0,False,0,END,0.0,0.0,0.0,0.0,False,False,False,False,V4_DEFAULT,NONE,LOSS,
P7,200,10,1,MAIN,80.0,90.0,1,1,0,ATTACH,39700.0,0,ATTACH,42200.0,0.0,False,0,ATTACH,0.0,0.0,0.0,2500.0,False,False,False,True,V4_DEFAULT,COUNTERFACTUAL,LOSS,
P7,200,11,1,MAIN,80.0,90.0,2,1,3,ATTACK,18104.5,3,ATTACK,18904.5,0.0,False,3,ATTACK,0.0,0.0,0.0,800.0,False,False,False,True,V4_DEFAULT,COUNTERFACTUAL,LOSS,
P7,200,14,1,MAIN,50.0,60.0,2,2,1,ATTACH,40400.0,1,ATTACH,42900.0,0.0,False,1,ATTACH,0.0,0.0,0.0,2500.0,False,False,False,True,V4_DEFAULT,COUNTERFACTUAL,LOSS,
P7,200,15,1,MAIN,50.0,60.0,3,2,3,ATTACK,18104.5,3,ATTACK,18904.5,0.0,False,3,ATTACK,0.0,0.0,0.0,800.0,False,False,False,True,V4_DEFAULT,COUNTERFACTUAL,LOSS,
P7,200,30,1,MAIN,50.0,350.0,3,0,6,EVOLVE,71500.0,6,EVOLVE,73500.0,0.0,False,6,EVOLVE,0.0,0.0,0.0,2000.0,False,False,False,True,V4_DEFAULT,COUNTERFACTUAL,LOSS,
P7,200,31,1,MAIN,310.0,350.0,3,0,1,ATTACH,41100.0,1,ATTACH,43600.0,0.0,False,1,ATTACH,0.0,0.0,0.0,2500.0,False,False,False,True,V4_DEFAULT,COUNTERFACTUAL,LOSS,
P7,200,32,1,MAIN,310.0,350.0,4,0,3,ATTACK,18104.7,3,ATTACK,18904.7,0.0,False,3,ATTACK,0.0,0.0,0.0,800.0,False,False,False,True,V4_DEFAULT,COUNTERFACTUAL,LOSS,
P7,200,36,1,MAIN,310.0,150.0,4,1,1,ATTACH,41800.0,1,ATTACH,44300.0,0.0,False,1,ATTACH,0.0,0.0,0.0,2500.0,False,False,False,True,V4_DEFAULT,COUNTERFACTUAL,LOSS,
P7,200,37,1,MAIN,310.0,150.0,5,1,3,ATTACK,18104.7,3,ATTACK,18904.7,0.0,False,3,ATTACK,0.0,0.0,0.0,800.0,False,False,False,True,V4_DEFAULT,COUNTERFACTUAL,LOSS,
P7,200,38,1,TO_HAND,310.0,0.0,5,0,0,CARD,5000.0,0,CARD,5000.0,0.0,False,0,CARD,0.0,0.0,0.0,0.0,False,False,False,False,V4_DEFAULT,NONE,LOSS,
P7,200,42,1,MAIN,260.0,150.0,5,1,2,ATTACH,41800.0,2,ATTACH,44300.0,0.0,False,2,ATTACH,0.0,0.0,0.0,2500.0,False,False,False,True,V4_DEFAULT,COUNTERFACTUAL,LOSS,
P7,200,43,1,MAIN,260.0,150.0,6,1,4,ATTACK,18104.7,4,ATTACK,18904.7,0.0,False,4,ATTACK,0.0,0.0,0.0,800.0,False,False,False,True,V4_DEFAULT,COUNTERFACTUAL,LOSS,
P7,200,44,1,TO_HAND,260.0,0.0,6,0,0,CARD,5000.0,0,CARD,5000.0,0.0,False,0,CARD,0.0,0.0,0.0,0.0,False,False,False,False,V4_DEFAULT,NONE,LOSS,
P7,200,50,1,MAIN,260.0,350.0,6,1,2,ATTACH,41800.0,2,ATTACH,44300.0,0.0,False,2,ATTACH,0.0,0.0,0.0,2500.0,False,False,False,True,V4_DEFAULT,COUNTERFACTUAL,LOSS,
P7,200,51,1,MAIN,260.0,350.0,7,1,4,ATTACK,18104.7,4,ATTACK,18904.7,0.0,False,4,ATTACK,0.0,0.0,0.0,800.0,False,False,False,True,V4_DEFAULT,COUNTERFACTUAL,LOSS,
