experiment_id,game_id,step,player_idx,context,my_active_hp,opp_active_hp,my_energy,opp_energy,v4_action_idx,v4_action_type,v4_score,plan_action_idx,plan_action_type,plan_score,score_delta,is_override,final_action_idx,final_action_type,game_outcome,is_winning_override
P4,1,0,0,IS_FIRST,0.0,0.0,0,0,1,NO,5000.0,1,NO,5000.0,0.0,False,1,NO,LOSS,
P4,1,2,0,SETUP_ACTIVE_POKEMON,0.0,0.0,0,0,0,CARD,10000.0,0,CARD,10000.0,0.0,False,0,CARD,LOSS,
P4,1,3,0,SETUP_BENCH_POKEMON,0.0,0.0,0,0,0,CARD,10000.0,0,CARD,10000.0,0.0,False,0,CARD,LOSS,
P4,1,8,0,MAIN,90.0,150.0,0,1,0,ATTACH,39000.0,0,ATTACH,39000.0,0.0,False,0,ATTACH,LOSS,
P4,1,9,0,MAIN,90.0,150.0,1,1,3,ATTACK,18104.4,3,ATTACK,18104.4,0.0,False,3,ATTACK,LOSS,
P4,1,12,0,MAIN,90.0,140.0,1,2,1,ATTACH,39700.0,1,ATTACH,39700.0,0.0,False,1,ATTACH,LOSS,
P4,1,13,0,MAIN,90.0,140.0,2,2,4,ATTACK,18104.5,4,ATTACK,18104.5,0.0,False,4,ATTACK,LOSS,
P4,1,19,0,TO_ACTIVE,0.0,110.0,0,1,0,CARD,5000.0,0,CARD,5000.0,0.0,False,0,CARD,LOSS,
P4,1,20,0,MAIN,90.0,110.0,0,1,1,ATTACH,39000.0,1,ATTACH,39000.0,0.0,False,1,ATTACH,LOSS,
P4,1,21,0,MAIN,90.0,110.0,1,1,4,ATTACK,18104.4,4,ATTACK,18104.4,0.0,False,4,ATTACK,LOSS,
P4,1,24,0,MAIN,50.0,100.0,1,2,3,ATTACH,39700.0,3,ATTACH,39700.0,0.0,False,3,ATTACH,LOSS,
P4,1,25,0,MAIN,50.0,100.0,2,2,5,ATTACK,18104.5,5,ATTACK,18104.5,0.0,False,5,ATTACK,LOSS,
P4,2,1,1,SETUP_ACTIVE_POKEMON,0.0,0.0,0,0,0,CARD,10000.0,0,CARD,10000.0,0.0,False,0,CARD,WIN,
P4,2,3,1,DRAW_COUNT,0.0,0.0,0,0,3,NUMBER,3.0,3,NUMBER,3.0,0.0,False,3,NUMBER,WIN,
P4,2,4,1,MAIN,90.0,150.0,0,0,0,ATTACH,39000.0,0,ATTACH,39000.0,0.0,False,0,ATTACH,WIN,
P4,2,5,1,MAIN,90.0,150.0,1,0,0,END,0.0,0,END,0.0,0.0,False,0,END,WIN,
P4,2,8,1,MAIN,90.0,150.0,1,1,8,EVOLVE,70500.0,8,EVOLVE,70500.0,0.0,False,8,EVOLVE,WIN,
P4,2,9,1,MAIN,350.0,150.0,1,1,0,ATTACH,39700.0,0,ATTACH,39700.0,0.0,False,0,ATTACH,WIN,
P4,2,10,1,MAIN,350.0,150.0,2,1,3,ATTACK,18104.6,3,ATTACK,18104.6,0.0,False,3,ATTACK,WIN,
P4,2,11,1,TO_HAND,350.0,0.0,2,0,0,CARD,5000.0,0,CARD,5000.0,0.0,False,0,CARD,WIN,
P4,3,0,0,IS_FIRST,0.0,0.0,0,0,1,NO,5000.0,1,NO,5000.0,0.0,False,1,NO,LOSS,
P4,3,2,0,SETUP_ACTIVE_POKEMON,0.0,0.0,0,0,0,CARD,10000.0,0,CARD,10000.0,0.0,False,0,CARD,LOSS,
P4,3,4,0,SETUP_BENCH_POKEMON,0.0,0.0,0,0,0,CARD,10000.0,0,CARD,10000.0,0.0,False,0,CARD,LOSS,
P4,3,9,0,MAIN,150.0,150.0,0,1,3,ATTACH,39000.0,3,ATTACH,39000.0,0.0,False,3,ATTACH,LOSS,
P4,3,10,0,MAIN,150.0,150.0,1,1,4,ATTACK,18104.2,4,ATTACK,18104.2,0.0,False,4,ATTACK,LOSS,
P4,3,13,0,MAIN,150.0,150.0,1,2,4,ATTACH,39700.0,4,ATTACH,39700.0,0.0,False,4,ATTACH,LOSS,
P4,3,14,0,MAIN,150.0,150.0,2,2,4,ATTACK,18104.2,4,ATTACK,18104.2,0.0,False,4,ATTACK,LOSS,
P4,3,19,0,MAIN,20.0,150.0,2,1,4,ATTACH,40400.0,4,ATTACH,40400.0,0.0,False,4,ATTACH,LOSS,
P4,3,20,0,MAIN,20.0,150.0,3,1,6,RETREAT,30000.0,5,ATTACK,18104.3,8104.299999999999,True,5,ATTACK,LOSS,False
P4,3,21,0,DISCARD_ENERGY,20.0,20.0,3,1,0,ENERGY,30000.0,0,ENERGY,30000.0,0.0,False,0,ENERGY,LOSS,
P4,3,22,0,DISCARD_ENERGY,20.0,20.0,2,1,0,ENERGY,30000.0,0,ENERGY,30000.0,0.0,False,0,ENERGY,LOSS,
P4,3,26,0,TO_ACTIVE,0.0,20.0,0,2,0,CARD,5000.0,0,CARD,5000.0,0.0,False,0,CARD,LOSS,
P4,3,27,0,MAIN,150.0,20.0,0,2,4,ATTACH,39000.0,4,ATTACH,39000.0,0.0,False,4,ATTACH,LOSS,
P4,3,28,0,MAIN,150.0,20.0,1,2,5,ATTACK,18104.2,5,ATTACK,68104.2,0.0,False,5,ATTACK,LOSS,
P4,3,29,0,TO_HAND,150.0,0.0,1,0,0,CARD,5000.0,0,CARD,5000.0,0.0,False,0,CARD,LOSS,
P4,3,33,0,MAIN,110.0,150.0,1,1,5,ATTACH,39700.0,5,ATTACH,39700.0,0.0,False,5,ATTACH,LOSS,
P4,3,34,0,MAIN,110.0,150.0,2,1,5,ATTACK,18104.2,5,ATTACK,18104.2,0.0,False,5,ATTACK,LOSS,
P4,3,37,0,MAIN,110.0,150.0,2,2,5,ATTACH,40400.0,5,ATTACH,40400.0,0.0,False,5,ATTACH,LOSS,
P4,3,38,0,MAIN,110.0,150.0,3,2,7,ATTACK,18104.3,7,ATTACK,18104.3,0.0,False,7,ATTACK,LOSS,
P4,3,39,0,DISCARD_ENERGY,110.0,20.0,3,2,0,ENERGY,30000.0,0,ENERGY,30000.0,0.0,False,0,ENERGY,LOSS,
P4,3,40,0,DISCARD_ENERGY,110.0,20.0,2,2,0,ENERGY,30000.0,0,ENERGY,30000.0,0.0,False,0,ENERGY,LOSS,
P4,4,1,1,SETUP_ACTIVE_POKEMON,0.0,0.0,0,0,0,CARD,10000.0,0,CARD,10000.0,0.0,False,0,CARD,LOSS,
P4,4,4,1,MAIN,150.0,90.0,0,0,0,ATTACH,39000.0,0,ATTACH,39000.0,0.0,False,0,ATTACH,LOSS,
P4,4,5,1,MAIN,150.0,90.0,1,0,0,END,0.0,0,END,0.0,0.0,False,0,END,LOSS,
P4,4,8,1,MAIN,140.0,90.0,1,1,0,ATTACH,39700.0,0,ATTACH,39700.0,0.0,False,0,ATTACH,LOSS,
P4,4,9,1,MAIN,140.0,90.0,2,1,1,ATTACK,18104.2,1,ATTACK,18104.2,0.0,False,1,ATTACK,LOSS,
P4,4,12,1,MAIN,110.0,90.0,2,2,0,ATTACH,40400.0,0,ATTACH,40400.0,0.0,False,0,ATTACH,LOSS,
P4,4,13,1,MAIN,110.0,90.0,3,2,3,ATTACK,18104.3,3,ATTACK,18104.3,0.0,False,3,ATTACK,LOSS,
P4,4,14,1,DISCARD_ENERGY,110.0,0.0,3,2,0,ENERGY,30000.0,0,ENERGY,30000.0,0.0,False,0,ENERGY,LOSS,
P4,4,15,1,DISCARD_ENERGY,110.0,0.0,2,2,0,ENERGY,30000.0,0,ENERGY,30000.0,0.0,False,0,ENERGY,LOSS,
P4,4,16,1,TO_HAND,110.0,0.0,1,0,0,CARD,5000.0,0,CARD,5000.0,0.0,False,0,CARD,LOSS,
P4,4,20,1,MAIN,100.0,90.0,1,1,0,ATTACH,39700.0,0,ATTACH,39700.0,0.0,False,0,ATTACH,LOSS,
P4,4,21,1,MAIN,100.0,90.0,2,1,2,ATTACK,18104.2,2,ATTACK,18104.2,0.0,False,2,ATTACK,LOSS,
P4,5,0,0,IS_FIRST,0.0,0.0,0,0,1,NO,5000.0,1,NO,5000.0,0.0,False,1,NO,LOSS,
P4,5,2,0,SETUP_ACTIVE_POKEMON,0.0,0.0,0,0,0,CARD,10000.0,0,CARD,10000.0,0.0,False,0,CARD,LOSS,
P4,5,7,0,MAIN,150.0,90.0,0,1,0,ATTACH,39000.0,0,ATTACH,39000.0,0.0,False,0,ATTACH,LOSS,
P4,5,8,0,MAIN,150.0,90.0,1,1,3,ATTACK,18104.2,3,ATTACK,18104.2,0.0,False,3,ATTACK,LOSS,
P4,6,1,1,SETUP_ACTIVE_POKEMON,0.0,0.0,0,0,0,CARD,10000.0,0,CARD,10000.0,0.0,False,0,CARD,WIN,
P4,6,3,1,DRAW_COUNT,0.0,0.0,0,0,1,NUMBER,1.0,1,NUMBER,1.0,0.0,False,1,NUMBER,WIN,
P4,6,4,1,SETUP_BENCH_POKEMON,0.0,0.0,0,0,0,CARD,10000.0,0,CARD,10000.0,0.0,False,0,CARD,WIN,
P4,6,6,1,MAIN,90.0,90.0,0,0,0,ATTACH,39000.0,0,ATTACH,39000.0,0.0,False,0,ATTACH,WIN,
P4,6,7,1,MAIN,90.0,90.0,1,0,0,PLAY,12000.0,0,PLAY,12000.0,0.0,False,0,PLAY,WIN,
P4,6,8,1,TO_HAND,90.0,90.0,1,0,0,CARD,1000.0,0,CARD,1000.0,0.0,False,0,CARD,WIN,
P4,6,9,1,MAIN,90.0,90.0,1,0,0,END,0.0,0,END,0.0,0.0,False,0,END,WIN,
P4,6,12,1,MAIN,80.0,90.0,1,1,9,EVOLVE,70500.0,9,EVOLVE,70500.0,0.0,False,9,EVOLVE,WIN,
P4,6,13,1,MAIN,340.0,90.0,1,1,0,ATTACH,39700.0,0,ATTACH,39700.0,0.0,False,0,ATTACH,WIN,
P4,6,14,1,MAIN,340.0,90.0,2,1,1,ATTACK,18104.6,1,ATTACK,18104.6,0.0,False,1,ATTACK,WIN,
P4,6,15,1,TO_HAND,340.0,0.0,2,0,5,CARD,10000.0,5,CARD,10000.0,0.0,False,5,CARD,WIN,
P4,6,19,1,MAIN,330.0,90.0,2,1,0,ATTACH,40400.0,0,ATTACH,40400.0,0.0,False,0,ATTACH,WIN,
P4,6,20,1,MAIN,330.0,90.0,3,1,2,ATTACK,18104.7,2,ATTACK,18104.7,0.0,False,2,ATTACK,WIN,
P4,6,21,1,TO_HAND,330.0,0.0,3,0,0,CARD,5000.0,0,CARD,5000.0,0.0,False,0,CARD,WIN,
P4,7,0,0,IS_FIRST,0.0,0.0,0,0,1,NO,5000.0,1,NO,5000.0,0.0,False,1,NO,LOSS,
P4,7,2,0,SETUP_ACTIVE_POKEMON,0.0,0.0,0,0,0,CARD,10000.0,0,CARD,10000.0,0.0,False,0,CARD,LOSS,
P4,7,7,0,MAIN,90.0,90.0,0,1,0,ATTACH,39000.0,0,ATTACH,39000.0,0.0,False,0,ATTACH,LOSS,
P4,7,8,0,MAIN,90.0,90.0,1,1,3,ATTACK,18104.4,3,ATTACK,18104.4,0.0,False,3,ATTACK,LOSS,
P4,8,2,1,SETUP_ACTIVE_POKEMON,0.0,0.0,0,0,0,CARD,10000.0,0,CARD,10000.0,0.0,False,0,CARD,LOSS,
P4,8,5,1,MAIN,150.0,150.0,0,0,0,ATTACH,39000.0,0,ATTACH,39000.0,0.0,False,0,ATTACH,LOSS,
P4,8,6,1,MAIN,150.0,150.0,1,0,0,END,0.0,0,END,0.0,0.0,False,0,END,LOSS,
P4,8,9,1,MAIN,150.0,150.0,1,1,0,ATTACH,39700.0,0,ATTACH,39700.0,0.0,False,0,ATTACH,LOSS,
P4,8,10,1,MAIN,150.0,150.0,2,1,0,ATTACK,18104.2,0,ATTACK,18104.2,0.0,False,0,ATTACK,LOSS,
P4,8,14,1,MAIN,150.0,150.0,2,2,0,ATTACH,40400.0,0,ATTACH,40400.0,0.0,False,0,ATTACH,LOSS,
P4,8,15,1,MAIN,150.0,150.0,3,2,1,ATTACK,18104.3,1,ATTACK,18104.3,0.0,False,1,ATTACK,LOSS,
P4,8,16,1,DISCARD_ENERGY,150.0,20.0,3,2,0,ENERGY,30000.0,0,ENERGY,30000.0,0.0,False,0,ENERGY,LOSS,
P4,8,17,1,DISCARD_ENERGY,150.0,20.0,2,2,0,ENERGY,30000.0,0,ENERGY,30000.0,0.0,False,0,ENERGY,LOSS,
P4,8,28,1,MAIN,150.0,350.0,1,1,0,ATTACH,39700.0,0,ATTACH,39700.0,0.0,False,0,ATTACH,LOSS,
P4,8,29,1,MAIN,150.0,350.0,2,1,1,ATTACK,18104.2,1,ATTACK,18104.2,0.0,False,1,ATTACK,LOSS,
P4,9,0,0,IS_FIRST,0.0,0.0,0,0,1,NO,5000.0,1,NO,5000.0,0.0,False,1,NO,WIN,
P4,9,1,0,SETUP_ACTIVE_POKEMON,0.0,0.0,0,0,0,CARD,10000.0,0,CARD,10000.0,0.0,False,0,CARD,WIN,
P4,9,3,0,DRAW_COUNT,0.0,0.0,0,0,1,NUMBER,1.0,1,NUMBER,1.0,0.0,False,1,NUMBER,WIN,
P4,9,4,0,SETUP_BENCH_POKEMON,0.0,0.0,0,0,0,CARD,10000.0,0,CARD,10000.0,0.0,False,0,CARD,WIN,
P4,9,11,0,MAIN,90.0,90.0,0,1,0,ATTACH,39000.0,0,ATTACH,39000.0,0.0,False,0,ATTACH,WIN,
P4,9,12,0,MAIN,90.0,90.0,1,1,3,ATTACK,18104.4,3,ATTACK,18104.4,0.0,False,3,ATTACK,WIN,
P4,9,17,0,TO_ACTIVE,0.0,340.0,0,2,0,CARD,5000.0,0,CARD,5000.0,0.0,False,0,CARD,WIN,
P4,9,18,0,MAIN,150.0,340.0,0,2,7,EVOLVE,70000.0,7,EVOLVE,70000.0,0.0,False,7,EVOLVE,WIN,
P4,9,19,0,MAIN,150.0,340.0,0,2,2,ATTACH,39000.0,2,ATTACH,39000.0,0.0,False,2,ATTACH,WIN,
P4,9,20,0,MAIN,150.0,340.0,1,2,3,ATTACK,18104.2,3,ATTACK,18104.2,0.0,False,3,ATTACK,WIN,
P4,9,24,0,TO_ACTIVE,0.0,320.0,0,3,0,CARD,5000.0,0,CARD,5000.0,0.0,False,0,CARD,WIN,
P4,9,25,0,MAIN,350.0,320.0,0,3,2,ATTACH,39000.0,2,ATTACH,39000.0,0.0,False,2,ATTACH,WIN,
P4,9,26,0,MAIN,350.0,320.0,1,3,0,PLAY,12000.0,0,PLAY,12000.0,0.0,False,0,PLAY,WIN,
P4,9,27,0,TO_HAND,350.0,320.0,1,3,0,CARD,1000.0,0,CARD,1000.0,0.0,False,0,CARD,WIN,
P4,9,28,0,MAIN,350.0,320.0,1,3,0,END,0.0,0,END,0.0,0.0,False,0,END,WIN,
P4,9,31,0,MAIN,150.0,320.0,1,4,2,ATTACH,39700.0,2,ATTACH,39700.0,0.0,False,2,ATTACH,WIN,
P4,9,32,0,MAIN,150.0,320.0,2,4,2,ATTACK,18104.6,2,ATTACK,18104.6,0.0,False,2,ATTACK,WIN,
P4,9,33,0,TO_HAND,150.0,0.0,2,0,2,CARD,10000.0,2,CARD,10000.0,0.0,False,2,CARD,WIN,
P4,10,1,1,SETUP_ACTIVE_POKEMON,0.0,0.0,0,0,0,CARD,10000.0,0,CARD,10000.0,0.0,False,0,CARD,LOSS,
P4,10,3,1,DRAW_COUNT,0.0,0.0,0,0,3,NUMBER,3.0,3,NUMBER,3.0,0.0,False,3,NUMBER,LOSS,
P4,10,4,1,SETUP_BENCH_POKEMON,0.0,0.0,0,0,0,CARD,10000.0,0,CARD,10000.0,0.0,False,0,CARD,LOSS,
P4,10,5,1,MAIN,150.0,90.0,0,0,0,ATTACH,39000.0,0,ATTACH,39000.0,0.0,False,0,ATTACH,LOSS,
P4,10,6,1,MAIN,150.0,90.0,1,0,0,PLAY,12000.0,0,PLAY,12000.0,0.0,False,0,PLAY,LOSS,
P4,10,7,1,TO_HAND,150.0,90.0,1,0,0,CARD,1000.0,0,CARD,1000.0,0.0,False,0,CARD,LOSS,
P4,10,8,1,MAIN,150.0,90.0,1,0,0,END,0.0,0,END,0.0,0.0,False,0,END,LOSS,
P4,10,11,1,MAIN,140.0,90.0,1,1,6,EVOLVE,70000.0,6,EVOLVE,70000.0,0.0,False,6,EVOLVE,LOSS,
P4,10,12,1,MAIN,140.0,90.0,1,1,0,ATTACH,39700.0,0,ATTACH,39700.0,0.0,False,0,ATTACH,LOSS,
P4,10,13,1,MAIN,140.0,90.0,2,1,1,ATTACK,18104.2,1,ATTACK,18104.2,0.0,False,1,ATTACK,LOSS,
P4,10,18,1,TO_ACTIVE,0.0,350.0,0,2,0,CARD,5000.0,0,CARD,5000.0,0.0,False,0,CARD,LOSS,
P4,10,19,1,MAIN,350.0,350.0,0,2,0,ATTACH,39000.0,0,ATTACH,39000.0,0.0,False,0,ATTACH,LOSS,
P4,10,20,1,MAIN,350.0,350.0,1,2,0,PLAY,12000.0,0,PLAY,12000.0,0.0,False,0,PLAY,LOSS,
P4,10,21,1,MAIN,350.0,350.0,1,2,0,END,0.0,0,END,0.0,0.0,False,0,END,LOSS,
P4,10,24,1,MAIN,150.0,350.0,1,3,0,ATTACH,39700.0,0,ATTACH,39700.0,0.0,False,0,ATTACH,LOSS,
P4,10,25,1,MAIN,150.0,350.0,2,3,1,ATTACK,18104.6,1,ATTACK,18104.6,0.0,False,1,ATTACK,LOSS,
P4,11,0,0,IS_FIRST,0.0,0.0,0,0,1,NO,5000.0,1,NO,5000.0,0.0,False,1,NO,WIN,
P4,11,2,0,SETUP_ACTIVE_POKEMON,0.0,0.0,0,0,0,CARD,10000.0,0,CARD,10000.0,0.0,False,0,CARD,WIN,
P4,11,3,0,SETUP_BENCH_POKEMON,0.0,0.0,0,0,0,CARD,10000.0,0,CARD,10000.0,0.0,False,0,CARD,WIN,
P4,11,6,0,MAIN,90.0,90.0,0,1,1,ATTACH,39000.0,1,ATTACH,39000.0,0.0,False,1,ATTACH,WIN,
P4,11,7,0,MAIN,90.0,90.0,1,1,1,ATTACK,18104.4,1,ATTACK,18104.4,0.0,False,1,ATTACK,WIN,
P4,11,10,0,MAIN,60.0,80.0,1,2,1,ATTACH,39700.0,1,ATTACH,39700.0,0.0,False,1,ATTACH,WIN,
P4,11,11,0,MAIN,60.0,80.0,2,2,2,ATTACK,18104.5,2,ATTACK,18104.5,0.0,False,2,ATTACK,WIN,
P4,11,14,0,MAIN,30.0,50.0,2,3,1,ATTACH,40400.0,1,ATTACH,40400.0,0.0,False,1,ATTACH,WIN,
P4,11,15,0,MAIN,30.0,50.0,3,3,3,RETREAT,30000.0,2,ATTACK,18104.5,8104.5,True,2,ATTACK,WIN,True
P4,11,19,0,TO_ACTIVE,0.0,20.0,0,4,0,CARD,5000.0,0,CARD,5000.0,0.0,False,0,CARD,WIN,
P4,11,20,0,MAIN,90.0,20.0,0,4,1,ATTACH,39000.0,1,ATTACH,39000.0,0.0,False,1,ATTACH,WIN,
P4,11,21,0,MAIN,90.0,20.0,1,4,1,ATTACK,18104.4,1,ATTACK,68104.4,0.0,False,1,ATTACK,WIN,
P4,11,24,0,MAIN,60.0,10.0,1,5,1,ATTACH,39700.0,8,ATTACK,68104.4,28404.399999999994,True,8,ATTACK,WIN,True
P4,11,25,0,TO_HAND,60.0,0.0,1,0,4,CARD,10000.0,4,CARD,10000.0,0.0,False,4,CARD,WIN,
P4,12,2,1,SETUP_ACTIVE_POKEMON,0.0,0.0,0,0,0,CARD,10000.0,0,CARD,10000.0,0.0,False,0,CARD,WIN,
P4,12,4,1,MAIN,90.0,150.0,0,0,0,ATTACH,39000.0,0,ATTACH,39000.0,0.0,False,0,ATTACH,WIN,
P4,12,5,1,MAIN,90.0,150.0,1,0,0,PLAY,12000.0,0,PLAY,12000.0,0.0,False,0,PLAY,WIN,
P4,12,6,1,TO_HAND,90.0,150.0,1,0,0,CARD,1000.0,0,CARD,1000.0,0.0,False,0,CARD,WIN,
P4,12,7,1,MAIN,90.0,150.0,1,0,0,END,0.0,0,END,0.0,0.0,False,0,END,WIN,
P4,12,10,1,MAIN,90.0,150.0,1,1,5,EVOLVE,70500.0,5,EVOLVE,70500.0,0.0,False,5,EVOLVE,WIN,
P4,12,11,1,MAIN,350.0,150.0,1,1,0,ATTACH,39700.0,0,ATTACH,39700.0,0.0,False,0,ATTACH,WIN,
P4,12,12,1,MAIN,350.0,150.0,2,1,0,ATTACH,40400.0,0,ATTACH,40400.0,0.0,False,0,ATTACH,WIN,
P4,12,13,1,MAIN,350.0,150.0,2,1,0,ATTACK,18104.6,0,ATTACK,18104.6,0.0,False,0,ATTACK,WIN,
P4,12,14,1,TO_HAND,350.0,0.0,2,0,0,CARD,5000.0,0,CARD,5000.0,0.0,False,0,CARD,WIN,
P4,13,0,0,IS_FIRST,0.0,0.0,0,0,1,NO,5000.0,1,NO,5000.0,0.0,False,1,NO,LOSS,
P4,13,1,0,SETUP_ACTIVE_POKEMON,0.0,0.0,0,0,0,CARD,10000.0,0,CARD,10000.0,0.0,False,0,CARD,LOSS,
P4,13,3,0,DRAW_COUNT,0.0,0.0,0,0,1,NUMBER,1.0,1,NUMBER,1.0,0.0,False,1,NUMBER,LOSS,
P4,13,4,0,SETUP_BENCH_POKEMON,0.0,0.0,0,0,0,CARD,10000.0,0,CARD,10000.0,0.0,False,0,CARD,LOSS,
P4,13,7,0,MAIN,150.0,150.0,0,1,0,ATTACH,39000.0,0,ATTACH,39000.0,0.0,False,0,ATTACH,LOSS,
P4,13,8,0,MAIN,150.0,150.0,1,1,2,ATTACK,18104.2,2,ATTACK,18104.2,0.0,False,2,ATTACK,LOSS,
P4,13,11,0,MAIN,150.0,150.0,1,2,0,ATTACH,39700.0,0,ATTACH,39700.0,0.0,False,0,ATTACH,LOSS,
P4,13,12,0,MAIN,150.0,150.0,2,2,2,ATTACK,18104.2,2,ATTACK,18104.2,0.0,False,2,ATTACK,LOSS,
P4,13,17,0,MAIN,20.0,150.0,2,1,0,ATTACH,40400.0,0,ATTACH,40400.0,0.0,False,0,ATTACH,LOSS,
P4,13,18,0,MAIN,20.0,150.0,3,1,4,RETREAT,30000.0,3,ATTACK,18104.3,8104.299999999999,True,3,ATTACK,LOSS,False
P4,13,19,0,DISCARD_ENERGY,20.0,20.0,3,1,0,ENERGY,30000.0,0,ENERGY,30000.0,0.0,False,0,ENERGY,LOSS,
P4,13,20,0,DISCARD_ENERGY,20.0,20.0,2,1,0,ENERGY,30000.0,0,ENERGY,30000.0,0.0,False,0,ENERGY,LOSS,
P4,13,24,0,TO_ACTIVE,0.0,20.0,0,2,0,CARD,5000.0,0,CARD,5000.0,0.0,False,0,CARD,LOSS,
P4,13,25,0,MAIN,90.0,20.0,0,2,0,ATTACH,39000.0,0,ATTACH,39000.0,0.0,False,0,ATTACH,LOSS,
P4,13,26,0,MAIN,90.0,20.0,1,2,3,ATTACK,18104.4,3,ATTACK,68104.4,0.0,False,3,ATTACK,LOSS,
P4,14,1,1,SETUP_ACTIVE_POKEMON,0.0,0.0,0,0,0,CARD,10000.0,0,CARD,10000.0,0.0,False,0,CARD,WIN,
P4,14,3,1,DRAW_COUNT,0.0,0.0,0,0,3,NUMBER,3.0,3,NUMBER,3.0,0.0,False,3,NUMBER,WIN,
P4,14,4,1,MAIN,150.0,90.0,0,0,0,ATTACH,39000.0,0,ATTACH,39000.0,0.0,False,0,ATTACH,WIN,
P4,14,5,1,MAIN,150.0,90.0,1,0,0,PLAY,12000.0,0,PLAY,12000.0,0.0,False,0,PLAY,WIN,
P4,14,6,1,TO_HAND,150.0,90.0,1,0,0,CARD,1000.0,0,CARD,1000.0,0.0,False,0,CARD,WIN,
P4,14,7,1,MAIN,150.0,90.0,1,0,0,END,0.0,0,END,0.0,0.0,False,0,END,WIN,
P4,14,11,1,MAIN,140.0,90.0,1,1,1,ATTACH,39700.0,1,ATTACH,39700.0,0.0,False,1,ATTACH,WIN,
P4,14,12,1,MAIN,140.0,90.0,2,1,1,ATTACK,18104.2,1,ATTACK,18104.2,0.0,False,1,ATTACK,WIN,
P4,14,15,1,MAIN,110.0,90.0,2,2,1,ATTACH,40400.0,1,ATTACH,40400.0,0.0,False,1,ATTACH,WIN,
P4,14,16,1,MAIN,110.0,90.0,3,2,3,ATTACK,18104.3,3,ATTACK,18104.3,0.0,False,3,ATTACK,WIN,
P4,14,17,1,DISCARD_ENERGY,110.0,0.0,3,2,0,ENERGY,30000.0,0,ENERGY,30000.0,0.0,False,0,ENERGY,WIN,
P4,14,18,1,DISCARD_ENERGY,110.0,0.0,2,2,0,ENERGY,30000.0,0,ENERGY,30000.0,0.0,False,0,ENERGY,WIN,
P4,14,19,1,TO_HAND,110.0,0.0,1,0,0,CARD,5000.0,0,CARD,5000.0,0.0,False,0,CARD,WIN,
P4,15,0,0,IS_FIRST,0.0,0.0,0,0,1,NO,5000.0,1,NO,5000.0,0.0,False,1,NO,LOSS,
P4,15,1,0,SETUP_ACTIVE_POKEMON,0.0,0.0,0,0,0,CARD,10000.0,0,CARD,10000.0,0.0,False,0,CARD,LOSS,
P4,15,3,0,DRAW_COUNT,0.0,0.0,0,0,1,NUMBER,1.0,1,NUMBER,1.0,0.0,False,1,NUMBER,LOSS,
P4,15,7,0,MAIN,90.0,90.0,0,1,0,ATTACH,39000.0,0,ATTACH,39000.0,0.0,False,0,ATTACH,LOSS,
P4,15,8,0,MAIN,90.0,90.0,1,1,4,ATTACK,18104.4,4,ATTACK,18104.4,0.0,False,4,ATTACK,LOSS,
P4,15,11,0,MAIN,60.0,80.0,1,2,1,ATTACH,39700.0,1,ATTACH,39700.0,0.0,False,1,ATTACH,LOSS,
P4,15,12,0,MAIN,60.0,80.0,2,2,5,ATTACK,18104.5,5,ATTACK,18104.5,0.0,False,5,ATTACK,LOSS,
P4,15,15,0,MAIN,30.0,50.0,2,3,2,ATTACH,40400.0,2,ATTACH,40400.0,0.0,False,2,ATTACH,LOSS,
P4,15,16,0,MAIN,30.0,50.0,3,3,5,ATTACK,18104.5,5,ATTACK,18104.5,0.0,False,5,ATTACK,LOSS,
P4,15,28,0,MAIN,20.0,90.0,3,1,3,ATTACH,41100.0,3,ATTACH,41100.0,0.0,False,3,ATTACH,LOSS,
P4,15,29,0,MAIN,20.0,90.0,4,1,6,ATTACK,18104.5,6,ATTACK,18104.5,0.0,False,6,ATTACK,LOSS,
P4,16,1,1,SETUP_ACTIVE_POKEMON,0.0,0.0,0,0,0,CARD,10000.0,0,CARD,10000.0,0.0,False,0,CARD,WIN,
P4,16,3,1,DRAW_COUNT,0.0,0.0,0,0,1,NUMBER,1.0,1,NUMBER,1.0,0.0,False,1,NUMBER,WIN,
P4,16,4,1,SETUP_BENCH_POKEMON,0.0,0.0,0,0,0,CARD,10000.0,0,CARD,10000.0,0.0,False,0,CARD,WIN,
P4,16,5,1,MAIN,150.0,150.0,0,0,0,ATTACH,39000.0,0,ATTACH,39000.0,0.0,False,0,ATTACH,WIN,
P4,16,6,1,MAIN,150.0,150.0,1,0,0,PLAY,12000.0,0,PLAY,12000.0,0.0,False,0,PLAY,WIN,
P4,16,7,1,TO_HAND,150.0,150.0,1,0,0,CARD,5000.0,0,CARD,5000.0,0.0,False,0,CARD,WIN,
P4,16,8,1,MAIN,150.0,150.0,1,0,0,END,0.0,0,END,0.0,0.0,False,0,END,WIN,
P4,16,12,1,MAIN,150.0,150.0,1,1,8,EVOLVE,70000.0,8,EVOLVE,70000.0,0.0,False,8,EVOLVE,WIN,
P4,16,13,1,MAIN,150.0,150.0,1,1,1,ATTACH,39700.0,1,ATTACH,39700.0,0.0,False,1,ATTACH,WIN,
P4,16,14,1,MAIN,150.0,150.0,2,1,3,ATTACK,18104.2,3,ATTACK,18104.2,0.0,False,3,ATTACK,WIN,
P4,16,17,1,MAIN,150.0,150.0,2,2,1,ATTACH,40400.0,1,ATTACH,40400.0,0.0,False,1,ATTACH,WIN,
P4,16,18,1,MAIN,150.0,150.0,3,2,4,ATTACK,18104.3,4,ATTACK,18104.3,0.0,False,4,ATTACK,WIN,
P4,16,19,1,DISCARD_ENERGY,150.0,20.0,3,2,0,ENERGY,30000.0,0,ENERGY,30000.0,0.0,False,0,ENERGY,WIN,
P4,16,20,1,DISCARD_ENERGY,150.0,20.0,2,2,0,ENERGY,30000.0,0,ENERGY,30000.0,0.0,False,0,ENERGY,WIN,
P4,16,25,1,MAIN,20.0,20.0,1,1,2,ATTACH,39700.0,9,ATTACK,68104.2,28404.199999999997,True,9,ATTACK,WIN,True
P4,16,26,1,TO_HAND,20.0,0.0,1,0,0,CARD,5000.0,0,CARD,5000.0,0.0,False,0,CARD,WIN,
P4,17,0,0,IS_FIRST,0.0,0.0,0,0,1,NO,5000.0,1,NO,5000.0,0.0,False,1,NO,LOSS,
P4,17,2,0,SETUP_ACTIVE_POKEMON,0.0,0.0,0,0,0,CARD,10000.0,0,CARD,10000.0,0.0,False,0,CARD,LOSS,
P4,17,6,0,MAIN,90.0,90.0,0,1,0,ATTACH,39000.0,0,ATTACH,39000.0,0.0,False,0,ATTACH,LOSS,
P4,17,7,0,MAIN,90.0,90.0,1,1,2,ATTACK,18104.4,2,ATTACK,18104.4,0.0,False,2,ATTACK,LOSS,
P4,18,1,1,SETUP_ACTIVE_POKEMON,0.0,0.0,0,0,0,CARD,10000.0,0,CARD,10000.0,0.0,False,0,CARD,WIN,
P4,18,3,1,MAIN,90.0,90.0,0,0,0,ATTACH,39000.0,0,ATTACH,39000.0,0.0,False,0,ATTACH,WIN,
P4,18,4,1,MAIN,90.0,90.0,1,0,0,END,0.0,0,END,0.0,0.0,False,0,END,WIN,
P4,18,7,1,MAIN,80.0,90.0,1,1,0,ATTACH,39700.0,0,ATTACH,39700.0,0.0,False,0,ATTACH,WIN,
P4,18,8,1,MAIN,80.0,90.0,2,1,3,ATTACK,18104.5,3,ATTACK,18104.5,0.0,False,3,ATTACK,WIN,
P4,18,11,1,MAIN,50.0,60.0,2,2,6,EVOLVE,71000.0,6,EVOLVE,74000.0,0.0,False,6,EVOLVE,WIN,
P4,18,12,1,MAIN,310.0,60.0,2,2,1,ATTACH,40400.0,1,ATTACH,40400.0,0.0,False,1,ATTACH,WIN,
P4,18,13,1,MAIN,310.0,60.0,3,2,3,ATTACK,18104.7,3,ATTACK,18104.7,0.0,False,3,ATTACK,WIN,
P4,18,14,1,TO_HAND,310.0,0.0,3,0,0,CARD,5000.0,0,CARD,5000.0,0.0,False,0,CARD,WIN,
P4,19,0,0,IS_FIRST,0.0,0.0,0,0,1,NO,5000.0,1,NO,5000.0,0.0,False,1,NO,LOSS,
P4,19,1,0,SETUP_ACTIVE_POKEMON,0.0,0.0,0,0,0,CARD,10000.0,0,CARD,10000.0,0.0,False,0,CARD,LOSS,
P4,19,3,0,DRAW_COUNT,0.0,0.0,0,0,2,NUMBER,2.0,2,NUMBER,2.0,0.0,False,2,NUMBER,LOSS,
P4,19,6,0,MAIN,90.0,150.0,0,1,0,ATTACH,39000.0,0,ATTACH,39000.0,0.0,False,0,ATTACH,LOSS,
P4,19,7,0,MAIN,90.0,150.0,1,1,2,ATTACK,18104.4,2,ATTACK,18104.4,0.0,False,2,ATTACK,LOSS,
P4,19,10,0,MAIN,90.0,140.0,1,2,0,ATTACH,39700.0,0,ATTACH,39700.0,0.0,False,0,ATTACH,LOSS,
P4,19,11,0,MAIN,90.0,140.0,2,2,3,ATTACK,18104.5,3,ATTACK,18104.5,0.0,False,3,ATTACK,LOSS,
P4,20,1,1,SETUP_ACTIVE_POKEMON,0.0,0.0,0,0,0,CARD,10000.0,0,CARD,10000.0,0.0,False,0,CARD,LOSS,
P4,20,3,1,SETUP_BENCH_POKEMON,0.0,0.0,0,0,0,CARD,10000.0,0,CARD,10000.0,0.0,False,0,CARD,LOSS,
P4,20,4,1,MAIN,150.0,90.0,0,0,0,ATTACH,39000.0,0,ATTACH,39000.0,0.0,False,0,ATTACH,LOSS,
P4,20,5,1,MAIN,150.0,90.0,1,0,0,PLAY,12000.0,0,PLAY,12000.0,0.0,False,0,PLAY,LOSS,
P4,20,6,1,TO_HAND,150.0,90.0,1,0,0,CARD,1000.0,0,CARD,1000.0,0.0,False,0,CARD,LOSS,
P4,20,7,1,MAIN,150.0,90.0,1,0,0,PLAY,12000.0,0,PLAY,12000.0,0.0,False,0,PLAY,LOSS,
P4,20,8,1,TO_HAND,150.0,90.0,1,0,0,CARD,1000.0,0,CARD,1000.0,0.0,False,0,CARD,LOSS,
P4,20,9,1,MAIN,150.0,90.0,1,0,0,PLAY,12000.0,0,PLAY,12000.0,0.0,False,0,PLAY,LOSS,
P4,20,10,1,MAIN,150.0,90.0,1,0,0,END,0.0,0,END,0.0,0.0,False,0,END,LOSS,
P4,20,13,1,MAIN,140.0,90.0,1,1,0,EVOLVE,70000.0,0,EVOLVE,70000.0,0.0,False,0,EVOLVE,LOSS,
P4,20,14,1,MAIN,140.0,90.0,1,1,3,EVOLVE,70000.0,3,EVOLVE,70000.0,0.0,False,3,EVOLVE,LOSS,
P4,20,15,1,MAIN,140.0,90.0,1,1,0,ATTACH,39700.0,0,ATTACH,39700.0,0.0,False,0,ATTACH,LOSS,
P4,20,16,1,MAIN,140.0,90.0,2,1,1,ATTACK,18104.2,1,ATTACK,18104.2,0.0,False,1,ATTACK,LOSS,
P4,20,21,1,TO_ACTIVE,0.0,350.0,0,2,0,CARD,10000.0,0,CARD,10000.0,0.0,False,0,CARD,LOSS,
P4,20,22,1,MAIN,350.0,350.0,0,2,0,PLAY,12000.0,0,PLAY,12000.0,0.0,False,0,PLAY,LOSS,
P4,20,23,1,MAIN,350.0,350.0,0,2,0,END,0.0,0,END,0.0,0.0,False,0,END,LOSS,
P4,20,26,1,MAIN,150.0,350.0,0,3,1,ATTACH,39000.0,1,ATTACH,39000.0,0.0,False,1,ATTACH,LOSS,
P4,20,27,1,MAIN,150.0,350.0,1,3,0,PLAY,12000.0,0,PLAY,12000.0,0.0,False,0,PLAY,LOSS,
P4,20,28,1,MAIN,150.0,350.0,1,3,0,END,0.0,0,END,0.0,0.0,False,0,END,LOSS,
P4,20,32,1,TO_ACTIVE,0.0,350.0,0,4,0,CARD,5000.0,0,CARD,5000.0,0.0,False,0,CARD,LOSS,
P4,20,33,1,MAIN,350.0,350.0,0,4,0,ATTACH,39000.0,0,ATTACH,39000.0,0.0,False,0,ATTACH,LOSS,
P4,20,34,1,MAIN,350.0,350.0,1,4,0,PLAY,12000.0,0,PLAY,12000.0,0.0,False,0,PLAY,LOSS,
P4,20,35,1,MAIN,350.0,350.0,1,4,0,PLAY,12000.0,0,PLAY,12000.0,0.0,False,0,PLAY,LOSS,
P4,20,36,1,MAIN,350.0,350.0,1,4,0,END,0.0,0,END,0.0,0.0,False,0,END,LOSS,
P4,20,39,1,MAIN,150.0,350.0,1,5,0,ATTACH,39700.0,0,ATTACH,39700.0,0.0,False,0,ATTACH,LOSS,
P4,20,40,1,MAIN,150.0,350.0,2,5,0,ATTACK,18104.6,0,ATTACK,18104.6,0.0,False,0,ATTACK,LOSS,
P4,21,0,0,IS_FIRST,0.0,0.0,0,0,1,NO,5000.0,1,NO,5000.0,0.0,False,1,NO,LOSS,
P4,21,1,0,SETUP_ACTIVE_POKEMON,0.0,0.0,0,0,0,CARD,10000.0,0,CARD,10000.0,0.0,False,0,CARD,LOSS,
P4,21,3,0,DRAW_COUNT,0.0,0.0,0,0,4,NUMBER,4.0,4,NUMBER,4.0,0.0,False,4,NUMBER,LOSS,
P4,21,8,0,MAIN,90.0,90.0,0,1,0,ATTACH,39000.0,0,ATTACH,39000.0,0.0,False,0,ATTACH,LOSS,
P4,21,9,0,MAIN,90.0,90.0,1,1,4,ATTACK,18104.4,4,ATTACK,18104.4,0.0,False,4,ATTACK,LOSS,
P4,22,1,1,SETUP_ACTIVE_POKEMON,0.0,0.0,0,0,0,CARD,10000.0,0,CARD,10000.0,0.0,False,0,CARD,WIN,
P4,22,3,1,SETUP_BENCH_POKEMON,0.0,0.0,0,0,0,CARD,10000.0,0,CARD,10000.0,0.0,False,0,CARD,WIN,
P4,22,4,1,MAIN,90.0,90.0,0,0,0,ATTACH,39000.0,0,ATTACH,39000.0,0.0,False,0,ATTACH,WIN,
P4,22,5,1,MAIN,90.0,90.0,1,0,0,PLAY,12000.0,0,PLAY,12000.0,0.0,False,0,PLAY,WIN,
P4,22,6,1,TO_HAND,90.0,90.0,1,0,0,CARD,1000.0,0,CARD,1000.0,0.0,False,0,CARD,WIN,
P4,22,7,1,MAIN,90.0,90.0,1,0,0,END,0.0,0,END,0.0,0.0,False,0,END,WIN,
P4,22,10,1,MAIN,80.0,90.0,1,1,0,EVOLVE,70500.0,0,EVOLVE,70500.0,0.0,False,0,EVOLVE,WIN,
P4,22,11,1,MAIN,340.0,90.0,1,1,6,EVOLVE,70000.0,6,EVOLVE,70000.0,0.0,False,6,EVOLVE,WIN,
P4,22,12,1,MAIN,340.0,90.0,1,1,0,ATTACH,39700.0,0,ATTACH,39700.0,0.0,False,0,ATTACH,WIN,
P4,22,13,1,MAIN,340.0,90.0,2,1,0,ATTACK,18104.6,0,ATTACK,18104.6,0.0,False,0,ATTACK,WIN,
P4,22,14,1,TO_HAND,340.0,0.0,2,0,0,CARD,5000.0,0,CARD,5000.0,0.0,False,0,CARD,WIN,
P4,23,0,0,IS_FIRST,0.0,0.0,0,0,1,NO,5000.0,1,NO,5000.0,0.0,False,1,NO,WIN,
P4,23,1,0,SETUP_ACTIVE_POKEMON,0.0,0.0,0,0,0,CARD,10000.0,0,CARD,10000.0,0.0,False,0,CARD,WIN,
P4,23,3,0,DRAW_COUNT,0.0,0.0,0,0,4,NUMBER,4.0,4,NUMBER,4.0,0.0,False,4,NUMBER,WIN,
P4,23,7,0,MAIN,150.0,90.0,0,1,0,ATTACH,39000.0,0,ATTACH,39000.0,0.0,False,0,ATTACH,WIN,
P4,23,8,0,MAIN,150.0,90.0,1,1,4,ATTACK,18104.2,4,ATTACK,18104.2,0.0,False,4,ATTACK,WIN,
P4,23,11,0,MAIN,120.0,90.0,1,2,1,ATTACH,39700.0,1,ATTACH,39700.0,0.0,False,1,ATTACH,WIN,
P4,23,12,0,MAIN,120.0,90.0,2,2,4,ATTACK,18104.2,4,ATTACK,18104.2,0.0,False,4,ATTACK,WIN,
P4,23,15,0,MAIN,90.0,90.0,2,3,3,ATTACH,40400.0,3,ATTACH,40400.0,0.0,False,3,ATTACH,WIN,
P4,23,16,0,MAIN,90.0,90.0,3,3,5,ATTACK,18104.3,5,ATTACK,18104.3,0.0,False,5,ATTACK,WIN,
P4,23,17,0,DISCARD_ENERGY,90.0,0.0,3,3,0,ENERGY,30000.0,0,ENERGY,30000.0,0.0,False,0,ENERGY,WIN,
P4,23,18,0,DISCARD_ENERGY,90.0,0.0,2,3,0,ENERGY,30000.0,0,ENERGY,30000.0,0.0,False,0,ENERGY,WIN,
P4,23,19,0,TO_HAND,90.0,0.0,1,0,0,CARD,5000.0,0,CARD,5000.0,0.0,False,0,CARD,WIN,
P4,23,23,0,MAIN,80.0,90.0,1,1,3,ATTACH,39700.0,3,ATTACH,39700.0,0.0,False,3,ATTACH,WIN,
P4,23,24,0,MAIN,80.0,90.0,2,1,6,ATTACK,18104.2,6,ATTACK,18104.2,0.0,False,6,ATTACK,WIN,
P4,23,27,0,MAIN,50.0,50.0,2,2,3,ATTACH,40400.0,3,ATTACH,40400.0,0.0,False,3,ATTACH,WIN,
P4,23,28,0,MAIN,50.0,50.0,3,2,7,ATTACK,18104.3,7,ATTACK,18104.3,0.0,False,7,ATTACK,WIN,
P4,23,29,0,DISCARD_ENERGY,50.0,0.0,3,2,0,ENERGY,30000.0,0,ENERGY,30000.0,0.0,False,0,ENERGY,WIN,
P4,23,30,0,DISCARD_ENERGY,50.0,0.0,2,2,0,ENERGY,30000.0,0,ENERGY,30000.0,0.0,False,0,ENERGY,WIN,
P4,23,31,0,TO_HAND,50.0,0.0,1,0,0,CARD,5000.0,0,CARD,5000.0,0.0,False,0,CARD,WIN,
P4,24,1,1,SETUP_ACTIVE_POKEMON,0.0,0.0,0,0,0,CARD,10000.0,0,CARD,10000.0,0.0,False,0,CARD,WIN,
P4,24,3,1,DRAW_COUNT,0.0,0.0,0,0,2,NUMBER,2.0,2,NUMBER,2.0,0.0,False,2,NUMBER,WIN,
P4,24,4,1,SETUP_BENCH_POKEMON,0.0,0.0,0,0,0,CARD,10000.0,0,CARD,10000.0,0.0,False,0,CARD,WIN,
P4,24,5,1,MAIN,150.0,150.0,0,0,0,ATTACH,39000.0,0,ATTACH,39000.0,0.0,False,0,ATTACH,WIN,
P4,24,6,1,MAIN,150.0,150.0,1,0,0,PLAY,12000.0,0,PLAY,12000.0,0.0,False,0,PLAY,WIN,
P4,24,7,1,TO_HAND,150.0,150.0,1,0,0,CARD,1000.0,0,CARD,1000.0,0.0,False,0,CARD,WIN,
P4,24,8,1,MAIN,150.0,150.0,1,0,0,END,0.0,0,END,0.0,0.0,False,0,END,WIN,
P4,24,11,1,MAIN,150.0,150.0,1,1,12,EVOLVE,70000.0,12,EVOLVE,70000.0,0.0,False,12,EVOLVE,WIN,
P4,24,12,1,MAIN,150.0,150.0,1,1,0,ATTACH,39700.0,0,ATTACH,39700.0,0.0,False,0,ATTACH,WIN,
P4,24,13,1,MAIN,150.0,150.0,2,1,0,ATTACK,18104.2,0,ATTACK,18104.2,0.0,False,0,ATTACK,WIN,
P4,24,16,1,MAIN,150.0,150.0,2,2,0,ATTACH,40400.0,0,ATTACH,40400.0,0.0,False,0,ATTACH,WIN,
P4,24,17,1,MAIN,150.0,150.0,3,2,2,ATTACK,18104.3,2,ATTACK,18104.3,0.0,False,2,ATTACK,WIN,
P4,24,18,1,DISCARD_ENERGY,150.0,20.0,3,2,0,ENERGY,30000.0,0,ENERGY,30000.0,0.0,False,0,ENERGY,WIN,
P4,24,19,1,DISCARD_ENERGY,150.0,20.0,2,2,0,ENERGY,30000.0,0,ENERGY,30000.0,0.0,False,0,ENERGY,WIN,
P4,24,24,1,MAIN,20.0,20.0,1,1,0,ATTACH,39700.0,13,ATTACK,68104.2,28404.199999999997,True,13,ATTACK,WIN,True
P4,24,25,1,TO_HAND,20.0,0.0,1,0,0,CARD,5000.0,0,CARD,5000.0,0.0,False,0,CARD,WIN,
P4,25,0,0,IS_FIRST,0.0,0.0,0,0,1,NO,5000.0,1,NO,5000.0,0.0,False,1,NO,LOSS,
P4,25,2,0,SETUP_ACTIVE_POKEMON,0.0,0.0,0,0,0,CARD,10000.0,0,CARD,10000.0,0.0,False,0,CARD,LOSS,
P4,25,7,0,MAIN,90.0,150.0,0,1,0,ATTACH,39000.0,0,ATTACH,39000.0,0.0,False,0,ATTACH,LOSS,
P4,25,8,0,MAIN,90.0,150.0,1,1,3,ATTACK,18104.4,3,ATTACK,18104.4,0.0,False,3,ATTACK,LOSS,
P4,25,12,0,MAIN,90.0,140.0,1,2,0,EVOLVE,70500.0,0,EVOLVE,73500.0,0.0,False,0,EVOLVE,LOSS,
P4,25,13,0,MAIN,350.0,140.0,1,2,1,ATTACH,39700.0,1,ATTACH,39700.0,0.0,False,1,ATTACH,LOSS,
P4,25,14,0,MAIN,350.0,140.0,2,2,3,ATTACK,18104.6,3,ATTACK,18104.6,0.0,False,3,ATTACK,LOSS,
P4,25,15,0,TO_HAND,350.0,0.0,2,0,0,CARD,5000.0,0,CARD,5000.0,0.0,False,0,CARD,LOSS,
P4,25,22,0,MAIN,150.0,350.0,2,2,3,ATTACH,40400.0,3,ATTACH,40400.0,0.0,False,3,ATTACH,LOSS,
P4,25,23,0,MAIN,150.0,350.0,3,2,4,ATTACK,18104.7,4,ATTACK,18104.7,0.0,False,4,ATTACK,LOSS,
P4,26,1,1,SETUP_ACTIVE_POKEMON,0.0,0.0,0,0,0,CARD,10000.0,0,CARD,10000.0,0.0,False,0,CARD,WIN,
P4,26,3,1,DRAW_COUNT,0.0,0.0,0,0,1,NUMBER,1.0,1,NUMBER,1.0,0.0,False,1,NUMBER,WIN,
P4,26,4,1,MAIN,90.0,90.0,0,0,0,ATTACH,39000.0,0,ATTACH,39000.0,0.0,False,0,ATTACH,WIN,
P4,26,5,1,MAIN,90.0,90.0,1,0,0,END,0.0,0,END,0.0,0.0,False,0,END,WIN,
P4,26,8,1,MAIN,80.0,90.0,1,1,1,ATTACH,39700.0,1,ATTACH,39700.0,0.0,False,1,ATTACH,WIN,
P4,26,9,1,MAIN,80.0,90.0,2,1,4,ATTACK,18104.5,4,ATTACK,18104.5,0.0,False,4,ATTACK,WIN,
P4,26,12,1,MAIN,50.0,60.0,2,2,1,ATTACH,40400.0,1,ATTACH,40400.0,0.0,False,1,ATTACH,WIN,
P4,26,13,1,MAIN,50.0,60.0,3,2,5,ATTACK,18104.5,5,ATTACK,18104.5,0.0,False,5,ATTACK,WIN,
P4,26,16,1,MAIN,20.0,30.0,3,3,2,ATTACH,41100.0,9,ATTACK,68104.5,27004.5,True,9,ATTACK,WIN,True
P4,26,17,1,TO_HAND,20.0,0.0,3,0,5,CARD,10000.0,5,CARD,10000.0,0.0,False,5,CARD,WIN,
P4,27,0,0,IS_FIRST,0.0,0.0,0,0,1,NO,5000.0,1,NO,5000.0,0.0,False,1,NO,WIN,
P4,27,1,0,SETUP_ACTIVE_POKEMON,0.0,0.0,0,0,0,CARD,10000.0,0,CARD,10000.0,0.0,False,0,CARD,WIN,
P4,27,3,0,DRAW_COUNT,0.0,0.0,0,0,8,NUMBER,8.0,8,NUMBER,8.0,0.0,False,8,NUMBER,WIN,
P4,27,4,0,SETUP_BENCH_POKEMON,0.0,0.0,0,0,0,CARD,10000.0,0,CARD,10000.0,0.0,False,0,CARD,WIN,
P4,27,7,0,MAIN,90.0,150.0,0,1,0,ATTACH,39000.0,0,ATTACH,39000.0,0.0,False,0,ATTACH,WIN,
P4,27,8,0,MAIN,90.0,150.0,1,1,2,ATTACK,18104.4,2,ATTACK,18104.4,0.0,False,2,ATTACK,WIN,
P4,27,11,0,MAIN,90.0,140.0,1,2,7,EVOLVE,70500.0,7,EVOLVE,73500.0,0.0,False,7,EVOLVE,WIN,
P4,27,12,0,MAIN,350.0,140.0,1,2,0,ATTACH,39700.0,0,ATTACH,39700.0,0.0,False,0,ATTACH,WIN,
P4,27,13,0,MAIN,350.0,140.0,2,2,3,ATTACK,18104.6,3,ATTACK,18104.6,0.0,False,3,ATTACK,WIN,
P4,27,14,0,TO_HAND,350.0,0.0,2,0,4,CARD,10000.0,4,CARD,10000.0,0.0,False,4,CARD,WIN,
P4,28,1,1,SETUP_ACTIVE_POKEMON,0.0,0.0,0,0,0,CARD,10000.0,0,CARD,10000.0,0.0,False,0,CARD,WIN,
P4,28,3,1,SETUP_BENCH_POKEMON,0.0,0.0,0,0,0,CARD,10000.0,0,CARD,10000.0,0.0,False,0,CARD,WIN,
P4,28,4,1,MAIN,90.0,90.0,0,0,0,ATTACH,39000.0,0,ATTACH,39000.0,0.0,False,0,ATTACH,WIN,
P4,28,5,1,MAIN,90.0,90.0,1,0,0,END,0.0,0,END,0.0,0.0,False,0,END,WIN,
P4,28,9,1,MAIN,80.0,90.0,1,1,0,ATTACH,39700.0,0,ATTACH,39700.0,0.0,False,0,ATTACH,WIN,
P4,28,10,1,MAIN,80.0,90.0,2,1,3,ATTACK,18104.5,3,ATTACK,18104.5,0.0,False,3,ATTACK,WIN,
P4,28,13,1,MAIN,50.0,60.0,2,2,0,ATTACH,40400.0,0,ATTACH,40400.0,0.0,False,0,ATTACH,WIN,
P4,28,14,1,MAIN,50.0,60.0,3,2,3,ATTACK,18104.5,3,ATTACK,18104.5,0.0,False,3,ATTACK,WIN,
P4,28,17,1,MAIN,20.0,30.0,3,3,1,ATTACH,41100.0,11,ATTACK,68104.5,27004.5,True,11,ATTACK,WIN,True
P4,28,18,1,TO_HAND,20.0,0.0,3,0,0,CARD,5000.0,0,CARD,5000.0,0.0,False,0,CARD,WIN,
P4,29,0,0,IS_FIRST,0.0,0.0,0,0,1,NO,5000.0,1,NO,5000.0,0.0,False,1,NO,WIN,
P4,29,2,0,SETUP_ACTIVE_POKEMON,0.0,0.0,0,0,0,CARD,10000.0,0,CARD,10000.0,0.0,False,0,CARD,WIN,
P4,29,6,0,MAIN,90.0,90.0,0,1,1,ATTACH,39000.0,1,ATTACH,39000.0,0.0,False,1,ATTACH,WIN,
P4,29,7,0,MAIN,90.0,90.0,1,1,3,ATTACK,18104.4,3,ATTACK,18104.4,0.0,False,3,ATTACK,WIN,
P4,29,10,0,MAIN,60.0,80.0,1,2,2,EVOLVE,70500.0,2,EVOLVE,73500.0,0.0,False,2,EVOLVE,WIN,
P4,29,11,0,MAIN,320.0,80.0,1,2,3,ATTACH,39700.0,3,ATTACH,39700.0,0.0,False,3,ATTACH,WIN,
P4,29,12,0,MAIN,320.0,80.0,2,2,4,ATTACK,18104.6,4,ATTACK,18104.6,0.0,False,4,ATTACK,WIN,
P4,29,13,0,TO_HAND,320.0,0.0,2,0,4,CARD,10000.0,4,CARD,10000.0,0.0,False,4,CARD,WIN,
P4,30,1,1,SETUP_ACTIVE_POKEMON,0.0,0.0,0,0,0,CARD,10000.0,0,CARD,10000.0,0.0,False,0,CARD,WIN,
P4,30,3,1,DRAW_COUNT,0.0,0.0,0,0,2,NUMBER,2.0,2,NUMBER,2.0,0.0,False,2,NUMBER,WIN,
P4,30,4,1,SETUP_BENCH_POKEMON,0.0,0.0,0,0,0,CARD,10000.0,0,CARD,10000.0,0.0,False,0,CARD,WIN,
P4,30,5,1,MAIN,90.0,150.0,0,0,1,ATTACH,39000.0,1,ATTACH,39000.0,0.0,False,1,ATTACH,WIN,
P4,30,6,1,MAIN,90.0,150.0,1,0,0,PLAY,12000.0,0,PLAY,12000.0,0.0,False,0,PLAY,WIN,
P4,30,7,1,TO_HAND,90.0,150.0,1,0,0,CARD,5000.0,0,CARD,5000.0,0.0,False,0,CARD,WIN,
P4,30,8,1,MAIN,90.0,150.0,1,0,0,END,0.0,0,END,0.0,0.0,False,0,END,WIN,
P4,30,11,1,MAIN,90.0,150.0,1,1,0,EVOLVE,70500.0,0,EVOLVE,70500.0,0.0,False,0,EVOLVE,WIN,
P4,30,12,1,MAIN,350.0,150.0,1,1,10,EVOLVE,70000.0,10,EVOLVE,70000.0,0.0,False,10,EVOLVE,WIN,
P4,30,13,1,MAIN,350.0,150.0,1,1,0,ATTACH,39700.0,0,ATTACH,39700.0,0.0,False,0,ATTACH,WIN,
P4,30,14,1,MAIN,350.0,150.0,2,1,0,ATTACK,18104.6,0,ATTACK,18104.6,0.0,False,0,ATTACK,WIN,
P4,30,15,1,TO_HAND,350.0,0.0,2,0,0,CARD,5000.0,0,CARD,5000.0,0.0,False,0,CARD,WIN,
P4,31,0,0,IS_FIRST,0.0,0.0,0,0,1,NO,5000.0,1,NO,5000.0,0.0,False,1,NO,LOSS,
P4,31,2,0,SETUP_ACTIVE_POKEMON,0.0,0.0,0,0,0,CARD,10000.0,0,CARD,10000.0,0.0,False,0,CARD,LOSS,
P4,31,5,0,MAIN,90.0,90.0,0,1,0,ATTACH,39000.0,0,ATTACH,39000.0,0.0,False,0,ATTACH,LOSS,
P4,31,6,0,MAIN,90.0,90.0,1,1,1,ATTACK,18104.4,1,ATTACK,18104.4,0.0,False,1,ATTACK,LOSS,
P4,32,2,1,SETUP_ACTIVE_POKEMON,0.0,0.0,0,0,0,CARD,10000.0,0,CARD,10000.0,0.0,False,0,CARD,WIN,
P4,32,4,1,SETUP_BENCH_POKEMON,0.0,0.0,0,0,0,CARD,10000.0,0,CARD,10000.0,0.0,False,0,CARD,WIN,
P4,32,6,1,MAIN,90.0,90.0,0,0,0,ATTACH,39000.0,0,ATTACH,39000.0,0.0,False,0,ATTACH,WIN,
P4,32,7,1,MAIN,90.0,90.0,1,0,0,PLAY,12000.0,0,PLAY,12000.0,0.0,False,0,PLAY,WIN,
P4,32,8,1,TO_HAND,90.0,90.0,1,0,0,CARD,1000.0,0,CARD,1000.0,0.0,False,0,CARD,WIN,
P4,32,9,1,MAIN,90.0,90.0,1,0,0,END,0.0,0,END,0.0,0.0,False,0,END,WIN,
P4,32,12,1,MAIN,80.0,90.0,1,1,7,EVOLVE,70500.0,7,EVOLVE,70500.0,0.0,False,7,EVOLVE,WIN,
P4,32,13,1,MAIN,340.0,90.0,1,1,0,ATTACH,39700.0,0,ATTACH,39700.0,0.0,False,0,ATTACH,WIN,
P4,32,14,1,MAIN,340.0,90.0,2,1,1,ATTACK,18104.6,1,ATTACK,18104.6,0.0,False,1,ATTACK,WIN,
P4,32,15,1,TO_HAND,340.0,0.0,2,0,0,CARD,5000.0,0,CARD,5000.0,0.0,False,0,CARD,WIN,
P4,32,24,1,MAIN,340.0,350.0,2,1,7,EVOLVE,70000.0,7,EVOLVE,70000.0,0.0,False,7,EVOLVE,WIN,
P4,32,25,1,MAIN,340.0,350.0,2,1,0,ATTACH,40400.0,0,ATTACH,40400.0,0.0,False,0,ATTACH,WIN,
P4,32,26,1,MAIN,340.0,350.0,3,1,2,ATTACK,18104.7,2,ATTACK,18104.7,0.0,False,2,ATTACK,WIN,
P4,32,29,1,MAIN,70.0,150.0,3,2,1,ATTACH,41100.0,1,ATTACH,41100.0,0.0,False,1,ATTACH,WIN,
P4,32,30,1,MAIN,70.0,150.0,4,2,3,RETREAT,30000.0,2,ATTACK,18104.7,8104.700000000001,True,2,ATTACK,WIN,True
P4,32,31,1,TO_HAND,70.0,0.0,4,0,0,CARD,5000.0,0,CARD,5000.0,0.0,False,0,CARD,WIN,
P4,32,36,1,TO_ACTIVE,0.0,150.0,0,1,0,CARD,5000.0,0,CARD,5000.0,0.0,False,0,CARD,WIN,
P4,32,37,1,MAIN,350.0,150.0,0,1,1,ATTACH,39000.0,1,ATTACH,39000.0,0.0,False,1,ATTACH,WIN,
P4,32,38,1,MAIN,350.0,150.0,1,1,0,PLAY,12000.0,0,PLAY,12000.0,0.0,False,0,PLAY,WIN,
P4,32,39,1,ATTACH_TO,350.0,150.0,1,1,0,CARD,5000.0,0,CARD,5000.0,0.0,False,0,CARD,WIN,
P4,32,40,1,ATTACH_FROM,350.0,150.0,1,1,0,CARD,5000.0,0,CARD,5000.0,0.0,False,0,CARD,WIN,
P4,32,41,1,MAIN,350.0,150.0,2,1,1,ATTACK,18104.6,1,ATTACK,18104.6,0.0,False,1,ATTACK,WIN,
P4,32,42,1,TO_HAND,350.0,0.0,2,0,1,CARD,10000.0,1,CARD,10000.0,0.0,False,1,CARD,WIN,
P4,32,46,1,MAIN,340.0,90.0,2,1,0,ATTACH,40400.0,0,ATTACH,40400.0,0.0,False,0,ATTACH,WIN,
P4,32,47,1,MAIN,340.0,90.0,3,1,4,ATTACK,18104.7,4,ATTACK,18104.7,0.0,False,4,ATTACK,WIN,
P4,32,48,1,TO_HAND,340.0,0.0,3,0,0,CARD,10000.0,0,CARD,10000.0,0.0,False,0,CARD,WIN,
P4,33,0,0,IS_FIRST,0.0,0.0,0,0,1,NO,5000.0,1,NO,5000.0,0.0,False,1,NO,WIN,
P4,33,1,0,SETUP_ACTIVE_POKEMON,0.0,0.0,0,0,0,CARD,10000.0,0,CARD,10000.0,0.0,False,0,CARD,WIN,
P4,33,3,0,DRAW_COUNT,0.0,0.0,0,0,1,NUMBER,1.0,1,NUMBER,1.0,0.0,False,1,NUMBER,WIN,
P4,33,7,0,MAIN,90.0,150.0,0,1,0,ATTACH,39000.0,0,ATTACH,39000.0,0.0,False,0,ATTACH,WIN,
P4,33,8,0,MAIN,90.0,150.0,1,1,2,ATTACK,18104.4,2,ATTACK,18104.4,0.0,False,2,ATTACK,WIN,
P4,33,11,0,MAIN,90.0,140.0,1,2,0,EVOLVE,70500.0,0,EVOLVE,73500.0,0.0,False,0,EVOLVE,WIN,
P4,33,12,0,MAIN,350.0,140.0,1,2,0,ATTACH,39700.0,0,ATTACH,39700.0,0.0,False,0,ATTACH,WIN,
P4,33,13,0,MAIN,350.0,140.0,2,2,3,ATTACK,18104.6,3,ATTACK,18104.6,0.0,False,3,ATTACK,WIN,
P4,33,14,0,TO_HAND,350.0,0.0,2,0,0,CARD,10000.0,0,CARD,10000.0,0.0,False,0,CARD,WIN,
P4,33,18,0,MAIN,310.0,150.0,2,1,0,ATTACH,40400.0,0,ATTACH,40400.0,0.0,False,0,ATTACH,WIN,
P4,33,19,0,MAIN,310.0,150.0,3,1,5,ATTACK,18104.7,5,ATTACK,18104.7,0.0,False,5,ATTACK,WIN,
P4,33,20,0,TO_HAND,310.0,0.0,3,0,0,CARD,10000.0,0,CARD,10000.0,0.0,False,0,CARD,WIN,
P4,34,1,1,SETUP_ACTIVE_POKEMON,0.0,0.0,0,0,0,CARD,10000.0,0,CARD,10000.0,0.0,False,0,CARD,WIN,
P4,34,3,1,DRAW_COUNT,0.0,0.0,0,0,1,NUMBER,1.0,1,NUMBER,1.0,0.0,False,1,NUMBER,WIN,
P4,34,4,1,SETUP_BENCH_POKEMON,0.0,0.0,0,0,0,CARD,10000.0,0,CARD,10000.0,0.0,False,0,CARD,WIN,
P4,34,5,1,MAIN,90.0,90.0,0,0,0,ATTACH,39000.0,0,ATTACH,39000.0,0.0,False,0,ATTACH,WIN,
P4,34,6,1,MAIN,90.0,90.0,1,0,0,END,0.0,0,END,0.0,0.0,False,0,END,WIN,
P4,34,9,1,MAIN,80.0,90.0,1,1,0,EVOLVE,70500.0,0,EVOLVE,70500.0,0.0,False,0,EVOLVE,WIN,
P4,34,10,1,MAIN,340.0,90.0,1,1,2,EVOLVE,70000.0,2,EVOLVE,70000.0,0.0,False,2,EVOLVE,WIN,
P4,34,11,1,MAIN,340.0,90.0,1,1,0,ATTACH,39700.0,0,ATTACH,39700.0,0.0,False,0,ATTACH,WIN,
P4,34,12,1,MAIN,340.0,90.0,2,1,0,ATTACK,18104.6,0,ATTACK,18104.6,0.0,False,0,ATTACK,WIN,
P4,34,13,1,TO_HAND,340.0,0.0,2,0,0,CARD,5000.0,0,CARD,5000.0,0.0,False,0,CARD,WIN,
P4,35,0,0,IS_FIRST,0.0,0.0,0,0,1,NO,5000.0,1,NO,5000.0,0.0,False,1,NO,WIN,
P4,35,1,0,SETUP_ACTIVE_POKEMON,0.0,0.0,0,0,0,CARD,10000.0,0,CARD,10000.0,0.0,False,0,CARD,WIN,
P4,35,3,0,DRAW_COUNT,0.0,0.0,0,0,6,NUMBER,6.0,6,NUMBER,6.0,0.0,False,6,NUMBER,WIN,
P4,35,4,0,SETUP_BENCH_POKEMON,0.0,0.0,0,0,0,CARD,10000.0,0,CARD,10000.0,0.0,False,0,CARD,WIN,
P4,35,7,0,MAIN,90.0,150.0,0,1,1,ATTACH,39000.0,1,ATTACH,39000.0,0.0,False,1,ATTACH,WIN,
P4,35,8,0,MAIN,90.0,150.0,1,1,4,ATTACK,18104.4,4,ATTACK,18104.4,0.0,False,4,ATTACK,WIN,
P4,35,11,0,MAIN,90.0,140.0,1,2,1,EVOLVE,70500.0,1,EVOLVE,73500.0,0.0,False,1,EVOLVE,WIN,
P4,35,12,0,MAIN,350.0,140.0,1,2,4,EVOLVE,70000.0,4,EVOLVE,70000.0,0.0,False,4,EVOLVE,WIN,
P4,35,13,0,MAIN,350.0,140.0,1,2,1,ATTACH,39700.0,1,ATTACH,39700.0,0.0,False,1,ATTACH,WIN,
P4,35,14,0,MAIN,350.0,140.0,2,2,4,ATTACK,18104.6,4,ATTACK,18104.6,0.0,False,4,ATTACK,WIN,
P4,35,15,0,TO_HAND,350.0,0.0,2,0,0,CARD,5000.0,0,CARD,5000.0,0.0,False,0,CARD,WIN,
P4,36,1,1,SETUP_ACTIVE_POKEMON,0.0,0.0,0,0,0,CARD,10000.0,0,CARD,10000.0,0.0,False,0,CARD,WIN,
P4,36,3,1,SETUP_BENCH_POKEMON,0.0,0.0,0,0,0,CARD,10000.0,0,CARD,10000.0,0.0,False,0,CARD,WIN,
P4,36,4,1,MAIN,90.0,150.0,0,0,0,ATTACH,39000.0,0,ATTACH,39000.0,0.0,False,0,ATTACH,WIN,
P4,36,5,1,MAIN,90.0,150.0,1,0,0,END,0.0,0,END,0.0,0.0,False,0,END,WIN,
P4,36,8,1,MAIN,90.0,150.0,1,1,2,EVOLVE,70500.0,2,EVOLVE,70500.0,0.0,False,2,EVOLVE,WIN,
P4,36,9,1,MAIN,350.0,150.0,1,1,2,EVOLVE,70000.0,2,EVOLVE,70000.0,0.0,False,2,EVOLVE,WIN,
P4,36,10,1,MAIN,350.0,150.0,1,1,0,ATTACH,39700.0,0,ATTACH,39700.0,0.0,False,0,ATTACH,WIN,
P4,36,11,1,MAIN,350.0,150.0,2,1,1,ATTACK,18104.6,1,ATTACK,18104.6,0.0,False,1,ATTACK,WIN,
P4,36,12,1,TO_HAND,350.0,0.0,2,0,5,CARD,10000.0,5,CARD,10000.0,0.0,False,5,CARD,WIN,
P4,37,0,0,IS_FIRST,0.0,0.0,0,0,1,NO,5000.0,1,NO,5000.0,0.0,False,1,NO,WIN,
P4,37,1,0,SETUP_ACTIVE_POKEMON,0.0,0.0,0,0,0,CARD,10000.0,0,CARD,10000.0,0.0,False,0,CARD,WIN,
P4,37,3,0,DRAW_COUNT,0.0,0.0,0,0,2,NUMBER,2.0,2,NUMBER,2.0,0.0,False,2,NUMBER,WIN,
P4,37,4,0,SETUP_BENCH_POKEMON,0.0,0.0,0,0,0,CARD,10000.0,0,CARD,10000.0,0.0,False,0,CARD,WIN,
P4,37,7,0,MAIN,90.0,90.0,0,1,0,ATTACH,39000.0,0,ATTACH,39000.0,0.0,False,0,ATTACH,WIN,
P4,37,8,0,MAIN,90.0,90.0,0,1,0,ATTACH,39000.0,0,ATTACH,39000.0,0.0,False,0,ATTACH,WIN,
P4,37,9,0,MAIN,90.0,90.0,1,1,2,ATTACK,18104.4,2,ATTACK,18104.4,0.0,False,2,ATTACK,WIN,
P4,37,12,0,MAIN,60.0,80.0,1,2,0,EVOLVE,70500.0,0,EVOLVE,73500.0,0.0,False,0,EVOLVE,WIN,
P4,37,13,0,MAIN,320.0,80.0,1,2,1,ATTACH,39700.0,1,ATTACH,39700.0,0.0,False,1,ATTACH,WIN,
P4,37,14,0,MAIN,320.0,80.0,2,2,2,ATTACK,18104.6,2,ATTACK,18104.6,0.0,False,2,ATTACK,WIN,
P4,37,15,0,TO_HAND,320.0,0.0,2,0,0,CARD,5000.0,0,CARD,5000.0,0.0,False,0,CARD,WIN,
P4,38,2,1,SETUP_ACTIVE_POKEMON,0.0,0.0,0,0,0,CARD,10000.0,0,CARD,10000.0,0.0,False,0,CARD,WIN,
P4,38,5,1,MAIN,90.0,150.0,0,0,0,ATTACH,39000.0,0,ATTACH,39000.0,0.0,False,0,ATTACH,WIN,
P4,38,6,1,MAIN,90.0,150.0,1,0,0,END,0.0,0,END,0.0,0.0,False,0,END,WIN,
P4,38,9,1,MAIN,90.0,150.0,1,1,3,EVOLVE,70500.0,3,EVOLVE,70500.0,0.0,False,3,EVOLVE,WIN,
P4,38,10,1,MAIN,350.0,150.0,1,1,0,ATTACH,39700.0,0,ATTACH,39700.0,0.0,False,0,ATTACH,WIN,
P4,38,11,1,MAIN,350.0,150.0,2,1,2,ATTACK,18104.6,2,ATTACK,18104.6,0.0,False,2,ATTACK,WIN,
P4,38,12,1,TO_HAND,350.0,0.0,2,0,0,CARD,5000.0,0,CARD,5000.0,0.0,False,0,CARD,WIN,
P4,38,16,1,MAIN,340.0,90.0,2,1,2,ATTACH,40400.0,2,ATTACH,40400.0,0.0,False,2,ATTACH,WIN,
P4,38,17,1,MAIN,340.0,90.0,3,1,4,ATTACK,18104.7,4,ATTACK,18104.7,0.0,False,4,ATTACK,WIN,
P4,38,18,1,TO_HAND,340.0,0.0,3,0,4,CARD,10000.0,4,CARD,10000.0,0.0,False,4,CARD,WIN,
P4,39,0,0,IS_FIRST,0.0,0.0,0,0,1,NO,5000.0,1,NO,5000.0,0.0,False,1,NO,WIN,
P4,39,1,0,SETUP_ACTIVE_POKEMON,0.0,0.0,0,0,0,CARD,10000.0,0,CARD,10000.0,0.0,False,0,CARD,WIN,
P4,39,3,0,DRAW_COUNT,0.0,0.0,0,0,3,NUMBER,3.0,3,NUMBER,3.0,0.0,False,3,NUMBER,WIN,
P4,39,10,0,MAIN,90.0,150.0,0,1,0,ATTACH,39000.0,0,ATTACH,39000.0,0.0,False,0,ATTACH,WIN,
P4,39,11,0,MAIN,90.0,150.0,1,1,0,ATTACK,18104.4,0,ATTACK,18104.4,0.0,False,0,ATTACK,WIN,
P4,39,15,0,MAIN,90.0,140.0,1,2,1,EVOLVE,70500.0,1,EVOLVE,73500.0,0.0,False,1,EVOLVE,WIN,
P4,39,16,0,MAIN,350.0,140.0,1,2,0,ATTACH,39700.0,0,ATTACH,39700.0,0.0,False,0,ATTACH,WIN,
P4,39,17,0,MAIN,350.0,140.0,2,2,0,ATTACK,18104.6,0,ATTACK,18104.6,0.0,False,0,ATTACK,WIN,
P4,39,18,0,TO_HAND,350.0,0.0,2,0,0,CARD,5000.0,0,CARD,5000.0,0.0,False,0,CARD,WIN,
P4,39,23,0,MAIN,350.0,350.0,2,1,0,ATTACH,40400.0,0,ATTACH,40400.0,0.0,False,0,ATTACH,WIN,
P4,39,24,0,MAIN,350.0,350.0,3,1,1,ATTACK,18104.7,1,ATTACK,18104.7,0.0,False,1,ATTACK,WIN,
P4,39,27,0,MAIN,80.0,150.0,3,2,0,ATTACH,41100.0,0,ATTACH,41100.0,0.0,False,0,ATTACH,WIN,
P4,39,28,0,MAIN,80.0,150.0,4,2,1,ATTACK,18104.7,1,ATTACK,18104.7,0.0,False,1,ATTACK,WIN,
P4,39,29,0,TO_HAND,80.0,0.0,4,0,0,CARD,5000.0,0,CARD,5000.0,0.0,False,0,CARD,WIN,
P4,40,1,1,SETUP_ACTIVE_POKEMON,0.0,0.0,0,0,0,CARD,10000.0,0,CARD,10000.0,0.0,False,0,CARD,WIN,
P4,40,3,1,DRAW_COUNT,0.0,0.0,0,0,4,NUMBER,4.0,4,NUMBER,4.0,0.0,False,4,NUMBER,WIN,
P4,40,4,1,SETUP_BENCH_POKEMON,0.0,0.0,0,0,0,CARD,10000.0,0,CARD,10000.0,0.0,False,0,CARD,WIN,
P4,40,5,1,MAIN,90.0,90.0,0,0,0,ATTACH,39000.0,0,ATTACH,39000.0,0.0,False,0,ATTACH,WIN,
P4,40,6,1,MAIN,90.0,90.0,1,0,0,PLAY,12000.0,0,PLAY,12000.0,0.0,False,0,PLAY,WIN,
P4,40,7,1,TO_HAND,90.0,90.0,1,0,0,CARD,1000.0,0,CARD,1000.0,0.0,False,0,CARD,WIN,
P4,40,8,1,MAIN,90.0,90.0,1,0,0,END,0.0,0,END,0.0,0.0,False,0,END,WIN,
P4,40,11,1,MAIN,80.0,90.0,1,1,14,EVOLVE,70500.0,14,EVOLVE,70500.0,0.0,False,14,EVOLVE,WIN,
P4,40,12,1,MAIN,340.0,90.0,1,1,0,ATTACH,39700.0,0,ATTACH,39700.0,0.0,False,0,ATTACH,WIN,
P4,40,13,1,MAIN,340.0,90.0,2,1,2,ATTACK,18104.6,2,ATTACK,18104.6,0.0,False,2,ATTACK,WIN,
P4,40,14,1,TO_HAND,340.0,0.0,2,0,0,CARD,5000.0,0,CARD,5000.0,0.0,False,0,CARD,WIN,
P4,41,0,0,IS_FIRST,0.0,0.0,0,0,1,NO,5000.0,1,NO,5000.0,0.0,False,1,NO,LOSS,
P4,41,2,0,SETUP_ACTIVE_POKEMON,0.0,0.0,0,0,0,CARD,10000.0,0,CARD,10000.0,0.0,False,0,CARD,LOSS,
P4,41,7,0,MAIN,90.0,150.0,0,1,1,ATTACH,39000.0,1,ATTACH,39000.0,0.0,False,1,ATTACH,LOSS,
P4,41,8,0,MAIN,90.0,150.0,1,1,2,ATTACH,39700.0,2,ATTACH,39700.0,0.0,False,2,ATTACH,LOSS,
P4,41,9,0,MAIN,90.0,150.0,1,1,2,ATTACK,18104.4,2,ATTACK,18104.4,0.0,False,2,ATTACK,LOSS,
P4,41,13,0,MAIN,90.0,140.0,1,2,1,ATTACH,39700.0,1,ATTACH,39700.0,0.0,False,1,ATTACH,LOSS,
P4,41,14,0,MAIN,90.0,140.0,2,2,3,ATTACK,18104.5,3,ATTACK,18104.5,0.0,False,3,ATTACK,LOSS,
P4,42,1,1,SETUP_ACTIVE_POKEMON,0.0,0.0,0,0,0,CARD,10000.0,0,CARD,10000.0,0.0,False,0,CARD,WIN,
P4,42,3,1,DRAW_COUNT,0.0,0.0,0,0,1,NUMBER,1.0,1,NUMBER,1.0,0.0,False,1,NUMBER,WIN,
P4,42,4,1,MAIN,90.0,90.0,0,0,0,ATTACH,39000.0,0,ATTACH,39000.0,0.0,False,0,ATTACH,WIN,
P4,42,5,1,MAIN,90.0,90.0,1,0,0,PLAY,12000.0,0,PLAY,12000.0,0.0,False,0,PLAY,WIN,
P4,42,6,1,TO_HAND,90.0,90.0,1,0,0,CARD,5000.0,0,CARD,5000.0,0.0,False,0,CARD,WIN,
P4,42,7,1,MAIN,90.0,90.0,1,0,0,END,0.0,0,END,0.0,0.0,False,0,END,WIN,
P4,42,10,1,MAIN,80.0,90.0,1,1,5,EVOLVE,70500.0,5,EVOLVE,70500.0,0.0,False,5,EVOLVE,WIN,
P4,42,11,1,MAIN,340.0,90.0,1,1,0,ATTACH,39700.0,0,ATTACH,39700.0,0.0,False,0,ATTACH,WIN,
P4,42,12,1,MAIN,340.0,90.0,2,1,1,ATTACK,18104.6,1,ATTACK,18104.6,0.0,False,1,ATTACK,WIN,
P4,42,13,1,TO_HAND,340.0,0.0,2,0,4,CARD,10000.0,4,CARD,10000.0,0.0,False,4,CARD,WIN,
P4,43,0,0,IS_FIRST,0.0,0.0,0,0,1,NO,5000.0,1,NO,5000.0,0.0,False,1,NO,LOSS,
P4,43,2,0,SETUP_ACTIVE_POKEMON,0.0,0.0,0,0,0,CARD,10000.0,0,CARD,10000.0,0.0,False,0,CARD,LOSS,
P4,43,5,0,MAIN,150.0,150.0,0,1,1,ATTACH,39000.0,1,ATTACH,39000.0,0.0,False,1,ATTACH,LOSS,
P4,43,6,0,MAIN,150.0,150.0,1,1,2,ATTACK,18104.2,2,ATTACK,18104.2,0.0,False,2,ATTACK,LOSS,
P4,43,9,0,MAIN,150.0,150.0,1,2,1,ATTACH,39700.0,1,ATTACH,39700.0,0.0,False,1,ATTACH,LOSS,
P4,43,10,0,MAIN,150.0,150.0,2,2,2,ATTACK,18104.2,2,ATTACK,18104.2,0.0,False,2,ATTACK,LOSS,
P4,43,15,0,MAIN,20.0,150.0,2,1,1,ATTACH,40400.0,1,ATTACH,40400.0,0.0,False,1,ATTACH,LOSS,
P4,43,16,0,MAIN,20.0,150.0,3,1,4,ATTACK,18104.3,4,ATTACK,18104.3,0.0,False,4,ATTACK,LOSS,
P4,43,17,0,DISCARD_ENERGY,20.0,20.0,3,1,0,ENERGY,30000.0,0,ENERGY,30000.0,0.0,False,0,ENERGY,LOSS,
P4,43,18,0,DISCARD_ENERGY,20.0,20.0,2,1,0,ENERGY,30000.0,0,ENERGY,30000.0,0.0,False,0,ENERGY,LOSS,
P4,44,1,1,SETUP_ACTIVE_POKEMON,0.0,0.0,0,0,0,CARD,10000.0,0,CARD,10000.0,0.0,False,0,CARD,WIN,
P4,44,4,1,MAIN,90.0,150.0,0,0,0,ATTACH,39000.0,0,ATTACH,39000.0,0.0,False,0,ATTACH,WIN,
P4,44,5,1,MAIN,90.0,150.0,0,0,0,ATTACH,39000.0,0,ATTACH,39000.0,0.0,False,0,ATTACH,WIN,
P4,44,6,1,MAIN,90.0,150.0,1,0,0,PLAY,12000.0,0,PLAY,12000.0,0.0,False,0,PLAY,WIN,
P4,44,7,1,TO_HAND,90.0,150.0,1,0,0,CARD,1000.0,0,CARD,1000.0,0.0,False,0,CARD,WIN,
P4,44,8,1,MAIN,90.0,150.0,1,0,0,PLAY,12000.0,0,PLAY,12000.0,0.0,False,0,PLAY,WIN,
P4,44,9,1,TO_HAND,90.0,150.0,1,0,0,CARD,1000.0,0,CARD,1000.0,0.0,False,0,CARD,WIN,
P4,44,10,1,MAIN,90.0,150.0,1,0,0,PLAY,12000.0,0,PLAY,12000.0,0.0,False,0,PLAY,WIN,
P4,44,11,1,MAIN,90.0,150.0,1,0,0,END,0.0,0,END,0.0,0.0,False,0,END,WIN,
P4,44,14,1,MAIN,90.0,150.0,1,1,0,EVOLVE,70500.0,0,EVOLVE,70500.0,0.0,False,0,EVOLVE,WIN,
P4,44,15,1,MAIN,350.0,150.0,1,1,0,ATTACH,39700.0,0,ATTACH,39700.0,0.0,False,0,ATTACH,WIN,
P4,44,16,1,MAIN,350.0,150.0,2,1,1,ATTACK,18104.6,1,ATTACK,18104.6,0.0,False,1,ATTACK,WIN,
P4,44,17,1,TO_HAND,350.0,0.0,2,0,0,CARD,10000.0,0,CARD,10000.0,0.0,False,0,CARD,WIN,
P4,44,21,1,MAIN,330.0,150.0,2,1,2,ATTACH,40400.0,2,ATTACH,40400.0,0.0,False,2,ATTACH,WIN,
P4,44,22,1,MAIN,330.0,150.0,3,1,3,ATTACK,18104.7,3,ATTACK,18104.7,0.0,False,3,ATTACK,WIN,
P4,44,23,1,TO_HAND,330.0,0.0,3,0,0,CARD,10000.0,0,CARD,10000.0,0.0,False,0,CARD,WIN,
P4,45,0,0,IS_FIRST,0.0,0.0,0,0,1,NO,5000.0,1,NO,5000.0,0.0,False,1,NO,LOSS,
P4,45,1,0,SETUP_ACTIVE_POKEMON,0.0,0.0,0,0,0,CARD,10000.0,0,CARD,10000.0,0.0,False,0,CARD,LOSS,
P4,45,3,0,DRAW_COUNT,0.0,0.0,0,0,1,NUMBER,1.0,1,NUMBER,1.0,0.0,False,1,NUMBER,LOSS,
P4,45,7,0,MAIN,90.0,90.0,0,1,0,ATTACH,39000.0,0,ATTACH,39000.0,0.0,False,0,ATTACH,LOSS,
P4,45,8,0,MAIN,90.0,90.0,1,1,1,ATTACK,18104.4,1,ATTACK,18104.4,0.0,False,1,ATTACK,LOSS,
P4,45,11,0,MAIN,60.0,80.0,1,2,0,ATTACH,39700.0,0,ATTACH,39700.0,0.0,False,0,ATTACH,LOSS,
P4,45,12,0,MAIN,60.0,80.0,2,2,3,ATTACK,18104.5,3,ATTACK,18104.5,0.0,False,3,ATTACK,LOSS,
P4,45,15,0,MAIN,30.0,50.0,2,3,0,ATTACH,40400.0,0,ATTACH,40400.0,0.0,False,0,ATTACH,LOSS,
P4,45,16,0,MAIN,30.0,50.0,3,3,3,ATTACK,18104.5,3,ATTACK,18104.5,0.0,False,3,ATTACK,LOSS,
P4,45,27,0,MAIN,30.0,150.0,3,0,0,ATTACH,41100.0,0,ATTACH,41100.0,0.0,False,0,ATTACH,LOSS,
P4,45,28,0,MAIN,30.0,150.0,4,0,3,ATTACK,18104.5,3,ATTACK,18104.5,0.0,False,3,ATTACK,LOSS,
P4,46,1,1,SETUP_ACTIVE_POKEMON,0.0,0.0,0,0,0,CARD,10000.0,0,CARD,10000.0,0.0,False,0,CARD,LOSS,
P4,46,4,1,MAIN,90.0,90.0,0,0,0,ATTACH,39000.0,0,ATTACH,39000.0,0.0,False,0,ATTACH,LOSS,
P4,46,5,1,MAIN,90.0,90.0,1,0,1,ATTACH,39700.0,1,ATTACH,39700.0,0.0,False,1,ATTACH,LOSS,
P4,46,6,1,MAIN,90.0,90.0,1,0,0,PLAY,12000.0,0,PLAY,12000.0,0.0,False,0,PLAY,LOSS,
P4,46,7,1,TO_HAND,90.0,90.0,1,0,0,CARD,5000.0,0,CARD,5000.0,0.0,False,0,CARD,LOSS,
P4,46,8,1,MAIN,90.0,90.0,1,0,0,END,0.0,0,END,0.0,0.0,False,0,END,LOSS,
P4,46,11,1,MAIN,80.0,90.0,1,1,4,EVOLVE,70500.0,4,EVOLVE,70500.0,0.0,False,4,EVOLVE,LOSS,
P4,46,12,1,MAIN,340.0,90.0,1,1,0,ATTACH,39700.0,0,ATTACH,39700.0,0.0,False,0,ATTACH,LOSS,
P4,46,13,1,MAIN,340.0,90.0,2,1,1,ATTACK,18104.6,1,ATTACK,18104.6,0.0,False,1,ATTACK,LOSS,
P4,46,14,1,TO_HAND,340.0,0.0,2,0,0,CARD,5000.0,0,CARD,5000.0,0.0,False,0,CARD,LOSS,
P4,47,0,0,IS_FIRST,0.0,0.0,0,0,1,NO,5000.0,1,NO,5000.0,0.0,False,1,NO,LOSS,
P4,47,2,0,SETUP_ACTIVE_POKEMON,0.0,0.0,0,0,0,CARD,10000.0,0,CARD,10000.0,0.0,False,0,CARD,LOSS,
P4,47,6,0,MAIN,90.0,90.0,0,1,0,ATTACH,39000.0,0,ATTACH,39000.0,0.0,False,0,ATTACH,LOSS,
P4,47,7,0,MAIN,90.0,90.0,1,1,2,ATTACK,18104.4,2,ATTACK,18104.4,0.0,False,2,ATTACK,LOSS,
P4,48,1,1,SETUP_ACTIVE_POKEMON,0.0,0.0,0,0,0,CARD,10000.0,0,CARD,10000.0,0.0,False,0,CARD,LOSS,
P4,48,3,1,DRAW_COUNT,0.0,0.0,0,0,1,NUMBER,1.0,1,NUMBER,1.0,0.0,False,1,NUMBER,LOSS,
P4,48,4,1,SETUP_BENCH_POKEMON,0.0,0.0,0,0,0,CARD,10000.0,0,CARD,10000.0,0.0,False,0,CARD,LOSS,
P4,48,5,1,MAIN,90.0,90.0,0,0,0,ATTACH,39000.0,0,ATTACH,39000.0,0.0,False,0,ATTACH,LOSS,
P4,48,6,1,MAIN,90.0,90.0,1,0,0,END,0.0,0,END,0.0,0.0,False,0,END,LOSS,
P4,48,10,1,MAIN,80.0,90.0,1,1,0,ATTACH,39700.0,0,ATTACH,39700.0,0.0,False,0,ATTACH,LOSS,
P4,48,11,1,MAIN,80.0,90.0,2,1,2,ATTACK,18104.5,2,ATTACK,18104.5,0.0,False,2,ATTACK,LOSS,
P4,48,14,1,MAIN,50.0,60.0,2,2,0,ATTACH,40400.0,0,ATTACH,40400.0,0.0,False,0,ATTACH,LOSS,
P4,48,15,1,MAIN,50.0,60.0,3,2,3,ATTACK,18104.5,3,ATTACK,18104.5,0.0,False,3,ATTACK,LOSS,
P4,48,20,1,TO_ACTIVE,0.0,290.0,0,3,0,CARD,5000.0,0,CARD,5000.0,0.0,False,0,CARD,LOSS,
P4,48,21,1,MAIN,90.0,290.0,0,3,0,ATTACH,39000.0,0,ATTACH,39000.0,0.0,False,0,ATTACH,LOSS,
P4,48,22,1,MAIN,90.0,290.0,1,3,2,ATTACK,18104.4,2,ATTACK,18104.4,0.0,False,2,ATTACK,LOSS,
P4,49,0,0,IS_FIRST,0.0,0.0,0,0,1,NO,5000.0,1,NO,5000.0,0.0,False,1,NO,LOSS,
P4,49,1,0,SETUP_ACTIVE_POKEMON,0.0,0.0,0,0,0,CARD,10000.0,0,CARD,10000.0,0.0,False,0,CARD,LOSS,
P4,49,3,0,DRAW_COUNT,0.0,0.0,0,0,1,NUMBER,1.0,1,NUMBER,1.0,0.0,False,1,NUMBER,LOSS,
P4,49,8,0,MAIN,90.0,90.0,0,1,2,ATTACH,39000.0,2,ATTACH,39000.0,0.0,False,2,ATTACH,LOSS,
P4,49,9,0,MAIN,90.0,90.0,1,1,3,ATTACK,18104.4,3,ATTACK,18104.4,0.0,False,3,ATTACK,LOSS,
P4,50,1,1,SETUP_ACTIVE_POKEMON,0.0,0.0,0,0,0,CARD,10000.0,0,CARD,10000.0,0.0,False,0,CARD,WIN,
P4,50,3,1,MAIN,90.0,150.0,0,0,1,ATTACH,39000.0,1,ATTACH,39000.0,0.0,False,1,ATTACH,WIN,
P4,50,4,1,MAIN,90.0,150.0,1,0,0,PLAY,12000.0,0,PLAY,12000.0,0.0,False,0,PLAY,WIN,
P4,50,5,1,TO_HAND,90.0,150.0,1,0,0,CARD,5000.0,0,CARD,5000.0,0.0,False,0,CARD,WIN,
P4,50,6,1,MAIN,90.0,150.0,1,0,0,END,0.0,0,END,0.0,0.0,False,0,END,WIN,
P4,50,9,1,MAIN,90.0,150.0,1,1,5,EVOLVE,70500.0,5,EVOLVE,70500.0,0.0,False,5,EVOLVE,WIN,
P4,50,10,1,MAIN,350.0,150.0,1,1,1,ATTACH,39700.0,1,ATTACH,39700.0,0.0,False,1,ATTACH,WIN,
P4,50,11,1,MAIN,350.0,150.0,2,1,2,ATTACK,18104.6,2,ATTACK,18104.6,0.0,False,2,ATTACK,WIN,
P4,50,12,1,TO_HAND,350.0,0.0,2,0,0,CARD,5000.0,0,CARD,5000.0,0.0,False,0,CARD,WIN,
P4,51,0,0,IS_FIRST,0.0,0.0,0,0,1,NO,5000.0,1,NO,5000.0,0.0,False,1,NO,LOSS,
P4,51,2,0,SETUP_ACTIVE_POKEMON,0.0,0.0,0,0,0,CARD,10000.0,0,CARD,10000.0,0.0,False,0,CARD,LOSS,
P4,51,7,0,MAIN,90.0,150.0,0,1,0,ATTACH,39000.0,0,ATTACH,39000.0,0.0,False,0,ATTACH,LOSS,
P4,51,8,0,MAIN,90.0,150.0,1,1,2,ATTACK,18104.4,2,ATTACK,18104.4,0.0,False,2,ATTACK,LOSS,
P4,51,12,0,MAIN,90.0,140.0,1,2,1,ATTACH,39700.0,1,ATTACH,39700.0,0.0,False,1,ATTACH,LOSS,
P4,51,13,0,MAIN,90.0,140.0,2,2,3,ATTACK,18104.5,3,ATTACK,18104.5,0.0,False,3,ATTACK,LOSS,
P4,52,1,1,SETUP_ACTIVE_POKEMON,0.0,0.0,0,0,0,CARD,10000.0,0,CARD,10000.0,0.0,False,0,CARD,LOSS,
P4,52,3,1,DRAW_COUNT,0.0,0.0,0,0,1,NUMBER,1.0,1,NUMBER,1.0,0.0,False,1,NUMBER,LOSS,
P4,52,5,1,MAIN,150.0,90.0,0,0,0,ATTACH,39000.0,0,ATTACH,39000.0,0.0,False,0,ATTACH,LOSS,
P4,52,6,1,MAIN,150.0,90.0,1,0,0,PLAY,12000.0,0,PLAY,12000.0,0.0,False,0,PLAY,LOSS,
P4,52,7,1,TO_HAND,150.0,90.0,1,0,0,CARD,1000.0,0,CARD,1000.0,0.0,False,0,CARD,LOSS,
P4,52,8,1,MAIN,150.0,90.0,1,0,0,END,0.0,0,END,0.0,0.0,False,0,END,LOSS,
P4,52,11,1,MAIN,140.0,90.0,1,1,0,ATTACH,39700.0,0,ATTACH,39700.0,0.0,False,0,ATTACH,LOSS,
P4,52,12,1,MAIN,140.0,90.0,2,1,0,ATTACK,18104.2,0,ATTACK,18104.2,0.0,False,0,ATTACK,LOSS,
P4,53,0,0,IS_FIRST,0.0,0.0,0,0,1,NO,5000.0,1,NO,5000.0,0.0,False,1,NO,WIN,
P4,53,2,0,SETUP_ACTIVE_POKEMON,0.0,0.0,0,0,0,CARD,10000.0,0,CARD,10000.0,0.0,False,0,CARD,WIN,
P4,53,3,0,SETUP_BENCH_POKEMON,0.0,0.0,0,0,0,CARD,10000.0,0,CARD,10000.0,0.0,False,0,CARD,WIN,
P4,53,8,0,MAIN,150.0,150.0,0,1,1,ATTACH,39000.0,1,ATTACH,39000.0,0.0,False,1,ATTACH,WIN,
P4,53,9,0,MAIN,150.0,150.0,0,1,1,ATTACH,39000.0,1,ATTACH,39000.0,0.0,False,1,ATTACH,WIN,
P4,53,10,0,MAIN,150.0,150.0,1,1,3,ATTACK,18104.2,3,ATTACK,18104.2,0.0,False,3,ATTACK,WIN,
P4,53,13,0,MAIN,150.0,150.0,1,2,2,ATTACH,39700.0,2,ATTACH,39700.0,0.0,False,2,ATTACH,WIN,
P4,53,14,0,MAIN,150.0,150.0,2,2,4,ATTACK,18104.2,4,ATTACK,18104.2,0.0,False,4,ATTACK,WIN,
P4,53,19,0,MAIN,20.0,150.0,2,1,4,ATTACH,40400.0,4,ATTACH,40400.0,0.0,False,4,ATTACH,WIN,
P4,53,20,0,MAIN,20.0,150.0,3,1,6,RETREAT,30000.0,5,ATTACK,18104.3,8104.299999999999,True,5,ATTACK,WIN,True
P4,53,21,0,DISCARD_ENERGY,20.0,20.0,3,1,0,ENERGY,30000.0,0,ENERGY,30000.0,0.0,False,0,ENERGY,WIN,
P4,53,22,0,DISCARD_ENERGY,20.0,20.0,2,1,0,ENERGY,30000.0,0,ENERGY,30000.0,0.0,False,0,ENERGY,WIN,
P4,53,26,0,TO_ACTIVE,0.0,20.0,0,2,0,CARD,5000.0,0,CARD,5000.0,0.0,False,0,CARD,WIN,
P4,53,27,0,MAIN,90.0,20.0,0,2,4,EVOLVE,70000.0,4,EVOLVE,73000.0,0.0,False,4,EVOLVE,WIN,
P4,53,28,0,MAIN,350.0,20.0,0,2,0,PLAY,12000.0,0,PLAY,12000.0,0.0,False,0,PLAY,WIN,
P4,53,29,0,TO_HAND,350.0,20.0,0,2,0,CARD,5000.0,0,CARD,5000.0,0.0,False,0,CARD,WIN,
P4,53,30,0,MAIN,350.0,20.0,0,2,0,PLAY,12000.0,0,PLAY,12000.0,0.0,False,0,PLAY,WIN,
P4,53,31,0,TO_HAND,350.0,20.0,0,2,0,CARD,1000.0,0,CARD,1000.0,0.0,False,0,CARD,WIN,
P4,53,32,0,MAIN,350.0,20.0,0,2,0,PLAY,12000.0,0,PLAY,12000.0,0.0,False,0,PLAY,WIN,
P4,53,33,0,MAIN,350.0,20.0,0,2,0,ATTACH,39000.0,0,ATTACH,39000.0,0.0,False,0,ATTACH,WIN,
P4,53,34,0,MAIN,350.0,20.0,1,2,0,END,0.0,0,END,0.0,0.0,False,0,END,WIN,
P4,53,39,0,MAIN,220.0,20.0,1,1,2,ATTACH,39700.0,2,ATTACH,39700.0,0.0,False,2,ATTACH,WIN,
P4,53,40,0,MAIN,220.0,20.0,2,1,3,ATTACK,18104.6,3,ATTACK,68104.6,0.0,False,3,ATTACK,WIN,
P4,53,41,0,TO_HAND,220.0,0.0,2,0,0,CARD,10000.0,0,CARD,10000.0,0.0,False,0,CARD,WIN,
P4,54,1,1,SETUP_ACTIVE_POKEMON,0.0,0.0,0,0,0,CARD,10000.0,0,CARD,10000.0,0.0,False,0,CARD,WIN,
P4,54,4,1,MAIN,150.0,90.0,0,0,0,ATTACH,39000.0,0,ATTACH,39000.0,0.0,False,0,ATTACH,WIN,
P4,54,5,1,MAIN,150.0,90.0,1,0,0,PLAY,12000.0,0,PLAY,12000.0,0.0,False,0,PLAY,WIN,
P4,54,6,1,TO_HAND,150.0,90.0,1,0,0,CARD,5000.0,0,CARD,5000.0,0.0,False,0,CARD,WIN,
P4,54,7,1,MAIN,150.0,90.0,1,0,0,END,0.0,0,END,0.0,0.0,False,0,END,WIN,
P4,54,10,1,MAIN,140.0,90.0,1,1,0,ATTACH,39700.0,0,ATTACH,39700.0,0.0,False,0,ATTACH,WIN,
P4,54,11,1,MAIN,140.0,90.0,2,1,1,ATTACK,18104.2,1,ATTACK,18104.2,0.0,False,1,ATTACK,WIN,
P4,54,14,1,MAIN,110.0,90.0,2,2,0,ATTACH,40400.0,0,ATTACH,40400.0,0.0,False,0,ATTACH,WIN,
P4,54,15,1,MAIN,110.0,90.0,3,2,2,ATTACK,18104.3,2,ATTACK,18104.3,0.0,False,2,ATTACK,WIN,
P4,54,16,1,DISCARD_ENERGY,110.0,0.0,3,2,0,ENERGY,30000.0,0,ENERGY,30000.0,0.0,False,0,ENERGY,WIN,
P4,54,17,1,DISCARD_ENERGY,110.0,0.0,2,2,0,ENERGY,30000.0,0,ENERGY,30000.0,0.0,False,0,ENERGY,WIN,
P4,54,18,1,TO_HAND,110.0,0.0,1,0,3,CARD,10000.0,3,CARD,10000.0,0.0,False,3,CARD,WIN,
P4,54,22,1,MAIN,70.0,150.0,1,1,0,ATTACH,39700.0,0,ATTACH,39700.0,0.0,False,0,ATTACH,WIN,
P4,54,23,1,MAIN,70.0,150.0,2,1,1,ATTACK,18104.2,1,ATTACK,18104.2,0.0,False,1,ATTACK,WIN,
P4,54,27,1,MAIN,70.0,110.0,2,2,0,ATTACH,40400.0,0,ATTACH,40400.0,0.0,False,0,ATTACH,WIN,
P4,54,28,1,MAIN,70.0,110.0,3,2,1,ATTACH,41100.0,1,ATTACH,41100.0,0.0,False,1,ATTACH,WIN,
P4,54,29,1,MAIN,70.0,110.0,3,2,2,ATTACK,18104.3,2,ATTACK,18104.3,0.0,False,2,ATTACK,WIN,
P4,54,30,1,DISCARD_ENERGY,70.0,0.0,3,2,0,ENERGY,30000.0,0,ENERGY,30000.0,0.0,False,0,ENERGY,WIN,
P4,54,31,1,DISCARD_ENERGY,70.0,0.0,2,2,0,ENERGY,30000.0,0,ENERGY,30000.0,0.0,False,0,ENERGY,WIN,
P4,54,32,1,TO_HAND,70.0,0.0,1,0,1,CARD,10000.0,1,CARD,10000.0,0.0,False,1,CARD,WIN,
P4,55,0,0,IS_FIRST,0.0,0.0,0,0,1,NO,5000.0,1,NO,5000.0,0.0,False,1,NO,WIN,
P4,55,2,0,SETUP_ACTIVE_POKEMON,0.0,0.0,0,0,0,CARD,10000.0,0,CARD,10000.0,0.0,False,0,CARD,WIN,
P4,55,3,0,SETUP_BENCH_POKEMON,0.0,0.0,0,0,0,CARD,10000.0,0,CARD,10000.0,0.0,False,0,CARD,WIN,
P4,55,7,0,MAIN,90.0,150.0,0,1,0,ATTACH,39000.0,0,ATTACH,39000.0,0.0,False,0,ATTACH,WIN,
P4,55,8,0,MAIN,90.0,150.0,1,1,1,ATTACK,18104.4,1,ATTACK,18104.4,0.0,False,1,ATTACK,WIN,
P4,55,11,0,MAIN,90.0,140.0,1,2,4,EVOLVE,70500.0,4,EVOLVE,73500.0,0.0,False,4,EVOLVE,WIN,
P4,55,12,0,MAIN,350.0,140.0,1,2,0,ATTACH,39700.0,0,ATTACH,39700.0,0.0,False,0,ATTACH,WIN,
P4,55,13,0,MAIN,350.0,140.0,2,2,1,ATTACK,18104.6,1,ATTACK,18104.6,0.0,False,1,ATTACK,WIN,
P4,55,14,0,TO_HAND,350.0,0.0,2,0,0,CARD,5000.0,0,CARD,5000.0,0.0,False,0,CARD,WIN,
P4,55,18,0,MAIN,340.0,90.0,2,1,0,ATTACH,40400.0,0,ATTACH,40400.0,0.0,False,0,ATTACH,WIN,
P4,55,19,0,MAIN,340.0,90.0,3,1,4,ATTACK,18104.7,4,ATTACK,18104.7,0.0,False,4,ATTACK,WIN,
P4,55,20,0,TO_HAND,340.0,0.0,3,0,3,CARD,10000.0,3,CARD,10000.0,0.0,False,3,CARD,WIN,
P4,56,1,1,SETUP_ACTIVE_POKEMON,0.0,0.0,0,0,0,CARD,10000.0,0,CARD,10000.0,0.0,False,0,CARD,WIN,
P4,56,3,1,MAIN,150.0,150.0,0,0,0,ATTACH,39000.0,0,ATTACH,39000.0,0.0,False,0,ATTACH,WIN,
P4,56,4,1,MAIN,150.0,150.0,1,0,0,PLAY,12000.0,0,PLAY,12000.0,0.0,False,0,PLAY,WIN,
P4,56,5,1,TO_HAND,150.0,150.0,1,0,0,CARD,1000.0,0,CARD,1000.0,0.0,False,0,CARD,WIN,
P4,56,6,1,MAIN,150.0,150.0,1,0,0,END,0.0,0,END,0.0,0.0,False,0,END,WIN,
P4,56,9,1,MAIN,150.0,150.0,1,1,0,ATTACH,39700.0,0,ATTACH,39700.0,0.0,False,0,ATTACH,WIN,
P4,56,10,1,MAIN,150.0,150.0,2,1,0,ATTACK,18104.2,0,ATTACK,18104.2,0.0,False,0,ATTACK,WIN,
P4,56,13,1,MAIN,150.0,150.0,2,2,0,ATTACH,40400.0,0,ATTACH,40400.0,0.0,False,0,ATTACH,WIN,
P4,56,14,1,MAIN,150.0,150.0,3,2,1,ATTACK,18104.3,1,ATTACK,18104.3,0.0,False,1,ATTACK,WIN,
P4,56,15,1,DISCARD_ENERGY,150.0,20.0,3,2,0,ENERGY,30000.0,0,ENERGY,30000.0,0.0,False,0,ENERGY,WIN,
P4,56,16,1,DISCARD_ENERGY,150.0,20.0,2,2,0,ENERGY,30000.0,0,ENERGY,30000.0,0.0,False,0,ENERGY,WIN,
P4,56,21,1,MAIN,20.0,20.0,1,1,0,ATTACH,39700.0,3,ATTACK,68104.2,28404.199999999997,True,3,ATTACK,WIN,True
P4,56,22,1,TO_HAND,20.0,0.0,1,0,0,CARD,10000.0,0,CARD,10000.0,0.0,False,0,CARD,WIN,
P4,57,0,0,IS_FIRST,0.0,0.0,0,0,1,NO,5000.0,1,NO,5000.0,0.0,False,1,NO,LOSS,
P4,57,2,0,SETUP_ACTIVE_POKEMON,0.0,0.0,0,0,0,CARD,10000.0,0,CARD,10000.0,0.0,False,0,CARD,LOSS,
P4,57,5,0,SETUP_BENCH_POKEMON,0.0,0.0,0,0,0,CARD,10000.0,0,CARD,10000.0,0.0,False,0,CARD,LOSS,
P4,57,11,0,MAIN,90.0,150.0,0,1,1,ATTACH,39000.0,1,ATTACH,39000.0,0.0,False,1,ATTACH,LOSS,
P4,57,12,0,MAIN,90.0,150.0,1,1,1,ATTACK,18104.4,1,ATTACK,18104.4,0.0,False,1,ATTACK,LOSS,
P4,57,16,0,MAIN,90.0,140.0,1,2,1,ATTACH,39700.0,1,ATTACH,39700.0,0.0,False,1,ATTACH,LOSS,
P4,57,17,0,MAIN,90.0,140.0,2,2,3,ATTACK,18104.5,3,ATTACK,18104.5,0.0,False,3,ATTACK,LOSS,
P4,57,23,0,TO_ACTIVE,0.0,110.0,0,1,0,CARD,5000.0,0,CARD,5000.0,0.0,False,0,CARD,LOSS,
P4,57,24,0,MAIN,90.0,110.0,0,1,1,ATTACH,39000.0,1,ATTACH,39000.0,0.0,False,1,ATTACH,LOSS,
P4,57,25,0,MAIN,90.0,110.0,1,1,2,ATTACK,18104.4,2,ATTACK,18104.4,0.0,False,2,ATTACK,LOSS,
P4,57,28,0,MAIN,50.0,100.0,1,2,1,ATTACH,39700.0,1,ATTACH,39700.0,0.0,False,1,ATTACH,LOSS,
P4,57,29,0,MAIN,50.0,100.0,2,2,3,ATTACK,18104.5,3,ATTACK,18104.5,0.0,False,3,ATTACK,LOSS,
P4,58,1,1,SETUP_ACTIVE_POKEMON,0.0,0.0,0,0,0,CARD,10000.0,0,CARD,10000.0,0.0,False,0,CARD,WIN,
P4,58,3,1,MAIN,90.0,150.0,0,0,1,ATTACH,39000.0,1,ATTACH,39000.0,0.0,False,1,ATTACH,WIN,
P4,58,4,1,MAIN,90.0,150.0,1,0,0,PLAY,12000.0,0,PLAY,12000.0,0.0,False,0,PLAY,WIN,
P4,58,5,1,TO_HAND,90.0,150.0,1,0,0,CARD,5000.0,0,CARD,5000.0,0.0,False,0,CARD,WIN,
P4,58,6,1,MAIN,90.0,150.0,1,0,0,PLAY,12000.0,0,PLAY,12000.0,0.0,False,0,PLAY,WIN,
P4,58,7,1,TO_HAND,90.0,150.0,1,0,0,CARD,1000.0,0,CARD,1000.0,0.0,False,0,CARD,WIN,
P4,58,8,1,MAIN,90.0,150.0,1,0,0,END,0.0,0,END,0.0,0.0,False,0,END,WIN,
P4,58,11,1,MAIN,90.0,150.0,1,1,4,EVOLVE,70500.0,4,EVOLVE,70500.0,0.0,False,4,EVOLVE,WIN,
P4,58,12,1,MAIN,350.0,150.0,1,1,0,ATTACH,39700.0,0,ATTACH,39700.0,0.0,False,0,ATTACH,WIN,
P4,58,13,1,MAIN,350.0,150.0,2,1,1,ATTACH,40400.0,1,ATTACH,40400.0,0.0,False,1,ATTACH,WIN,
P4,58,14,1,MAIN,350.0,150.0,2,1,1,ATTACK,18104.6,1,ATTACK,18104.6,0.0,False,1,ATTACK,WIN,
P4,58,15,1,TO_HAND,350.0,0.0,2,0,3,CARD,10000.0,3,CARD,10000.0,0.0,False,3,CARD,WIN,
P4,59,0,0,IS_FIRST,0.0,0.0,0,0,1,NO,5000.0,1,NO,5000.0,0.0,False,1,NO,WIN,
P4,59,2,0,SETUP_ACTIVE_POKEMON,0.0,0.0,0,0,0,CARD,10000.0,0,CARD,10000.0,0.0,False,0,CARD,WIN,
P4,59,5,0,MAIN,150.0,90.0,0,1,1,ATTACH,39000.0,1,ATTACH,39000.0,0.0,False,1,ATTACH,WIN,
P4,59,6,0,MAIN,150.0,90.0,1,1,4,ATTACK,18104.2,4,ATTACK,18104.2,0.0,False,4,ATTACK,WIN,
P4,59,9,0,MAIN,120.0,90.0,1,2,2,ATTACH,39700.0,2,ATTACH,39700.0,0.0,False,2,ATTACH,WIN,
P4,59,10,0,MAIN,120.0,90.0,2,2,4,ATTACK,18104.2,4,ATTACK,18104.2,0.0,False,4,ATTACK,WIN,
P4,59,13,0,MAIN,90.0,90.0,2,3,2,ATTACH,40400.0,2,ATTACH,40400.0,0.0,False,2,ATTACH,WIN,
P4,59,14,0,MAIN,90.0,90.0,3,3,5,ATTACK,18104.3,5,ATTACK,18104.3,0.0,False,5,ATTACK,WIN,
P4,59,15,0,DISCARD_ENERGY,90.0,0.0,3,3,0,ENERGY,30000.0,0,ENERGY,30000.0,0.0,False,0,ENERGY,WIN,
P4,59,16,0,DISCARD_ENERGY,90.0,0.0,2,3,0,ENERGY,30000.0,0,ENERGY,30000.0,0.0,False,0,ENERGY,WIN,
P4,59,17,0,TO_HAND,90.0,0.0,1,0,0,CARD,5000.0,0,CARD,5000.0,0.0,False,0,CARD,WIN,
P4,60,1,1,SETUP_ACTIVE_POKEMON,0.0,0.0,0,0,0,CARD,10000.0,0,CARD,10000.0,0.0,False,0,CARD,WIN,
P4,60,3,1,DRAW_COUNT,0.0,0.0,0,0,1,NUMBER,1.0,1,NUMBER,1.0,0.0,False,1,NUMBER,WIN,
P4,60,4,1,SETUP_BENCH_POKEMON,0.0,0.0,0,0,0,CARD,10000.0,0,CARD,10000.0,0.0,False,0,CARD,WIN,
P4,60,5,1,MAIN,90.0,90.0,0,0,0,ATTACH,39000.0,0,ATTACH,39000.0,0.0,False,0,ATTACH,WIN,
P4,60,6,1,MAIN,90.0,90.0,1,0,0,PLAY,12000.0,0,PLAY,12000.0,0.0,False,0,PLAY,WIN,
P4,60,7,1,TO_HAND,90.0,90.0,1,0,0,CARD,1000.0,0,CARD,1000.0,0.0,False,0,CARD,WIN,
P4,60,8,1,MAIN,90.0,90.0,1,0,0,END,0.0,0,END,0.0,0.0,False,0,END,WIN,
P4,60,11,1,MAIN,80.0,90.0,1,1,9,EVOLVE,70500.0,9,EVOLVE,70500.0,0.0,False,9,EVOLVE,WIN,
P4,60,12,1,MAIN,340.0,90.0,1,1,0,ATTACH,39700.0,0,ATTACH,39700.0,0.0,False,0,ATTACH,WIN,
P4,60,13,1,MAIN,340.0,90.0,2,1,1,ATTACK,18104.6,1,ATTACK,18104.6,0.0,False,1,ATTACK,WIN,
P4,60,14,1,TO_HAND,340.0,0.0,2,0,0,CARD,5000.0,0,CARD,5000.0,0.0,False,0,CARD,WIN,
P4,61,0,0,IS_FIRST,0.0,0.0,0,0,1,NO,5000.0,1,NO,5000.0,0.0,False,1,NO,LOSS,
P4,61,2,0,SETUP_ACTIVE_POKEMON,0.0,0.0,0,0,0,CARD,10000.0,0,CARD,10000.0,0.0,False,0,CARD,LOSS,
P4,61,6,0,MAIN,150.0,90.0,0,1,0,ATTACH,39000.0,0,ATTACH,39000.0,0.0,False,0,ATTACH,LOSS,
P4,61,7,0,MAIN,150.0,90.0,1,1,2,ATTACH,39700.0,2,ATTACH,39700.0,0.0,False,2,ATTACH,LOSS,
P4,61,8,0,MAIN,150.0,90.0,1,1,2,ATTACK,18104.2,2,ATTACK,18104.2,0.0,False,2,ATTACK,LOSS,
P4,62,1,1,SETUP_ACTIVE_POKEMON,0.0,0.0,0,0,0,CARD,10000.0,0,CARD,10000.0,0.0,False,0,CARD,WIN,
P4,62,3,1,DRAW_COUNT,0.0,0.0,0,0,1,NUMBER,1.0,1,NUMBER,1.0,0.0,False,1,NUMBER,WIN,
P4,62,4,1,SETUP_BENCH_POKEMON,0.0,0.0,0,0,0,CARD,10000.0,0,CARD,10000.0,0.0,False,0,CARD,WIN,
P4,62,5,1,MAIN,150.0,150.0,0,0,0,ATTACH,39000.0,0,ATTACH,39000.0,0.0,False,0,ATTACH,WIN,
P4,62,6,1,MAIN,150.0,150.0,1,0,0,PLAY,12000.0,0,PLAY,12000.0,0.0,False,0,PLAY,WIN,
P4,62,7,1,TO_HAND,150.0,150.0,1,0,0,CARD,1000.0,0,CARD,1000.0,0.0,False,0,CARD,WIN,
P4,62,8,1,MAIN,150.0,150.0,1,0,0,END,0.0,0,END,0.0,0.0,False,0,END,WIN,
P4,62,11,1,MAIN,150.0,150.0,1,1,0,ATTACH,39700.0,0,ATTACH,39700.0,0.0,False,0,ATTACH,WIN,
P4,62,12,1,MAIN,150.0,150.0,2,1,1,ATTACK,18104.2,1,ATTACK,18104.2,0.0,False,1,ATTACK,WIN,
P4,62,15,1,MAIN,150.0,150.0,2,2,1,ATTACH,40400.0,1,ATTACH,40400.0,0.0,False,1,ATTACH,WIN,
P4,62,16,1,MAIN,150.0,150.0,3,2,2,ATTACK,18104.3,2,ATTACK,18104.3,0.0,False,2,ATTACK,WIN,
P4,62,17,1,DISCARD_ENERGY,150.0,20.0,3,2,0,ENERGY,30000.0,0,ENERGY,30000.0,0.0,False,0,ENERGY,WIN,
P4,62,18,1,DISCARD_ENERGY,150.0,20.0,2,2,0,ENERGY,30000.0,0,ENERGY,30000.0,0.0,False,0,ENERGY,WIN,
P4,62,23,1,MAIN,20.0,20.0,1,1,1,ATTACH,39700.0,9,ATTACK,68104.2,28404.199999999997,True,9,ATTACK,WIN,True
P4,62,24,1,TO_HAND,20.0,0.0,1,0,1,CARD,10000.0,1,CARD,10000.0,0.0,False,1,CARD,WIN,
P4,63,0,0,IS_FIRST,0.0,0.0,0,0,1,NO,5000.0,1,NO,5000.0,0.0,False,1,NO,WIN,
P4,63,1,0,SETUP_ACTIVE_POKEMON,0.0,0.0,0,0,0,CARD,10000.0,0,CARD,10000.0,0.0,False,0,CARD,WIN,
P4,63,3,0,DRAW_COUNT,0.0,0.0,0,0,1,NUMBER,1.0,1,NUMBER,1.0,0.0,False,1,NUMBER,WIN,
P4,63,4,0,SETUP_BENCH_POKEMON,0.0,0.0,0,0,0,CARD,10000.0,0,CARD,10000.0,0.0,False,0,CARD,WIN,
P4,63,9,0,MAIN,90.0,90.0,0,1,0,ATTACH,39000.0,0,ATTACH,39000.0,0.0,False,0,ATTACH,WIN,
P4,63,10,0,MAIN,90.0,90.0,1,1,4,ATTACK,18104.4,4,ATTACK,18104.4,0.0,False,4,ATTACK,WIN,
P4,63,15,0,TO_ACTIVE,0.0,340.0,0,2,0,CARD,5000.0,0,CARD,5000.0,0.0,False,0,CARD,WIN,
P4,63,16,0,MAIN,90.0,340.0,0,2,3,EVOLVE,70000.0,3,EVOLVE,73000.0,0.0,False,3,EVOLVE,WIN,
P4,63,17,0,MAIN,350.0,340.0,0,2,3,ATTACH,39000.0,3,ATTACH,39000.0,0.0,False,3,ATTACH,WIN,
P4,63,18,0,MAIN,350.0,340.0,1,2,0,PLAY,12000.0,0,PLAY,12000.0,0.0,False,0,PLAY,WIN,
P4,63,19,0,TO_HAND,350.0,340.0,1,2,0,CARD,1000.0,0,CARD,1000.0,0.0,False,0,CARD,WIN,
P4,63,20,0,MAIN,350.0,340.0,1,2,0,PLAY,12000.0,0,PLAY,12000.0,0.0,False,0,PLAY,WIN,
P4,63,21,0,TO_HAND,350.0,340.0,1,2,0,CARD,1000.0,0,CARD,1000.0,0.0,False,0,CARD,WIN,
P4,63,22,0,MAIN,350.0,340.0,1,2,0,END,0.0,0,END,0.0,0.0,False,0,END,WIN,
P4,63,25,0,MAIN,150.0,340.0,1,3,3,ATTACH,39700.0,3,ATTACH,39700.0,0.0,False,3,ATTACH,WIN,
P4,63,26,0,MAIN,150.0,340.0,2,3,3,ATTACK,18104.6,3,ATTACK,18104.6,0.0,False,3,ATTACK,WIN,
P4,63,27,0,TO_HAND,150.0,0.0,2,0,3,CARD,10000.0,3,CARD,10000.0,0.0,False,3,CARD,WIN,
P4,64,1,1,SETUP_ACTIVE_POKEMON,0.0,0.0,0,0,0,CARD,10000.0,0,CARD,10000.0,0.0,False,0,CARD,WIN,
P4,64,3,1,MAIN,150.0,150.0,0,0,0,ATTACH,39000.0,0,ATTACH,39000.0,0.0,False,0,ATTACH,WIN,
P4,64,4,1,MAIN,150.0,150.0,1,0,0,END,0.0,0,END,0.0,0.0,False,0,END,WIN,
P4,64,7,1,MAIN,150.0,150.0,1,1,1,ATTACH,39700.0,1,ATTACH,39700.0,0.0,False,1,ATTACH,WIN,
P4,64,8,1,MAIN,150.0,150.0,2,1,2,ATTACK,18104.2,2,ATTACK,18104.2,0.0,False,2,ATTACK,WIN,
P4,64,11,1,MAIN,150.0,150.0,2,2,1,ATTACH,40400.0,1,ATTACH,40400.0,0.0,False,1,ATTACH,WIN,
P4,64,12,1,MAIN,150.0,150.0,3,2,4,ATTACK,18104.3,4,ATTACK,18104.3,0.0,False,4,ATTACK,WIN,
P4,64,13,1,DISCARD_ENERGY,150.0,20.0,3,2,0,ENERGY,30000.0,0,ENERGY,30000.0,0.0,False,0,ENERGY,WIN,
P4,64,14,1,DISCARD_ENERGY,150.0,20.0,2,2,0,ENERGY,30000.0,0,ENERGY,30000.0,0.0,False,0,ENERGY,WIN,
P4,64,19,1,MAIN,20.0,20.0,1,1,1,ATTACH,39700.0,6,ATTACK,68104.2,28404.199999999997,True,6,ATTACK,WIN,True
P4,64,20,1,TO_HAND,20.0,0.0,1,0,2,CARD,10000.0,2,CARD,10000.0,0.0,False,2,CARD,WIN,
P4,65,0,0,IS_FIRST,0.0,0.0,0,0,1,NO,5000.0,1,NO,5000.0,0.0,False,1,NO,LOSS,
P4,65,2,0,SETUP_ACTIVE_POKEMON,0.0,0.0,0,0,0,CARD,10000.0,0,CARD,10000.0,0.0,False,0,CARD,LOSS,
P4,65,3,0,SETUP_BENCH_POKEMON,0.0,0.0,0,0,0,CARD,10000.0,0,CARD,10000.0,0.0,False,0,CARD,LOSS,
P4,65,6,0,MAIN,90.0,90.0,0,1,1,ATTACH,39000.0,1,ATTACH,39000.0,0.0,False,1,ATTACH,LOSS,
P4,65,7,0,MAIN,90.0,90.0,1,1,2,ATTACK,18104.4,2,ATTACK,18104.4,0.0,False,2,ATTACK,LOSS,
P4,65,12,0,TO_ACTIVE,0.0,340.0,0,2,0,CARD,5000.0,0,CARD,5000.0,0.0,False,0,CARD,LOSS,
P4,65,13,0,MAIN,150.0,340.0,0,2,2,ATTACH,39000.0,2,ATTACH,39000.0,0.0,False,2,ATTACH,LOSS,
P4,65,14,0,MAIN,150.0,340.0,1,2,2,ATTACK,18104.2,2,ATTACK,18104.2,0.0,False,2,ATTACK,LOSS,
P4,66,1,1,SETUP_ACTIVE_POKEMON,0.0,0.0,0,0,0,CARD,10000.0,0,CARD,10000.0,0.0,False,0,CARD,WIN,
P4,66,3,1,SETUP_BENCH_POKEMON,0.0,0.0,0,0,0,CARD,10000.0,0,CARD,10000.0,0.0,False,0,CARD,WIN,
P4,66,4,1,MAIN,90.0,90.0,0,0,0,ATTACH,39000.0,0,ATTACH,39000.0,0.0,False,0,ATTACH,WIN,
P4,66,5,1,MAIN,90.0,90.0,1,0,0,END,0.0,0,END,0.0,0.0,False,0,END,WIN,
P4,66,9,1,MAIN,80.0,90.0,1,1,1,EVOLVE,70500.0,1,EVOLVE,70500.0,0.0,False,1,EVOLVE,WIN,
P4,66,10,1,MAIN,340.0,90.0,1,1,1,ATTACH,39700.0,1,ATTACH,39700.0,0.0,False,1,ATTACH,WIN,
P4,66,11,1,MAIN,340.0,90.0,2,1,1,ATTACK,18104.6,1,ATTACK,18104.6,0.0,False,1,ATTACK,WIN,
P4,66,12,1,TO_HAND,340.0,0.0,2,0,0,CARD,5000.0,0,CARD,5000.0,0.0,False,0,CARD,WIN,
P4,67,0,0,IS_FIRST,0.0,0.0,0,0,1,NO,5000.0,1,NO,5000.0,0.0,False,1,NO,LOSS,
P4,67,2,0,SETUP_ACTIVE_POKEMON,0.0,0.0,0,0,0,CARD,10000.0,0,CARD,10000.0,0.0,False,0,CARD,LOSS,
P4,67,4,0,SETUP_BENCH_POKEMON,0.0,0.0,0,0,0,CARD,10000.0,0,CARD,10000.0,0.0,False,0,CARD,LOSS,
P4,67,9,0,MAIN,150.0,150.0,0,1,0,ATTACH,39000.0,0,ATTACH,39000.0,0.0,False,0,ATTACH,LOSS,
P4,67,10,0,MAIN,150.0,150.0,1,1,1,ATTACK,18104.2,1,ATTACK,18104.2,0.0,False,1,ATTACK,LOSS,
P4,67,13,0,MAIN,150.0,150.0,1,2,1,ATTACH,39700.0,1,ATTACH,39700.0,0.0,False,1,ATTACH,LOSS,
P4,67,14,0,MAIN,150.0,150.0,2,2,1,ATTACH,40400.0,1,ATTACH,40400.0,0.0,False,1,ATTACH,LOSS,
P4,67,15,0,MAIN,150.0,150.0,2,2,1,ATTACK,18104.2,1,ATTACK,18104.2,0.0,False,1,ATTACK,LOSS,
P4,67,20,0,MAIN,20.0,150.0,2,1,1,ATTACH,40400.0,1,ATTACH,40400.0,0.0,False,1,ATTACH,LOSS,
P4,67,21,0,MAIN,20.0,150.0,3,1,4,RETREAT,30000.0,3,ATTACK,18104.3,8104.299999999999,True,3,ATTACK,LOSS,False
P4,67,22,0,DISCARD_ENERGY,20.0,20.0,3,1,0,ENERGY,30000.0,0,ENERGY,30000.0,0.0,False,0,ENERGY,LOSS,
P4,67,23,0,DISCARD_ENERGY,20.0,20.0,2,1,0,ENERGY,30000.0,0,ENERGY,30000.0,0.0,False,0,ENERGY,LOSS,
P4,67,27,0,TO_ACTIVE,0.0,20.0,0,2,0,CARD,5000.0,0,CARD,5000.0,0.0,False,0,CARD,LOSS,
P4,67,28,0,MAIN,90.0,20.0,0,2,1,ATTACH,39000.0,1,ATTACH,39000.0,0.0,False,1,ATTACH,LOSS,
P4,67,29,0,MAIN,90.0,20.0,1,2,2,ATTACK,18104.4,2,ATTACK,68104.4,0.0,False,2,ATTACK,LOSS,
P4,68,1,1,SETUP_ACTIVE_POKEMON,0.0,0.0,0,0,0,CARD,10000.0,0,CARD,10000.0,0.0,False,0,CARD,WIN,
P4,68,4,1,MAIN,150.0,90.0,0,0,0,ATTACH,39000.0,0,ATTACH,39000.0,0.0,False,0,ATTACH,WIN,
P4,68,5,1,MAIN,150.0,90.0,1,0,0,END,0.0,0,END,0.0,0.0,False,0,END,WIN,
P4,68,8,1,MAIN,140.0,90.0,1,1,1,ATTACH,39700.0,1,ATTACH,39700.0,0.0,False,1,ATTACH,WIN,
P4,68,9,1,MAIN,140.0,90.0,2,1,3,ATTACK,18104.2,3,ATTACK,18104.2,0.0,False,3,ATTACK,WIN,
P4,68,12,1,MAIN,110.0,90.0,2,2,1,ATTACH,40400.0,1,ATTACH,40400.0,0.0,False,1,ATTACH,WIN,
P4,68,13,1,MAIN,110.0,90.0,3,2,4,ATTACK,18104.3,4,ATTACK,18104.3,0.0,False,4,ATTACK,WIN,
P4,68,14,1,DISCARD_ENERGY,110.0,0.0,3,2,0,ENERGY,30000.0,0,ENERGY,30000.0,0.0,False,0,ENERGY,WIN,
P4,68,15,1,DISCARD_ENERGY,110.0,0.0,2,2,0,ENERGY,30000.0,0,ENERGY,30000.0,0.0,False,0,ENERGY,WIN,
P4,68,16,1,TO_HAND,110.0,0.0,1,0,0,CARD,5000.0,0,CARD,5000.0,0.0,False,0,CARD,WIN,
P4,68,20,1,MAIN,70.0,150.0,1,1,2,ATTACH,39700.0,2,ATTACH,39700.0,0.0,False,2,ATTACH,WIN,
P4,68,21,1,MAIN,70.0,150.0,2,1,3,ATTACK,18104.2,3,ATTACK,18104.2,0.0,False,3,ATTACK,WIN,
P4,68,24,1,MAIN,70.0,110.0,2,2,2,ATTACH,40400.0,2,ATTACH,40400.0,0.0,False,2,ATTACH,WIN,
P4,68,25,1,MAIN,70.0,110.0,3,2,4,ATTACK,18104.3,4,ATTACK,18104.3,0.0,False,4,ATTACK,WIN,
P4,68,26,1,DISCARD_ENERGY,70.0,0.0,3,2,0,ENERGY,30000.0,0,ENERGY,30000.0,0.0,False,0,ENERGY,WIN,
P4,68,27,1,DISCARD_ENERGY,70.0,0.0,2,2,0,ENERGY,30000.0,0,ENERGY,30000.0,0.0,False,0,ENERGY,WIN,
P4,68,28,1,TO_HAND,70.0,0.0,1,0,0,CARD,5000.0,0,CARD,5000.0,0.0,False,0,CARD,WIN,
P4,69,0,0,IS_FIRST,0.0,0.0,0,0,1,NO,5000.0,1,NO,5000.0,0.0,False,1,NO,LOSS,
P4,69,1,0,SETUP_ACTIVE_POKEMON,0.0,0.0,0,0,0,CARD,10000.0,0,CARD,10000.0,0.0,False,0,CARD,LOSS,
P4,69,3,0,DRAW_COUNT,0.0,0.0,0,0,1,NUMBER,1.0,1,NUMBER,1.0,0.0,False,1,NUMBER,LOSS,
P4,69,6,0,MAIN,150.0,90.0,0,1,1,ATTACH,39000.0,1,ATTACH,39000.0,0.0,False,1,ATTACH,LOSS,
P4,69,7,0,MAIN,150.0,90.0,1,1,1,ATTACH,39700.0,1,ATTACH,39700.0,0.0,False,1,ATTACH,LOSS,
P4,69,8,0,MAIN,150.0,90.0,1,1,1,ATTACK,18104.2,1,ATTACK,18104.2,0.0,False,1,ATTACK,LOSS,
P4,70,1,1,SETUP_ACTIVE_POKEMON,0.0,0.0,0,0,0,CARD,10000.0,0,CARD,10000.0,0.0,False,0,CARD,LOSS,
P4,70,3,1,SETUP_BENCH_POKEMON,0.0,0.0,0,0,0,CARD,10000.0,0,CARD,10000.0,0.0,False,0,CARD,LOSS,
P4,70,4,1,MAIN,90.0,90.0,0,0,0,ATTACH,39000.0,0,ATTACH,39000.0,0.0,False,0,ATTACH,LOSS,
P4,70,5,1,MAIN,90.0,90.0,1,0,0,END,0.0,0,END,0.0,0.0,False,0,END,LOSS,
P4,70,8,1,MAIN,80.0,90.0,1,1,0,ATTACH,39700.0,0,ATTACH,39700.0,0.0,False,0,ATTACH,LOSS,
P4,70,9,1,MAIN,80.0,90.0,2,1,2,ATTACK,18104.5,2,ATTACK,18104.5,0.0,False,2,ATTACK,LOSS,
P4,70,14,1,TO_ACTIVE,0.0,320.0,0,2,0,CARD,5000.0,0,CARD,5000.0,0.0,False,0,CARD,LOSS,
P4,70,15,1,MAIN,90.0,320.0,0,2,0,ATTACH,39000.0,0,ATTACH,39000.0,0.0,False,0,ATTACH,LOSS,
P4,70,16,1,MAIN,90.0,320.0,1,2,2,ATTACK,18104.4,2,ATTACK,18104.4,0.0,False,2,ATTACK,LOSS,
P4,71,0,0,IS_FIRST,0.0,0.0,0,0,1,NO,5000.0,1,NO,5000.0,0.0,False,1,NO,WIN,
P4,71,2,0,SETUP_ACTIVE_POKEMON,0.0,0.0,0,0,0,CARD,10000.0,0,CARD,10000.0,0.0,False,0,CARD,WIN,
P4,71,5,0,MAIN,90.0,150.0,0,1,0,ATTACH,39000.0,0,ATTACH,39000.0,0.0,False,0,ATTACH,WIN,
P4,71,6,0,MAIN,90.0,150.0,1,1,1,ATTACK,18104.4,1,ATTACK,18104.4,0.0,False,1,ATTACK,WIN,
P4,71,9,0,MAIN,90.0,140.0,1,2,0,EVOLVE,70500.0,0,EVOLVE,73500.0,0.0,False,0,EVOLVE,WIN,
P4,71,10,0,MAIN,350.0,140.0,1,2,0,ATTACH,39700.0,0,ATTACH,39700.0,0.0,False,0,ATTACH,WIN,
P4,71,11,0,MAIN,350.0,140.0,2,2,2,ATTACK,18104.6,2,ATTACK,18104.6,0.0,False,2,ATTACK,WIN,
P4,71,12,0,TO_HAND,350.0,0.0,2,0,3,CARD,10000.0,3,CARD,10000.0,0.0,False,3,CARD,WIN,
P4,72,1,1,SETUP_ACTIVE_POKEMON,0.0,0.0,0,0,0,CARD,10000.0,0,CARD,10000.0,0.0,False,0,CARD,WIN,
P4,72,3,1,DRAW_COUNT,0.0,0.0,0,0,1,NUMBER,1.0,1,NUMBER,1.0,0.0,False,1,NUMBER,WIN,
P4,72,4,1,MAIN,90.0,90.0,0,0,0,ATTACH,39000.0,0,ATTACH,39000.0,0.0,False,0,ATTACH,WIN,
P4,72,5,1,MAIN,90.0,90.0,1,0,0,PLAY,12000.0,0,PLAY,12000.0,0.0,False,0,PLAY,WIN,
P4,72,6,1,TO_HAND,90.0,90.0,1,0,0,CARD,1000.0,0,CARD,1000.0,0.0,False,0,CARD,WIN,
P4,72,7,1,MAIN,90.0,90.0,1,0,0,END,0.0,0,END,0.0,0.0,False,0,END,WIN,
P4,72,10,1,MAIN,80.0,90.0,1,1,3,EVOLVE,70500.0,3,EVOLVE,70500.0,0.0,False,3,EVOLVE,WIN,
P4,72,11,1,MAIN,340.0,90.0,1,1,0,ATTACH,39700.0,0,ATTACH,39700.0,0.0,False,0,ATTACH,WIN,
P4,72,12,1,MAIN,340.0,90.0,2,1,1,ATTACK,18104.6,1,ATTACK,18104.6,0.0,False,1,ATTACK,WIN,
P4,72,13,1,TO_HAND,340.0,0.0,2,0,4,CARD,10000.0,4,CARD,10000.0,0.0,False,4,CARD,WIN,
P4,73,0,0,IS_FIRST,0.0,0.0,0,0,1,NO,5000.0,1,NO,5000.0,0.0,False,1,NO,LOSS,
P4,73,2,0,SETUP_ACTIVE_POKEMON,0.0,0.0,0,0,0,CARD,10000.0,0,CARD,10000.0,0.0,False,0,CARD,LOSS,
P4,73,7,0,MAIN,90.0,90.0,0,1,1,ATTACH,39000.0,1,ATTACH,39000.0,0.0,False,1,ATTACH,LOSS,
P4,73,8,0,MAIN,90.0,90.0,1,1,2,ATTACK,18104.4,2,ATTACK,18104.4,0.0,False,2,ATTACK,LOSS,
P4,74,2,1,SETUP_ACTIVE_POKEMON,0.0,0.0,0,0,0,CARD,10000.0,0,CARD,10000.0,0.0,False,0,CARD,WIN,
P4,74,4,1,SETUP_BENCH_POKEMON,0.0,0.0,0,0,0,CARD,10000.0,0,CARD,10000.0,0.0,False,0,CARD,WIN,
P4,74,5,1,MAIN,90.0,150.0,0,0,1,ATTACH,39000.0,1,ATTACH,39000.0,0.0,False,1,ATTACH,WIN,
P4,74,6,1,MAIN,90.0,150.0,1,0,1,ATTACH,39700.0,1,ATTACH,39700.0,0.0,False,1,ATTACH,WIN,
P4,74,7,1,MAIN,90.0,150.0,1,0,0,PLAY,12000.0,0,PLAY,12000.0,0.0,False,0,PLAY,WIN,
P4,74,8,1,TO_HAND,90.0,150.0,1,0,0,CARD,1000.0,0,CARD,1000.0,0.0,False,0,CARD,WIN,
P4,74,9,1,MAIN,90.0,150.0,1,0,0,PLAY,12000.0,0,PLAY,12000.0,0.0,False,0,PLAY,WIN,
P4,74,10,1,TO_HAND,90.0,150.0,1,0,0,CARD,1000.0,0,CARD,1000.0,0.0,False,0,CARD,WIN,
P4,74,11,1,MAIN,90.0,150.0,1,0,0,END,0.0,0,END,0.0,0.0,False,0,END,WIN,
P4,74,14,1,MAIN,90.0,150.0,1,1,0,EVOLVE,70500.0,0,EVOLVE,70500.0,0.0,False,0,EVOLVE,WIN,
P4,74,15,1,MAIN,350.0,150.0,1,1,0,ATTACH,39700.0,0,ATTACH,39700.0,0.0,False,0,ATTACH,WIN,
P4,74,16,1,MAIN,350.0,150.0,2,1,0,ATTACK,18104.6,0,ATTACK,18104.6,0.0,False,0,ATTACK,WIN,
P4,74,17,1,TO_HAND,350.0,0.0,2,0,0,CARD,10000.0,0,CARD,10000.0,0.0,False,0,CARD,WIN,
P4,75,0,0,IS_FIRST,0.0,0.0,0,0,1,NO,5000.0,1,NO,5000.0,0.0,False,1,NO,LOSS,
P4,75,1,0,SETUP_ACTIVE_POKEMON,0.0,0.0,0,0,0,CARD,10000.0,0,CARD,10000.0,0.0,False,0,CARD,LOSS,
P4,75,3,0,DRAW_COUNT,0.0,0.0,0,0,1,NUMBER,1.0,1,NUMBER,1.0,0.0,False,1,NUMBER,LOSS,
P4,75,7,0,MAIN,90.0,90.0,0,1,0,ATTACH,39000.0,0,ATTACH,39000.0,0.0,False,0,ATTACH,LOSS,
P4,75,8,0,MAIN,90.0,90.0,1,1,2,ATTACK,18104.4,2,ATTACK,18104.4,0.0,False,2,ATTACK,LOSS,
P4,75,11,0,MAIN,60.0,80.0,1,2,0,ATTACH,39700.0,0,ATTACH,39700.0,0.0,False,0,ATTACH,LOSS,
P4,75,12,0,MAIN,60.0,80.0,2,2,4,ATTACK,18104.5,4,ATTACK,18104.5,0.0,False,4,ATTACK,LOSS,
P4,75,15,0,MAIN,30.0,50.0,2,3,0,ATTACH,40400.0,0,ATTACH,40400.0,0.0,False,0,ATTACH,LOSS,
P4,75,16,0,MAIN,30.0,50.0,3,3,4,ATTACK,18104.5,4,ATTACK,18104.5,0.0,False,4,ATTACK,LOSS,
P4,75,29,0,MAIN,30.0,150.0,3,0,0,ATTACH,41100.0,0,ATTACH,41100.0,0.0,False,0,ATTACH,LOSS,
P4,75,30,0,MAIN,30.0,150.0,4,0,4,ATTACK,18104.5,4,ATTACK,18104.5,0.0,False,4,ATTACK,LOSS,
P4,76,1,1,SETUP_ACTIVE_POKEMON,0.0,0.0,0,0,0,CARD,10000.0,0,CARD,10000.0,0.0,False,0,CARD,LOSS,
P4,76,3,1,MAIN,90.0,90.0,0,0,0,ATTACH,39000.0,0,ATTACH,39000.0,0.0,False,0,ATTACH,LOSS,
P4,76,4,1,MAIN,90.0,90.0,1,0,0,ATTACH,39700.0,0,ATTACH,39700.0,0.0,False,0,ATTACH,LOSS,
P4,76,5,1,MAIN,90.0,90.0,1,0,0,END,0.0,0,END,0.0,0.0,False,0,END,LOSS,
P4,76,8,1,MAIN,80.0,90.0,1,1,0,ATTACH,39700.0,0,ATTACH,39700.0,0.0,False,0,ATTACH,LOSS,
P4,76,9,1,MAIN,80.0,90.0,2,1,3,ATTACK,18104.5,3,ATTACK,18104.5,0.0,False,3,ATTACK,LOSS,
P4,77,0,0,IS_FIRST,0.0,0.0,0,0,1,NO,5000.0,1,NO,5000.0,0.0,False,1,NO,WIN,
P4,77,2,0,SETUP_ACTIVE_POKEMON,0.0,0.0,0,0,0,CARD,10000.0,0,CARD,10000.0,0.0,False,0,CARD,WIN,
P4,77,4,0,SETUP_BENCH_POKEMON,0.0,0.0,0,0,0,CARD,10000.0,0,CARD,10000.0,0.0,False,0,CARD,WIN,
P4,77,7,0,MAIN,90.0,90.0,0,1,3,ATTACH,39000.0,3,ATTACH,39000.0,0.0,False,3,ATTACH,WIN,
P4,77,8,0,MAIN,90.0,90.0,1,1,3,ATTACK,18104.4,3,ATTACK,18104.4,0.0,False,3,ATTACK,WIN,
P4,77,11,0,MAIN,60.0,80.0,1,2,3,ATTACH,39700.0,3,ATTACH,39700.0,0.0,False,3,ATTACH,WIN,
P4,77,12,0,MAIN,60.0,80.0,2,2,4,ATTACK,18104.5,4,ATTACK,18104.5,0.0,False,4,ATTACK,WIN,
P4,77,15,0,MAIN,30.0,50.0,2,3,3,ATTACH,40400.0,3,ATTACH,40400.0,0.0,False,3,ATTACH,WIN,
P4,77,16,0,MAIN,30.0,50.0,3,3,5,RETREAT,30000.0,4,ATTACK,18104.5,8104.5,True,4,ATTACK,WIN,True
P4,77,20,0,TO_ACTIVE,0.0,20.0,0,4,0,CARD,5000.0,0,CARD,5000.0,0.0,False,0,CARD,WIN,
P4,77,21,0,MAIN,90.0,20.0,0,4,3,ATTACH,39000.0,3,ATTACH,39000.0,0.0,False,3,ATTACH,WIN,
P4,77,22,0,MAIN,90.0,20.0,1,4,3,ATTACH,39700.0,4,ATTACK,68104.4,28404.399999999994,True,4,ATTACK,WIN,True
P4,77,25,0,MAIN,60.0,10.0,1,5,3,ATTACH,39700.0,6,ATTACK,68104.4,28404.399999999994,True,6,ATTACK,WIN,True
P4,77,26,0,TO_HAND,60.0,0.0,1,0,0,CARD,5000.0,0,CARD,5000.0,0.0,False,0,CARD,WIN,
P4,78,2,1,SETUP_ACTIVE_POKEMON,0.0,0.0,0,0,0,CARD,10000.0,0,CARD,10000.0,0.0,False,0,CARD,WIN,
P4,78,4,1,SETUP_BENCH_POKEMON,0.0,0.0,0,0,0,CARD,10000.0,0,CARD,10000.0,0.0,False,0,CARD,WIN,
P4,78,5,1,MAIN,150.0,90.0,0,0,0,ATTACH,39000.0,0,ATTACH,39000.0,0.0,False,0,ATTACH,WIN,
P4,78,6,1,MAIN,150.0,90.0,1,0,0,END,0.0,0,END,0.0,0.0,False,0,END,WIN,
P4,78,9,1,MAIN,140.0,90.0,1,1,0,ATTACH,39700.0,0,ATTACH,39700.0,0.0,False,0,ATTACH,WIN,
P4,78,10,1,MAIN,140.0,90.0,2,1,1,ATTACK,18104.2,1,ATTACK,18104.2,0.0,False,1,ATTACK,WIN,
P4,78,13,1,MAIN,110.0,90.0,2,2,0,ATTACH,40400.0,0,ATTACH,40400.0,0.0,False,0,ATTACH,WIN,
P4,78,14,1,MAIN,110.0,90.0,3,2,2,ATTACK,18104.3,2,ATTACK,18104.3,0.0,False,2,ATTACK,WIN,
P4,78,15,1,DISCARD_ENERGY,110.0,0.0,3,2,0,ENERGY,30000.0,0,ENERGY,30000.0,0.0,False,0,ENERGY,WIN,
P4,78,16,1,DISCARD_ENERGY,110.0,0.0,2,2,0,ENERGY,30000.0,0,ENERGY,30000.0,0.0,False,0,ENERGY,WIN,
P4,78,17,1,TO_HAND,110.0,0.0,1,0,0,CARD,5000.0,0,CARD,5000.0,0.0,False,0,CARD,WIN,
P4,79,0,0,IS_FIRST,0.0,0.0,0,0,1,NO,5000.0,1,NO,5000.0,0.0,False,1,NO,WIN,
P4,79,1,0,SETUP_ACTIVE_POKEMON,0.0,0.0,0,0,0,CARD,10000.0,0,CARD,10000.0,0.0,False,0,CARD,WIN,
P4,79,3,0,DRAW_COUNT,0.0,0.0,0,0,9,NUMBER,9.0,9,NUMBER,9.0,0.0,False,9,NUMBER,WIN,
P4,79,5,0,SETUP_BENCH_POKEMON,0.0,0.0,0,0,0,CARD,10000.0,0,CARD,10000.0,0.0,False,0,CARD,WIN,
P4,79,10,0,MAIN,90.0,90.0,0,1,2,ATTACH,39000.0,2,ATTACH,39000.0,0.0,False,2,ATTACH,WIN,
P4,79,11,0,MAIN,90.0,90.0,1,1,4,ATTACK,18104.4,4,ATTACK,18104.4,0.0,False,4,ATTACK,WIN,
P4,79,15,0,MAIN,90.0,340.0,1,2,2,EVOLVE,70500.0,2,EVOLVE,73500.0,0.0,False,2,EVOLVE,WIN,
P4,79,16,0,MAIN,350.0,340.0,1,2,3,ATTACH,39700.0,3,ATTACH,39700.0,0.0,False,3,ATTACH,WIN,
P4,79,17,0,MAIN,350.0,340.0,2,2,4,ATTACK,18104.6,4,ATTACK,18104.6,0.0,False,4,ATTACK,WIN,
P4,79,18,0,TO_HAND,350.0,0.0,2,0,0,CARD,5000.0,0,CARD,5000.0,0.0,False,0,CARD,WIN,
P4,79,22,0,MAIN,310.0,150.0,2,1,3,ATTACH,40400.0,3,ATTACH,40400.0,0.0,False,3,ATTACH,WIN,
P4,79,23,0,MAIN,310.0,150.0,3,1,6,ATTACK,18104.7,6,ATTACK,18104.7,0.0,False,6,ATTACK,WIN,
P4,79,24,0,TO_HAND,310.0,0.0,3,0,0,CARD,5000.0,0,CARD,5000.0,0.0,False,0,CARD,WIN,
P4,80,1,1,SETUP_ACTIVE_POKEMON,0.0,0.0,0,0,0,CARD,10000.0,0,CARD,10000.0,0.0,False,0,CARD,WIN,
P4,80,3,1,SETUP_BENCH_POKEMON,0.0,0.0,0,0,0,CARD,10000.0,0,CARD,10000.0,0.0,False,0,CARD,WIN,
P4,80,5,1,MAIN,150.0,90.0,0,0,1,ATTACH,39000.0,1,ATTACH,39000.0,0.0,False,1,ATTACH,WIN,
P4,80,6,1,MAIN,150.0,90.0,1,0,0,PLAY,12000.0,0,PLAY,12000.0,0.0,False,0,PLAY,WIN,
P4,80,7,1,TO_HAND,150.0,90.0,1,0,0,CARD,1000.0,0,CARD,1000.0,0.0,False,0,CARD,WIN,
P4,80,8,1,MAIN,150.0,90.0,1,0,0,END,0.0,0,END,0.0,0.0,False,0,END,WIN,
P4,80,11,1,MAIN,140.0,90.0,1,1,7,EVOLVE,70000.0,7,EVOLVE,70000.0,0.0,False,7,EVOLVE,WIN,
P4,80,12,1,MAIN,140.0,90.0,1,1,1,ATTACH,39700.0,1,ATTACH,39700.0,0.0,False,1,ATTACH,WIN,
P4,80,13,1,MAIN,140.0,90.0,2,1,1,ATTACK,18104.2,1,ATTACK,18104.2,0.0,False,1,ATTACK,WIN,
P4,80,18,1,TO_ACTIVE,0.0,350.0,0,2,0,CARD,5000.0,0,CARD,5000.0,0.0,False,0,CARD,WIN,
P4,80,19,1,MAIN,350.0,350.0,0,2,1,ATTACH,39000.0,1,ATTACH,39000.0,0.0,False,1,ATTACH,WIN,
P4,80,20,1,MAIN,350.0,350.0,1,2,0,PLAY,12000.0,0,PLAY,12000.0,0.0,False,0,PLAY,WIN,
P4,80,21,1,MAIN,350.0,350.0,1,2,0,PLAY,12000.0,0,PLAY,12000.0,0.0,False,0,PLAY,WIN,
P4,80,22,1,MAIN,350.0,350.0,1,2,0,PLAY,12000.0,0,PLAY,12000.0,0.0,False,0,PLAY,WIN,
P4,80,23,1,TO_HAND,350.0,350.0,1,2,0,CARD,1000.0,0,CARD,1000.0,0.0,False,0,CARD,WIN,
P4,80,24,1,MAIN,350.0,350.0,1,2,0,END,0.0,0,END,0.0,0.0,False,0,END,WIN,
P4,80,27,1,MAIN,150.0,350.0,1,3,10,EVOLVE,70000.0,10,EVOLVE,73000.0,0.0,False,10,EVOLVE,WIN,
P4,80,28,1,MAIN,150.0,350.0,1,3,1,ATTACH,39700.0,1,ATTACH,39700.0,0.0,False,1,ATTACH,WIN,
P4,80,29,1,MAIN,150.0,350.0,2,3,2,ATTACK,18104.6,2,ATTACK,18104.6,0.0,False,2,ATTACK,WIN,
P4,80,30,1,TO_HAND,150.0,0.0,2,0,5,CARD,10000.0,5,CARD,10000.0,0.0,False,5,CARD,WIN,
P4,80,34,1,MAIN,140.0,90.0,2,1,2,ATTACH,40400.0,2,ATTACH,40400.0,0.0,False,2,ATTACH,WIN,
P4,80,35,1,MAIN,140.0,90.0,3,1,5,ATTACK,18104.7,5,ATTACK,18104.7,0.0,False,5,ATTACK,WIN,
P4,80,36,1,TO_HAND,140.0,0.0,3,0,0,CARD,5000.0,0,CARD,5000.0,0.0,False,0,CARD,WIN,
P4,81,0,0,IS_FIRST,0.0,0.0,0,0,1,NO,5000.0,1,NO,5000.0,0.0,False,1,NO,LOSS,
P4,81,1,0,SETUP_ACTIVE_POKEMON,0.0,0.0,0,0,0,CARD,10000.0,0,CARD,10000.0,0.0,False,0,CARD,LOSS,
P4,81,3,0,DRAW_COUNT,0.0,0.0,0,0,2,NUMBER,2.0,2,NUMBER,2.0,0.0,False,2,NUMBER,LOSS,
P4,81,6,0,MAIN,150.0,90.0,0,1,0,ATTACH,39000.0,0,ATTACH,39000.0,0.0,False,0,ATTACH,LOSS,
P4,81,7,0,MAIN,150.0,90.0,1,1,0,ATTACK,18104.2,0,ATTACK,18104.2,0.0,False,0,ATTACK,LOSS,
P4,82,1,1,SETUP_ACTIVE_POKEMON,0.0,0.0,0,0,0,CARD,10000.0,0,CARD,10000.0,0.0,False,0,CARD,LOSS,
P4,82,4,1,MAIN,90.0,90.0,0,0,0,ATTACH,39000.0,0,ATTACH,39000.0,0.0,False,0,ATTACH,LOSS,
P4,82,5,1,MAIN,90.0,90.0,1,0,0,END,0.0,0,END,0.0,0.0,False,0,END,LOSS,
P4,82,8,1,MAIN,80.0,90.0,1,1,2,ATTACH,39700.0,2,ATTACH,39700.0,0.0,False,2,ATTACH,LOSS,
P4,82,9,1,MAIN,80.0,90.0,2,1,3,ATTACK,18104.5,3,ATTACK,18104.5,0.0,False,3,ATTACK,LOSS,
P4,82,12,1,MAIN,50.0,60.0,2,2,2,ATTACH,40400.0,2,ATTACH,40400.0,0.0,False,2,ATTACH,LOSS,
P4,82,13,1,MAIN,50.0,60.0,3,2,4,ATTACK,18104.5,4,ATTACK,18104.5,0.0,False,4,ATTACK,LOSS,
P4,82,22,1,MAIN,50.0,90.0,3,0,2,ATTACH,41100.0,2,ATTACH,41100.0,0.0,False,2,ATTACH,LOSS,
P4,82,23,1,MAIN,50.0,90.0,4,0,4,ATTACK,18104.5,4,ATTACK,18104.5,0.0,False,4,ATTACK,LOSS,
P4,82,26,1,MAIN,40.0,60.0,4,1,2,ATTACH,41800.0,2,ATTACH,41800.0,0.0,False,2,ATTACH,LOSS,
P4,82,27,1,MAIN,40.0,60.0,5,1,4,ATTACK,18104.5,4,ATTACK,18104.5,0.0,False,4,ATTACK,LOSS,
P4,82,30,1,MAIN,10.0,30.0,5,2,2,ATTACH,41800.0,8,ATTACK,68104.5,26304.5,True,8,ATTACK,LOSS,False
P4,82,31,1,TO_HAND,10.0,0.0,5,0,0,CARD,5000.0,0,CARD,5000.0,0.0,False,0,CARD,LOSS,
P4,83,0,0,IS_FIRST,0.0,0.0,0,0,1,NO,5000.0,1,NO,5000.0,0.0,False,1,NO,WIN,
P4,83,2,0,SETUP_ACTIVE_POKEMON,0.0,0.0,0,0,0,CARD,10000.0,0,CARD,10000.0,0.0,False,0,CARD,WIN,
P4,83,4,0,SETUP_BENCH_POKEMON,0.0,0.0,0,0,0,CARD,10000.0,0,CARD,10000.0,0.0,False,0,CARD,WIN,
P4,83,8,0,MAIN,150.0,90.0,0,1,0,ATTACH,39000.0,0,ATTACH,39000.0,0.0,False,0,ATTACH,WIN,
P4,83,9,0,MAIN,150.0,90.0,1,1,0,ATTACK,18104.2,0,ATTACK,18104.2,0.0,False,0,ATTACK,WIN,
P4,83,12,0,MAIN,120.0,90.0,1,2,0,ATTACH,39700.0,0,ATTACH,39700.0,0.0,False,0,ATTACH,WIN,
P4,83,13,0,MAIN,120.0,90.0,2,2,0,ATTACK,18104.2,0,ATTACK,18104.2,0.0,False,0,ATTACK,WIN,
P4,83,16,0,MAIN,90.0,90.0,2,3,0,ATTACH,40400.0,0,ATTACH,40400.0,0.0,False,0,ATTACH,WIN,
P4,83,17,0,MAIN,90.0,90.0,3,3,1,ATTACK,18104.3,1,ATTACK,18104.3,0.0,False,1,ATTACK,WIN,
P4,83,18,0,DISCARD_ENERGY,90.0,0.0,3,3,0,ENERGY,30000.0,0,ENERGY,30000.0,0.0,False,0,ENERGY,WIN,
P4,83,19,0,DISCARD_ENERGY,90.0,0.0,2,3,0,ENERGY,30000.0,0,ENERGY,30000.0,0.0,False,0,ENERGY,WIN,
P4,83,20,0,TO_HAND,90.0,0.0,1,0,0,CARD,5000.0,0,CARD,5000.0,0.0,False,0,CARD,WIN,
P4,84,1,1,SETUP_ACTIVE_POKEMON,0.0,0.0,0,0,0,CARD,10000.0,0,CARD,10000.0,0.0,False,0,CARD,WIN,
P4,84,3,1,MAIN,150.0,90.0,0,0,1,ATTACH,39000.0,1,ATTACH,39000.0,0.0,False,1,ATTACH,WIN,
P4,84,4,1,MAIN,150.0,90.0,1,0,0,PLAY,12000.0,0,PLAY,12000.0,0.0,False,0,PLAY,WIN,
P4,84,5,1,TO_HAND,150.0,90.0,1,0,0,CARD,5000.0,0,CARD,5000.0,0.0,False,0,CARD,WIN,
P4,84,6,1,MAIN,150.0,90.0,1,0,0,PLAY,12000.0,0,PLAY,12000.0,0.0,False,0,PLAY,WIN,
P4,84,7,1,TO_HAND,150.0,90.0,1,0,0,CARD,1000.0,0,CARD,1000.0,0.0,False,0,CARD,WIN,
P4,84,8,1,MAIN,150.0,90.0,1,0,0,END,0.0,0,END,0.0,0.0,False,0,END,WIN,
P4,84,11,1,MAIN,140.0,90.0,1,1,1,ATTACH,39700.0,1,ATTACH,39700.0,0.0,False,1,ATTACH,WIN,
P4,84,12,1,MAIN,140.0,90.0,2,1,2,ATTACK,18104.2,2,ATTACK,18104.2,0.0,False,2,ATTACK,WIN,
P4,84,15,1,MAIN,110.0,90.0,2,2,1,ATTACH,40400.0,1,ATTACH,40400.0,0.0,False,1,ATTACH,WIN,
P4,84,16,1,MAIN,110.0,90.0,3,2,4,ATTACK,18104.3,4,ATTACK,18104.3,0.0,False,4,ATTACK,WIN,
P4,84,17,1,DISCARD_ENERGY,110.0,0.0,3,2,0,ENERGY,30000.0,0,ENERGY,30000.0,0.0,False,0,ENERGY,WIN,
P4,84,18,1,DISCARD_ENERGY,110.0,0.0,2,2,0,ENERGY,30000.0,0,ENERGY,30000.0,0.0,False,0,ENERGY,WIN,
P4,84,19,1,TO_HAND,110.0,0.0,1,0,2,CARD,10000.0,2,CARD,10000.0,0.0,False,2,CARD,WIN,
P4,85,0,0,IS_FIRST,0.0,0.0,0,0,1,NO,5000.0,1,NO,5000.0,0.0,False,1,NO,LOSS,
P4,85,2,0,SETUP_ACTIVE_POKEMON,0.0,0.0,0,0,0,CARD,10000.0,0,CARD,10000.0,0.0,False,0,CARD,LOSS,
P4,85,6,0,MAIN,90.0,90.0,0,1,0,ATTACH,39000.0,0,ATTACH,39000.0,0.0,False,0,ATTACH,LOSS,
P4,85,7,0,MAIN,90.0,90.0,1,1,2,ATTACK,18104.4,2,ATTACK,18104.4,0.0,False,2,ATTACK,LOSS,
P4,86,1,1,SETUP_ACTIVE_POKEMON,0.0,0.0,0,0,0,CARD,10000.0,0,CARD,10000.0,0.0,False,0,CARD,WIN,
P4,86,3,1,SETUP_BENCH_POKEMON,0.0,0.0,0,0,0,CARD,10000.0,0,CARD,10000.0,0.0,False,0,CARD,WIN,
P4,86,4,1,MAIN,90.0,150.0,0,0,0,ATTACH,39000.0,0,ATTACH,39000.0,0.0,False,0,ATTACH,WIN,
P4,86,5,1,MAIN,90.0,150.0,1,0,0,ATTACH,39700.0,0,ATTACH,39700.0,0.0,False,0,ATTACH,WIN,
P4,86,6,1,MAIN,90.0,150.0,1,0,0,END,0.0,0,END,0.0,0.0,False,0,END,WIN,
P4,86,9,1,MAIN,90.0,150.0,1,1,2,EVOLVE,70500.0,2,EVOLVE,70500.0,0.0,False,2,EVOLVE,WIN,
P4,86,10,1,MAIN,350.0,150.0,1,1,0,ATTACH,39700.0,0,ATTACH,39700.0,0.0,False,0,ATTACH,WIN,
P4,86,11,1,MAIN,350.0,150.0,2,1,1,ATTACK,18104.6,1,ATTACK,18104.6,0.0,False,1,ATTACK,WIN,
P4,86,12,1,TO_HAND,350.0,0.0,2,0,5,CARD,10000.0,5,CARD,10000.0,0.0,False,5,CARD,WIN,
P4,87,0,0,IS_FIRST,0.0,0.0,0,0,1,NO,5000.0,1,NO,5000.0,0.0,False,1,NO,LOSS,
P4,87,1,0,SETUP_ACTIVE_POKEMON,0.0,0.0,0,0,0,CARD,10000.0,0,CARD,10000.0,0.0,False,0,CARD,LOSS,
P4,87,3,0,DRAW_COUNT,0.0,0.0,0,0,1,NUMBER,1.0,1,NUMBER,1.0,0.0,False,1,NUMBER,LOSS,
P4,87,4,0,SETUP_BENCH_POKEMON,0.0,0.0,0,0,0,CARD,10000.0,0,CARD,10000.0,0.0,False,0,CARD,LOSS,
P4,87,11,0,MAIN,150.0,90.0,0,1,0,ATTACH,39000.0,0,ATTACH,39000.0,0.0,False,0,ATTACH,LOSS,
P4,87,12,0,MAIN,150.0,90.0,1,1,1,ATTACK,18104.2,1,ATTACK,18104.2,0.0,False,1,ATTACK,LOSS,
P4,87,17,0,TO_ACTIVE,0.0,350.0,0,2,0,CARD,5000.0,0,CARD,5000.0,0.0,False,0,CARD,LOSS,
P4,87,18,0,MAIN,90.0,350.0,0,2,1,ATTACH,39000.0,1,ATTACH,39000.0,0.0,False,1,ATTACH,LOSS,
P4,87,19,0,MAIN,90.0,350.0,1,2,2,ATTACK,18104.4,2,ATTACK,18104.4,0.0,False,2,ATTACK,LOSS,
P4,87,23,0,TO_ACTIVE,0.0,340.0,0,3,0,CARD,5000.0,0,CARD,5000.0,0.0,False,0,CARD,LOSS,
P4,87,24,0,MAIN,150.0,340.0,0,3,1,ATTACH,39000.0,1,ATTACH,39000.0,0.0,False,1,ATTACH,LOSS,
P4,87,25,0,MAIN,150.0,340.0,1,3,2,ATTACK,18104.2,2,ATTACK,18104.2,0.0,False,2,ATTACK,LOSS,
P4,88,1,1,SETUP_ACTIVE_POKEMON,0.0,0.0,0,0,0,CARD,10000.0,0,CARD,10000.0,0.0,False,0,CARD,WIN,
P4,88,3,1,MAIN,90.0,90.0,0,0,0,ATTACH,39000.0,0,ATTACH,39000.0,0.0,False,0,ATTACH,WIN,
P4,88,4,1,MAIN,90.0,90.0,1,0,0,END,0.0,0,END,0.0,0.0,False,0,END,WIN,
P4,88,7,1,MAIN,80.0,90.0,1,1,6,EVOLVE,70500.0,6,EVOLVE,70500.0,0.0,False,6,EVOLVE,WIN,
P4,88,8,1,MAIN,340.0,90.0,1,1,2,ATTACH,39700.0,2,ATTACH,39700.0,0.0,False,2,ATTACH,WIN,
P4,88,9,1,MAIN,340.0,90.0,2,1,2,ATTACK,18104.6,2,ATTACK,18104.6,0.0,False,2,ATTACK,WIN,
P4,88,10,1,TO_HAND,340.0,0.0,2,0,0,CARD,5000.0,0,CARD,5000.0,0.0,False,0,CARD,WIN,
P4,89,0,0,IS_FIRST,0.0,0.0,0,0,1,NO,5000.0,1,NO,5000.0,0.0,False,1,NO,WIN,
P4,89,2,0,SETUP_ACTIVE_POKEMON,0.0,0.0,0,0,0,CARD,10000.0,0,CARD,10000.0,0.0,False,0,CARD,WIN,
P4,89,3,0,SETUP_BENCH_POKEMON,0.0,0.0,0,0,0,CARD,10000.0,0,CARD,10000.0,0.0,False,0,CARD,WIN,
P4,89,8,0,MAIN,150.0,150.0,0,1,0,ATTACH,39000.0,0,ATTACH,39000.0,0.0,False,0,ATTACH,WIN,
P4,89,9,0,MAIN,150.0,150.0,1,1,1,ATTACK,18104.2,1,ATTACK,18104.2,0.0,False,1,ATTACK,WIN,
P4,89,12,0,MAIN,150.0,150.0,1,2,7,EVOLVE,70000.0,7,EVOLVE,70000.0,0.0,False,7,EVOLVE,WIN,
P4,89,13,0,MAIN,150.0,150.0,1,2,0,ATTACH,39700.0,0,ATTACH,39700.0,0.0,False,0,ATTACH,WIN,
P4,89,14,0,MAIN,150.0,150.0,2,2,2,ATTACK,18104.2,2,ATTACK,18104.2,0.0,False,2,ATTACK,WIN,
P4,89,19,0,MAIN,20.0,150.0,2,1,0,ATTACH,40400.0,0,ATTACH,40400.0,0.0,False,0,ATTACH,WIN,
P4,89,20,0,MAIN,20.0,150.0,3,1,4,RETREAT,30000.0,3,ATTACK,18104.3,8104.299999999999,True,3,ATTACK,WIN,True
P4,89,21,0,DISCARD_ENERGY,20.0,20.0,3,1,0,ENERGY,30000.0,0,ENERGY,30000.0,0.0,False,0,ENERGY,WIN,
P4,89,22,0,DISCARD_ENERGY,20.0,20.0,2,1,0,ENERGY,30000.0,0,ENERGY,30000.0,0.0,False,0,ENERGY,WIN,
P4,89,26,0,TO_ACTIVE,0.0,20.0,0,2,0,CARD,5000.0,0,CARD,5000.0,0.0,False,0,CARD,WIN,
P4,89,27,0,MAIN,350.0,20.0,0,2,1,ATTACH,39000.0,1,ATTACH,39000.0,0.0,False,1,ATTACH,WIN,
P4,89,28,0,MAIN,350.0,20.0,1,2,0,PLAY,12000.0,0,PLAY,12000.0,0.0,False,0,PLAY,WIN,
P4,89,29,0,ATTACH_TO,350.0,20.0,1,2,0,CARD,5000.0,0,CARD,5000.0,0.0,False,0,CARD,WIN,
P4,89,30,0,ATTACH_FROM,350.0,20.0,1,2,0,CARD,5000.0,0,CARD,5000.0,0.0,False,0,CARD,WIN,
P4,89,31,0,MAIN,350.0,20.0,2,2,1,ATTACK,18104.6,1,ATTACK,68104.6,0.0,False,1,ATTACK,WIN,
P4,89,32,0,TO_HAND,350.0,0.0,2,0,5,CARD,10000.0,5,CARD,10000.0,0.0,False,5,CARD,WIN,
P4,90,1,1,SETUP_ACTIVE_POKEMON,0.0,0.0,0,0,0,CARD,10000.0,0,CARD,10000.0,0.0,False,0,CARD,WIN,
P4,90,3,1,DRAW_COUNT,0.0,0.0,0,0,4,NUMBER,4.0,4,NUMBER,4.0,0.0,False,4,NUMBER,WIN,
P4,90,4,1,SETUP_BENCH_POKEMON,0.0,0.0,0,0,0,CARD,10000.0,0,CARD,10000.0,0.0,False,0,CARD,WIN,
P4,90,5,1,MAIN,150.0,90.0,0,0,0,ATTACH,39000.0,0,ATTACH,39000.0,0.0,False,0,ATTACH,WIN,
P4,90,6,1,MAIN,150.0,90.0,1,0,0,PLAY,12000.0,0,PLAY,12000.0,0.0,False,0,PLAY,WIN,
P4,90,7,1,TO_HAND,150.0,90.0,1,0,0,CARD,5000.0,0,CARD,5000.0,0.0,False,0,CARD,WIN,
P4,90,8,1,MAIN,150.0,90.0,1,0,0,PLAY,12000.0,0,PLAY,12000.0,0.0,False,0,PLAY,WIN,
P4,90,9,1,TO_HAND,150.0,90.0,1,0,0,CARD,5000.0,0,CARD,5000.0,0.0,False,0,CARD,WIN,
P4,90,10,1,MAIN,150.0,90.0,1,0,0,PLAY,12000.0,0,PLAY,12000.0,0.0,False,0,PLAY,WIN,
P4,90,11,1,TO_HAND,150.0,90.0,1,0,0,CARD,1000.0,0,CARD,1000.0,0.0,False,0,CARD,WIN,
P4,90,12,1,MAIN,150.0,90.0,1,0,0,END,0.0,0,END,0.0,0.0,False,0,END,WIN,
P4,90,15,1,MAIN,140.0,90.0,1,1,10,EVOLVE,70000.0,10,EVOLVE,70000.0,0.0,False,10,EVOLVE,WIN,
P4,90,16,1,MAIN,140.0,90.0,1,1,1,ATTACH,39700.0,1,ATTACH,39700.0,0.0,False,1,ATTACH,WIN,
P4,90,17,1,MAIN,140.0,90.0,2,1,2,ATTACK,18104.2,2,ATTACK,18104.2,0.0,False,2,ATTACK,WIN,
P4,90,20,1,MAIN,110.0,90.0,2,2,1,ATTACH,40400.0,1,ATTACH,40400.0,0.0,False,1,ATTACH,WIN,
P4,90,21,1,MAIN,110.0,90.0,3,2,3,ATTACK,18104.3,3,ATTACK,18104.3,0.0,False,3,ATTACK,WIN,
P4,90,22,1,DISCARD_ENERGY,110.0,0.0,3,2,0,ENERGY,30000.0,0,ENERGY,30000.0,0.0,False,0,ENERGY,WIN,
P4,90,23,1,DISCARD_ENERGY,110.0,0.0,2,2,0,ENERGY,30000.0,0,ENERGY,30000.0,0.0,False,0,ENERGY,WIN,
P4,90,24,1,TO_HAND,110.0,0.0,1,0,4,CARD,10000.0,4,CARD,10000.0,0.0,False,4,CARD,WIN,
P4,91,0,0,IS_FIRST,0.0,0.0,0,0,1,NO,5000.0,1,NO,5000.0,0.0,False,1,NO,LOSS,
P4,91,2,0,SETUP_ACTIVE_POKEMON,0.0,0.0,0,0,0,CARD,10000.0,0,CARD,10000.0,0.0,False,0,CARD,LOSS,
P4,91,8,0,MAIN,90.0,90.0,0,1,0,ATTACH,39000.0,0,ATTACH,39000.0,0.0,False,0,ATTACH,LOSS,
P4,91,9,0,MAIN,90.0,90.0,1,1,3,ATTACK,18104.4,3,ATTACK,18104.4,0.0,False,3,ATTACK,LOSS,
P4,92,2,1,SETUP_ACTIVE_POKEMON,0.0,0.0,0,0,0,CARD,10000.0,0,CARD,10000.0,0.0,False,0,CARD,LOSS,
P4,92,4,1,SETUP_BENCH_POKEMON,0.0,0.0,0,0,0,CARD,10000.0,0,CARD,10000.0,0.0,False,0,CARD,LOSS,
P4,92,5,1,MAIN,90.0,150.0,0,0,0,ATTACH,39000.0,0,ATTACH,39000.0,0.0,False,0,ATTACH,LOSS,
P4,92,6,1,MAIN,90.0,150.0,1,0,0,END,0.0,0,END,0.0,0.0,False,0,END,LOSS,
P4,92,10,1,MAIN,90.0,150.0,1,1,1,ATTACH,39700.0,1,ATTACH,39700.0,0.0,False,1,ATTACH,LOSS,
P4,92,11,1,MAIN,90.0,150.0,2,1,5,ATTACK,18104.5,5,ATTACK,18104.5,0.0,False,5,ATTACK,LOSS,
P4,92,14,1,MAIN,90.0,120.0,2,2,2,ATTACH,40400.0,2,ATTACH,40400.0,0.0,False,2,ATTACH,LOSS,
P4,92,15,1,MAIN,90.0,120.0,3,2,5,ATTACK,18104.5,5,ATTACK,18104.5,0.0,False,5,ATTACK,LOSS,
P4,92,21,1,TO_ACTIVE,0.0,90.0,0,1,0,CARD,5000.0,0,CARD,5000.0,0.0,False,0,CARD,LOSS,
P4,92,22,1,MAIN,90.0,90.0,0,1,4,ATTACH,39000.0,4,ATTACH,39000.0,0.0,False,4,ATTACH,LOSS,
P4,92,23,1,MAIN,90.0,90.0,1,1,4,ATTACK,18104.4,4,ATTACK,18104.4,0.0,False,4,ATTACK,LOSS,
P4,92,26,1,MAIN,50.0,80.0,1,2,4,ATTACH,39700.0,4,ATTACH,39700.0,0.0,False,4,ATTACH,LOSS,
P4,92,27,1,MAIN,50.0,80.0,2,2,5,ATTACK,18104.5,5,ATTACK,18104.5,0.0,False,5,ATTACK,LOSS,
P4,93,0,0,IS_FIRST,0.0,0.0,0,0,1,NO,5000.0,1,NO,5000.0,0.0,False,1,NO,LOSS,
P4,93,2,0,SETUP_ACTIVE_POKEMON,0.0,0.0,0,0,0,CARD,10000.0,0,CARD,10000.0,0.0,False,0,CARD,LOSS,
P4,93,7,0,MAIN,90.0,90.0,0,1,0,ATTACH,39000.0,0,ATTACH,39000.0,0.0,False,0,ATTACH,LOSS,
P4,93,8,0,MAIN,90.0,90.0,1,1,1,ATTACK,18104.4,1,ATTACK,18104.4,0.0,False,1,ATTACK,LOSS,
P4,94,1,1,SETUP_ACTIVE_POKEMON,0.0,0.0,0,0,0,CARD,10000.0,0,CARD,10000.0,0.0,False,0,CARD,WIN,
P4,94,3,1,DRAW_COUNT,0.0,0.0,0,0,1,NUMBER,1.0,1,NUMBER,1.0,0.0,False,1,NUMBER,WIN,
P4,94,4,1,MAIN,90.0,90.0,0,0,0,ATTACH,39000.0,0,ATTACH,39000.0,0.0,False,0,ATTACH,WIN,
P4,94,5,1,MAIN,90.0,90.0,1,0,0,PLAY,12000.0,0,PLAY,12000.0,0.0,False,0,PLAY,WIN,
P4,94,6,1,TO_HAND,90.0,90.0,1,0,0,CARD,5000.0,0,CARD,5000.0,0.0,False,0,CARD,WIN,
P4,94,7,1,MAIN,90.0,90.0,1,0,0,END,0.0,0,END,0.0,0.0,False,0,END,WIN,
P4,94,10,1,MAIN,80.0,90.0,1,1,6,EVOLVE,70500.0,6,EVOLVE,70500.0,0.0,False,6,EVOLVE,WIN,
P4,94,11,1,MAIN,340.0,90.0,1,1,0,ATTACH,39700.0,0,ATTACH,39700.0,0.0,False,0,ATTACH,WIN,
P4,94,12,1,MAIN,340.0,90.0,2,1,1,ATTACK,18104.6,1,ATTACK,18104.6,0.0,False,1,ATTACK,WIN,
P4,94,13,1,TO_HAND,340.0,0.0,2,0,0,CARD,5000.0,0,CARD,5000.0,0.0,False,0,CARD,WIN,
P4,95,0,0,IS_FIRST,0.0,0.0,0,0,1,NO,5000.0,1,NO,5000.0,0.0,False,1,NO,LOSS,
P4,95,1,0,SETUP_ACTIVE_POKEMON,0.0,0.0,0,0,0,CARD,10000.0,0,CARD,10000.0,0.0,False,0,CARD,LOSS,
P4,95,3,0,DRAW_COUNT,0.0,0.0,0,0,1,NUMBER,1.0,1,NUMBER,1.0,0.0,False,1,NUMBER,LOSS,
P4,95,6,0,MAIN,90.0,90.0,0,1,0,ATTACH,39000.0,0,ATTACH,39000.0,0.0,False,0,ATTACH,LOSS,
P4,95,7,0,MAIN,90.0,90.0,1,1,1,ATTACK,18104.4,1,ATTACK,18104.4,0.0,False,1,ATTACK,LOSS,
P4,96,1,1,SETUP_ACTIVE_POKEMON,0.0,0.0,0,0,0,CARD,10000.0,0,CARD,10000.0,0.0,False,0,CARD,WIN,
P4,96,3,1,MAIN,150.0,90.0,0,0,0,ATTACH,39000.0,0,ATTACH,39000.0,0.0,False,0,ATTACH,WIN,
P4,96,4,1,MAIN,150.0,90.0,1,0,0,ATTACH,39700.0,0,ATTACH,39700.0,0.0,False,0,ATTACH,WIN,
P4,96,5,1,MAIN,150.0,90.0,1,0,0,PLAY,12000.0,0,PLAY,12000.0,0.0,False,0,PLAY,WIN,
P4,96,6,1,TO_HAND,150.0,90.0,1,0,0,CARD,1000.0,0,CARD,1000.0,0.0,False,0,CARD,WIN,
P4,96,7,1,MAIN,150.0,90.0,1,0,0,END,0.0,0,END,0.0,0.0,False,0,END,WIN,
P4,96,10,1,MAIN,140.0,90.0,1,1,3,ATTACH,39700.0,3,ATTACH,39700.0,0.0,False,3,ATTACH,WIN,
P4,96,11,1,MAIN,140.0,90.0,2,1,4,ATTACK,18104.2,4,ATTACK,18104.2,0.0,False,4,ATTACK,WIN,
P4,96,14,1,MAIN,110.0,90.0,2,2,5,ATTACK,18104.2,5,ATTACK,18104.2,0.0,False,5,ATTACK,WIN,
P4,96,17,1,MAIN,80.0,90.0,2,3,5,ATTACH,40400.0,5,ATTACH,40400.0,0.0,False,5,ATTACH,WIN,
P4,96,18,1,MAIN,80.0,90.0,3,3,6,ATTACK,18104.3,6,ATTACK,18104.3,0.0,False,6,ATTACK,WIN,
P4,96,19,1,DISCARD_ENERGY,80.0,0.0,3,3,0,ENERGY,30000.0,0,ENERGY,30000.0,0.0,False,0,ENERGY,WIN,
P4,96,20,1,DISCARD_ENERGY,80.0,0.0,2,3,0,ENERGY,30000.0,0,ENERGY,30000.0,0.0,False,0,ENERGY,WIN,
P4,96,21,1,TO_HAND,80.0,0.0,1,0,3,CARD,10000.0,3,CARD,10000.0,0.0,False,3,CARD,WIN,
P4,97,0,0,IS_FIRST,0.0,0.0,0,0,1,NO,5000.0,1,NO,5000.0,0.0,False,1,NO,WIN,
P4,97,2,0,SETUP_ACTIVE_POKEMON,0.0,0.0,0,0,0,CARD,10000.0,0,CARD,10000.0,0.0,False,0,CARD,WIN,
P4,97,6,0,MAIN,90.0,90.0,0,1,0,ATTACH,39000.0,0,ATTACH,39000.0,0.0,False,0,ATTACH,WIN,
P4,97,7,0,MAIN,90.0,90.0,1,1,2,ATTACK,18104.4,2,ATTACK,18104.4,0.0,False,2,ATTACK,WIN,
P4,97,10,0,MAIN,60.0,80.0,1,2,3,EVOLVE,70500.0,3,EVOLVE,73500.0,0.0,False,3,EVOLVE,WIN,
P4,97,11,0,MAIN,320.0,80.0,1,2,0,ATTACH,39700.0,0,ATTACH,39700.0,0.0,False,0,ATTACH,WIN,
P4,97,12,0,MAIN,320.0,80.0,2,2,2,ATTACK,18104.6,2,ATTACK,18104.6,0.0,False,2,ATTACK,WIN,
P4,97,13,0,TO_HAND,320.0,0.0,2,0,0,CARD,5000.0,0,CARD,5000.0,0.0,False,0,CARD,WIN,
P4,97,17,0,MAIN,310.0,90.0,2,1,0,ATTACH,40400.0,0,ATTACH,40400.0,0.0,False,0,ATTACH,WIN,
P4,97,18,0,MAIN,310.0,90.0,3,1,3,ATTACK,18104.7,3,ATTACK,18104.7,0.0,False,3,ATTACK,WIN,
P4,97,19,0,TO_HAND,310.0,0.0,3,0,0,CARD,5000.0,0,CARD,5000.0,0.0,False,0,CARD,WIN,
P4,97,23,0,MAIN,280.0,150.0,3,1,1,ATTACH,41100.0,1,ATTACH,41100.0,0.0,False,1,ATTACH,WIN,
P4,97,24,0,MAIN,280.0,150.0,4,1,2,ATTACH,41800.0,2,ATTACH,41800.0,0.0,False,2,ATTACH,WIN,
P4,97,25,0,MAIN,280.0,150.0,4,1,3,ATTACK,18104.7,3,ATTACK,18104.7,0.0,False,3,ATTACK,WIN,
P4,97,26,0,TO_HAND,280.0,0.0,4,0,0,CARD,5000.0,0,CARD,5000.0,0.0,False,0,CARD,WIN,
P4,98,1,1,SETUP_ACTIVE_POKEMON,0.0,0.0,0,0,0,CARD,10000.0,0,CARD,10000.0,0.0,False,0,CARD,WIN,
P4,98,3,1,DRAW_COUNT,0.0,0.0,0,0,1,NUMBER,1.0,1,NUMBER,1.0,0.0,False,1,NUMBER,WIN,
P4,98,4,1,SETUP_BENCH_POKEMON,0.0,0.0,0,0,0,CARD,10000.0,0,CARD,10000.0,0.0,False,0,CARD,WIN,
P4,98,5,1,MAIN,90.0,90.0,0,0,0,ATTACH,39000.0,0,ATTACH,39000.0,0.0,False,0,ATTACH,WIN,
P4,98,6,1,MAIN,90.0,90.0,1,0,0,END,0.0,0,END,0.0,0.0,False,0,END,WIN,
P4,98,9,1,MAIN,80.0,90.0,1,1,0,EVOLVE,70500.0,0,EVOLVE,70500.0,0.0,False,0,EVOLVE,WIN,
P4,98,10,1,MAIN,340.0,90.0,1,1,1,ATTACH,39700.0,1,ATTACH,39700.0,0.0,False,1,ATTACH,WIN,
P4,98,11,1,MAIN,340.0,90.0,2,1,2,ATTACK,18104.6,2,ATTACK,18104.6,0.0,False,2,ATTACK,WIN,
P4,98,12,1,TO_HAND,340.0,0.0,2,0,0,CARD,5000.0,0,CARD,5000.0,0.0,False,0,CARD,WIN,
P4,99,0,0,IS_FIRST,0.0,0.0,0,0,1,NO,5000.0,1,NO,5000.0,0.0,False,1,NO,LOSS,
P4,99,2,0,SETUP_ACTIVE_POKEMON,0.0,0.0,0,0,0,CARD,10000.0,0,CARD,10000.0,0.0,False,0,CARD,LOSS,
P4,99,6,0,MAIN,150.0,150.0,0,1,0,ATTACH,39000.0,0,ATTACH,39000.0,0.0,False,0,ATTACH,LOSS,
P4,99,7,0,MAIN,150.0,150.0,1,1,3,ATTACK,18104.2,3,ATTACK,18104.2,0.0,False,3,ATTACK,LOSS,
P4,99,10,0,MAIN,150.0,150.0,1,2,2,ATTACH,39700.0,2,ATTACH,39700.0,0.0,False,2,ATTACH,LOSS,
P4,99,11,0,MAIN,150.0,150.0,2,2,3,ATTACK,18104.2,3,ATTACK,18104.2,0.0,False,3,ATTACK,LOSS,
P4,99,16,0,MAIN,20.0,150.0,2,1,2,ATTACH,40400.0,2,ATTACH,40400.0,0.0,False,2,ATTACH,LOSS,
P4,99,17,0,MAIN,20.0,150.0,3,1,5,ATTACK,18104.3,5,ATTACK,18104.3,0.0,False,5,ATTACK,LOSS,
P4,99,18,0,DISCARD_ENERGY,20.0,20.0,3,1,0,ENERGY,30000.0,0,ENERGY,30000.0,0.0,False,0,ENERGY,LOSS,
P4,99,19,0,DISCARD_ENERGY,20.0,20.0,2,1,0,ENERGY,30000.0,0,ENERGY,30000.0,0.0,False,0,ENERGY,LOSS,
P4,100,1,1,SETUP_ACTIVE_POKEMON,0.0,0.0,0,0,0,CARD,10000.0,0,CARD,10000.0,0.0,False,0,CARD,WIN,
P4,100,3,1,DRAW_COUNT,0.0,0.0,0,0,4,NUMBER,4.0,4,NUMBER,4.0,0.0,False,4,NUMBER,WIN,
P4,100,4,1,SETUP_BENCH_POKEMON,0.0,0.0,0,0,0,CARD,10000.0,0,CARD,10000.0,0.0,False,0,CARD,WIN,
P4,100,5,1,MAIN,150.0,90.0,0,0,0,ATTACH,39000.0,0,ATTACH,39000.0,0.0,False,0,ATTACH,WIN,
P4,100,6,1,MAIN,150.0,90.0,1,0,0,END,0.0,0,END,0.0,0.0,False,0,END,WIN,
P4,100,9,1,MAIN,140.0,90.0,1,1,0,ATTACH,39700.0,0,ATTACH,39700.0,0.0,False,0,ATTACH,WIN,
P4,100,10,1,MAIN,140.0,90.0,2,1,2,ATTACK,18104.2,2,ATTACK,18104.2,0.0,False,2,ATTACK,WIN,
P4,100,13,1,MAIN,110.0,90.0,2,2,0,ATTACH,40400.0,0,ATTACH,40400.0,0.0,False,0,ATTACH,WIN,
P4,100,14,1,MAIN,110.0,90.0,3,2,4,ATTACK,18104.3,4,ATTACK,18104.3,0.0,False,4,ATTACK,WIN,
P4,100,15,1,DISCARD_ENERGY,110.0,0.0,3,2,0,ENERGY,30000.0,0,ENERGY,30000.0,0.0,False,0,ENERGY,WIN,
P4,100,16,1,DISCARD_ENERGY,110.0,0.0,2,2,0,ENERGY,30000.0,0,ENERGY,30000.0,0.0,False,0,ENERGY,WIN,
P4,100,17,1,TO_HAND,110.0,0.0,1,0,0,CARD,5000.0,0,CARD,5000.0,0.0,False,0,CARD,WIN,
P4,101,0,0,IS_FIRST,0.0,0.0,0,0,1,NO,5000.0,1,NO,5000.0,0.0,False,1,NO,WIN,
P4,101,2,0,SETUP_ACTIVE_POKEMON,0.0,0.0,0,0,0,CARD,10000.0,0,CARD,10000.0,0.0,False,0,CARD,WIN,
P4,101,6,0,MAIN,90.0,150.0,0,1,0,ATTACH,39000.0,0,ATTACH,39000.0,0.0,False,0,ATTACH,WIN,
P4,101,7,0,MAIN,90.0,150.0,1,1,0,ATTACK,18104.4,0,ATTACK,18104.4,0.0,False,0,ATTACK,WIN,
P4,101,10,0,MAIN,90.0,140.0,1,2,4,EVOLVE,70500.0,4,EVOLVE,73500.0,0.0,False,4,EVOLVE,WIN,
P4,101,11,0,MAIN,350.0,140.0,1,2,0,ATTACH,39700.0,0,ATTACH,39700.0,0.0,False,0,ATTACH,WIN,
P4,101,12,0,MAIN,350.0,140.0,2,2,1,ATTACK,18104.6,1,ATTACK,18104.6,0.0,False,1,ATTACK,WIN,
P4,101,17,0,MAIN,170.0,40.0,2,1,0,ATTACH,40400.0,6,ATTACK,68104.6,27704.600000000006,True,6,ATTACK,WIN,True
P4,101,18,0,TO_HAND,170.0,0.0,2,0,5,CARD,10000.0,5,CARD,10000.0,0.0,False,5,CARD,WIN,
P4,102,2,1,SETUP_ACTIVE_POKEMON,0.0,0.0,0,0,0,CARD,10000.0,0,CARD,10000.0,0.0,False,0,CARD,WIN,
P4,102,4,1,SETUP_BENCH_POKEMON,0.0,0.0,0,0,0,CARD,10000.0,0,CARD,10000.0,0.0,False,0,CARD,WIN,
P4,102,6,1,MAIN,90.0,150.0,0,0,0,ATTACH,39000.0,0,ATTACH,39000.0,0.0,False,0,ATTACH,WIN,
P4,102,7,1,MAIN,90.0,150.0,1,0,0,END,0.0,0,END,0.0,0.0,False,0,END,WIN,
P4,102,10,1,MAIN,90.0,150.0,1,1,0,ATTACH,39700.0,0,ATTACH,39700.0,0.0,False,0,ATTACH,WIN,
P4,102,11,1,MAIN,90.0,150.0,2,1,3,ATTACK,18104.5,3,ATTACK,18104.5,0.0,False,3,ATTACK,WIN,
P4,102,14,1,MAIN,90.0,120.0,2,2,0,ATTACH,40400.0,0,ATTACH,40400.0,0.0,False,0,ATTACH,WIN,
P4,102,15,1,MAIN,90.0,120.0,3,2,3,ATTACK,18104.5,3,ATTACK,18104.5,0.0,False,3,ATTACK,WIN,
P4,102,21,1,TO_ACTIVE,0.0,90.0,0,1,0,CARD,5000.0,0,CARD,5000.0,0.0,False,0,CARD,WIN,
P4,102,22,1,MAIN,90.0,90.0,0,1,5,EVOLVE,70000.0,5,EVOLVE,70000.0,0.0,False,5,EVOLVE,WIN,
P4,102,23,1,MAIN,350.0,90.0,0,1,1,ATTACH,39000.0,1,ATTACH,39000.0,0.0,False,1,ATTACH,WIN,
P4,102,24,1,MAIN,350.0,90.0,1,1,0,PLAY,12000.0,0,PLAY,12000.0,0.0,False,0,PLAY,WIN,
P4,102,25,1,TO_HAND,350.0,90.0,1,1,0,CARD,1000.0,0,CARD,1000.0,0.0,False,0,CARD,WIN,
P4,102,26,1,MAIN,350.0,90.0,1,1,0,END,0.0,0,END,0.0,0.0,False,0,END,WIN,
P4,102,29,1,MAIN,310.0,90.0,1,2,0,ATTACH,39700.0,0,ATTACH,39700.0,0.0,False,0,ATTACH,WIN,
P4,102,30,1,MAIN,310.0,90.0,2,2,1,ATTACK,18104.6,1,ATTACK,18104.6,0.0,False,1,ATTACK,WIN,
P4,102,31,1,TO_HAND,310.0,0.0,2,0,2,CARD,10000.0,2,CARD,10000.0,0.0,False,2,CARD,WIN,
P4,102,35,1,MAIN,300.0,90.0,2,1,1,ATTACH,40400.0,1,ATTACH,40400.0,0.0,False,1,ATTACH,WIN,
P4,102,36,1,MAIN,300.0,90.0,3,1,4,ATTACK,18104.7,4,ATTACK,18104.7,0.0,False,4,ATTACK,WIN,
P4,102,37,1,TO_HAND,300.0,0.0,3,0,1,CARD,10000.0,1,CARD,10000.0,0.0,False,1,CARD,WIN,
P4,102,41,1,MAIN,300.0,90.0,3,1,1,ATTACH,41100.0,1,ATTACH,41100.0,0.0,False,1,ATTACH,WIN,
P4,102,42,1,MAIN,300.0,90.0,4,1,3,ATTACH,41800.0,3,ATTACH,41800.0,0.0,False,3,ATTACH,WIN,
P4,102,43,1,MAIN,300.0,90.0,4,1,4,ATTACK,18104.7,4,ATTACK,18104.7,0.0,False,4,ATTACK,WIN,
P4,102,44,1,TO_HAND,300.0,0.0,4,0,1,CARD,10000.0,1,CARD,10000.0,0.0,False,1,CARD,WIN,
P4,103,0,0,IS_FIRST,0.0,0.0,0,0,1,NO,5000.0,1,NO,5000.0,0.0,False,1,NO,LOSS,
P4,103,1,0,SETUP_ACTIVE_POKEMON,0.0,0.0,0,0,0,CARD,10000.0,0,CARD,10000.0,0.0,False,0,CARD,LOSS,
P4,103,3,0,DRAW_COUNT,0.0,0.0,0,0,1,NUMBER,1.0,1,NUMBER,1.0,0.0,False,1,NUMBER,LOSS,
P4,103,4,0,SETUP_BENCH_POKEMON,0.0,0.0,0,0,0,CARD,10000.0,0,CARD,10000.0,0.0,False,0,CARD,LOSS,
P4,103,9,0,MAIN,150.0,90.0,0,1,0,ATTACH,39000.0,0,ATTACH,39000.0,0.0,False,0,ATTACH,LOSS,
P4,103,10,0,MAIN,150.0,90.0,1,1,2,ATTACK,18104.2,2,ATTACK,18104.2,0.0,False,2,ATTACK,LOSS,
P4,103,15,0,TO_ACTIVE,0.0,350.0,0,2,0,CARD,5000.0,0,CARD,5000.0,0.0,False,0,CARD,LOSS,
P4,103,16,0,MAIN,90.0,350.0,0,2,1,ATTACH,39000.0,1,ATTACH,39000.0,0.0,False,1,ATTACH,LOSS,
P4,103,17,0,MAIN,90.0,350.0,1,2,3,ATTACK,18104.4,3,ATTACK,18104.4,0.0,False,3,ATTACK,LOSS,
P4,104,2,1,SETUP_ACTIVE_POKEMON,0.0,0.0,0,0,0,CARD,10000.0,0,CARD,10000.0,0.0,False,0,CARD,LOSS,
P4,104,4,1,SETUP_BENCH_POKEMON,0.0,0.0,0,0,0,CARD,10000.0,0,CARD,10000.0,0.0,False,0,CARD,LOSS,
P4,104,6,1,MAIN,90.0,90.0,0,0,0,ATTACH,39000.0,0,ATTACH,39000.0,0.0,False,0,ATTACH,LOSS,
P4,104,7,1,MAIN,90.0,90.0,1,0,0,END,0.0,0,END,0.0,0.0,False,0,END,LOSS,
P4,104,10,1,MAIN,80.0,90.0,1,1,1,ATTACH,39700.0,1,ATTACH,39700.0,0.0,False,1,ATTACH,LOSS,
P4,104,11,1,MAIN,80.0,90.0,2,1,3,ATTACK,18104.5,3,ATTACK,18104.5,0.0,False,3,ATTACK,LOSS,
P4,104,16,1,TO_ACTIVE,0.0,320.0,0,2,0,CARD,5000.0,0,CARD,5000.0,0.0,False,0,CARD,LOSS,
P4,104,17,1,MAIN,90.0,320.0,0,2,1,ATTACH,39000.0,1,ATTACH,39000.0,0.0,False,1,ATTACH,LOSS,
P4,104,18,1,MAIN,90.0,320.0,1,2,2,ATTACK,18104.4,2,ATTACK,18104.4,0.0,False,2,ATTACK,LOSS,
P4,105,0,0,IS_FIRST,0.0,0.0,0,0,1,NO,5000.0,1,NO,5000.0,0.0,False,1,NO,WIN,
P4,105,1,0,SETUP_ACTIVE_POKEMON,0.0,0.0,0,0,0,CARD,10000.0,0,CARD,10000.0,0.0,False,0,CARD,WIN,
P4,105,3,0,DRAW_COUNT,0.0,0.0,0,0,2,NUMBER,2.0,2,NUMBER,2.0,0.0,False,2,NUMBER,WIN,
P4,105,6,0,MAIN,90.0,90.0,0,1,0,ATTACH,39000.0,0,ATTACH,39000.0,0.0,False,0,ATTACH,WIN,
P4,105,7,0,MAIN,90.0,90.0,1,1,4,ATTACK,18104.4,4,ATTACK,18104.4,0.0,False,4,ATTACK,WIN,
P4,105,10,0,MAIN,60.0,80.0,1,2,0,EVOLVE,70500.0,0,EVOLVE,73500.0,0.0,False,0,EVOLVE,WIN,
P4,105,11,0,MAIN,320.0,80.0,1,2,1,ATTACH,39700.0,1,ATTACH,39700.0,0.0,False,1,ATTACH,WIN,
P4,105,12,0,MAIN,320.0,80.0,2,2,4,ATTACK,18104.6,4,ATTACK,18104.6,0.0,False,4,ATTACK,WIN,
P4,105,13,0,TO_HAND,320.0,0.0,2,0,3,CARD,10000.0,3,CARD,10000.0,0.0,False,3,CARD,WIN,
P4,106,2,1,SETUP_ACTIVE_POKEMON,0.0,0.0,0,0,0,CARD,10000.0,0,CARD,10000.0,0.0,False,0,CARD,WIN,
P4,106,4,1,MAIN,90.0,90.0,0,0,0,ATTACH,39000.0,0,ATTACH,39000.0,0.0,False,0,ATTACH,WIN,
P4,106,5,1,MAIN,90.0,90.0,1,0,0,PLAY,12000.0,0,PLAY,12000.0,0.0,False,0,PLAY,WIN,
P4,106,6,1,TO_HAND,90.0,90.0,1,0,0,CARD,1000.0,0,CARD,1000.0,0.0,False,0,CARD,WIN,
P4,106,7,1,MAIN,90.0,90.0,1,0,0,END,0.0,0,END,0.0,0.0,False,0,END,WIN,
P4,106,10,1,MAIN,80.0,90.0,1,1,5,EVOLVE,70500.0,5,EVOLVE,70500.0,0.0,False,5,EVOLVE,WIN,
P4,106,11,1,MAIN,340.0,90.0,1,1,0,ATTACH,39700.0,0,ATTACH,39700.0,0.0,False,0,ATTACH,WIN,
P4,106,12,1,MAIN,340.0,90.0,2,1,2,ATTACK,18104.6,2,ATTACK,18104.6,0.0,False,2,ATTACK,WIN,
P4,106,13,1,TO_HAND,340.0,0.0,2,0,0,CARD,5000.0,0,CARD,5000.0,0.0,False,0,CARD,WIN,
P4,107,0,0,IS_FIRST,0.0,0.0,0,0,1,NO,5000.0,1,NO,5000.0,0.0,False,1,NO,WIN,
P4,107,2,0,SETUP_ACTIVE_POKEMON,0.0,0.0,0,0,0,CARD,10000.0,0,CARD,10000.0,0.0,False,0,CARD,WIN,
P4,107,4,0,SETUP_BENCH_POKEMON,0.0,0.0,0,0,0,CARD,10000.0,0,CARD,10000.0,0.0,False,0,CARD,WIN,
P4,107,7,0,MAIN,90.0,90.0,0,1,0,ATTACH,39000.0,0,ATTACH,39000.0,0.0,False,0,ATTACH,WIN,
P4,107,8,0,MAIN,90.0,90.0,1,1,2,ATTACK,18104.4,2,ATTACK,18104.4,0.0,False,2,ATTACK,WIN,
P4,107,11,0,MAIN,60.0,80.0,1,2,0,EVOLVE,70500.0,0,EVOLVE,73500.0,0.0,False,0,EVOLVE,WIN,
P4,107,12,0,MAIN,320.0,80.0,1,2,0,ATTACH,39700.0,0,ATTACH,39700.0,0.0,False,0,ATTACH,WIN,
P4,107,13,0,MAIN,320.0,80.0,2,2,2,ATTACK,18104.6,2,ATTACK,18104.6,0.0,False,2,ATTACK,WIN,
P4,107,14,0,TO_HAND,320.0,0.0,2,0,3,CARD,10000.0,3,CARD,10000.0,0.0,False,3,CARD,WIN,
P4,107,18,0,MAIN,280.0,150.0,2,1,1,ATTACH,40400.0,1,ATTACH,40400.0,0.0,False,1,ATTACH,WIN,
P4,107,19,0,MAIN,280.0,150.0,3,1,4,ATTACK,18104.7,4,ATTACK,18104.7,0.0,False,4,ATTACK,WIN,
P4,107,20,0,TO_HAND,280.0,0.0,3,0,2,CARD,10000.0,2,CARD,10000.0,0.0,False,2,CARD,WIN,
P4,107,24,0,MAIN,280.0,90.0,3,1,2,ATTACH,41100.0,2,ATTACH,41100.0,0.0,False,2,ATTACH,WIN,
P4,107,25,0,MAIN,280.0,90.0,4,1,5,ATTACK,18104.7,5,ATTACK,18104.7,0.0,False,5,ATTACK,WIN,
P4,107,26,0,TO_HAND,280.0,0.0,4,0,2,CARD,10000.0,2,CARD,10000.0,0.0,False,2,CARD,WIN,
P4,108,1,1,SETUP_ACTIVE_POKEMON,0.0,0.0,0,0,0,CARD,10000.0,0,CARD,10000.0,0.0,False,0,CARD,WIN,
P4,108,3,1,MAIN,90.0,90.0,0,0,0,ATTACH,39000.0,0,ATTACH,39000.0,0.0,False,0,ATTACH,WIN,
P4,108,4,1,MAIN,90.0,90.0,1,0,0,PLAY,12000.0,0,PLAY,12000.0,0.0,False,0,PLAY,WIN,
P4,108,5,1,TO_HAND,90.0,90.0,1,0,0,CARD,5000.0,0,CARD,5000.0,0.0,False,0,CARD,WIN,
P4,108,6,1,MAIN,90.0,90.0,1,0,0,PLAY,12000.0,0,PLAY,12000.0,0.0,False,0,PLAY,WIN,
P4,108,7,1,TO_HAND,90.0,90.0,1,0,0,CARD,1000.0,0,CARD,1000.0,0.0,False,0,CARD,WIN,
P4,108,8,1,MAIN,90.0,90.0,1,0,0,END,0.0,0,END,0.0,0.0,False,0,END,WIN,
P4,108,11,1,MAIN,80.0,90.0,1,1,4,EVOLVE,70500.0,4,EVOLVE,70500.0,0.0,False,4,EVOLVE,WIN,
P4,108,12,1,MAIN,340.0,90.0,1,1,1,ATTACH,39700.0,1,ATTACH,39700.0,0.0,False,1,ATTACH,WIN,
P4,108,13,1,MAIN,340.0,90.0,2,1,2,ATTACK,18104.6,2,ATTACK,18104.6,0.0,False,2,ATTACK,WIN,
P4,108,14,1,TO_HAND,340.0,0.0,2,0,3,CARD,10000.0,3,CARD,10000.0,0.0,False,3,CARD,WIN,
P4,109,0,0,IS_FIRST,0.0,0.0,0,0,1,NO,5000.0,1,NO,5000.0,0.0,False,1,NO,WIN,
P4,109,2,0,SETUP_ACTIVE_POKEMON,0.0,0.0,0,0,0,CARD,10000.0,0,CARD,10000.0,0.0,False,0,CARD,WIN,
P4,109,5,0,MAIN,90.0,150.0,0,1,0,ATTACH,39000.0,0,ATTACH,39000.0,0.0,False,0,ATTACH,WIN,
P4,109,6,0,MAIN,90.0,150.0,1,1,1,ATTACK,18104.4,1,ATTACK,18104.4,0.0,False,1,ATTACK,WIN,
P4,109,9,0,MAIN,90.0,140.0,1,2,6,EVOLVE,70500.0,6,EVOLVE,73500.0,0.0,False,6,EVOLVE,WIN,
P4,109,10,0,MAIN,350.0,140.0,1,2,0,ATTACH,39700.0,0,ATTACH,39700.0,0.0,False,0,ATTACH,WIN,
P4,109,11,0,MAIN,350.0,140.0,2,2,1,ATTACK,18104.6,1,ATTACK,18104.6,0.0,False,1,ATTACK,WIN,
P4,109,12,0,TO_HAND,350.0,0.0,2,0,5,CARD,10000.0,5,CARD,10000.0,0.0,False,5,CARD,WIN,
P4,110,1,1,SETUP_ACTIVE_POKEMON,0.0,0.0,0,0,0,CARD,10000.0,0,CARD,10000.0,0.0,False,0,CARD,WIN,
P4,110,3,1,DRAW_COUNT,0.0,0.0,0,0,1,NUMBER,1.0,1,NUMBER,1.0,0.0,False,1,NUMBER,WIN,
P4,110,5,1,MAIN,90.0,90.0,0,0,0,ATTACH,39000.0,0,ATTACH,39000.0,0.0,False,0,ATTACH,WIN,
P4,110,6,1,MAIN,90.0,90.0,1,0,0,PLAY,12000.0,0,PLAY,12000.0,0.0,False,0,PLAY,WIN,
P4,110,7,1,TO_HAND,90.0,90.0,1,0,0,CARD,5000.0,0,CARD,5000.0,0.0,False,0,CARD,WIN,
P4,110,8,1,MAIN,90.0,90.0,1,0,0,PLAY,12000.0,0,PLAY,12000.0,0.0,False,0,PLAY,WIN,
P4,110,9,1,TO_HAND,90.0,90.0,1,0,0,CARD,1000.0,0,CARD,1000.0,0.0,False,0,CARD,WIN,
P4,110,10,1,MAIN,90.0,90.0,1,0,0,END,0.0,0,END,0.0,0.0,False,0,END,WIN,
P4,110,13,1,MAIN,80.0,90.0,1,1,5,EVOLVE,70500.0,5,EVOLVE,70500.0,0.0,False,5,EVOLVE,WIN,
P4,110,14,1,MAIN,340.0,90.0,1,1,0,ATTACH,39700.0,0,ATTACH,39700.0,0.0,False,0,ATTACH,WIN,
P4,110,15,1,MAIN,340.0,90.0,2,1,1,ATTACK,18104.6,1,ATTACK,18104.6,0.0,False,1,ATTACK,WIN,
P4,110,16,1,TO_HAND,340.0,0.0,2,0,4,CARD,10000.0,4,CARD,10000.0,0.0,False,4,CARD,WIN,
P4,110,20,1,MAIN,320.0,150.0,2,1,0,ATTACH,40400.0,0,ATTACH,40400.0,0.0,False,0,ATTACH,WIN,
P4,110,21,1,MAIN,320.0,150.0,3,1,1,ATTACH,41100.0,1,ATTACH,41100.0,0.0,False,1,ATTACH,WIN,
P4,110,22,1,MAIN,320.0,150.0,3,1,2,ATTACK,18104.7,2,ATTACK,18104.7,0.0,False,2,ATTACK,WIN,
P4,110,23,1,TO_HAND,320.0,0.0,3,0,3,CARD,10000.0,3,CARD,10000.0,0.0,False,3,CARD,WIN,
P4,111,0,0,IS_FIRST,0.0,0.0,0,0,1,NO,5000.0,1,NO,5000.0,0.0,False,1,NO,LOSS,
P4,111,2,0,SETUP_ACTIVE_POKEMON,0.0,0.0,0,0,0,CARD,10000.0,0,CARD,10000.0,0.0,False,0,CARD,LOSS,
P4,111,5,0,MAIN,90.0,90.0,0,1,2,ATTACH,39000.0,2,ATTACH,39000.0,0.0,False,2,ATTACH,LOSS,
P4,111,6,0,MAIN,90.0,90.0,1,1,3,ATTACK,18104.4,3,ATTACK,18104.4,0.0,False,3,ATTACK,LOSS,
P4,112,1,1,SETUP_ACTIVE_POKEMON,0.0,0.0,0,0,0,CARD,10000.0,0,CARD,10000.0,0.0,False,0,CARD,WIN,
P4,112,3,1,MAIN,90.0,90.0,0,0,0,ATTACH,39000.0,0,ATTACH,39000.0,0.0,False,0,ATTACH,WIN,
P4,112,4,1,MAIN,90.0,90.0,1,0,0,ATTACH,39700.0,0,ATTACH,39700.0,0.0,False,0,ATTACH,WIN,
P4,112,5,1,MAIN,90.0,90.0,1,0,0,END,0.0,0,END,0.0,0.0,False,0,END,WIN,
P4,112,8,1,MAIN,80.0,90.0,1,1,1,EVOLVE,70500.0,1,EVOLVE,70500.0,0.0,False,1,EVOLVE,WIN,
P4,112,9,1,MAIN,340.0,90.0,1,1,1,ATTACH,39700.0,1,ATTACH,39700.0,0.0,False,1,ATTACH,WIN,
P4,112,10,1,MAIN,340.0,90.0,2,1,1,ATTACK,18104.6,1,ATTACK,18104.6,0.0,False,1,ATTACK,WIN,
P4,112,11,1,TO_HAND,340.0,0.0,2,0,1,CARD,10000.0,1,CARD,10000.0,0.0,False,1,CARD,WIN,
P4,113,0,0,IS_FIRST,0.0,0.0,0,0,1,NO,5000.0,1,NO,5000.0,0.0,False,1,NO,LOSS,
P4,113,2,0,SETUP_ACTIVE_POKEMON,0.0,0.0,0,0,0,CARD,10000.0,0,CARD,10000.0,0.0,False,0,CARD,LOSS,
P4,113,8,0,MAIN,150.0,90.0,0,1,0,ATTACH,39000.0,0,ATTACH,39000.0,0.0,False,0,ATTACH,LOSS,
P4,113,9,0,MAIN,150.0,90.0,1,1,2,ATTACK,18104.2,2,ATTACK,18104.2,0.0,False,2,ATTACK,LOSS,
P4,114,1,1,SETUP_ACTIVE_POKEMON,0.0,0.0,0,0,0,CARD,10000.0,0,CARD,10000.0,0.0,False,0,CARD,WIN,
P4,114,3,1,DRAW_COUNT,0.0,0.0,0,0,2,NUMBER,2.0,2,NUMBER,2.0,0.0,False,2,NUMBER,WIN,
P4,114,4,1,SETUP_BENCH_POKEMON,0.0,0.0,0,0,0,CARD,10000.0,0,CARD,10000.0,0.0,False,0,CARD,WIN,
P4,114,5,1,MAIN,150.0,90.0,0,0,0,ATTACH,39000.0,0,ATTACH,39000.0,0.0,False,0,ATTACH,WIN,
P4,114,6,1,MAIN,150.0,90.0,1,0,0,PLAY,12000.0,0,PLAY,12000.0,0.0,False,0,PLAY,WIN,
P4,114,7,1,TO_HAND,150.0,90.0,1,0,0,CARD,1000.0,0,CARD,1000.0,0.0,False,0,CARD,WIN,
P4,114,8,1,MAIN,150.0,90.0,1,0,0,END,0.0,0,END,0.0,0.0,False,0,END,WIN,
P4,114,11,1,MAIN,140.0,90.0,1,1,0,ATTACH,39700.0,0,ATTACH,39700.0,0.0,False,0,ATTACH,WIN,
P4,114,12,1,MAIN,140.0,90.0,2,1,1,ATTACK,18104.2,1,ATTACK,18104.2,0.0,False,1,ATTACK,WIN,
P4,114,15,1,MAIN,110.0,90.0,2,2,0,ATTACH,40400.0,0,ATTACH,40400.0,0.0,False,0,ATTACH,WIN,
P4,114,16,1,MAIN,110.0,90.0,3,2,2,ATTACK,18104.3,2,ATTACK,18104.3,0.0,False,2,ATTACK,WIN,
P4,114,17,1,DISCARD_ENERGY,110.0,0.0,3,2,0,ENERGY,30000.0,0,ENERGY,30000.0,0.0,False,0,ENERGY,WIN,
P4,114,18,1,DISCARD_ENERGY,110.0,0.0,2,2,0,ENERGY,30000.0,0,ENERGY,30000.0,0.0,False,0,ENERGY,WIN,
P4,114,19,1,TO_HAND,110.0,0.0,1,0,4,CARD,10000.0,4,CARD,10000.0,0.0,False,4,CARD,WIN,
P4,115,0,0,IS_FIRST,0.0,0.0,0,0,1,NO,5000.0,1,NO,5000.0,0.0,False,1,NO,WIN,
P4,115,1,0,SETUP_ACTIVE_POKEMON,0.0,0.0,0,0,0,CARD,10000.0,0,CARD,10000.0,0.0,False,0,CARD,WIN,
P4,115,3,0,DRAW_COUNT,0.0,0.0,0,0,1,NUMBER,1.0,1,NUMBER,1.0,0.0,False,1,NUMBER,WIN,
P4,115,5,0,SETUP_BENCH_POKEMON,0.0,0.0,0,0,0,CARD,10000.0,0,CARD,10000.0,0.0,False,0,CARD,WIN,
P4,115,9,0,MAIN,90.0,90.0,0,1,0,ATTACH,39000.0,0,ATTACH,39000.0,0.0,False,0,ATTACH,WIN,
P4,115,10,0,MAIN,90.0,90.0,1,1,0,ATTACH,39700.0,0,ATTACH,39700.0,0.0,False,0,ATTACH,WIN,
P4,115,11,0,MAIN,90.0,90.0,1,1,0,ATTACK,18104.4,0,ATTACK,18104.4,0.0,False,0,ATTACK,WIN,
P4,115,14,0,MAIN,60.0,80.0,1,2,6,EVOLVE,70500.0,6,EVOLVE,73500.0,0.0,False,6,EVOLVE,WIN,
P4,115,15,0,MAIN,320.0,80.0,1,2,6,EVOLVE,70000.0,6,EVOLVE,70000.0,0.0,False,6,EVOLVE,WIN,
P4,115,16,0,MAIN,320.0,80.0,1,2,0,ATTACH,39700.0,0,ATTACH,39700.0,0.0,False,0,ATTACH,WIN,
P4,115,17,0,MAIN,320.0,80.0,2,2,0,ATTACK,18104.6,0,ATTACK,18104.6,0.0,False,0,ATTACK,WIN,
P4,115,18,0,TO_HAND,320.0,0.0,2,0,0,CARD,5000.0,0,CARD,5000.0,0.0,False,0,CARD,WIN,
P4,115,22,0,MAIN,310.0,90.0,2,1,0,ATTACH,40400.0,0,ATTACH,40400.0,0.0,False,0,ATTACH,WIN,
P4,115,23,0,MAIN,310.0,90.0,3,1,2,ATTACK,18104.7,2,ATTACK,18104.7,0.0,False,2,ATTACK,WIN,
P4,115,24,0,TO_HAND,310.0,0.0,3,0,3,CARD,10000.0,3,CARD,10000.0,0.0,False,3,CARD,WIN,
P4,116,1,1,SETUP_ACTIVE_POKEMON,0.0,0.0,0,0,0,CARD,10000.0,0,CARD,10000.0,0.0,False,0,CARD,LOSS,
P4,116,4,1,MAIN,150.0,150.0,0,0,0,ATTACH,39000.0,0,ATTACH,39000.0,0.0,False,0,ATTACH,LOSS,
P4,116,5,1,MAIN,150.0,150.0,1,0,0,PLAY,12000.0,0,PLAY,12000.0,0.0,False,0,PLAY,LOSS,
P4,116,6,1,MAIN,150.0,150.0,1,0,0,END,0.0,0,END,0.0,0.0,False,0,END,LOSS,
P4,116,9,1,MAIN,150.0,150.0,1,1,0,ATTACH,39700.0,0,ATTACH,39700.0,0.0,False,0,ATTACH,LOSS,
P4,116,10,1,MAIN,150.0,150.0,2,1,1,ATTACK,18104.2,1,ATTACK,18104.2,0.0,False,1,ATTACK,LOSS,
P4,116,14,1,MAIN,150.0,150.0,2,2,0,ATTACH,40400.0,0,ATTACH,40400.0,0.0,False,0,ATTACH,LOSS,
P4,116,15,1,MAIN,150.0,150.0,3,2,3,ATTACK,18104.3,3,ATTACK,18104.3,0.0,False,3,ATTACK,LOSS,
P4,116,16,1,DISCARD_ENERGY,150.0,20.0,3,2,0,ENERGY,30000.0,0,ENERGY,30000.0,0.0,False,0,ENERGY,LOSS,
P4,116,17,1,DISCARD_ENERGY,150.0,20.0,2,2,0,ENERGY,30000.0,0,ENERGY,30000.0,0.0,False,0,ENERGY,LOSS,
P4,116,28,1,MAIN,150.0,350.0,1,1,0,ATTACH,39700.0,0,ATTACH,39700.0,0.0,False,0,ATTACH,LOSS,
P4,116,29,1,MAIN,150.0,350.0,2,1,3,ATTACK,18104.2,3,ATTACK,18104.2,0.0,False,3,ATTACK,LOSS,
P4,116,35,1,TO_ACTIVE,0.0,310.0,0,2,0,CARD,5000.0,0,CARD,5000.0,0.0,False,0,CARD,LOSS,
P4,116,36,1,MAIN,90.0,310.0,0,2,0,ATTACH,39000.0,0,ATTACH,39000.0,0.0,False,0,ATTACH,LOSS,
P4,116,37,1,MAIN,90.0,310.0,1,2,3,ATTACK,18104.4,3,ATTACK,18104.4,0.0,False,3,ATTACK,LOSS,
P4,117,0,0,IS_FIRST,0.0,0.0,0,0,1,NO,5000.0,1,NO,5000.0,0.0,False,1,NO,WIN,
P4,117,2,0,SETUP_ACTIVE_POKEMON,0.0,0.0,0,0,0,CARD,10000.0,0,CARD,10000.0,0.0,False,0,CARD,WIN,
P4,117,3,0,SETUP_BENCH_POKEMON,0.0,0.0,0,0,0,CARD,10000.0,0,CARD,10000.0,0.0,False,0,CARD,WIN,
P4,117,8,0,MAIN,90.0,150.0,0,1,0,ATTACH,39000.0,0,ATTACH,39000.0,0.0,False,0,ATTACH,WIN,
P4,117,9,0,MAIN,90.0,150.0,1,1,1,ATTACK,18104.4,1,ATTACK,18104.4,0.0,False,1,ATTACK,WIN,
P4,117,12,0,MAIN,90.0,140.0,1,2,2,EVOLVE,70500.0,2,EVOLVE,73500.0,0.0,False,2,EVOLVE,WIN,
P4,117,13,0,MAIN,350.0,140.0,1,2,0,ATTACH,39700.0,0,ATTACH,39700.0,0.0,False,0,ATTACH,WIN,
P4,117,14,0,MAIN,350.0,140.0,2,2,1,ATTACK,18104.6,1,ATTACK,18104.6,0.0,False,1,ATTACK,WIN,
P4,117,15,0,TO_HAND,350.0,0.0,2,0,0,CARD,5000.0,0,CARD,5000.0,0.0,False,0,CARD,WIN,
P4,118,1,1,SETUP_ACTIVE_POKEMON,0.0,0.0,0,0,0,CARD,10000.0,0,CARD,10000.0,0.0,False,0,CARD,LOSS,
P4,118,3,1,DRAW_COUNT,0.0,0.0,0,0,1,NUMBER,1.0,1,NUMBER,1.0,0.0,False,1,NUMBER,LOSS,
P4,118,4,1,SETUP_BENCH_POKEMON,0.0,0.0,0,0,0,CARD,10000.0,0,CARD,10000.0,0.0,False,0,CARD,LOSS,
P4,118,6,1,MAIN,90.0,90.0,0,0,0,ATTACH,39000.0,0,ATTACH,39000.0,0.0,False,0,ATTACH,LOSS,
P4,118,7,1,MAIN,90.0,90.0,1,0,0,END,0.0,0,END,0.0,0.0,False,0,END,LOSS,
P4,118,10,1,MAIN,80.0,90.0,1,1,0,ATTACH,39700.0,0,ATTACH,39700.0,0.0,False,0,ATTACH,LOSS,
P4,118,11,1,MAIN,80.0,90.0,2,1,2,ATTACK,18104.5,2,ATTACK,18104.5,0.0,False,2,ATTACK,LOSS,
P4,118,14,1,MAIN,50.0,60.0,2,2,0,ATTACH,40400.0,0,ATTACH,40400.0,0.0,False,0,ATTACH,LOSS,
P4,118,15,1,MAIN,50.0,60.0,3,2,2,ATTACK,18104.5,2,ATTACK,18104.5,0.0,False,2,ATTACK,LOSS,
P4,118,30,1,MAIN,50.0,350.0,3,0,0,ATTACH,41100.0,0,ATTACH,41100.0,0.0,False,0,ATTACH,LOSS,
P4,118,31,1,MAIN,50.0,350.0,4,0,2,ATTACK,18104.5,2,ATTACK,18104.5,0.0,False,2,ATTACK,LOSS,
P4,118,37,1,MAIN,50.0,320.0,4,1,0,ATTACH,41800.0,0,ATTACH,41800.0,0.0,False,0,ATTACH,LOSS,
P4,118,38,1,MAIN,50.0,320.0,5,1,2,ATTACK,18104.5,2,ATTACK,18104.5,0.0,False,2,ATTACK,LOSS,
P4,118,42,1,TO_ACTIVE,0.0,290.0,0,2,0,CARD,5000.0,0,CARD,5000.0,0.0,False,0,CARD,LOSS,
P4,118,43,1,MAIN,90.0,290.0,0,2,6,EVOLVE,70000.0,6,EVOLVE,73000.0,0.0,False,6,EVOLVE,LOSS,
P4,118,44,1,MAIN,350.0,290.0,0,2,0,ATTACH,39000.0,0,ATTACH,39000.0,0.0,False,0,ATTACH,LOSS,
P4,118,45,1,MAIN,350.0,290.0,1,2,0,PLAY,12000.0,0,PLAY,12000.0,0.0,False,0,PLAY,LOSS,
P4,118,46,1,ATTACH_TO,350.0,290.0,1,2,0,CARD,5000.0,0,CARD,5000.0,0.0,False,0,CARD,LOSS,
P4,118,47,1,ATTACH_FROM,350.0,290.0,1,2,0,CARD,5000.0,0,CARD,5000.0,0.0,False,0,CARD,LOSS,
P4,118,48,1,MAIN,350.0,290.0,2,2,0,ATTACK,18104.6,0,ATTACK,18104.6,0.0,False,0,ATTACK,LOSS,
P4,118,51,1,MAIN,100.0,190.0,2,3,0,ATTACH,40400.0,0,ATTACH,40400.0,0.0,False,0,ATTACH,LOSS,
P4,118,52,1,MAIN,100.0,190.0,3,3,1,ATTACK,18104.7,1,ATTACK,18104.7,0.0,False,1,ATTACK,LOSS,
P4,119,0,0,IS_FIRST,0.0,0.0,0,0,1,NO,5000.0,1,NO,5000.0,0.0,False,1,NO,LOSS,
P4,119,2,0,SETUP_ACTIVE_POKEMON,0.0,0.0,0,0,0,CARD,10000.0,0,CARD,10000.0,0.0,False,0,CARD,LOSS,
P4,119,6,0,MAIN,90.0,90.0,0,1,1,ATTACH,39000.0,1,ATTACH,39000.0,0.0,False,1,ATTACH,LOSS,
P4,119,7,0,MAIN,90.0,90.0,1,1,2,ATTACK,18104.4,2,ATTACK,18104.4,0.0,False,2,ATTACK,LOSS,
P4,120,2,1,SETUP_ACTIVE_POKEMON,0.0,0.0,0,0,0,CARD,10000.0,0,CARD,10000.0,0.0,False,0,CARD,LOSS,
P4,120,4,1,MAIN,150.0,90.0,0,0,0,ATTACH,39000.0,0,ATTACH,39000.0,0.0,False,0,ATTACH,LOSS,
P4,120,5,1,MAIN,150.0,90.0,1,0,0,END,0.0,0,END,0.0,0.0,False,0,END,LOSS,
P4,120,8,1,MAIN,140.0,90.0,1,1,0,ATTACH,39700.0,0,ATTACH,39700.0,0.0,False,0,ATTACH,LOSS,
P4,120,9,1,MAIN,140.0,90.0,2,1,0,ATTACH,40400.0,0,ATTACH,40400.0,0.0,False,0,ATTACH,LOSS,
P4,120,10,1,MAIN,140.0,90.0,2,1,0,ATTACK,18104.2,0,ATTACK,18104.2,0.0,False,0,ATTACK,LOSS,
P4,121,0,0,IS_FIRST,0.0,0.0,0,0,1,NO,5000.0,1,NO,5000.0,0.0,False,1,NO,WIN,
P4,121,1,0,SETUP_ACTIVE_POKEMON,0.0,0.0,0,0,0,CARD,10000.0,0,CARD,10000.0,0.0,False,0,CARD,WIN,
P4,121,3,0,DRAW_COUNT,0.0,0.0,0,0,1,NUMBER,1.0,1,NUMBER,1.0,0.0,False,1,NUMBER,WIN,
P4,121,7,0,MAIN,90.0,90.0,0,1,0,ATTACH,39000.0,0,ATTACH,39000.0,0.0,False,0,ATTACH,WIN,
P4,121,8,0,MAIN,90.0,90.0,1,1,3,ATTACK,18104.4,3,ATTACK,18104.4,0.0,False,3,ATTACK,WIN,
P4,121,11,0,MAIN,60.0,80.0,1,2,7,EVOLVE,70500.0,7,EVOLVE,73500.0,0.0,False,7,EVOLVE,WIN,
P4,121,12,0,MAIN,320.0,80.0,1,2,1,ATTACH,39700.0,1,ATTACH,39700.0,0.0,False,1,ATTACH,WIN,
P4,121,13,0,MAIN,320.0,80.0,2,2,3,ATTACK,18104.6,3,ATTACK,18104.6,0.0,False,3,ATTACK,WIN,
P4,121,14,0,TO_HAND,320.0,0.0,2,0,5,CARD,10000.0,5,CARD,10000.0,0.0,False,5,CARD,WIN,
P4,121,18,0,MAIN,280.0,150.0,2,1,1,ATTACH,40400.0,1,ATTACH,40400.0,0.0,False,1,ATTACH,WIN,
P4,121,19,0,MAIN,280.0,150.0,3,1,5,ATTACK,18104.7,5,ATTACK,18104.7,0.0,False,5,ATTACK,WIN,
P4,121,20,0,TO_HAND,280.0,0.0,3,0,4,CARD,10000.0,4,CARD,10000.0,0.0,False,4,CARD,WIN,
P4,122,1,1,SETUP_ACTIVE_POKEMON,0.0,0.0,0,0,0,CARD,10000.0,0,CARD,10000.0,0.0,False,0,CARD,WIN,
P4,122,3,1,DRAW_COUNT,0.0,0.0,0,0,7,NUMBER,7.0,7,NUMBER,7.0,0.0,False,7,NUMBER,WIN,
P4,122,4,1,SETUP_BENCH_POKEMON,0.0,0.0,0,0,0,CARD,10000.0,0,CARD,10000.0,0.0,False,0,CARD,WIN,
P4,122,5,1,MAIN,90.0,150.0,0,0,0,ATTACH,39000.0,0,ATTACH,39000.0,0.0,False,0,ATTACH,WIN,
P4,122,6,1,MAIN,90.0,150.0,1,0,0,PLAY,12000.0,0,PLAY,12000.0,0.0,False,0,PLAY,WIN,
P4,122,7,1,TO_HAND,90.0,150.0,1,0,0,CARD,5000.0,0,CARD,5000.0,0.0,False,0,CARD,WIN,
P4,122,8,1,MAIN,90.0,150.0,1,0,0,END,0.0,0,END,0.0,0.0,False,0,END,WIN,
P4,122,11,1,MAIN,90.0,150.0,1,1,20,EVOLVE,70500.0,20,EVOLVE,70500.0,0.0,False,20,EVOLVE,WIN,
P4,122,12,1,MAIN,350.0,150.0,1,1,0,ATTACH,39700.0,0,ATTACH,39700.0,0.0,False,0,ATTACH,WIN,
P4,122,13,1,MAIN,350.0,150.0,2,1,3,ATTACK,18104.6,3,ATTACK,18104.6,0.0,False,3,ATTACK,WIN,
P4,122,14,1,TO_HAND,350.0,0.0,2,0,0,CARD,5000.0,0,CARD,5000.0,0.0,False,0,CARD,WIN,
P4,123,0,0,IS_FIRST,0.0,0.0,0,0,1,NO,5000.0,1,NO,5000.0,0.0,False,1,NO,WIN,
P4,123,2,0,SETUP_ACTIVE_POKEMON,0.0,0.0,0,0,0,CARD,10000.0,0,CARD,10000.0,0.0,False,0,CARD,WIN,
P4,123,7,0,MAIN,90.0,150.0,0,1,1,ATTACH,39000.0,1,ATTACH,39000.0,0.0,False,1,ATTACH,WIN,
P4,123,8,0,MAIN,90.0,150.0,1,1,2,ATTACK,18104.4,2,ATTACK,18104.4,0.0,False,2,ATTACK,WIN,
P4,123,11,0,MAIN,90.0,140.0,1,2,0,EVOLVE,70500.0,0,EVOLVE,73500.0,0.0,False,0,EVOLVE,WIN,
P4,123,12,0,MAIN,350.0,140.0,1,2,1,ATTACH,39700.0,1,ATTACH,39700.0,0.0,False,1,ATTACH,WIN,
P4,123,13,0,MAIN,350.0,140.0,2,2,3,ATTACK,18104.6,3,ATTACK,18104.6,0.0,False,3,ATTACK,WIN,
P4,123,14,0,TO_HAND,350.0,0.0,2,0,1,CARD,10000.0,1,CARD,10000.0,0.0,False,1,CARD,WIN,
P4,124,2,1,SETUP_ACTIVE_POKEMON,0.0,0.0,0,0,0,CARD,10000.0,0,CARD,10000.0,0.0,False,0,CARD,LOSS,
P4,124,4,1,SETUP_BENCH_POKEMON,0.0,0.0,0,0,0,CARD,10000.0,0,CARD,10000.0,0.0,False,0,CARD,LOSS,
P4,124,5,1,MAIN,90.0,150.0,0,0,0,ATTACH,39000.0,0,ATTACH,39000.0,0.0,False,0,ATTACH,LOSS,
P4,124,6,1,MAIN,90.0,150.0,1,0,0,END,0.0,0,END,0.0,0.0,False,0,END,LOSS,
P4,124,9,1,MAIN,90.0,150.0,1,1,0,ATTACH,39700.0,0,ATTACH,39700.0,0.0,False,0,ATTACH,LOSS,
P4,124,10,1,MAIN,90.0,150.0,2,1,1,ATTACK,18104.5,1,ATTACK,18104.5,0.0,False,1,ATTACK,LOSS,
P4,124,13,1,MAIN,90.0,120.0,2,2,0,ATTACH,40400.0,0,ATTACH,40400.0,0.0,False,0,ATTACH,LOSS,
P4,124,14,1,MAIN,90.0,120.0,3,2,2,ATTACK,18104.5,2,ATTACK,18104.5,0.0,False,2,ATTACK,LOSS,
P4,124,20,1,TO_ACTIVE,0.0,90.0,0,1,0,CARD,5000.0,0,CARD,5000.0,0.0,False,0,CARD,LOSS,
P4,124,21,1,MAIN,90.0,90.0,0,1,0,ATTACH,39000.0,0,ATTACH,39000.0,0.0,False,0,ATTACH,LOSS,
P4,124,22,1,MAIN,90.0,90.0,1,1,2,ATTACK,18104.4,2,ATTACK,18104.4,0.0,False,2,ATTACK,LOSS,
P4,124,25,1,MAIN,50.0,80.0,1,2,0,ATTACH,39700.0,0,ATTACH,39700.0,0.0,False,0,ATTACH,LOSS,
P4,124,26,1,MAIN,50.0,80.0,2,2,3,ATTACK,18104.5,3,ATTACK,18104.5,0.0,False,3,ATTACK,LOSS,
P4,125,0,0,IS_FIRST,0.0,0.0,0,0,1,NO,5000.0,1,NO,5000.0,0.0,False,1,NO,LOSS,
P4,125,2,0,SETUP_ACTIVE_POKEMON,0.0,0.0,0,0,0,CARD,10000.0,0,CARD,10000.0,0.0,False,0,CARD,LOSS,
P4,125,8,0,MAIN,90.0,90.0,0,1,0,ATTACH,39000.0,0,ATTACH,39000.0,0.0,False,0,ATTACH,LOSS,
P4,125,9,0,MAIN,90.0,90.0,1,1,3,ATTACK,18104.4,3,ATTACK,18104.4,0.0,False,3,ATTACK,LOSS,
P4,126,1,1,SETUP_ACTIVE_POKEMON,0.0,0.0,0,0,0,CARD,10000.0,0,CARD,10000.0,0.0,False,0,CARD,WIN,
P4,126,3,1,DRAW_COUNT,0.0,0.0,0,0,2,NUMBER,2.0,2,NUMBER,2.0,0.0,False,2,NUMBER,WIN,
P4,126,4,1,MAIN,90.0,90.0,0,0,0,ATTACH,39000.0,0,ATTACH,39000.0,0.0,False,0,ATTACH,WIN,
P4,126,5,1,MAIN,90.0,90.0,1,0,0,PLAY,12000.0,0,PLAY,12000.0,0.0,False,0,PLAY,WIN,
P4,126,6,1,TO_HAND,90.0,90.0,1,0,0,CARD,1000.0,0,CARD,1000.0,0.0,False,0,CARD,WIN,
P4,126,7,1,MAIN,90.0,90.0,1,0,0,PLAY,12000.0,0,PLAY,12000.0,0.0,False,0,PLAY,WIN,
P4,126,8,1,MAIN,90.0,90.0,1,0,0,END,0.0,0,END,0.0,0.0,False,0,END,WIN,
P4,126,11,1,MAIN,80.0,90.0,1,1,2,EVOLVE,70500.0,2,EVOLVE,70500.0,0.0,False,2,EVOLVE,WIN,
P4,126,12,1,MAIN,340.0,90.0,1,1,10,EVOLVE,70000.0,10,EVOLVE,70000.0,0.0,False,10,EVOLVE,WIN,
P4,126,13,1,MAIN,340.0,90.0,1,1,0,ATTACH,39700.0,0,ATTACH,39700.0,0.0,False,0,ATTACH,WIN,
P4,126,14,1,MAIN,340.0,90.0,2,1,0,ATTACK,18104.6,0,ATTACK,18104.6,0.0,False,0,ATTACK,WIN,
P4,126,15,1,TO_HAND,340.0,0.0,2,0,5,CARD,10000.0,5,CARD,10000.0,0.0,False,5,CARD,WIN,
P4,127,0,0,IS_FIRST,0.0,0.0,0,0,1,NO,5000.0,1,NO,5000.0,0.0,False,1,NO,WIN,
P4,127,1,0,SETUP_ACTIVE_POKEMON,0.0,0.0,0,0,0,CARD,10000.0,0,CARD,10000.0,0.0,False,0,CARD,WIN,
P4,127,3,0,DRAW_COUNT,0.0,0.0,0,0,1,NUMBER,1.0,1,NUMBER,1.0,0.0,False,1,NUMBER,WIN,
P4,127,6,0,MAIN,90.0,150.0,0,1,1,ATTACH,39000.0,1,ATTACH,39000.0,0.0,False,1,ATTACH,WIN,
P4,127,7,0,MAIN,90.0,150.0,1,1,2,ATTACK,18104.4,2,ATTACK,18104.4,0.0,False,2,ATTACK,WIN,
P4,127,10,0,MAIN,90.0,140.0,1,2,2,EVOLVE,70500.0,2,EVOLVE,73500.0,0.0,False,2,EVOLVE,WIN,
P4,127,11,0,MAIN,350.0,140.0,1,2,1,ATTACH,39700.0,1,ATTACH,39700.0,0.0,False,1,ATTACH,WIN,
P4,127,12,0,MAIN,350.0,140.0,2,2,3,ATTACK,18104.6,3,ATTACK,18104.6,0.0,False,3,ATTACK,WIN,
P4,127,13,0,TO_HAND,350.0,0.0,2,0,2,CARD,10000.0,2,CARD,10000.0,0.0,False,2,CARD,WIN,
P4,128,1,1,SETUP_ACTIVE_POKEMON,0.0,0.0,0,0,0,CARD,10000.0,0,CARD,10000.0,0.0,False,0,CARD,WIN,
P4,128,3,1,DRAW_COUNT,0.0,0.0,0,0,1,NUMBER,1.0,1,NUMBER,1.0,0.0,False,1,NUMBER,WIN,
P4,128,4,1,MAIN,150.0,150.0,0,0,0,ATTACH,39000.0,0,ATTACH,39000.0,0.0,False,0,ATTACH,WIN,
P4,128,5,1,MAIN,150.0,150.0,1,0,0,ATTACH,39700.0,0,ATTACH,39700.0,0.0,False,0,ATTACH,WIN,
P4,128,6,1,MAIN,150.0,150.0,1,0,0,END,0.0,0,END,0.0,0.0,False,0,END,WIN,
P4,128,9,1,MAIN,150.0,150.0,1,1,0,ATTACH,39700.0,0,ATTACH,39700.0,0.0,False,0,ATTACH,WIN,
P4,128,10,1,MAIN,150.0,150.0,2,1,2,ATTACK,18104.2,2,ATTACK,18104.2,0.0,False,2,ATTACK,WIN,
P4,128,13,1,MAIN,150.0,150.0,2,2,0,ATTACH,40400.0,0,ATTACH,40400.0,0.0,False,0,ATTACH,WIN,
P4,128,14,1,MAIN,150.0,150.0,3,2,3,ATTACK,18104.3,3,ATTACK,18104.3,0.0,False,3,ATTACK,WIN,
P4,128,15,1,DISCARD_ENERGY,150.0,20.0,3,2,0,ENERGY,30000.0,0,ENERGY,30000.0,0.0,False,0,ENERGY,WIN,
P4,128,16,1,DISCARD_ENERGY,150.0,20.0,2,2,0,ENERGY,30000.0,0,ENERGY,30000.0,0.0,False,0,ENERGY,WIN,
P4,128,21,1,MAIN,20.0,20.0,1,1,0,ATTACH,39700.0,7,ATTACK,68104.2,28404.199999999997,True,7,ATTACK,WIN,True
P4,128,22,1,TO_HAND,20.0,0.0,1,0,0,CARD,5000.0,0,CARD,5000.0,0.0,False,0,CARD,WIN,
P4,129,0,0,IS_FIRST,0.0,0.0,0,0,1,NO,5000.0,1,NO,5000.0,0.0,False,1,NO,LOSS,
P4,129,2,0,SETUP_ACTIVE_POKEMON,0.0,0.0,0,0,0,CARD,10000.0,0,CARD,10000.0,0.0,False,0,CARD,LOSS,
P4,129,8,0,MAIN,90.0,150.0,0,1,0,ATTACH,39000.0,0,ATTACH,39000.0,0.0,False,0,ATTACH,LOSS,
P4,129,9,0,MAIN,90.0,150.0,1,1,1,ATTACK,18104.4,1,ATTACK,18104.4,0.0,False,1,ATTACK,LOSS,
P4,129,13,0,MAIN,90.0,140.0,1,2,0,ATTACH,39700.0,0,ATTACH,39700.0,0.0,False,0,ATTACH,LOSS,
P4,129,14,0,MAIN,90.0,140.0,2,2,2,ATTACK,18104.5,2,ATTACK,18104.5,0.0,False,2,ATTACK,LOSS,
P4,130,1,1,SETUP_ACTIVE_POKEMON,0.0,0.0,0,0,0,CARD,10000.0,0,CARD,10000.0,0.0,False,0,CARD,WIN,
P4,130,3,1,DRAW_COUNT,0.0,0.0,0,0,1,NUMBER,1.0,1,NUMBER,1.0,0.0,False,1,NUMBER,WIN,
P4,130,5,1,MAIN,150.0,90.0,0,0,0,ATTACH,39000.0,0,ATTACH,39000.0,0.0,False,0,ATTACH,WIN,
P4,130,6,1,MAIN,150.0,90.0,1,0,0,END,0.0,0,END,0.0,0.0,False,0,END,WIN,
P4,130,9,1,MAIN,140.0,90.0,1,1,0,ATTACH,39700.0,0,ATTACH,39700.0,0.0,False,0,ATTACH,WIN,
P4,130,10,1,MAIN,140.0,90.0,2,1,1,ATTACK,18104.2,1,ATTACK,18104.2,0.0,False,1,ATTACK,WIN,
P4,130,13,1,MAIN,110.0,90.0,2,2,0,ATTACH,40400.0,0,ATTACH,40400.0,0.0,False,0,ATTACH,WIN,
P4,130,14,1,MAIN,110.0,90.0,3,2,1,ATTACH,41100.0,1,ATTACH,41100.0,0.0,False,1,ATTACH,WIN,
P4,130,15,1,MAIN,110.0,90.0,3,2,2,ATTACK,18104.3,2,ATTACK,18104.3,0.0,False,2,ATTACK,WIN,
P4,130,16,1,DISCARD_ENERGY,110.0,0.0,3,2,0,ENERGY,30000.0,0,ENERGY,30000.0,0.0,False,0,ENERGY,WIN,
P4,130,17,1,DISCARD_ENERGY,110.0,0.0,2,2,0,ENERGY,30000.0,0,ENERGY,30000.0,0.0,False,0,ENERGY,WIN,
P4,130,18,1,TO_HAND,110.0,0.0,1,0,0,CARD,5000.0,0,CARD,5000.0,0.0,False,0,CARD,WIN,
P4,130,22,1,MAIN,100.0,90.0,1,1,0,ATTACH,39700.0,0,ATTACH,39700.0,0.0,False,0,ATTACH,WIN,
P4,130,23,1,MAIN,100.0,90.0,2,1,2,ATTACK,18104.2,2,ATTACK,18104.2,0.0,False,2,ATTACK,WIN,
P4,130,26,1,MAIN,70.0,50.0,2,2,0,ATTACH,40400.0,0,ATTACH,40400.0,0.0,False,0,ATTACH,WIN,
P4,130,27,1,MAIN,70.0,50.0,3,2,3,ATTACK,18104.3,3,ATTACK,18104.3,0.0,False,3,ATTACK,WIN,
P4,130,28,1,DISCARD_ENERGY,70.0,0.0,3,2,0,ENERGY,30000.0,0,ENERGY,30000.0,0.0,False,0,ENERGY,WIN,
P4,130,29,1,DISCARD_ENERGY,70.0,0.0,2,2,0,ENERGY,30000.0,0,ENERGY,30000.0,0.0,False,0,ENERGY,WIN,
P4,130,30,1,TO_HAND,70.0,0.0,1,0,0,CARD,5000.0,0,CARD,5000.0,0.0,False,0,CARD,WIN,
P4,131,0,0,IS_FIRST,0.0,0.0,0,0,1,NO,5000.0,1,NO,5000.0,0.0,False,1,NO,LOSS,
P4,131,2,0,SETUP_ACTIVE_POKEMON,0.0,0.0,0,0,0,CARD,10000.0,0,CARD,10000.0,0.0,False,0,CARD,LOSS,
P4,131,9,0,MAIN,90.0,90.0,0,1,2,ATTACH,39000.0,2,ATTACH,39000.0,0.0,False,2,ATTACH,LOSS,
P4,131,10,0,MAIN,90.0,90.0,1,1,5,ATTACK,18104.4,5,ATTACK,18104.4,0.0,False,5,ATTACK,LOSS,
P4,132,1,1,SETUP_ACTIVE_POKEMON,0.0,0.0,0,0,0,CARD,10000.0,0,CARD,10000.0,0.0,False,0,CARD,LOSS,
P4,132,4,1,MAIN,90.0,90.0,0,0,0,ATTACH,39000.0,0,ATTACH,39000.0,0.0,False,0,ATTACH,LOSS,
P4,132,5,1,MAIN,90.0,90.0,1,0,0,ATTACH,39700.0,0,ATTACH,39700.0,0.0,False,0,ATTACH,LOSS,
P4,132,6,1,MAIN,90.0,90.0,1,0,0,END,0.0,0,END,0.0,0.0,False,0,END,LOSS,
P4,132,9,1,MAIN,80.0,90.0,1,1,0,ATTACH,39700.0,0,ATTACH,39700.0,0.0,False,0,ATTACH,LOSS,
P4,132,10,1,MAIN,80.0,90.0,2,1,2,ATTACK,18104.5,2,ATTACK,18104.5,0.0,False,2,ATTACK,LOSS,
P4,132,13,1,MAIN,50.0,60.0,2,2,0,ATTACH,40400.0,0,ATTACH,40400.0,0.0,False,0,ATTACH,LOSS,
P4,132,14,1,MAIN,50.0,60.0,3,2,3,ATTACK,18104.5,3,ATTACK,18104.5,0.0,False,3,ATTACK,LOSS,
P4,132,27,1,MAIN,50.0,350.0,3,0,1,ATTACH,41100.0,1,ATTACH,41100.0,0.0,False,1,ATTACH,LOSS,
P4,132,28,1,MAIN,50.0,350.0,4,0,3,ATTACK,18104.5,3,ATTACK,18104.5,0.0,False,3,ATTACK,LOSS,
P4,132,33,1,MAIN,50.0,270.0,4,1,1,ATTACH,41800.0,1,ATTACH,41800.0,0.0,False,1,ATTACH,LOSS,
P4,132,34,1,MAIN,50.0,270.0,5,1,3,ATTACK,18104.5,3,ATTACK,18104.5,0.0,False,3,ATTACK,LOSS,
P4,133,0,0,IS_FIRST,0.0,0.0,0,0,1,NO,5000.0,1,NO,5000.0,0.0,False,1,NO,LOSS,
P4,133,2,0,SETUP_ACTIVE_POKEMON,0.0,0.0,0,0,0,CARD,10000.0,0,CARD,10000.0,0.0,False,0,CARD,LOSS,
P4,133,7,0,MAIN,90.0,150.0,0,1,1,ATTACH,39000.0,1,ATTACH,39000.0,0.0,False,1,ATTACH,LOSS,
P4,133,8,0,MAIN,90.0,150.0,1,1,2,ATTACK,18104.4,2,ATTACK,18104.4,0.0,False,2,ATTACK,LOSS,
P4,133,11,0,MAIN,90.0,140.0,1,2,1,ATTACH,39700.0,1,ATTACH,39700.0,0.0,False,1,ATTACH,LOSS,
P4,133,12,0,MAIN,90.0,140.0,2,2,3,ATTACK,18104.5,3,ATTACK,18104.5,0.0,False,3,ATTACK,LOSS,
P4,134,1,1,SETUP_ACTIVE_POKEMON,0.0,0.0,0,0,0,CARD,10000.0,0,CARD,10000.0,0.0,False,0,CARD,WIN,
P4,134,3,1,SETUP_BENCH_POKEMON,0.0,0.0,0,0,0,CARD,10000.0,0,CARD,10000.0,0.0,False,0,CARD,WIN,
P4,134,4,1,MAIN,90.0,150.0,0,0,0,ATTACH,39000.0,0,ATTACH,39000.0,0.0,False,0,ATTACH,WIN,
P4,134,5,1,MAIN,90.0,150.0,1,0,0,ATTACH,39700.0,0,ATTACH,39700.0,0.0,False,0,ATTACH,WIN,
P4,134,6,1,MAIN,90.0,150.0,1,0,0,END,0.0,0,END,0.0,0.0,False,0,END,WIN,
P4,134,9,1,MAIN,90.0,150.0,1,1,1,EVOLVE,70500.0,1,EVOLVE,70500.0,0.0,False,1,EVOLVE,WIN,
P4,134,10,1,MAIN,350.0,150.0,1,1,1,ATTACH,39700.0,1,ATTACH,39700.0,0.0,False,1,ATTACH,WIN,
P4,134,11,1,MAIN,350.0,150.0,2,1,2,ATTACK,18104.6,2,ATTACK,18104.6,0.0,False,2,ATTACK,WIN,
P4,134,12,1,TO_HAND,350.0,0.0,2,0,0,CARD,5000.0,0,CARD,5000.0,0.0,False,0,CARD,WIN,
P4,135,0,0,IS_FIRST,0.0,0.0,0,0,1,NO,5000.0,1,NO,5000.0,0.0,False,1,NO,WIN,
P4,135,1,0,SETUP_ACTIVE_POKEMON,0.0,0.0,0,0,0,CARD,10000.0,0,CARD,10000.0,0.0,False,0,CARD,WIN,
P4,135,3,0,DRAW_COUNT,0.0,0.0,0,0,2,NUMBER,2.0,2,NUMBER,2.0,0.0,False,2,NUMBER,WIN,
P4,135,4,0,SETUP_BENCH_POKEMON,0.0,0.0,0,0,0,CARD,10000.0,0,CARD,10000.0,0.0,False,0,CARD,WIN,
P4,135,7,0,MAIN,150.0,90.0,0,1,0,ATTACH,39000.0,0,ATTACH,39000.0,0.0,False,0,ATTACH,WIN,
P4,135,8,0,MAIN,150.0,90.0,1,1,0,ATTACK,18104.2,0,ATTACK,18104.2,0.0,False,0,ATTACK,WIN,
P4,135,13,0,TO_ACTIVE,0.0,350.0,0,2,0,CARD,10000.0,0,CARD,10000.0,0.0,False,0,CARD,WIN,
P4,135,14,0,MAIN,90.0,350.0,0,2,0,EVOLVE,70000.0,0,EVOLVE,73000.0,0.0,False,0,EVOLVE,WIN,
P4,135,15,0,MAIN,350.0,350.0,0,2,0,ATTACH,39000.0,0,ATTACH,39000.0,0.0,False,0,ATTACH,WIN,
P4,135,16,0,MAIN,350.0,350.0,1,2,0,PLAY,12000.0,0,PLAY,12000.0,0.0,False,0,PLAY,WIN,
P4,135,17,0,TO_HAND,350.0,350.0,1,2,0,CARD,1000.0,0,CARD,1000.0,0.0,False,0,CARD,WIN,
P4,135,18,0,MAIN,350.0,350.0,1,2,0,END,0.0,0,END,0.0,0.0,False,0,END,WIN,
P4,135,21,0,MAIN,150.0,350.0,1,3,0,ATTACH,39700.0,0,ATTACH,39700.0,0.0,False,0,ATTACH,WIN,
P4,135,22,0,MAIN,150.0,350.0,2,3,1,ATTACK,18104.6,1,ATTACK,18104.6,0.0,False,1,ATTACK,WIN,
P4,135,23,0,TO_HAND,150.0,0.0,2,0,0,CARD,10000.0,0,CARD,10000.0,0.0,False,0,CARD,WIN,
P4,136,2,1,SETUP_ACTIVE_POKEMON,0.0,0.0,0,0,0,CARD,10000.0,0,CARD,10000.0,0.0,False,0,CARD,WIN,
P4,136,4,1,MAIN,90.0,90.0,0,0,0,ATTACH,39000.0,0,ATTACH,39000.0,0.0,False,0,ATTACH,WIN,
P4,136,5,1,MAIN,90.0,90.0,1,0,0,PLAY,12000.0,0,PLAY,12000.0,0.0,False,0,PLAY,WIN,
P4,136,6,1,TO_HAND,90.0,90.0,1,0,0,CARD,5000.0,0,CARD,5000.0,0.0,False,0,CARD,WIN,
P4,136,7,1,MAIN,90.0,90.0,1,0,0,PLAY,12000.0,0,PLAY,12000.0,0.0,False,0,PLAY,WIN,
P4,136,8,1,TO_HAND,90.0,90.0,1,0,0,CARD,1000.0,0,CARD,1000.0,0.0,False,0,CARD,WIN,
P4,136,9,1,MAIN,90.0,90.0,1,0,0,END,0.0,0,END,0.0,0.0,False,0,END,WIN,
P4,136,12,1,MAIN,80.0,90.0,1,1,4,EVOLVE,70500.0,4,EVOLVE,70500.0,0.0,False,4,EVOLVE,WIN,
P4,136,13,1,MAIN,340.0,90.0,1,1,0,ATTACH,39700.0,0,ATTACH,39700.0,0.0,False,0,ATTACH,WIN,
P4,136,14,1,MAIN,340.0,90.0,2,1,1,ATTACK,18104.6,1,ATTACK,18104.6,0.0,False,1,ATTACK,WIN,
P4,136,15,1,TO_HAND,340.0,0.0,2,0,3,CARD,10000.0,3,CARD,10000.0,0.0,False,3,CARD,WIN,
P4,137,0,0,IS_FIRST,0.0,0.0,0,0,1,NO,5000.0,1,NO,5000.0,0.0,False,1,NO,LOSS,
P4,137,2,0,SETUP_ACTIVE_POKEMON,0.0,0.0,0,0,0,CARD,10000.0,0,CARD,10000.0,0.0,False,0,CARD,LOSS,
P4,137,5,0,MAIN,150.0,150.0,0,1,0,ATTACH,39000.0,0,ATTACH,39000.0,0.0,False,0,ATTACH,LOSS,
P4,137,6,0,MAIN,150.0,150.0,1,1,2,ATTACK,18104.2,2,ATTACK,18104.2,0.0,False,2,ATTACK,LOSS,
P4,137,9,0,MAIN,150.0,150.0,1,2,0,ATTACH,39700.0,0,ATTACH,39700.0,0.0,False,0,ATTACH,LOSS,
P4,137,10,0,MAIN,150.0,150.0,2,2,2,ATTACK,18104.2,2,ATTACK,18104.2,0.0,False,2,ATTACK,LOSS,
P4,137,15,0,MAIN,20.0,150.0,2,1,0,ATTACH,40400.0,0,ATTACH,40400.0,0.0,False,0,ATTACH,LOSS,
P4,137,16,0,MAIN,20.0,150.0,3,1,4,ATTACK,18104.3,4,ATTACK,18104.3,0.0,False,4,ATTACK,LOSS,
P4,137,17,0,DISCARD_ENERGY,20.0,20.0,3,1,0,ENERGY,30000.0,0,ENERGY,30000.0,0.0,False,0,ENERGY,LOSS,
P4,137,18,0,DISCARD_ENERGY,20.0,20.0,2,1,0,ENERGY,30000.0,0,ENERGY,30000.0,0.0,False,0,ENERGY,LOSS,
P4,138,1,1,SETUP_ACTIVE_POKEMON,0.0,0.0,0,0,0,CARD,10000.0,0,CARD,10000.0,0.0,False,0,CARD,WIN,
P4,138,3,1,DRAW_COUNT,0.0,0.0,0,0,1,NUMBER,1.0,1,NUMBER,1.0,0.0,False,1,NUMBER,WIN,
P4,138,4,1,MAIN,90.0,90.0,0,0,0,ATTACH,39000.0,0,ATTACH,39000.0,0.0,False,0,ATTACH,WIN,
P4,138,5,1,MAIN,90.0,90.0,1,0,0,ATTACH,39700.0,0,ATTACH,39700.0,0.0,False,0,ATTACH,WIN,
P4,138,6,1,MAIN,90.0,90.0,1,0,0,END,0.0,0,END,0.0,0.0,False,0,END,WIN,
P4,138,9,1,MAIN,80.0,90.0,1,1,1,EVOLVE,70500.0,1,EVOLVE,70500.0,0.0,False,1,EVOLVE,WIN,
P4,138,10,1,MAIN,340.0,90.0,1,1,0,ATTACH,39700.0,0,ATTACH,39700.0,0.0,False,0,ATTACH,WIN,
P4,138,11,1,MAIN,340.0,90.0,2,1,2,ATTACK,18104.6,2,ATTACK,18104.6,0.0,False,2,ATTACK,WIN,
P4,138,12,1,TO_HAND,340.0,0.0,2,0,3,CARD,10000.0,3,CARD,10000.0,0.0,False,3,CARD,WIN,
P4,139,0,0,IS_FIRST,0.0,0.0,0,0,1,NO,5000.0,1,NO,5000.0,0.0,False,1,NO,WIN,
P4,139,2,0,SETUP_ACTIVE_POKEMON,0.0,0.0,0,0,0,CARD,10000.0,0,CARD,10000.0,0.0,False,0,CARD,WIN,
P4,139,4,0,SETUP_BENCH_POKEMON,0.0,0.0,0,0,0,CARD,10000.0,0,CARD,10000.0,0.0,False,0,CARD,WIN,
P4,139,7,0,MAIN,90.0,150.0,0,1,0,ATTACH,39000.0,0,ATTACH,39000.0,0.0,False,0,ATTACH,WIN,
P4,139,8,0,MAIN,90.0,150.0,1,1,1,ATTACK,18104.4,1,ATTACK,18104.4,0.0,False,1,ATTACK,WIN,
P4,139,12,0,MAIN,90.0,140.0,1,2,4,EVOLVE,70500.0,4,EVOLVE,73500.0,0.0,False,4,EVOLVE,WIN,
P4,139,13,0,MAIN,350.0,140.0,1,2,0,ATTACH,39700.0,0,ATTACH,39700.0,0.0,False,0,ATTACH,WIN,
P4,139,14,0,MAIN,350.0,140.0,2,2,2,ATTACK,18104.6,2,ATTACK,18104.6,0.0,False,2,ATTACK,WIN,
P4,139,15,0,TO_HAND,350.0,0.0,2,0,4,CARD,10000.0,4,CARD,10000.0,0.0,False,4,CARD,WIN,
P4,139,21,0,MAIN,350.0,350.0,2,1,0,ATTACH,40400.0,0,ATTACH,40400.0,0.0,False,0,ATTACH,WIN,
P4,139,22,0,MAIN,350.0,350.0,3,1,3,ATTACK,18104.7,3,ATTACK,18104.7,0.0,False,3,ATTACK,WIN,
P4,139,26,0,MAIN,280.0,150.0,3,2,0,ATTACH,41100.0,0,ATTACH,41100.0,0.0,False,0,ATTACH,WIN,
P4,139,27,0,MAIN,280.0,150.0,4,2,3,ATTACK,18104.7,3,ATTACK,18104.7,0.0,False,3,ATTACK,WIN,
P4,139,28,0,TO_HAND,280.0,0.0,4,0,0,CARD,5000.0,0,CARD,5000.0,0.0,False,0,CARD,WIN,
P4,139,34,0,MAIN,280.0,350.0,4,1,2,ATTACH,41800.0,2,ATTACH,41800.0,0.0,False,2,ATTACH,WIN,
P4,139,35,0,MAIN,280.0,350.0,5,1,5,ATTACK,18104.7,5,ATTACK,18104.7,0.0,False,5,ATTACK,WIN,
P4,139,38,0,MAIN,10.0,150.0,5,2,2,ATTACH,41800.0,2,ATTACH,41800.0,0.0,False,2,ATTACH,WIN,
P4,139,39,0,MAIN,10.0,150.0,6,2,6,RETREAT,30000.0,5,ATTACK,18104.7,8104.700000000001,True,5,ATTACK,WIN,True
P4,139,40,0,TO_HAND,10.0,0.0,6,0,0,CARD,5000.0,0,CARD,5000.0,0.0,False,0,CARD,WIN,
P4,140,1,1,SETUP_ACTIVE_POKEMON,0.0,0.0,0,0,0,CARD,10000.0,0,CARD,10000.0,0.0,False,0,CARD,WIN,
P4,140,3,1,MAIN,90.0,150.0,0,0,0,ATTACH,39000.0,0,ATTACH,39000.0,0.0,False,0,ATTACH,WIN,
P4,140,4,1,MAIN,90.0,150.0,1,0,0,END,0.0,0,END,0.0,0.0,False,0,END,WIN,
P4,140,7,1,MAIN,90.0,150.0,1,1,4,EVOLVE,70500.0,4,EVOLVE,70500.0,0.0,False,4,EVOLVE,WIN,
P4,140,8,1,MAIN,350.0,150.0,1,1,1,ATTACH,39700.0,1,ATTACH,39700.0,0.0,False,1,ATTACH,WIN,
P4,140,9,1,MAIN,350.0,150.0,2,1,3,ATTACK,18104.6,3,ATTACK,18104.6,0.0,False,3,ATTACK,WIN,
P4,140,10,1,TO_HAND,350.0,0.0,2,0,0,CARD,5000.0,0,CARD,5000.0,0.0,False,0,CARD,WIN,
P4,141,0,0,IS_FIRST,0.0,0.0,0,0,1,NO,5000.0,1,NO,5000.0,0.0,False,1,NO,LOSS,
P4,141,2,0,SETUP_ACTIVE_POKEMON,0.0,0.0,0,0,0,CARD,10000.0,0,CARD,10000.0,0.0,False,0,CARD,LOSS,
P4,141,8,0,MAIN,90.0,150.0,0,1,0,ATTACH,39000.0,0,ATTACH,39000.0,0.0,False,0,ATTACH,LOSS,
P4,141,9,0,MAIN,90.0,150.0,1,1,3,ATTACK,18104.4,3,ATTACK,18104.4,0.0,False,3,ATTACK,LOSS,
P4,141,13,0,MAIN,90.0,140.0,1,2,0,ATTACH,39700.0,0,ATTACH,39700.0,0.0,False,0,ATTACH,LOSS,
P4,141,14,0,MAIN,90.0,140.0,2,2,4,ATTACK,18104.5,4,ATTACK,18104.5,0.0,False,4,ATTACK,LOSS,
P4,142,1,1,SETUP_ACTIVE_POKEMON,0.0,0.0,0,0,0,CARD,10000.0,0,CARD,10000.0,0.0,False,0,CARD,WIN,
P4,142,3,1,DRAW_COUNT,0.0,0.0,0,0,2,NUMBER,2.0,2,NUMBER,2.0,0.0,False,2,NUMBER,WIN,
P4,142,4,1,MAIN,90.0,90.0,0,0,0,ATTACH,39000.0,0,ATTACH,39000.0,0.0,False,0,ATTACH,WIN,
P4,142,5,1,MAIN,90.0,90.0,1,0,0,END,0.0,0,END,0.0,0.0,False,0,END,WIN,
P4,142,8,1,MAIN,80.0,90.0,1,1,0,EVOLVE,70500.0,0,EVOLVE,70500.0,0.0,False,0,EVOLVE,WIN,
P4,142,9,1,MAIN,340.0,90.0,1,1,0,ATTACH,39700.0,0,ATTACH,39700.0,0.0,False,0,ATTACH,WIN,
P4,142,10,1,MAIN,340.0,90.0,2,1,2,ATTACK,18104.6,2,ATTACK,18104.6,0.0,False,2,ATTACK,WIN,
P4,142,11,1,TO_HAND,340.0,0.0,2,0,0,CARD,10000.0,0,CARD,10000.0,0.0,False,0,CARD,WIN,
P4,143,0,0,IS_FIRST,0.0,0.0,0,0,1,NO,5000.0,1,NO,5000.0,0.0,False,1,NO,LOSS,
P4,143,2,0,SETUP_ACTIVE_POKEMON,0.0,0.0,0,0,0,CARD,10000.0,0,CARD,10000.0,0.0,False,0,CARD,LOSS,
P4,143,8,0,MAIN,90.0,90.0,0,1,1,ATTACH,39000.0,1,ATTACH,39000.0,0.0,False,1,ATTACH,LOSS,
P4,143,9,0,MAIN,90.0,90.0,1,1,2,ATTACK,18104.4,2,ATTACK,18104.4,0.0,False,2,ATTACK,LOSS,
P4,144,2,1,SETUP_ACTIVE_POKEMON,0.0,0.0,0,0,0,CARD,10000.0,0,CARD,10000.0,0.0,False,0,CARD,WIN,
P4,144,4,1,SETUP_BENCH_POKEMON,0.0,0.0,0,0,0,CARD,10000.0,0,CARD,10000.0,0.0,False,0,CARD,WIN,
P4,144,6,1,MAIN,90.0,90.0,0,0,1,ATTACH,39000.0,1,ATTACH,39000.0,0.0,False,1,ATTACH,WIN,
P4,144,7,1,MAIN,90.0,90.0,1,0,0,PLAY,12000.0,0,PLAY,12000.0,0.0,False,0,PLAY,WIN,
P4,144,8,1,TO_HAND,90.0,90.0,1,0,0,CARD,1000.0,0,CARD,1000.0,0.0,False,0,CARD,WIN,
P4,144,9,1,MAIN,90.0,90.0,1,0,0,END,0.0,0,END,0.0,0.0,False,0,END,WIN,
P4,144,12,1,MAIN,80.0,90.0,1,1,7,EVOLVE,70500.0,7,EVOLVE,70500.0,0.0,False,7,EVOLVE,WIN,
P4,144,13,1,MAIN,340.0,90.0,1,1,1,ATTACH,39700.0,1,ATTACH,39700.0,0.0,False,1,ATTACH,WIN,
P4,144,14,1,MAIN,340.0,90.0,2,1,1,ATTACK,18104.6,1,ATTACK,18104.6,0.0,False,1,ATTACK,WIN,
P4,144,15,1,TO_HAND,340.0,0.0,2,0,0,CARD,5000.0,0,CARD,5000.0,0.0,False,0,CARD,WIN,
P4,144,19,1,MAIN,320.0,150.0,2,1,7,EVOLVE,70000.0,7,EVOLVE,70000.0,0.0,False,7,EVOLVE,WIN,
P4,144,20,1,MAIN,320.0,150.0,2,1,1,ATTACH,40400.0,1,ATTACH,40400.0,0.0,False,1,ATTACH,WIN,
P4,144,21,1,MAIN,320.0,150.0,3,1,2,ATTACK,18104.7,2,ATTACK,18104.7,0.0,False,2,ATTACK,WIN,
P4,144,22,1,TO_HAND,320.0,0.0,3,0,0,CARD,5000.0,0,CARD,5000.0,0.0,False,0,CARD,WIN,
P4,145,0,0,IS_FIRST,0.0,0.0,0,0,1,NO,5000.0,1,NO,5000.0,0.0,False,1,NO,LOSS,
P4,145,1,0,SETUP_ACTIVE_POKEMON,0.0,0.0,0,0,0,CARD,10000.0,0,CARD,10000.0,0.0,False,0,CARD,LOSS,
P4,145,3,0,DRAW_COUNT,0.0,0.0,0,0,2,NUMBER,2.0,2,NUMBER,2.0,0.0,False,2,NUMBER,LOSS,
P4,145,8,0,MAIN,150.0,90.0,0,1,0,ATTACH,39000.0,0,ATTACH,39000.0,0.0,False,0,ATTACH,LOSS,
P4,145,9,0,MAIN,150.0,90.0,1,1,1,ATTACK,18104.2,1,ATTACK,18104.2,0.0,False,1,ATTACK,LOSS,
P4,145,13,0,MAIN,150.0,350.0,1,2,0,ATTACH,39700.0,0,ATTACH,39700.0,0.0,False,0,ATTACH,LOSS,
P4,145,14,0,MAIN,150.0,350.0,2,2,2,ATTACK,18104.2,2,ATTACK,18104.2,0.0,False,2,ATTACK,LOSS,
P4,146,2,1,SETUP_ACTIVE_POKEMON,0.0,0.0,0,0,0,CARD,10000.0,0,CARD,10000.0,0.0,False,0,CARD,WIN,
P4,146,4,1,MAIN,90.0,90.0,0,0,0,ATTACH,39000.0,0,ATTACH,39000.0,0.0,False,0,ATTACH,WIN,
P4,146,5,1,MAIN,90.0,90.0,1,0,0,END,0.0,0,END,0.0,0.0,False,0,END,WIN,
P4,146,8,1,MAIN,80.0,90.0,1,1,0,EVOLVE,70500.0,0,EVOLVE,70500.0,0.0,False,0,EVOLVE,WIN,
P4,146,9,1,MAIN,340.0,90.0,1,1,1,ATTACH,39700.0,1,ATTACH,39700.0,0.0,False,1,ATTACH,WIN,
P4,146,10,1,MAIN,340.0,90.0,2,1,4,ATTACK,18104.6,4,ATTACK,18104.6,0.0,False,4,ATTACK,WIN,
P4,146,11,1,TO_HAND,340.0,0.0,2,0,1,CARD,10000.0,1,CARD,10000.0,0.0,False,1,CARD,WIN,
P4,147,0,0,IS_FIRST,0.0,0.0,0,0,1,NO,5000.0,1,NO,5000.0,0.0,False,1,NO,LOSS,
P4,147,2,0,SETUP_ACTIVE_POKEMON,0.0,0.0,0,0,0,CARD,10000.0,0,CARD,10000.0,0.0,False,0,CARD,LOSS,
P4,147,8,0,MAIN,90.0,90.0,0,1,0,ATTACH,39000.0,0,ATTACH,39000.0,0.0,False,0,ATTACH,LOSS,
P4,147,9,0,MAIN,90.0,90.0,1,1,0,ATTACK,18104.4,0,ATTACK,18104.4,0.0,False,0,ATTACK,LOSS,
P4,147,12,0,MAIN,60.0,80.0,1,2,0,ATTACH,39700.0,0,ATTACH,39700.0,0.0,False,0,ATTACH,LOSS,
P4,147,13,0,MAIN,60.0,80.0,2,2,1,ATTACK,18104.5,1,ATTACK,18104.5,0.0,False,1,ATTACK,LOSS,
P4,147,16,0,MAIN,30.0,50.0,2,3,6,EVOLVE,71000.0,6,EVOLVE,74000.0,0.0,False,6,EVOLVE,LOSS,
P4,147,17,0,MAIN,290.0,50.0,2,3,0,ATTACH,40400.0,0,ATTACH,40400.0,0.0,False,0,ATTACH,LOSS,
P4,147,18,0,MAIN,290.0,50.0,3,3,1,ATTACK,18104.7,1,ATTACK,18104.7,0.0,False,1,ATTACK,LOSS,
P4,147,19,0,TO_HAND,290.0,0.0,3,0,0,CARD,5000.0,0,CARD,5000.0,0.0,False,0,CARD,LOSS,
P4,147,23,0,MAIN,290.0,90.0,3,1,0,ATTACH,41100.0,0,ATTACH,41100.0,0.0,False,0,ATTACH,LOSS,
P4,147,24,0,MAIN,290.0,90.0,4,1,2,ATTACK,18104.7,2,ATTACK,18104.7,0.0,False,2,ATTACK,LOSS,
P4,147,25,0,TO_HAND,290.0,0.0,4,0,4,CARD,10000.0,4,CARD,10000.0,0.0,False,4,CARD,LOSS,
P4,147,31,0,MAIN,240.0,150.0,4,1,0,ATTACH,41800.0,0,ATTACH,41800.0,0.0,False,0,ATTACH,LOSS,
P4,147,32,0,MAIN,240.0,150.0,5,1,1,ATTACH,41800.0,1,ATTACH,41800.0,0.0,False,1,ATTACH,LOSS,
P4,147,33,0,MAIN,240.0,150.0,5,1,2,ATTACK,18104.7,2,ATTACK,18104.7,0.0,False,2,ATTACK,LOSS,
P4,147,34,0,TO_HAND,240.0,0.0,5,0,3,CARD,10000.0,3,CARD,10000.0,0.0,False,3,CARD,LOSS,
P4,147,39,0,MAIN,240.0,350.0,5,1,0,ATTACH,41800.0,0,ATTACH,41800.0,0.0,False,0,ATTACH,LOSS,
P4,147,40,0,MAIN,240.0,350.0,6,1,4,ATTACK,18104.7,4,ATTACK,18104.7,0.0,False,4,ATTACK,LOSS,
P4,148,1,1,SETUP_ACTIVE_POKEMON,0.0,0.0,0,0,0,CARD,10000.0,0,CARD,10000.0,0.0,False,0,CARD,WIN,
P4,148,3,1,MAIN,90.0,150.0,0,0,1,ATTACH,39000.0,1,ATTACH,39000.0,0.0,False,1,ATTACH,WIN,
P4,148,4,1,MAIN,90.0,150.0,1,0,0,PLAY,12000.0,0,PLAY,12000.0,0.0,False,0,PLAY,WIN,
P4,148,5,1,TO_HAND,90.0,150.0,1,0,0,CARD,1000.0,0,CARD,1000.0,0.0,False,0,CARD,WIN,
P4,148,6,1,MAIN,90.0,150.0,1,0,0,END,0.0,0,END,0.0,0.0,False,0,END,WIN,
P4,148,9,1,MAIN,90.0,150.0,1,1,5,EVOLVE,70500.0,5,EVOLVE,70500.0,0.0,False,5,EVOLVE,WIN,
P4,148,10,1,MAIN,350.0,150.0,1,1,0,ATTACH,39700.0,0,ATTACH,39700.0,0.0,False,0,ATTACH,WIN,
P4,148,11,1,MAIN,350.0,150.0,2,1,2,ATTACK,18104.6,2,ATTACK,18104.6,0.0,False,2,ATTACK,WIN,
P4,148,12,1,TO_HAND,350.0,0.0,2,0,0,CARD,5000.0,0,CARD,5000.0,0.0,False,0,CARD,WIN,
P4,149,0,0,IS_FIRST,0.0,0.0,0,0,1,NO,5000.0,1,NO,5000.0,0.0,False,1,NO,LOSS,
P4,149,1,0,SETUP_ACTIVE_POKEMON,0.0,0.0,0,0,0,CARD,10000.0,0,CARD,10000.0,0.0,False,0,CARD,LOSS,
P4,149,3,0,DRAW_COUNT,0.0,0.0,0,0,3,NUMBER,3.0,3,NUMBER,3.0,0.0,False,3,NUMBER,LOSS,
P4,149,10,0,MAIN,90.0,90.0,0,1,1,ATTACH,39000.0,1,ATTACH,39000.0,0.0,False,1,ATTACH,LOSS,
P4,149,11,0,MAIN,90.0,90.0,1,1,3,ATTACK,18104.4,3,ATTACK,18104.4,0.0,False,3,ATTACK,LOSS,
P4,150,2,1,SETUP_ACTIVE_POKEMON,0.0,0.0,0,0,0,CARD,10000.0,0,CARD,10000.0,0.0,False,0,CARD,LOSS,
P4,150,4,1,SETUP_BENCH_POKEMON,0.0,0.0,0,0,0,CARD,10000.0,0,CARD,10000.0,0.0,False,0,CARD,LOSS,
P4,150,5,1,MAIN,150.0,90.0,0,0,0,ATTACH,39000.0,0,ATTACH,39000.0,0.0,False,0,ATTACH,LOSS,
P4,150,6,1,MAIN,150.0,90.0,1,0,0,END,0.0,0,END,0.0,0.0,False,0,END,LOSS,
P4,150,10,1,MAIN,140.0,90.0,1,1,0,ATTACH,39700.0,0,ATTACH,39700.0,0.0,False,0,ATTACH,LOSS,
P4,150,11,1,MAIN,140.0,90.0,2,1,0,ATTACK,18104.2,0,ATTACK,18104.2,0.0,False,0,ATTACK,LOSS,
P4,150,16,1,TO_ACTIVE,0.0,350.0,0,2,0,CARD,5000.0,0,CARD,5000.0,0.0,False,0,CARD,LOSS,
P4,150,17,1,MAIN,150.0,350.0,0,2,0,ATTACH,39000.0,0,ATTACH,39000.0,0.0,False,0,ATTACH,LOSS,
P4,150,18,1,MAIN,150.0,350.0,1,2,0,ATTACK,18104.2,0,ATTACK,18104.2,0.0,False,0,ATTACK,LOSS,
P4,151,0,0,IS_FIRST,0.0,0.0,0,0,1,NO,5000.0,1,NO,5000.0,0.0,False,1,NO,LOSS,
P4,151,1,0,SETUP_ACTIVE_POKEMON,0.0,0.0,0,0,0,CARD,10000.0,0,CARD,10000.0,0.0,False,0,CARD,LOSS,
P4,151,3,0,DRAW_COUNT,0.0,0.0,0,0,1,NUMBER,1.0,1,NUMBER,1.0,0.0,False,1,NUMBER,LOSS,
P4,151,9,0,MAIN,90.0,90.0,0,1,1,ATTACH,39000.0,1,ATTACH,39000.0,0.0,False,1,ATTACH,LOSS,
P4,151,10,0,MAIN,90.0,90.0,0,1,1,ATTACH,39000.0,1,ATTACH,39000.0,0.0,False,1,ATTACH,LOSS,
P4,151,11,0,MAIN,90.0,90.0,1,1,4,ATTACK,18104.4,4,ATTACK,18104.4,0.0,False,4,ATTACK,LOSS,
P4,152,1,1,SETUP_ACTIVE_POKEMON,0.0,0.0,0,0,0,CARD,10000.0,0,CARD,10000.0,0.0,False,0,CARD,LOSS,
P4,152,3,1,DRAW_COUNT,0.0,0.0,0,0,1,NUMBER,1.0,1,NUMBER,1.0,0.0,False,1,NUMBER,LOSS,
P4,152,4,1,SETUP_BENCH_POKEMON,0.0,0.0,0,0,0,CARD,10000.0,0,CARD,10000.0,0.0,False,0,CARD,LOSS,
P4,152,5,1,MAIN,90.0,90.0,0,0,0,ATTACH,39000.0,0,ATTACH,39000.0,0.0,False,0,ATTACH,LOSS,
P4,152,6,1,MAIN,90.0,90.0,1,0,0,END,0.0,0,END,0.0,0.0,False,0,END,LOSS,
P4,152,9,1,MAIN,80.0,90.0,1,1,0,ATTACH,39700.0,0,ATTACH,39700.0,0.0,False,0,ATTACH,LOSS,
P4,152,10,1,MAIN,80.0,90.0,2,1,3,ATTACK,18104.5,3,ATTACK,18104.5,0.0,False,3,ATTACK,LOSS,
P4,152,15,1,TO_ACTIVE,0.0,320.0,0,2,0,CARD,5000.0,0,CARD,5000.0,0.0,False,0,CARD,LOSS,
P4,152,16,1,MAIN,90.0,320.0,0,2,1,ATTACH,39000.0,1,ATTACH,39000.0,0.0,False,1,ATTACH,LOSS,
P4,152,17,1,MAIN,90.0,320.0,1,2,2,ATTACK,18104.4,2,ATTACK,18104.4,0.0,False,2,ATTACK,LOSS,
P4,152,21,1,TO_ACTIVE,0.0,310.0,0,3,0,CARD,5000.0,0,CARD,5000.0,0.0,False,0,CARD,LOSS,
P4,152,22,1,MAIN,150.0,310.0,0,3,1,ATTACH,39000.0,1,ATTACH,39000.0,0.0,False,1,ATTACH,LOSS,
P4,152,23,1,MAIN,150.0,310.0,1,3,2,ATTACK,18104.2,2,ATTACK,18104.2,0.0,False,2,ATTACK,LOSS,
P4,153,0,0,IS_FIRST,0.0,0.0,0,0,1,NO,5000.0,1,NO,5000.0,0.0,False,1,NO,LOSS,
P4,153,2,0,SETUP_ACTIVE_POKEMON,0.0,0.0,0,0,0,CARD,10000.0,0,CARD,10000.0,0.0,False,0,CARD,LOSS,
P4,153,3,0,SETUP_BENCH_POKEMON,0.0,0.0,0,0,0,CARD,10000.0,0,CARD,10000.0,0.0,False,0,CARD,LOSS,
P4,153,6,0,MAIN,90.0,90.0,0,1,0,ATTACH,39000.0,0,ATTACH,39000.0,0.0,False,0,ATTACH,LOSS,
P4,153,7,0,MAIN,90.0,90.0,1,1,2,ATTACK,18104.4,2,ATTACK,18104.4,0.0,False,2,ATTACK,LOSS,
P4,153,10,0,MAIN,60.0,80.0,1,2,0,ATTACH,39700.0,0,ATTACH,39700.0,0.0,False,0,ATTACH,LOSS,
P4,153,11,0,MAIN,60.0,80.0,2,2,3,ATTACK,18104.5,3,ATTACK,18104.5,0.0,False,3,ATTACK,LOSS,
P4,153,14,0,MAIN,30.0,50.0,2,3,1,ATTACH,40400.0,1,ATTACH,40400.0,0.0,False,1,ATTACH,LOSS,
P4,153,15,0,MAIN,30.0,50.0,3,3,5,RETREAT,30000.0,4,ATTACK,18104.5,8104.5,True,4,ATTACK,LOSS,False
P4,153,19,0,TO_ACTIVE,0.0,20.0,0,4,0,CARD,5000.0,0,CARD,5000.0,0.0,False,0,CARD,LOSS,
P4,153,20,0,MAIN,90.0,20.0,0,4,1,ATTACH,39000.0,1,ATTACH,39000.0,0.0,False,1,ATTACH,LOSS,
P4,153,21,0,MAIN,90.0,20.0,1,4,4,ATTACK,18104.4,4,ATTACK,68104.4,0.0,False,4,ATTACK,LOSS,
P4,154,1,1,SETUP_ACTIVE_POKEMON,0.0,0.0,0,0,0,CARD,10000.0,0,CARD,10000.0,0.0,False,0,CARD,WIN,
P4,154,3,1,DRAW_COUNT,0.0,0.0,0,0,1,NUMBER,1.0,1,NUMBER,1.0,0.0,False,1,NUMBER,WIN,
P4,154,4,1,SETUP_BENCH_POKEMON,0.0,0.0,0,0,0,CARD,10000.0,0,CARD,10000.0,0.0,False,0,CARD,WIN,
P4,154,5,1,MAIN,90.0,90.0,0,0,0,ATTACH,39000.0,0,ATTACH,39000.0,0.0,False,0,ATTACH,WIN,
P4,154,6,1,MAIN,90.0,90.0,1,0,0,PLAY,12000.0,0,PLAY,12000.0,0.0,False,0,PLAY,WIN,
P4,154,7,1,MAIN,90.0,90.0,1,0,0,END,0.0,0,END,0.0,0.0,False,0,END,WIN,
P4,154,10,1,MAIN,80.0,90.0,1,1,12,EVOLVE,70500.0,12,EVOLVE,70500.0,0.0,False,12,EVOLVE,WIN,
P4,154,11,1,MAIN,340.0,90.0,1,1,0,ATTACH,39700.0,0,ATTACH,39700.0,0.0,False,0,ATTACH,WIN,
P4,154,12,1,MAIN,340.0,90.0,2,1,1,ATTACK,18104.6,1,ATTACK,18104.6,0.0,False,1,ATTACK,WIN,
P4,154,13,1,TO_HAND,340.0,0.0,2,0,3,CARD,10000.0,3,CARD,10000.0,0.0,False,3,CARD,WIN,
P4,155,0,0,IS_FIRST,0.0,0.0,0,0,1,NO,5000.0,1,NO,5000.0,0.0,False,1,NO,LOSS,
P4,155,2,0,SETUP_ACTIVE_POKEMON,0.0,0.0,0,0,0,CARD,10000.0,0,CARD,10000.0,0.0,False,0,CARD,LOSS,
P4,155,8,0,MAIN,90.0,90.0,0,1,0,ATTACH,39000.0,0,ATTACH,39000.0,0.0,False,0,ATTACH,LOSS,
P4,155,9,0,MAIN,90.0,90.0,1,1,2,ATTACK,18104.4,2,ATTACK,18104.4,0.0,False,2,ATTACK,LOSS,
P4,156,2,1,SETUP_ACTIVE_POKEMON,0.0,0.0,0,0,0,CARD,10000.0,0,CARD,10000.0,0.0,False,0,CARD,LOSS,
P4,156,4,1,SETUP_BENCH_POKEMON,0.0,0.0,0,0,0,CARD,10000.0,0,CARD,10000.0,0.0,False,0,CARD,LOSS,
P4,156,6,1,MAIN,150.0,90.0,0,0,0,ATTACH,39000.0,0,ATTACH,39000.0,0.0,False,0,ATTACH,LOSS,
P4,156,7,1,MAIN,150.0,90.0,1,0,0,END,0.0,0,END,0.0,0.0,False,0,END,LOSS,
P4,156,10,1,MAIN,140.0,90.0,1,1,1,ATTACH,39700.0,1,ATTACH,39700.0,0.0,False,1,ATTACH,LOSS,
P4,156,11,1,MAIN,140.0,90.0,2,1,1,ATTACK,18104.2,1,ATTACK,18104.2,0.0,False,1,ATTACK,LOSS,
P4,156,16,1,TO_ACTIVE,0.0,350.0,0,2,0,CARD,5000.0,0,CARD,5000.0,0.0,False,0,CARD,LOSS,
P4,156,17,1,MAIN,90.0,350.0,0,2,1,ATTACH,39000.0,1,ATTACH,39000.0,0.0,False,1,ATTACH,LOSS,
P4,156,18,1,MAIN,90.0,350.0,1,2,2,ATTACK,18104.4,2,ATTACK,18104.4,0.0,False,2,ATTACK,LOSS,
P4,157,0,0,IS_FIRST,0.0,0.0,0,0,1,NO,5000.0,1,NO,5000.0,0.0,False,1,NO,LOSS,
P4,157,1,0,SETUP_ACTIVE_POKEMON,0.0,0.0,0,0,0,CARD,10000.0,0,CARD,10000.0,0.0,False,0,CARD,LOSS,
P4,157,3,0,DRAW_COUNT,0.0,0.0,0,0,2,NUMBER,2.0,2,NUMBER,2.0,0.0,False,2,NUMBER,LOSS,
P4,157,4,0,SETUP_BENCH_POKEMON,0.0,0.0,0,0,0,CARD,10000.0,0,CARD,10000.0,0.0,False,0,CARD,LOSS,
P4,157,9,0,MAIN,90.0,90.0,0,1,0,ATTACH,39000.0,0,ATTACH,39000.0,0.0,False,0,ATTACH,LOSS,
P4,157,10,0,MAIN,90.0,90.0,1,1,1,ATTACK,18104.4,1,ATTACK,18104.4,0.0,False,1,ATTACK,LOSS,
P4,157,15,0,TO_ACTIVE,0.0,340.0,0,2,0,CARD,5000.0,0,CARD,5000.0,0.0,False,0,CARD,LOSS,
P4,157,16,0,MAIN,150.0,340.0,0,2,0,ATTACH,39000.0,0,ATTACH,39000.0,0.0,False,0,ATTACH,LOSS,
P4,157,17,0,MAIN,150.0,340.0,1,2,2,ATTACK,18104.2,2,ATTACK,18104.2,0.0,False,2,ATTACK,LOSS,
P4,158,1,1,SETUP_ACTIVE_POKEMON,0.0,0.0,0,0,0,CARD,10000.0,0,CARD,10000.0,0.0,False,0,CARD,LOSS,
P4,158,4,1,MAIN,90.0,90.0,0,0,0,ATTACH,39000.0,0,ATTACH,39000.0,0.0,False,0,ATTACH,LOSS,
P4,158,5,1,MAIN,90.0,90.0,1,0,0,END,0.0,0,END,0.0,0.0,False,0,END,LOSS,
P4,158,8,1,MAIN,80.0,90.0,1,1,5,EVOLVE,70500.0,5,EVOLVE,70500.0,0.0,False,5,EVOLVE,LOSS,
P4,158,9,1,MAIN,340.0,90.0,1,1,0,ATTACH,39700.0,0,ATTACH,39700.0,0.0,False,0,ATTACH,LOSS,
P4,158,10,1,MAIN,340.0,90.0,2,1,0,ATTACK,18104.6,0,ATTACK,18104.6,0.0,False,0,ATTACK,LOSS,
P4,158,11,1,TO_HAND,340.0,0.0,2,0,0,CARD,5000.0,0,CARD,5000.0,0.0,False,0,CARD,LOSS,
P4,158,19,1,MAIN,340.0,350.0,2,1,0,ATTACH,40400.0,0,ATTACH,40400.0,0.0,False,0,ATTACH,LOSS,
P4,158,20,1,MAIN,340.0,350.0,3,1,1,ATTACK,18104.7,1,ATTACK,18104.7,0.0,False,1,ATTACK,LOSS,
P4,159,0,0,IS_FIRST,0.0,0.0,0,0,1,NO,5000.0,1,NO,5000.0,0.0,False,1,NO,WIN,
P4,159,2,0,SETUP_ACTIVE_POKEMON,0.0,0.0,0,0,0,CARD,10000.0,0,CARD,10000.0,0.0,False,0,CARD,WIN,
P4,159,5,0,MAIN,90.0,150.0,0,1,0,ATTACH,39000.0,0,ATTACH,39000.0,0.0,False,0,ATTACH,WIN,
P4,159,6,0,MAIN,90.0,150.0,1,1,1,ATTACK,18104.4,1,ATTACK,18104.4,0.0,False,1,ATTACK,WIN,
P4,159,9,0,MAIN,90.0,140.0,1,2,3,EVOLVE,70500.0,3,EVOLVE,73500.0,0.0,False,3,EVOLVE,WIN,
P4,159,10,0,MAIN,350.0,140.0,1,2,0,ATTACH,39700.0,0,ATTACH,39700.0,0.0,False,0,ATTACH,WIN,
P4,159,11,0,MAIN,350.0,140.0,2,2,1,ATTACK,18104.6,1,ATTACK,18104.6,0.0,False,1,ATTACK,WIN,
P4,159,12,0,TO_HAND,350.0,0.0,2,0,0,CARD,5000.0,0,CARD,5000.0,0.0,False,0,CARD,WIN,
P4,160,2,1,SETUP_ACTIVE_POKEMON,0.0,0.0,0,0,0,CARD,10000.0,0,CARD,10000.0,0.0,False,0,CARD,LOSS,
P4,160,4,1,MAIN,150.0,90.0,0,0,0,ATTACH,39000.0,0,ATTACH,39000.0,0.0,False,0,ATTACH,LOSS,
P4,160,5,1,MAIN,150.0,90.0,1,0,0,END,0.0,0,END,0.0,0.0,False,0,END,LOSS,
P4,160,8,1,MAIN,140.0,90.0,1,1,0,ATTACH,39700.0,0,ATTACH,39700.0,0.0,False,0,ATTACH,LOSS,
P4,160,9,1,MAIN,140.0,90.0,2,1,0,ATTACK,18104.2,0,ATTACK,18104.2,0.0,False,0,ATTACK,LOSS,
P4,161,0,0,IS_FIRST,0.0,0.0,0,0,1,NO,5000.0,1,NO,5000.0,0.0,False,1,NO,LOSS,
P4,161,2,0,SETUP_ACTIVE_POKEMON,0.0,0.0,0,0,0,CARD,10000.0,0,CARD,10000.0,0.0,False,0,CARD,LOSS,
P4,161,7,0,MAIN,90.0,90.0,0,1,0,ATTACH,39000.0,0,ATTACH,39000.0,0.0,False,0,ATTACH,LOSS,
P4,161,8,0,MAIN,90.0,90.0,1,1,1,ATTACK,18104.4,1,ATTACK,18104.4,0.0,False,1,ATTACK,LOSS,
P4,162,1,1,SETUP_ACTIVE_POKEMON,0.0,0.0,0,0,0,CARD,10000.0,0,CARD,10000.0,0.0,False,0,CARD,WIN,
P4,162,3,1,DRAW_COUNT,0.0,0.0,0,0,3,NUMBER,3.0,3,NUMBER,3.0,0.0,False,3,NUMBER,WIN,
P4,162,4,1,MAIN,90.0,150.0,0,0,0,ATTACH,39000.0,0,ATTACH,39000.0,0.0,False,0,ATTACH,WIN,
P4,162,5,1,MAIN,90.0,150.0,1,0,0,PLAY,12000.0,0,PLAY,12000.0,0.0,False,0,PLAY,WIN,
P4,162,6,1,TO_HAND,90.0,150.0,1,0,0,CARD,1000.0,0,CARD,1000.0,0.0,False,0,CARD,WIN,
P4,162,7,1,MAIN,90.0,150.0,1,0,0,PLAY,12000.0,0,PLAY,12000.0,0.0,False,0,PLAY,WIN,
P4,162,8,1,TO_HAND,90.0,150.0,1,0,0,CARD,1000.0,0,CARD,1000.0,0.0,False,0,CARD,WIN,
P4,162,9,1,MAIN,90.0,150.0,1,0,0,END,0.0,0,END,0.0,0.0,False,0,END,WIN,
P4,162,12,1,MAIN,90.0,150.0,1,1,0,EVOLVE,70500.0,0,EVOLVE,70500.0,0.0,False,0,EVOLVE,WIN,
P4,162,13,1,MAIN,350.0,150.0,1,1,0,ATTACH,39700.0,0,ATTACH,39700.0,0.0,False,0,ATTACH,WIN,
P4,162,14,1,MAIN,350.0,150.0,2,1,1,ATTACK,18104.6,1,ATTACK,18104.6,0.0,False,1,ATTACK,WIN,
P4,162,15,1,TO_HAND,350.0,0.0,2,0,4,CARD,10000.0,4,CARD,10000.0,0.0,False,4,CARD,WIN,
P4,163,0,0,IS_FIRST,0.0,0.0,0,0,1,NO,5000.0,1,NO,5000.0,0.0,False,1,NO,LOSS,
P4,163,2,0,SETUP_ACTIVE_POKEMON,0.0,0.0,0,0,0,CARD,10000.0,0,CARD,10000.0,0.0,False,0,CARD,LOSS,
P4,163,7,0,MAIN,90.0,90.0,0,1,0,ATTACH,39000.0,0,ATTACH,39000.0,0.0,False,0,ATTACH,LOSS,
P4,163,8,0,MAIN,90.0,90.0,1,1,4,ATTACK,18104.4,4,ATTACK,18104.4,0.0,False,4,ATTACK,LOSS,
P4,164,2,1,SETUP_ACTIVE_POKEMON,0.0,0.0,0,0,0,CARD,10000.0,0,CARD,10000.0,0.0,False,0,CARD,LOSS,
P4,164,5,1,MAIN,150.0,90.0,0,0,0,ATTACH,39000.0,0,ATTACH,39000.0,0.0,False,0,ATTACH,LOSS,
P4,164,6,1,MAIN,150.0,90.0,1,0,0,END,0.0,0,END,0.0,0.0,False,0,END,LOSS,
P4,164,9,1,MAIN,140.0,90.0,1,1,0,ATTACH,39700.0,0,ATTACH,39700.0,0.0,False,0,ATTACH,LOSS,
P4,164,10,1,MAIN,140.0,90.0,2,1,0,ATTACK,18104.2,0,ATTACK,18104.2,0.0,False,0,ATTACK,LOSS,
P4,165,0,0,IS_FIRST,0.0,0.0,0,0,1,NO,5000.0,1,NO,5000.0,0.0,False,1,NO,LOSS,
P4,165,2,0,SETUP_ACTIVE_POKEMON,0.0,0.0,0,0,0,CARD,10000.0,0,CARD,10000.0,0.0,False,0,CARD,LOSS,
P4,165,10,0,MAIN,90.0,90.0,0,1,0,ATTACH,39000.0,0,ATTACH,39000.0,0.0,False,0,ATTACH,LOSS,
P4,165,11,0,MAIN,90.0,90.0,1,1,2,ATTACK,18104.4,2,ATTACK,18104.4,0.0,False,2,ATTACK,LOSS,
P4,166,1,1,SETUP_ACTIVE_POKEMON,0.0,0.0,0,0,0,CARD,10000.0,0,CARD,10000.0,0.0,False,0,CARD,LOSS,
P4,166,4,1,MAIN,90.0,150.0,0,0,1,ATTACH,39000.0,1,ATTACH,39000.0,0.0,False,1,ATTACH,LOSS,
P4,166,5,1,MAIN,90.0,150.0,1,0,0,PLAY,12000.0,0,PLAY,12000.0,0.0,False,0,PLAY,LOSS,
P4,166,6,1,TO_HAND,90.0,150.0,1,0,0,CARD,5000.0,0,CARD,5000.0,0.0,False,0,CARD,LOSS,
P4,166,7,1,MAIN,90.0,150.0,1,0,0,PLAY,12000.0,0,PLAY,12000.0,0.0,False,0,PLAY,LOSS,
P4,166,8,1,MAIN,90.0,150.0,1,0,0,END,0.0,0,END,0.0,0.0,False,0,END,LOSS,
P4,166,11,1,MAIN,90.0,150.0,1,1,1,EVOLVE,70500.0,1,EVOLVE,70500.0,0.0,False,1,EVOLVE,LOSS,
P4,166,12,1,MAIN,350.0,150.0,1,1,3,ATTACH,39700.0,3,ATTACH,39700.0,0.0,False,3,ATTACH,LOSS,
P4,166,13,1,MAIN,350.0,150.0,2,1,3,ATTACK,18104.6,3,ATTACK,18104.6,0.0,False,3,ATTACK,LOSS,
P4,166,14,1,TO_HAND,350.0,0.0,2,0,3,CARD,10000.0,3,CARD,10000.0,0.0,False,3,CARD,LOSS,
P4,166,27,1,TO_ACTIVE,0.0,350.0,0,2,0,CARD,5000.0,0,CARD,5000.0,0.0,False,0,CARD,LOSS,
P4,166,28,1,MAIN,150.0,350.0,0,2,4,ATTACH,39000.0,4,ATTACH,39000.0,0.0,False,4,ATTACH,LOSS,
P4,166,29,1,MAIN,150.0,350.0,1,2,4,ATTACK,18104.2,4,ATTACK,18104.2,0.0,False,4,ATTACK,LOSS,
P4,167,0,0,IS_FIRST,0.0,0.0,0,0,1,NO,5000.0,1,NO,5000.0,0.0,False,1,NO,LOSS,
P4,167,2,0,SETUP_ACTIVE_POKEMON,0.0,0.0,0,0,0,CARD,10000.0,0,CARD,10000.0,0.0,False,0,CARD,LOSS,
P4,167,7,0,MAIN,150.0,90.0,0,1,0,ATTACH,39000.0,0,ATTACH,39000.0,0.0,False,0,ATTACH,LOSS,
P4,167,8,0,MAIN,150.0,90.0,1,1,2,ATTACK,18104.2,2,ATTACK,18104.2,0.0,False,2,ATTACK,LOSS,
P4,168,1,1,SETUP_ACTIVE_POKEMON,0.0,0.0,0,0,0,CARD,10000.0,0,CARD,10000.0,0.0,False,0,CARD,WIN,
P4,168,3,1,DRAW_COUNT,0.0,0.0,0,0,2,NUMBER,2.0,2,NUMBER,2.0,0.0,False,2,NUMBER,WIN,
P4,168,4,1,SETUP_BENCH_POKEMON,0.0,0.0,0,0,0,CARD,10000.0,0,CARD,10000.0,0.0,False,0,CARD,WIN,
P4,168,5,1,MAIN,90.0,150.0,0,0,1,ATTACH,39000.0,1,ATTACH,39000.0,0.0,False,1,ATTACH,WIN,
P4,168,6,1,MAIN,90.0,150.0,0,0,1,ATTACH,39000.0,1,ATTACH,39000.0,0.0,False,1,ATTACH,WIN,
P4,168,7,1,MAIN,90.0,150.0,1,0,0,PLAY,12000.0,0,PLAY,12000.0,0.0,False,0,PLAY,WIN,
P4,168,8,1,TO_HAND,90.0,150.0,1,0,0,CARD,1000.0,0,CARD,1000.0,0.0,False,0,CARD,WIN,
P4,168,9,1,MAIN,90.0,150.0,1,0,0,END,0.0,0,END,0.0,0.0,False,0,END,WIN,
P4,168,12,1,MAIN,90.0,150.0,1,1,0,EVOLVE,70500.0,0,EVOLVE,70500.0,0.0,False,0,EVOLVE,WIN,
P4,168,13,1,MAIN,350.0,150.0,1,1,9,EVOLVE,70000.0,9,EVOLVE,70000.0,0.0,False,9,EVOLVE,WIN,
P4,168,14,1,MAIN,350.0,150.0,1,1,0,ATTACH,39700.0,0,ATTACH,39700.0,0.0,False,0,ATTACH,WIN,
P4,168,15,1,MAIN,350.0,150.0,2,1,0,ATTACK,18104.6,0,ATTACK,18104.6,0.0,False,0,ATTACK,WIN,
P4,168,16,1,TO_HAND,350.0,0.0,2,0,0,CARD,5000.0,0,CARD,5000.0,0.0,False,0,CARD,WIN,
P4,169,0,0,IS_FIRST,0.0,0.0,0,0,1,NO,5000.0,1,NO,5000.0,0.0,False,1,NO,WIN,
P4,169,2,0,SETUP_ACTIVE_POKEMON,0.0,0.0,0,0,0,CARD,10000.0,0,CARD,10000.0,0.0,False,0,CARD,WIN,
P4,169,5,0,MAIN,90.0,150.0,0,1,0,ATTACH,39000.0,0,ATTACH,39000.0,0.0,False,0,ATTACH,WIN,
P4,169,6,0,MAIN,90.0,150.0,1,1,3,ATTACK,18104.4,3,ATTACK,18104.4,0.0,False,3,ATTACK,WIN,
P4,169,9,0,MAIN,90.0,140.0,1,2,3,EVOLVE,70500.0,3,EVOLVE,73500.0,0.0,False,3,EVOLVE,WIN,
P4,169,10,0,MAIN,350.0,140.0,1,2,2,ATTACH,39700.0,2,ATTACH,39700.0,0.0,False,2,ATTACH,WIN,
P4,169,11,0,MAIN,350.0,140.0,2,2,4,ATTACK,18104.6,4,ATTACK,18104.6,0.0,False,4,ATTACK,WIN,
P4,169,12,0,TO_HAND,350.0,0.0,2,0,0,CARD,5000.0,0,CARD,5000.0,0.0,False,0,CARD,WIN,
P4,170,1,1,SETUP_ACTIVE_POKEMON,0.0,0.0,0,0,0,CARD,10000.0,0,CARD,10000.0,0.0,False,0,CARD,WIN,
P4,170,3,1,MAIN,90.0,90.0,0,0,0,ATTACH,39000.0,0,ATTACH,39000.0,0.0,False,0,ATTACH,WIN,
P4,170,4,1,MAIN,90.0,90.0,1,0,0,PLAY,12000.0,0,PLAY,12000.0,0.0,False,0,PLAY,WIN,
P4,170,5,1,TO_HAND,90.0,90.0,1,0,0,CARD,1000.0,0,CARD,1000.0,0.0,False,0,CARD,WIN,
P4,170,6,1,MAIN,90.0,90.0,1,0,0,END,0.0,0,END,0.0,0.0,False,0,END,WIN,
P4,170,9,1,MAIN,80.0,90.0,1,1,0,EVOLVE,70500.0,0,EVOLVE,70500.0,0.0,False,0,EVOLVE,WIN,
P4,170,10,1,MAIN,340.0,90.0,1,1,0,ATTACH,39700.0,0,ATTACH,39700.0,0.0,False,0,ATTACH,WIN,
P4,170,11,1,MAIN,340.0,90.0,2,1,1,ATTACK,18104.6,1,ATTACK,18104.6,0.0,False,1,ATTACK,WIN,
P4,170,12,1,TO_HAND,340.0,0.0,2,0,3,CARD,10000.0,3,CARD,10000.0,0.0,False,3,CARD,WIN,
P4,171,0,0,IS_FIRST,0.0,0.0,0,0,1,NO,5000.0,1,NO,5000.0,0.0,False,1,NO,WIN,
P4,171,2,0,SETUP_ACTIVE_POKEMON,0.0,0.0,0,0,0,CARD,10000.0,0,CARD,10000.0,0.0,False,0,CARD,WIN,
P4,171,3,0,SETUP_BENCH_POKEMON,0.0,0.0,0,0,0,CARD,10000.0,0,CARD,10000.0,0.0,False,0,CARD,WIN,
P4,171,6,0,MAIN,90.0,90.0,0,1,0,ATTACH,39000.0,0,ATTACH,39000.0,0.0,False,0,ATTACH,WIN,
P4,171,7,0,MAIN,90.0,90.0,1,1,2,ATTACK,18104.4,2,ATTACK,18104.4,0.0,False,2,ATTACK,WIN,
P4,171,10,0,MAIN,60.0,80.0,1,2,0,ATTACH,39700.0,0,ATTACH,39700.0,0.0,False,0,ATTACH,WIN,
P4,171,11,0,MAIN,60.0,80.0,2,2,3,ATTACK,18104.5,3,ATTACK,18104.5,0.0,False,3,ATTACK,WIN,
P4,171,14,0,MAIN,30.0,50.0,2,3,8,EVOLVE,71000.0,8,EVOLVE,74000.0,0.0,False,8,EVOLVE,WIN,
P4,171,15,0,MAIN,290.0,50.0,2,3,0,ATTACH,40400.0,0,ATTACH,40400.0,0.0,False,0,ATTACH,WIN,
P4,171,16,0,MAIN,290.0,50.0,3,3,3,ATTACK,18104.7,3,ATTACK,18104.7,0.0,False,3,ATTACK,WIN,
P4,171,17,0,TO_HAND,290.0,0.0,3,0,0,CARD,5000.0,0,CARD,5000.0,0.0,False,0,CARD,WIN,
P4,172,1,1,SETUP_ACTIVE_POKEMON,0.0,0.0,0,0,0,CARD,10000.0,0,CARD,10000.0,0.0,False,0,CARD,WIN,
P4,172,3,1,MAIN,90.0,150.0,0,0,1,ATTACH,39000.0,1,ATTACH,39000.0,0.0,False,1,ATTACH,WIN,
P4,172,4,1,MAIN,90.0,150.0,1,0,0,PLAY,12000.0,0,PLAY,12000.0,0.0,False,0,PLAY,WIN,
P4,172,5,1,TO_HAND,90.0,150.0,1,0,0,CARD,1000.0,0,CARD,1000.0,0.0,False,0,CARD,WIN,
P4,172,6,1,MAIN,90.0,150.0,1,0,0,PLAY,12000.0,0,PLAY,12000.0,0.0,False,0,PLAY,WIN,
P4,172,7,1,TO_HAND,90.0,150.0,1,0,0,CARD,1000.0,0,CARD,1000.0,0.0,False,0,CARD,WIN,
P4,172,8,1,MAIN,90.0,150.0,1,0,0,END,0.0,0,END,0.0,0.0,False,0,END,WIN,
P4,172,11,1,MAIN,90.0,150.0,1,1,0,EVOLVE,70500.0,0,EVOLVE,70500.0,0.0,False,0,EVOLVE,WIN,
P4,172,12,1,MAIN,350.0,150.0,1,1,0,ATTACH,39700.0,0,ATTACH,39700.0,0.0,False,0,ATTACH,WIN,
P4,172,13,1,MAIN,350.0,150.0,2,1,0,ATTACK,18104.6,0,ATTACK,18104.6,0.0,False,0,ATTACK,WIN,
P4,172,14,1,TO_HAND,350.0,0.0,2,0,2,CARD,10000.0,2,CARD,10000.0,0.0,False,2,CARD,WIN,
P4,173,0,0,IS_FIRST,0.0,0.0,0,0,1,NO,5000.0,1,NO,5000.0,0.0,False,1,NO,LOSS,
P4,173,2,0,SETUP_ACTIVE_POKEMON,0.0,0.0,0,0,0,CARD,10000.0,0,CARD,10000.0,0.0,False,0,CARD,LOSS,
P4,173,5,0,MAIN,90.0,90.0,0,1,0,ATTACH,39000.0,0,ATTACH,39000.0,0.0,False,0,ATTACH,LOSS,
P4,173,6,0,MAIN,90.0,90.0,1,1,1,ATTACK,18104.4,1,ATTACK,18104.4,0.0,False,1,ATTACK,LOSS,
P4,173,9,0,MAIN,60.0,80.0,1,2,0,ATTACH,39700.0,0,ATTACH,39700.0,0.0,False,0,ATTACH,LOSS,
P4,173,10,0,MAIN,60.0,80.0,2,2,3,ATTACK,18104.5,3,ATTACK,18104.5,0.0,False,3,ATTACK,LOSS,
P4,173,13,0,MAIN,30.0,50.0,2,3,0,ATTACH,40400.0,0,ATTACH,40400.0,0.0,False,0,ATTACH,LOSS,
P4,173,14,0,MAIN,30.0,50.0,3,3,3,ATTACK,18104.5,3,ATTACK,18104.5,0.0,False,3,ATTACK,LOSS,
P4,174,2,1,SETUP_ACTIVE_POKEMON,0.0,0.0,0,0,0,CARD,10000.0,0,CARD,10000.0,0.0,False,0,CARD,WIN,
P4,174,4,1,SETUP_BENCH_POKEMON,0.0,0.0,0,0,0,CARD,10000.0,0,CARD,10000.0,0.0,False,0,CARD,WIN,
P4,174,5,1,MAIN,90.0,90.0,0,0,0,ATTACH,39000.0,0,ATTACH,39000.0,0.0,False,0,ATTACH,WIN,
P4,174,6,1,MAIN,90.0,90.0,1,0,0,PLAY,12000.0,0,PLAY,12000.0,0.0,False,0,PLAY,WIN,
P4,174,7,1,TO_HAND,90.0,90.0,1,0,0,CARD,1000.0,0,CARD,1000.0,0.0,False,0,CARD,WIN,
P4,174,8,1,MAIN,90.0,90.0,1,0,0,END,0.0,0,END,0.0,0.0,False,0,END,WIN,
P4,174,12,1,MAIN,80.0,90.0,1,1,7,EVOLVE,70500.0,7,EVOLVE,70500.0,0.0,False,7,EVOLVE,WIN,
P4,174,13,1,MAIN,340.0,90.0,1,1,0,ATTACH,39700.0,0,ATTACH,39700.0,0.0,False,0,ATTACH,WIN,
P4,174,14,1,MAIN,340.0,90.0,2,1,2,ATTACK,18104.6,2,ATTACK,18104.6,0.0,False,2,ATTACK,WIN,
P4,174,15,1,TO_HAND,340.0,0.0,2,0,0,CARD,5000.0,0,CARD,5000.0,0.0,False,0,CARD,WIN,
P4,175,0,0,IS_FIRST,0.0,0.0,0,0,1,NO,5000.0,1,NO,5000.0,0.0,False,1,NO,LOSS,
P4,175,1,0,SETUP_ACTIVE_POKEMON,0.0,0.0,0,0,0,CARD,10000.0,0,CARD,10000.0,0.0,False,0,CARD,LOSS,
P4,175,3,0,DRAW_COUNT,0.0,0.0,0,0,2,NUMBER,2.0,2,NUMBER,2.0,0.0,False,2,NUMBER,LOSS,
P4,175,5,0,SETUP_BENCH_POKEMON,0.0,0.0,0,0,0,CARD,10000.0,0,CARD,10000.0,0.0,False,0,CARD,LOSS,
P4,175,10,0,MAIN,90.0,90.0,0,1,0,ATTACH,39000.0,0,ATTACH,39000.0,0.0,False,0,ATTACH,LOSS,
P4,175,11,0,MAIN,90.0,90.0,1,1,0,ATTACH,39700.0,0,ATTACH,39700.0,0.0,False,0,ATTACH,LOSS,
P4,175,12,0,MAIN,90.0,90.0,1,1,1,ATTACK,18104.4,1,ATTACK,18104.4,0.0,False,1,ATTACK,LOSS,
P4,175,18,0,TO_ACTIVE,0.0,340.0,0,2,0,CARD,10000.0,0,CARD,10000.0,0.0,False,0,CARD,LOSS,
P4,175,19,0,MAIN,150.0,340.0,0,2,0,ATTACH,39000.0,0,ATTACH,39000.0,0.0,False,0,ATTACH,LOSS,
P4,175,20,0,MAIN,150.0,340.0,1,2,1,ATTACK,18104.2,1,ATTACK,18104.2,0.0,False,1,ATTACK,LOSS,
P4,176,2,1,SETUP_ACTIVE_POKEMON,0.0,0.0,0,0,0,CARD,10000.0,0,CARD,10000.0,0.0,False,0,CARD,WIN,
P4,176,5,1,MAIN,90.0,90.0,0,0,0,ATTACH,39000.0,0,ATTACH,39000.0,0.0,False,0,ATTACH,WIN,
P4,176,6,1,MAIN,90.0,90.0,1,0,1,ATTACH,39700.0,1,ATTACH,39700.0,0.0,False,1,ATTACH,WIN,
P4,176,7,1,MAIN,90.0,90.0,1,0,0,PLAY,12000.0,0,PLAY,12000.0,0.0,False,0,PLAY,WIN,
P4,176,8,1,TO_HAND,90.0,90.0,1,0,0,CARD,1000.0,0,CARD,1000.0,0.0,False,0,CARD,WIN,
P4,176,9,1,MAIN,90.0,90.0,1,0,0,END,0.0,0,END,0.0,0.0,False,0,END,WIN,
P4,176,12,1,MAIN,80.0,90.0,1,1,4,EVOLVE,70500.0,4,EVOLVE,70500.0,0.0,False,4,EVOLVE,WIN,
P4,176,13,1,MAIN,340.0,90.0,1,1,0,ATTACH,39700.0,0,ATTACH,39700.0,0.0,False,0,ATTACH,WIN,
P4,176,14,1,MAIN,340.0,90.0,2,1,3,ATTACK,18104.6,3,ATTACK,18104.6,0.0,False,3,ATTACK,WIN,
P4,176,15,1,TO_HAND,340.0,0.0,2,0,0,CARD,5000.0,0,CARD,5000.0,0.0,False,0,CARD,WIN,
P4,176,19,1,MAIN,330.0,90.0,2,1,3,ATTACH,40400.0,3,ATTACH,40400.0,0.0,False,3,ATTACH,WIN,
P4,176,20,1,MAIN,330.0,90.0,3,1,5,ATTACK,18104.7,5,ATTACK,18104.7,0.0,False,5,ATTACK,WIN,
P4,176,21,1,TO_HAND,330.0,0.0,3,0,0,CARD,5000.0,0,CARD,5000.0,0.0,False,0,CARD,WIN,
P4,177,0,0,IS_FIRST,0.0,0.0,0,0,1,NO,5000.0,1,NO,5000.0,0.0,False,1,NO,LOSS,
P4,177,1,0,SETUP_ACTIVE_POKEMON,0.0,0.0,0,0,0,CARD,10000.0,0,CARD,10000.0,0.0,False,0,CARD,LOSS,
P4,177,3,0,DRAW_COUNT,0.0,0.0,0,0,1,NUMBER,1.0,1,NUMBER,1.0,0.0,False,1,NUMBER,LOSS,
P4,177,7,0,MAIN,90.0,90.0,0,1,0,ATTACH,39000.0,0,ATTACH,39000.0,0.0,False,0,ATTACH,LOSS,
P4,177,8,0,MAIN,90.0,90.0,1,1,3,ATTACK,18104.4,3,ATTACK,18104.4,0.0,False,3,ATTACK,LOSS,
P4,178,2,1,SETUP_ACTIVE_POKEMON,0.0,0.0,0,0,0,CARD,10000.0,0,CARD,10000.0,0.0,False,0,CARD,WIN,
P4,178,4,1,MAIN,90.0,150.0,0,0,0,ATTACH,39000.0,0,ATTACH,39000.0,0.0,False,0,ATTACH,WIN,
P4,178,5,1,MAIN,90.0,150.0,1,0,0,END,0.0,0,END,0.0,0.0,False,0,END,WIN,
P4,178,9,1,MAIN,90.0,150.0,1,1,5,EVOLVE,70500.0,5,EVOLVE,70500.0,0.0,False,5,EVOLVE,WIN,
P4,178,10,1,MAIN,350.0,150.0,1,1,1,ATTACH,39700.0,1,ATTACH,39700.0,0.0,False,1,ATTACH,WIN,
P4,178,11,1,MAIN,350.0,150.0,2,1,2,ATTACK,18104.6,2,ATTACK,18104.6,0.0,False,2,ATTACK,WIN,
P4,178,12,1,TO_HAND,350.0,0.0,2,0,5,CARD,10000.0,5,CARD,10000.0,0.0,False,5,CARD,WIN,
P4,179,0,0,IS_FIRST,0.0,0.0,0,0,1,NO,5000.0,1,NO,5000.0,0.0,False,1,NO,LOSS,
P4,179,1,0,SETUP_ACTIVE_POKEMON,0.0,0.0,0,0,0,CARD,10000.0,0,CARD,10000.0,0.0,False,0,CARD,LOSS,
P4,179,3,0,DRAW_COUNT,0.0,0.0,0,0,5,NUMBER,5.0,5,NUMBER,5.0,0.0,False,5,NUMBER,LOSS,
P4,179,4,0,SETUP_BENCH_POKEMON,0.0,0.0,0,0,0,CARD,10000.0,0,CARD,10000.0,0.0,False,0,CARD,LOSS,
P4,179,9,0,MAIN,90.0,90.0,0,1,0,ATTACH,39000.0,0,ATTACH,39000.0,0.0,False,0,ATTACH,LOSS,
P4,179,10,0,MAIN,90.0,90.0,1,1,3,ATTACK,18104.4,3,ATTACK,18104.4,0.0,False,3,ATTACK,LOSS,
P4,179,15,0,TO_ACTIVE,0.0,340.0,0,2,0,CARD,5000.0,0,CARD,5000.0,0.0,False,0,CARD,LOSS,
P4,179,16,0,MAIN,90.0,340.0,0,2,0,ATTACH,39000.0,0,ATTACH,39000.0,0.0,False,0,ATTACH,LOSS,
P4,179,17,0,MAIN,90.0,340.0,1,2,4,ATTACK,18104.4,4,ATTACK,18104.4,0.0,False,4,ATTACK,LOSS,
P4,180,1,1,SETUP_ACTIVE_POKEMON,0.0,0.0,0,0,0,CARD,10000.0,0,CARD,10000.0,0.0,False,0,CARD,WIN,
P4,180,3,1,MAIN,150.0,90.0,0,0,0,ATTACH,39000.0,0,ATTACH,39000.0,0.0,False,0,ATTACH,WIN,
P4,180,4,1,MAIN,150.0,90.0,1,0,0,PLAY,12000.0,0,PLAY,12000.0,0.0,False,0,PLAY,WIN,
P4,180,5,1,TO_HAND,150.0,90.0,1,0,0,CARD,5000.0,0,CARD,5000.0,0.0,False,0,CARD,WIN,
P4,180,6,1,MAIN,150.0,90.0,1,0,0,END,0.0,0,END,0.0,0.0,False,0,END,WIN,
P4,180,9,1,MAIN,140.0,90.0,1,1,0,ATTACH,39700.0,0,ATTACH,39700.0,0.0,False,0,ATTACH,WIN,
P4,180,10,1,MAIN,140.0,90.0,2,1,2,ATTACK,18104.2,2,ATTACK,18104.2,0.0,False,2,ATTACK,WIN,
P4,180,13,1,MAIN,110.0,90.0,2,2,1,ATTACH,40400.0,1,ATTACH,40400.0,0.0,False,1,ATTACH,WIN,
P4,180,14,1,MAIN,110.0,90.0,3,2,4,ATTACK,18104.3,4,ATTACK,18104.3,0.0,False,4,ATTACK,WIN,
P4,180,15,1,DISCARD_ENERGY,110.0,0.0,3,2,0,ENERGY,30000.0,0,ENERGY,30000.0,0.0,False,0,ENERGY,WIN,
P4,180,16,1,DISCARD_ENERGY,110.0,0.0,2,2,0,ENERGY,30000.0,0,ENERGY,30000.0,0.0,False,0,ENERGY,WIN,
P4,180,17,1,TO_HAND,110.0,0.0,1,0,0,CARD,10000.0,0,CARD,10000.0,0.0,False,0,CARD,WIN,
P4,181,0,0,IS_FIRST,0.0,0.0,0,0,1,NO,5000.0,1,NO,5000.0,0.0,False,1,NO,LOSS,
P4,181,2,0,SETUP_ACTIVE_POKEMON,0.0,0.0,0,0,0,CARD,10000.0,0,CARD,10000.0,0.0,False,0,CARD,LOSS,
P4,181,7,0,MAIN,90.0,90.0,0,1,0,ATTACH,39000.0,0,ATTACH,39000.0,0.0,False,0,ATTACH,LOSS,
P4,181,8,0,MAIN,90.0,90.0,1,1,1,ATTACK,18104.4,1,ATTACK,18104.4,0.0,False,1,ATTACK,LOSS,
P4,182,1,1,SETUP_ACTIVE_POKEMON,0.0,0.0,0,0,0,CARD,10000.0,0,CARD,10000.0,0.0,False,0,CARD,WIN,
P4,182,3,1,DRAW_COUNT,0.0,0.0,0,0,1,NUMBER,1.0,1,NUMBER,1.0,0.0,False,1,NUMBER,WIN,
P4,182,4,1,MAIN,90.0,90.0,0,0,0,ATTACH,39000.0,0,ATTACH,39000.0,0.0,False,0,ATTACH,WIN,
P4,182,5,1,MAIN,90.0,90.0,1,0,0,PLAY,12000.0,0,PLAY,12000.0,0.0,False,0,PLAY,WIN,
P4,182,6,1,TO_HAND,90.0,90.0,1,0,0,CARD,1000.0,0,CARD,1000.0,0.0,False,0,CARD,WIN,
P4,182,7,1,MAIN,90.0,90.0,1,0,0,END,0.0,0,END,0.0,0.0,False,0,END,WIN,
P4,182,11,1,MAIN,80.0,90.0,1,1,0,EVOLVE,70500.0,0,EVOLVE,70500.0,0.0,False,0,EVOLVE,WIN,
P4,182,12,1,MAIN,340.0,90.0,1,1,0,ATTACH,39700.0,0,ATTACH,39700.0,0.0,False,0,ATTACH,WIN,
P4,182,13,1,MAIN,340.0,90.0,2,1,1,ATTACK,18104.6,1,ATTACK,18104.6,0.0,False,1,ATTACK,WIN,
P4,182,14,1,TO_HAND,340.0,0.0,2,0,4,CARD,10000.0,4,CARD,10000.0,0.0,False,4,CARD,WIN,
P4,183,0,0,IS_FIRST,0.0,0.0,0,0,1,NO,5000.0,1,NO,5000.0,0.0,False,1,NO,LOSS,
P4,183,2,0,SETUP_ACTIVE_POKEMON,0.0,0.0,0,0,0,CARD,10000.0,0,CARD,10000.0,0.0,False,0,CARD,LOSS,
P4,183,3,0,SETUP_BENCH_POKEMON,0.0,0.0,0,0,0,CARD,10000.0,0,CARD,10000.0,0.0,False,0,CARD,LOSS,
P4,183,7,0,MAIN,90.0,90.0,0,1,2,ATTACH,39000.0,2,ATTACH,39000.0,0.0,False,2,ATTACH,LOSS,
P4,183,8,0,MAIN,90.0,90.0,1,1,2,ATTACK,18104.4,2,ATTACK,18104.4,0.0,False,2,ATTACK,LOSS,
P4,183,13,0,TO_ACTIVE,0.0,340.0,0,2,0,CARD,5000.0,0,CARD,5000.0,0.0,False,0,CARD,LOSS,
P4,183,14,0,MAIN,150.0,340.0,0,2,2,ATTACH,39000.0,2,ATTACH,39000.0,0.0,False,2,ATTACH,LOSS,
P4,183,15,0,MAIN,150.0,340.0,1,2,2,ATTACK,18104.2,2,ATTACK,18104.2,0.0,False,2,ATTACK,LOSS,
P4,184,1,1,SETUP_ACTIVE_POKEMON,0.0,0.0,0,0,0,CARD,10000.0,0,CARD,10000.0,0.0,False,0,CARD,WIN,
P4,184,3,1,DRAW_COUNT,0.0,0.0,0,0,2,NUMBER,2.0,2,NUMBER,2.0,0.0,False,2,NUMBER,WIN,
P4,184,4,1,SETUP_BENCH_POKEMON,0.0,0.0,0,0,0,CARD,10000.0,0,CARD,10000.0,0.0,False,0,CARD,WIN,
P4,184,6,1,MAIN,150.0,90.0,0,0,1,ATTACH,39000.0,1,ATTACH,39000.0,0.0,False,1,ATTACH,WIN,
P4,184,7,1,MAIN,150.0,90.0,1,0,0,PLAY,12000.0,0,PLAY,12000.0,0.0,False,0,PLAY,WIN,
P4,184,8,1,TO_HAND,150.0,90.0,1,0,0,CARD,1000.0,0,CARD,1000.0,0.0,False,0,CARD,WIN,
P4,184,9,1,MAIN,150.0,90.0,1,0,0,END,0.0,0,END,0.0,0.0,False,0,END,WIN,
P4,184,12,1,MAIN,140.0,90.0,1,1,0,EVOLVE,70000.0,0,EVOLVE,70000.0,0.0,False,0,EVOLVE,WIN,
P4,184,13,1,MAIN,140.0,90.0,1,1,0,ATTACH,39700.0,0,ATTACH,39700.0,0.0,False,0,ATTACH,WIN,
P4,184,14,1,MAIN,140.0,90.0,2,1,2,ATTACK,18104.2,2,ATTACK,18104.2,0.0,False,2,ATTACK,WIN,
P4,184,19,1,TO_ACTIVE,0.0,350.0,0,2,0,CARD,5000.0,0,CARD,5000.0,0.0,False,0,CARD,WIN,
P4,184,20,1,MAIN,350.0,350.0,0,2,0,ATTACH,39000.0,0,ATTACH,39000.0,0.0,False,0,ATTACH,WIN,
P4,184,21,1,MAIN,350.0,350.0,1,2,0,PLAY,12000.0,0,PLAY,12000.0,0.0,False,0,PLAY,WIN,
P4,184,22,1,ATTACH_TO,350.0,350.0,1,2,1,CARD,10000.0,1,CARD,10000.0,0.0,False,1,CARD,WIN,
P4,184,23,1,ATTACH_FROM,350.0,350.0,1,2,0,CARD,5000.0,0,CARD,5000.0,0.0,False,0,CARD,WIN,
P4,184,24,1,MAIN,350.0,350.0,2,2,1,ATTACK,18104.6,1,ATTACK,18104.6,0.0,False,1,ATTACK,WIN,
P4,184,25,1,TO_HAND,350.0,0.0,2,0,2,CARD,10000.0,2,CARD,10000.0,0.0,False,2,CARD,WIN,
P4,184,29,1,MAIN,340.0,90.0,2,1,0,ATTACH,40400.0,0,ATTACH,40400.0,0.0,False,0,ATTACH,WIN,
P4,184,30,1,MAIN,340.0,90.0,3,1,4,ATTACK,18104.7,4,ATTACK,18104.7,0.0,False,4,ATTACK,WIN,
P4,184,31,1,TO_HAND,340.0,0.0,3,0,1,CARD,10000.0,1,CARD,10000.0,0.0,False,1,CARD,WIN,
P4,185,0,0,IS_FIRST,0.0,0.0,0,0,1,NO,5000.0,1,NO,5000.0,0.0,False,1,NO,LOSS,
P4,185,2,0,SETUP_ACTIVE_POKEMON,0.0,0.0,0,0,0,CARD,10000.0,0,CARD,10000.0,0.0,False,0,CARD,LOSS,
P4,185,8,0,MAIN,150.0,90.0,0,1,0,ATTACH,39000.0,0,ATTACH,39000.0,0.0,False,0,ATTACH,LOSS,
P4,185,9,0,MAIN,150.0,90.0,1,1,2,ATTACK,18104.2,2,ATTACK,18104.2,0.0,False,2,ATTACK,LOSS,
P4,186,2,1,SETUP_ACTIVE_POKEMON,0.0,0.0,0,0,0,CARD,10000.0,0,CARD,10000.0,0.0,False,0,CARD,LOSS,
P4,186,4,1,SETUP_BENCH_POKEMON,0.0,0.0,0,0,0,CARD,10000.0,0,CARD,10000.0,0.0,False,0,CARD,LOSS,
P4,186,5,1,MAIN,90.0,150.0,0,0,0,ATTACH,39000.0,0,ATTACH,39000.0,0.0,False,0,ATTACH,LOSS,
P4,186,6,1,MAIN,90.0,150.0,0,0,0,ATTACH,39000.0,0,ATTACH,39000.0,0.0,False,0,ATTACH,LOSS,
P4,186,7,1,MAIN,90.0,150.0,1,0,0,END,0.0,0,END,0.0,0.0,False,0,END,LOSS,
P4,186,11,1,MAIN,90.0,150.0,1,1,2,ATTACH,39700.0,2,ATTACH,39700.0,0.0,False,2,ATTACH,LOSS,
P4,186,12,1,MAIN,90.0,150.0,2,1,3,ATTACK,18104.5,3,ATTACK,18104.5,0.0,False,3,ATTACK,LOSS,
P4,186,15,1,MAIN,90.0,120.0,2,2,2,ATTACH,40400.0,2,ATTACH,40400.0,0.0,False,2,ATTACH,LOSS,
P4,186,16,1,MAIN,90.0,120.0,3,2,3,ATTACK,18104.5,3,ATTACK,18104.5,0.0,False,3,ATTACK,LOSS,
P4,186,22,1,TO_ACTIVE,0.0,90.0,0,1,0,CARD,5000.0,0,CARD,5000.0,0.0,False,0,CARD,LOSS,
P4,186,23,1,MAIN,90.0,90.0,0,1,2,ATTACH,39000.0,2,ATTACH,39000.0,0.0,False,2,ATTACH,LOSS,
P4,186,24,1,MAIN,90.0,90.0,1,1,3,ATTACK,18104.4,3,ATTACK,18104.4,0.0,False,3,ATTACK,LOSS,
P4,186,27,1,MAIN,50.0,80.0,1,2,2,ATTACH,39700.0,2,ATTACH,39700.0,0.0,False,2,ATTACH,LOSS,
P4,186,28,1,MAIN,50.0,80.0,2,2,4,ATTACK,18104.5,4,ATTACK,18104.5,0.0,False,4,ATTACK,LOSS,
P4,187,0,0,IS_FIRST,0.0,0.0,0,0,1,NO,5000.0,1,NO,5000.0,0.0,False,1,NO,LOSS,
P4,187,2,0,SETUP_ACTIVE_POKEMON,0.0,0.0,0,0,0,CARD,10000.0,0,CARD,10000.0,0.0,False,0,CARD,LOSS,
P4,187,6,0,MAIN,90.0,90.0,0,1,1,ATTACH,39000.0,1,ATTACH,39000.0,0.0,False,1,ATTACH,LOSS,
P4,187,7,0,MAIN,90.0,90.0,1,1,3,ATTACK,18104.4,3,ATTACK,18104.4,0.0,False,3,ATTACK,LOSS,
P4,188,2,1,SETUP_ACTIVE_POKEMON,0.0,0.0,0,0,0,CARD,10000.0,0,CARD,10000.0,0.0,False,0,CARD,LOSS,
P4,188,4,1,MAIN,90.0,150.0,0,0,0,ATTACH,39000.0,0,ATTACH,39000.0,0.0,False,0,ATTACH,LOSS,
P4,188,5,1,MAIN,90.0,150.0,1,0,0,END,0.0,0,END,0.0,0.0,False,0,END,LOSS,
P4,188,8,1,MAIN,90.0,150.0,1,1,1,ATTACH,39700.0,1,ATTACH,39700.0,0.0,False,1,ATTACH,LOSS,
P4,188,9,1,MAIN,90.0,150.0,2,1,4,ATTACK,18104.5,4,ATTACK,18104.5,0.0,False,4,ATTACK,LOSS,
P4,188,12,1,MAIN,90.0,120.0,2,2,1,ATTACH,40400.0,1,ATTACH,40400.0,0.0,False,1,ATTACH,LOSS,
P4,188,13,1,MAIN,90.0,120.0,3,2,4,ATTACK,18104.5,4,ATTACK,18104.5,0.0,False,4,ATTACK,LOSS,
P4,189,0,0,IS_FIRST,0.0,0.0,0,0,1,NO,5000.0,1,NO,5000.0,0.0,False,1,NO,WIN,
P4,189,1,0,SETUP_ACTIVE_POKEMON,0.0,0.0,0,0,0,CARD,10000.0,0,CARD,10000.0,0.0,False,0,CARD,WIN,
P4,189,3,0,DRAW_COUNT,0.0,0.0,0,0,3,NUMBER,3.0,3,NUMBER,3.0,0.0,False,3,NUMBER,WIN,
P4,189,4,0,SETUP_BENCH_POKEMON,0.0,0.0,0,0,0,CARD,10000.0,0,CARD,10000.0,0.0,False,0,CARD,WIN,
P4,189,7,0,MAIN,90.0,90.0,0,1,0,ATTACH,39000.0,0,ATTACH,39000.0,0.0,False,0,ATTACH,WIN,
P4,189,8,0,MAIN,90.0,90.0,1,1,1,ATTACH,39700.0,1,ATTACH,39700.0,0.0,False,1,ATTACH,WIN,
P4,189,9,0,MAIN,90.0,90.0,1,1,1,ATTACK,18104.4,1,ATTACK,18104.4,0.0,False,1,ATTACK,WIN,
P4,189,14,0,TO_ACTIVE,0.0,340.0,0,2,0,CARD,10000.0,0,CARD,10000.0,0.0,False,0,CARD,WIN,
P4,189,15,0,MAIN,90.0,340.0,0,2,0,EVOLVE,70000.0,0,EVOLVE,73000.0,0.0,False,0,EVOLVE,WIN,
P4,189,16,0,MAIN,350.0,340.0,0,2,0,ATTACH,39000.0,0,ATTACH,39000.0,0.0,False,0,ATTACH,WIN,
P4,189,17,0,MAIN,350.0,340.0,1,2,0,PLAY,12000.0,0,PLAY,12000.0,0.0,False,0,PLAY,WIN,
P4,189,18,0,TO_HAND,350.0,340.0,1,2,0,CARD,5000.0,0,CARD,5000.0,0.0,False,0,CARD,WIN,
P4,189,19,0,MAIN,350.0,340.0,1,2,0,END,0.0,0,END,0.0,0.0,False,0,END,WIN,
P4,189,22,0,MAIN,150.0,340.0,1,3,0,ATTACH,39700.0,0,ATTACH,39700.0,0.0,False,0,ATTACH,WIN,
P4,189,23,0,MAIN,150.0,340.0,2,3,1,ATTACK,18104.6,1,ATTACK,18104.6,0.0,False,1,ATTACK,WIN,
P4,189,24,0,TO_HAND,150.0,0.0,2,0,3,CARD,10000.0,3,CARD,10000.0,0.0,False,3,CARD,WIN,
P4,190,2,1,SETUP_ACTIVE_POKEMON,0.0,0.0,0,0,0,CARD,10000.0,0,CARD,10000.0,0.0,False,0,CARD,WIN,
P4,190,5,1,MAIN,90.0,150.0,0,0,0,ATTACH,39000.0,0,ATTACH,39000.0,0.0,False,0,ATTACH,WIN,
P4,190,6,1,MAIN,90.0,150.0,1,0,0,PLAY,12000.0,0,PLAY,12000.0,0.0,False,0,PLAY,WIN,
P4,190,7,1,TO_HAND,90.0,150.0,1,0,0,CARD,1000.0,0,CARD,1000.0,0.0,False,0,CARD,WIN,
P4,190,8,1,MAIN,90.0,150.0,1,0,0,PLAY,12000.0,0,PLAY,12000.0,0.0,False,0,PLAY,WIN,
P4,190,9,1,TO_HAND,90.0,150.0,1,0,0,CARD,10000.0,0,CARD,10000.0,0.0,False,0,CARD,WIN,
P4,190,10,1,MAIN,90.0,150.0,1,0,0,END,0.0,0,END,0.0,0.0,False,0,END,WIN,
P4,190,14,1,MAIN,90.0,150.0,1,1,0,EVOLVE,70500.0,0,EVOLVE,70500.0,0.0,False,0,EVOLVE,WIN,
P4,190,15,1,MAIN,350.0,150.0,1,1,0,ATTACH,39700.0,0,ATTACH,39700.0,0.0,False,0,ATTACH,WIN,
P4,190,16,1,MAIN,350.0,150.0,2,1,2,ATTACK,18104.6,2,ATTACK,18104.6,0.0,False,2,ATTACK,WIN,
P4,190,17,1,TO_HAND,350.0,0.0,2,0,2,CARD,10000.0,2,CARD,10000.0,0.0,False,2,CARD,WIN,
P4,190,21,1,MAIN,340.0,90.0,2,1,0,ATTACH,40400.0,0,ATTACH,40400.0,0.0,False,0,ATTACH,WIN,
P4,190,22,1,MAIN,340.0,90.0,3,1,3,ATTACK,18104.7,3,ATTACK,18104.7,0.0,False,3,ATTACK,WIN,
P4,190,23,1,TO_HAND,340.0,0.0,3,0,1,CARD,10000.0,1,CARD,10000.0,0.0,False,1,CARD,WIN,
P4,191,0,0,IS_FIRST,0.0,0.0,0,0,1,NO,5000.0,1,NO,5000.0,0.0,False,1,NO,LOSS,
P4,191,2,0,SETUP_ACTIVE_POKEMON,0.0,0.0,0,0,0,CARD,10000.0,0,CARD,10000.0,0.0,False,0,CARD,LOSS,
P4,191,5,0,MAIN,90.0,90.0,0,1,3,ATTACH,39000.0,3,ATTACH,39000.0,0.0,False,3,ATTACH,LOSS,
P4,191,6,0,MAIN,90.0,90.0,1,1,4,ATTACK,18104.4,4,ATTACK,18104.4,0.0,False,4,ATTACK,LOSS,
P4,192,1,1,SETUP_ACTIVE_POKEMON,0.0,0.0,0,0,0,CARD,10000.0,0,CARD,10000.0,0.0,False,0,CARD,WIN,
P4,192,3,1,SETUP_BENCH_POKEMON,0.0,0.0,0,0,0,CARD,10000.0,0,CARD,10000.0,0.0,False,0,CARD,WIN,
P4,192,4,1,MAIN,90.0,150.0,0,0,0,ATTACH,39000.0,0,ATTACH,39000.0,0.0,False,0,ATTACH,WIN,
P4,192,5,1,MAIN,90.0,150.0,1,0,0,END,0.0,0,END,0.0,0.0,False,0,END,WIN,
P4,192,8,1,MAIN,90.0,150.0,1,1,8,EVOLVE,70500.0,8,EVOLVE,70500.0,0.0,False,8,EVOLVE,WIN,
P4,192,9,1,MAIN,350.0,150.0,1,1,0,ATTACH,39700.0,0,ATTACH,39700.0,0.0,False,0,ATTACH,WIN,
P4,192,10,1,MAIN,350.0,150.0,2,1,2,ATTACK,18104.6,2,ATTACK,18104.6,0.0,False,2,ATTACK,WIN,
P4,192,11,1,TO_HAND,350.0,0.0,2,0,3,CARD,10000.0,3,CARD,10000.0,0.0,False,3,CARD,WIN,
P4,193,0,0,IS_FIRST,0.0,0.0,0,0,1,NO,5000.0,1,NO,5000.0,0.0,False,1,NO,LOSS,
P4,193,2,0,SETUP_ACTIVE_POKEMON,0.0,0.0,0,0,0,CARD,10000.0,0,CARD,10000.0,0.0,False,0,CARD,LOSS,
P4,193,5,0,MAIN,150.0,90.0,0,1,2,ATTACH,39000.0,2,ATTACH,39000.0,0.0,False,2,ATTACH,LOSS,
P4,193,6,0,MAIN,150.0,90.0,1,1,3,ATTACK,18104.2,3,ATTACK,18104.2,0.0,False,3,ATTACK,LOSS,
P4,194,1,1,SETUP_ACTIVE_POKEMON,0.0,0.0,0,0,0,CARD,10000.0,0,CARD,10000.0,0.0,False,0,CARD,WIN,
P4,194,3,1,DRAW_COUNT,0.0,0.0,0,0,1,NUMBER,1.0,1,NUMBER,1.0,0.0,False,1,NUMBER,WIN,
P4,194,4,1,MAIN,90.0,150.0,0,0,0,ATTACH,39000.0,0,ATTACH,39000.0,0.0,False,0,ATTACH,WIN,
P4,194,5,1,MAIN,90.0,150.0,1,0,0,END,0.0,0,END,0.0,0.0,False,0,END,WIN,
P4,194,8,1,MAIN,90.0,150.0,1,1,6,EVOLVE,70500.0,6,EVOLVE,70500.0,0.0,False,6,EVOLVE,WIN,
P4,194,9,1,MAIN,350.0,150.0,1,1,1,ATTACH,39700.0,1,ATTACH,39700.0,0.0,False,1,ATTACH,WIN,
P4,194,10,1,MAIN,350.0,150.0,2,1,3,ATTACK,18104.6,3,ATTACK,18104.6,0.0,False,3,ATTACK,WIN,
P4,194,11,1,TO_HAND,350.0,0.0,2,0,0,CARD,5000.0,0,CARD,5000.0,0.0,False,0,CARD,WIN,
P4,195,0,0,IS_FIRST,0.0,0.0,0,0,1,NO,5000.0,1,NO,5000.0,0.0,False,1,NO,LOSS,
P4,195,2,0,SETUP_ACTIVE_POKEMON,0.0,0.0,0,0,0,CARD,10000.0,0,CARD,10000.0,0.0,False,0,CARD,LOSS,
P4,195,9,0,MAIN,90.0,90.0,0,1,0,ATTACH,39000.0,0,ATTACH,39000.0,0.0,False,0,ATTACH,LOSS,
P4,195,10,0,MAIN,90.0,90.0,1,1,2,ATTACK,18104.4,2,ATTACK,18104.4,0.0,False,2,ATTACK,LOSS,
P4,196,2,1,SETUP_ACTIVE_POKEMON,0.0,0.0,0,0,0,CARD,10000.0,0,CARD,10000.0,0.0,False,0,CARD,WIN,
P4,196,4,1,SETUP_BENCH_POKEMON,0.0,0.0,0,0,0,CARD,10000.0,0,CARD,10000.0,0.0,False,0,CARD,WIN,
P4,196,5,1,MAIN,90.0,150.0,0,0,0,ATTACH,39000.0,0,ATTACH,39000.0,0.0,False,0,ATTACH,WIN,
P4,196,6,1,MAIN,90.0,150.0,1,0,0,PLAY,12000.0,0,PLAY,12000.0,0.0,False,0,PLAY,WIN,
P4,196,7,1,MAIN,90.0,150.0,1,0,0,END,0.0,0,END,0.0,0.0,False,0,END,WIN,
P4,196,10,1,MAIN,90.0,150.0,1,1,1,ATTACH,39700.0,1,ATTACH,39700.0,0.0,False,1,ATTACH,WIN,
P4,196,11,1,MAIN,90.0,150.0,2,1,3,ATTACK,18104.5,3,ATTACK,18104.5,0.0,False,3,ATTACK,WIN,
P4,196,14,1,MAIN,90.0,120.0,2,2,2,ATTACH,40400.0,2,ATTACH,40400.0,0.0,False,2,ATTACH,WIN,
P4,196,15,1,MAIN,90.0,120.0,3,2,3,ATTACK,18104.5,3,ATTACK,18104.5,0.0,False,3,ATTACK,WIN,
P4,196,21,1,TO_ACTIVE,0.0,90.0,0,1,0,CARD,5000.0,0,CARD,5000.0,0.0,False,0,CARD,WIN,
P4,196,22,1,MAIN,90.0,90.0,0,1,2,ATTACH,39000.0,2,ATTACH,39000.0,0.0,False,2,ATTACH,WIN,
P4,196,23,1,MAIN,90.0,90.0,1,1,2,ATTACK,18104.4,2,ATTACK,18104.4,0.0,False,2,ATTACK,WIN,
P4,196,26,1,MAIN,50.0,80.0,1,2,2,ATTACH,39700.0,2,ATTACH,39700.0,0.0,False,2,ATTACH,WIN,
P4,196,27,1,MAIN,50.0,80.0,2,2,3,ATTACK,18104.5,3,ATTACK,18104.5,0.0,False,3,ATTACK,WIN,
P4,196,33,1,TO_ACTIVE,0.0,50.0,0,1,0,CARD,5000.0,0,CARD,5000.0,0.0,False,0,CARD,WIN,
P4,196,34,1,MAIN,90.0,50.0,0,1,2,ATTACH,39000.0,2,ATTACH,39000.0,0.0,False,2,ATTACH,WIN,
P4,196,35,1,MAIN,90.0,50.0,1,1,2,ATTACK,18104.4,2,ATTACK,18104.4,0.0,False,2,ATTACK,WIN,
P4,196,38,1,MAIN,50.0,40.0,1,2,2,ATTACH,39700.0,6,ATTACK,68104.4,28404.399999999994,True,6,ATTACK,WIN,True
P4,196,44,1,TO_ACTIVE,0.0,30.0,0,1,0,CARD,5000.0,0,CARD,5000.0,0.0,False,0,CARD,WIN,
P4,196,45,1,MAIN,90.0,30.0,0,1,2,ATTACH,39000.0,2,ATTACH,39000.0,0.0,False,2,ATTACH,WIN,
P4,196,46,1,MAIN,90.0,30.0,1,1,2,ATTACK,18104.4,2,ATTACK,68104.4,0.0,False,2,ATTACK,WIN,
P4,196,49,1,MAIN,50.0,20.0,1,2,4,EVOLVE,70500.0,4,EVOLVE,73500.0,0.0,False,4,EVOLVE,WIN,
P4,196,50,1,MAIN,310.0,20.0,1,2,2,ATTACH,39700.0,2,ATTACH,39700.0,0.0,False,2,ATTACH,WIN,
P4,196,51,1,MAIN,310.0,20.0,2,2,2,ATTACK,18104.6,2,ATTACK,68104.6,0.0,False,2,ATTACK,WIN,
P4,196,52,1,TO_HAND,310.0,0.0,2,0,4,CARD,10000.0,4,CARD,10000.0,0.0,False,4,CARD,WIN,
P4,197,0,0,IS_FIRST,0.0,0.0,0,0,1,NO,5000.0,1,NO,5000.0,0.0,False,1,NO,LOSS,
P4,197,2,0,SETUP_ACTIVE_POKEMON,0.0,0.0,0,0,0,CARD,10000.0,0,CARD,10000.0,0.0,False,0,CARD,LOSS,
P4,197,5,0,MAIN,90.0,90.0,0,1,0,ATTACH,39000.0,0,ATTACH,39000.0,0.0,False,0,ATTACH,LOSS,
P4,197,6,0,MAIN,90.0,90.0,1,1,3,ATTACK,18104.4,3,ATTACK,18104.4,0.0,False,3,ATTACK,LOSS,
P4,197,9,0,MAIN,60.0,80.0,1,2,1,ATTACH,39700.0,1,ATTACH,39700.0,0.0,False,1,ATTACH,LOSS,
P4,197,10,0,MAIN,60.0,80.0,2,2,4,ATTACK,18104.5,4,ATTACK,18104.5,0.0,False,4,ATTACK,LOSS,
P4,197,13,0,MAIN,30.0,50.0,2,3,1,ATTACH,40400.0,1,ATTACH,40400.0,0.0,False,1,ATTACH,LOSS,
P4,197,14,0,MAIN,30.0,50.0,3,3,4,ATTACK,18104.5,4,ATTACK,18104.5,0.0,False,4,ATTACK,LOSS,
P4,198,1,1,SETUP_ACTIVE_POKEMON,0.0,0.0,0,0,0,CARD,10000.0,0,CARD,10000.0,0.0,False,0,CARD,WIN,
P4,198,3,1,DRAW_COUNT,0.0,0.0,0,0,4,NUMBER,4.0,4,NUMBER,4.0,0.0,False,4,NUMBER,WIN,
P4,198,4,1,MAIN,90.0,90.0,0,0,0,ATTACH,39000.0,0,ATTACH,39000.0,0.0,False,0,ATTACH,WIN,
P4,198,5,1,MAIN,90.0,90.0,1,0,0,PLAY,12000.0,0,PLAY,12000.0,0.0,False,0,PLAY,WIN,
P4,198,6,1,TO_HAND,90.0,90.0,1,0,0,CARD,5000.0,0,CARD,5000.0,0.0,False,0,CARD,WIN,
P4,198,7,1,MAIN,90.0,90.0,1,0,0,PLAY,12000.0,0,PLAY,12000.0,0.0,False,0,PLAY,WIN,
P4,198,8,1,TO_HAND,90.0,90.0,1,0,0,CARD,10000.0,0,CARD,10000.0,0.0,False,0,CARD,WIN,
P4,198,9,1,MAIN,90.0,90.0,1,0,0,END,0.0,0,END,0.0,0.0,False,0,END,WIN,
P4,198,12,1,MAIN,80.0,90.0,1,1,4,EVOLVE,70500.0,4,EVOLVE,70500.0,0.0,False,4,EVOLVE,WIN,
P4,198,13,1,MAIN,340.0,90.0,1,1,2,ATTACH,39700.0,2,ATTACH,39700.0,0.0,False,2,ATTACH,WIN,
P4,198,14,1,MAIN,340.0,90.0,2,1,2,ATTACK,18104.6,2,ATTACK,18104.6,0.0,False,2,ATTACK,WIN,
P4,198,15,1,TO_HAND,340.0,0.0,2,0,0,CARD,5000.0,0,CARD,5000.0,0.0,False,0,CARD,WIN,
P4,199,0,0,IS_FIRST,0.0,0.0,0,0,1,NO,5000.0,1,NO,5000.0,0.0,False,1,NO,LOSS,
P4,199,1,0,SETUP_ACTIVE_POKEMON,0.0,0.0,0,0,0,CARD,10000.0,0,CARD,10000.0,0.0,False,0,CARD,LOSS,
P4,199,3,0,DRAW_COUNT,0.0,0.0,0,0,3,NUMBER,3.0,3,NUMBER,3.0,0.0,False,3,NUMBER,LOSS,
P4,199,4,0,SETUP_BENCH_POKEMON,0.0,0.0,0,0,0,CARD,10000.0,0,CARD,10000.0,0.0,False,0,CARD,LOSS,
P4,199,7,0,MAIN,90.0,90.0,0,1,0,ATTACH,39000.0,0,ATTACH,39000.0,0.0,False,0,ATTACH,LOSS,
P4,199,8,0,MAIN,90.0,90.0,1,1,0,ATTACK,18104.4,0,ATTACK,18104.4,0.0,False,0,ATTACK,LOSS,
P4,199,13,0,TO_ACTIVE,0.0,340.0,0,2,0,CARD,5000.0,0,CARD,5000.0,0.0,False,0,CARD,LOSS,
P4,199,14,0,MAIN,90.0,340.0,0,2,2,EVOLVE,70000.0,2,EVOLVE,73000.0,0.0,False,2,EVOLVE,LOSS,
P4,199,15,0,MAIN,350.0,340.0,0,2,0,ATTACH,39000.0,0,ATTACH,39000.0,0.0,False,0,ATTACH,LOSS,
P4,199,16,0,MAIN,350.0,340.0,1,2,0,ATTACH,39700.0,0,ATTACH,39700.0,0.0,False,0,ATTACH,LOSS,
P4,199,17,0,MAIN,350.0,340.0,1,2,0,END,0.0,0,END,0.0,0.0,False,0,END,LOSS,
P4,199,20,0,MAIN,150.0,340.0,1,3,0,ATTACH,39700.0,0,ATTACH,39700.0,0.0,False,0,ATTACH,LOSS,
P4,199,21,0,MAIN,150.0,340.0,2,3,0,ATTACK,18104.6,0,ATTACK,18104.6,0.0,False,0,ATTACK,LOSS,
P4,200,2,1,SETUP_ACTIVE_POKEMON,0.0,0.0,0,0,0,CARD,10000.0,0,CARD,10000.0,0.0,False,0,CARD,WIN,
P4,200,4,1,MAIN,90.0,90.0,0,0,0,ATTACH,39000.0,0,ATTACH,39000.0,0.0,False,0,ATTACH,WIN,
P4,200,5,1,MAIN,90.0,90.0,1,0,0,END,0.0,0,END,0.0,0.0,False,0,END,WIN,
P4,200,8,1,MAIN,80.0,90.0,1,1,0,EVOLVE,70500.0,0,EVOLVE,70500.0,0.0,False,0,EVOLVE,WIN,
P4,200,9,1,MAIN,340.0,90.0,1,1,1,ATTACH,39700.0,1,ATTACH,39700.0,0.0,False,1,ATTACH,WIN,
P4,200,10,1,MAIN,340.0,90.0,2,1,3,ATTACK,18104.6,3,ATTACK,18104.6,0.0,False,3,ATTACK,WIN,
P4,200,11,1,TO_HAND,340.0,0.0,2,0,1,CARD,10000.0,1,CARD,10000.0,0.0,False,1,CARD,WIN,
