game_id,step,turn,player_idx,energy_tier,my_active_id,my_active_name,my_active_hp,my_active_energy,active_attack_ready,active_max_attack_cost,my_bench_count,my_bench_energy_total,my_bench_hp_total,opp_active_id,opp_active_name,opp_active_hp,opp_active_energy,opp_bench_count,v4_target_type,v4_choice_score,legal_alternative_targets,has_legal_bench_target,is_active_oversaturated,game_outcome
1,5,1,1,ACTIVE_LT3,722,Snover,90.0,0,False,2,1,0,90.0,722,Snover,90.0,0,1,ACTIVE,39000.0,BENCH_POKEMON,True,False,WIN
1,6,1,1,ACTIVE_LT3,722,Snover,90.0,1,False,2,1,0,90.0,722,Snover,90.0,0,1,ACTIVE,39700.0,BENCH_POKEMON,True,False,WIN
1,10,2,0,ACTIVE_LT3,722,Snover,90.0,0,False,2,1,0,150.0,722,Snover,90.0,1,1,ACTIVE,39000.0,BENCH_POKEMON,True,False,LOSS
1,13,3,1,ACTIVE_LT3,723,Mega Abomasnow ex,340.0,1,False,4,1,0,90.0,722,Snover,90.0,1,1,ACTIVE,39700.0,BENCH_POKEMON,True,False,WIN
1,17,4,0,ACTIVE_LT3,721,Kyogre,150.0,0,False,3,0,0,0.0,723,Mega Abomasnow ex,340.0,2,1,ACTIVE,39000.0,NONE,False,False,LOSS
1,19,5,1,ACTIVE_LT3,723,Mega Abomasnow ex,320.0,2,False,4,1,0,90.0,721,Kyogre,150.0,1,0,ACTIVE,40400.0,BENCH_POKEMON,True,False,WIN
2,4,1,1,ACTIVE_LT3,721,Kyogre,150.0,0,False,3,1,0,90.0,722,Snover,90.0,0,0,ACTIVE,39000.0,BENCH_POKEMON,True,False,WIN
2,11,2,0,ACTIVE_LT3,722,Snover,90.0,0,False,2,0,0,0.0,721,Kyogre,150.0,1,2,ACTIVE,39000.0,NONE,False,False,LOSS
2,15,3,1,ACTIVE_LT3,721,Kyogre,140.0,1,False,3,2,0,700.0,722,Snover,90.0,1,0,ACTIVE,39700.0,BENCH_POKEMON,True,False,WIN
2,18,4,0,ACTIVE_LT3,723,Mega Abomasnow ex,350.0,1,False,4,0,0,0.0,721,Kyogre,140.0,2,2,ACTIVE,39700.0,NONE,False,False,LOSS
2,22,5,1,ACTIVE_LT3,723,Mega Abomasnow ex,350.0,0,False,4,1,0,350.0,723,Mega Abomasnow ex,350.0,2,0,ACTIVE,39000.0,BENCH_POKEMON,True,False,WIN
2,28,6,0,ACTIVE_LT3,723,Mega Abomasnow ex,350.0,2,False,4,0,0,0.0,723,Mega Abomasnow ex,350.0,1,1,ACTIVE,40400.0,NONE,False,False,LOSS
2,30,7,1,ACTIVE_LT3,723,Mega Abomasnow ex,150.0,1,False,4,1,0,350.0,723,Mega Abomasnow ex,350.0,3,0,ACTIVE,39700.0,BENCH_POKEMON,True,False,WIN
2,32,8,0,ACTIVE_EQ3,723,Mega Abomasnow ex,80.0,3,False,4,0,0,0.0,723,Mega Abomasnow ex,150.0,2,1,ACTIVE,41100.0,NONE,False,False,LOSS
2,36,9,1,ACTIVE_LT3,723,Mega Abomasnow ex,350.0,0,False,4,0,0,0.0,723,Mega Abomasnow ex,80.0,4,0,ACTIVE,39000.0,NONE,False,False,WIN
2,38,10,0,ACTIVE_GE4,723,Mega Abomasnow ex,80.0,4,True,4,0,0,0.0,723,Mega Abomasnow ex,350.0,1,0,ACTIVE,41800.0,NONE,False,False,LOSS
3,6,1,1,ACTIVE_LT3,721,Kyogre,150.0,0,False,3,1,0,90.0,722,Snover,90.0,0,1,ACTIVE,39000.0,BENCH_POKEMON,True,False,LOSS
3,8,2,0,ACTIVE_LT3,722,Snover,90.0,0,False,2,1,0,150.0,721,Kyogre,150.0,1,1,ACTIVE,39000.0,BENCH_POKEMON,True,False,WIN
3,10,3,1,ACTIVE_LT3,721,Kyogre,140.0,1,False,3,1,0,90.0,722,Snover,90.0,1,1,ACTIVE,39700.0,BENCH_POKEMON,True,False,LOSS
3,13,4,0,ACTIVE_LT3,723,Mega Abomasnow ex,350.0,1,False,4,1,0,150.0,721,Kyogre,140.0,2,1,ACTIVE,39700.0,BENCH_POKEMON,True,False,WIN
3,17,5,1,ACTIVE_LT3,722,Snover,90.0,0,False,2,0,0,0.0,723,Mega Abomasnow ex,350.0,2,1,ACTIVE,39000.0,NONE,False,False,LOSS
3,18,5,1,ACTIVE_LT3,722,Snover,90.0,1,False,2,0,0,0.0,723,Mega Abomasnow ex,350.0,2,1,ACTIVE,39700.0,NONE,False,False,LOSS
3,20,6,0,ACTIVE_LT3,723,Mega Abomasnow ex,290.0,2,False,4,1,0,150.0,722,Snover,90.0,1,0,ACTIVE,40400.0,BENCH_POKEMON,True,False,WIN
4,5,1,1,ACTIVE_LT3,722,Snover,90.0,0,False,2,1,0,90.0,721,Kyogre,150.0,0,0,ACTIVE,39000.0,BENCH_POKEMON,True,False,WIN
4,7,2,0,ACTIVE_LT3,721,Kyogre,150.0,0,False,3,0,0,0.0,722,Snover,90.0,1,1,ACTIVE,39000.0,NONE,False,False,LOSS
4,9,3,1,ACTIVE_LT3,722,Snover,90.0,1,False,2,1,0,90.0,721,Kyogre,150.0,1,0,ACTIVE,39700.0,BENCH_POKEMON,True,False,WIN
4,11,4,0,ACTIVE_LT3,721,Kyogre,120.0,1,False,3,0,0,0.0,722,Snover,90.0,2,1,ACTIVE,39700.0,NONE,False,False,LOSS
4,14,5,1,ACTIVE_LT3,723,Mega Abomasnow ex,350.0,2,False,4,1,0,90.0,721,Kyogre,120.0,2,0,ACTIVE,40400.0,BENCH_POKEMON,True,False,WIN
5,4,1,1,ACTIVE_LT3,722,Snover,90.0,0,False,2,0,0,0.0,722,Snover,90.0,0,0,ACTIVE,39000.0,NONE,False,False,WIN
5,8,2,0,ACTIVE_LT3,722,Snover,90.0,0,False,2,0,0,0.0,722,Snover,90.0,1,0,ACTIVE,39000.0,NONE,False,False,LOSS
5,11,3,1,ACTIVE_LT3,723,Mega Abomasnow ex,340.0,1,False,4,0,0,0.0,722,Snover,90.0,1,0,ACTIVE,39700.0,NONE,False,False,WIN
6,4,1,1,ACTIVE_LT3,722,Snover,90.0,0,False,2,1,0,90.0,722,Snover,90.0,0,0,ACTIVE,39000.0,BENCH_POKEMON,True,False,WIN
6,5,1,1,ACTIVE_LT3,722,Snover,90.0,1,False,2,1,0,90.0,722,Snover,90.0,0,0,ACTIVE,39700.0,BENCH_POKEMON,True,False,WIN
6,7,2,0,ACTIVE_LT3,722,Snover,90.0,0,False,2,0,0,0.0,722,Snover,90.0,1,1,ACTIVE,39000.0,NONE,False,False,LOSS
6,10,3,1,ACTIVE_LT3,723,Mega Abomasnow ex,340.0,1,False,4,1,0,90.0,722,Snover,90.0,1,0,ACTIVE,39700.0,BENCH_POKEMON,True,False,WIN
7,6,1,1,ACTIVE_LT3,721,Kyogre,150.0,0,False,3,1,0,90.0,722,Snover,90.0,0,2,ACTIVE,39000.0,BENCH_POKEMON,True,False,WIN
7,8,2,0,ACTIVE_LT3,722,Snover,90.0,0,False,2,2,0,240.0,721,Kyogre,150.0,1,1,ACTIVE,39000.0,BENCH_POKEMON,True,False,LOSS
7,11,3,1,ACTIVE_LT3,721,Kyogre,140.0,1,False,3,1,0,350.0,722,Snover,90.0,1,2,ACTIVE,39700.0,BENCH_POKEMON,True,False,WIN
7,13,4,0,ACTIVE_LT3,722,Snover,90.0,1,False,2,2,0,240.0,721,Kyogre,140.0,2,1,ACTIVE,39700.0,BENCH_POKEMON,True,False,LOSS
7,15,5,1,ACTIVE_LT3,721,Kyogre,110.0,2,False,3,1,0,350.0,722,Snover,90.0,2,2,ACTIVE,40400.0,BENCH_POKEMON,True,False,WIN
7,21,6,0,ACTIVE_LT3,721,Kyogre,150.0,0,False,3,1,0,90.0,721,Kyogre,110.0,1,1,ACTIVE,39000.0,BENCH_POKEMON,True,False,LOSS
7,23,7,1,ACTIVE_LT3,721,Kyogre,70.0,1,False,3,1,0,350.0,721,Kyogre,150.0,1,1,ACTIVE,39700.0,BENCH_POKEMON,True,False,WIN
7,25,8,0,ACTIVE_LT3,721,Kyogre,110.0,1,False,3,1,0,90.0,721,Kyogre,70.0,2,1,ACTIVE,39700.0,BENCH_POKEMON,True,False,LOSS
7,27,9,1,ACTIVE_LT3,721,Kyogre,70.0,2,False,3,1,0,350.0,721,Kyogre,110.0,2,1,ACTIVE,40400.0,BENCH_POKEMON,True,False,WIN
7,34,10,0,ACTIVE_LT3,723,Mega Abomasnow ex,350.0,0,False,4,0,0,0.0,721,Kyogre,70.0,1,1,ACTIVE,39000.0,NONE,False,False,LOSS
7,43,11,1,ACTIVE_LT3,723,Mega Abomasnow ex,350.0,0,False,4,0,0,0.0,723,Mega Abomasnow ex,350.0,2,0,ACTIVE,39000.0,NONE,False,False,WIN
7,48,12,0,ACTIVE_LT3,723,Mega Abomasnow ex,50.0,2,False,4,0,0,0.0,723,Mega Abomasnow ex,350.0,2,0,ACTIVE,40400.0,NONE,False,False,LOSS
7,50,13,1,ACTIVE_LT3,723,Mega Abomasnow ex,150.0,2,False,4,0,0,0.0,723,Mega Abomasnow ex,50.0,3,0,ACTIVE,40400.0,NONE,False,False,WIN
8,5,1,1,ACTIVE_LT3,722,Snover,90.0,0,False,2,1,0,150.0,722,Snover,90.0,0,0,ACTIVE,39000.0,BENCH_POKEMON,True,False,WIN
8,7,2,0,ACTIVE_LT3,722,Snover,90.0,0,False,2,0,0,0.0,722,Snover,90.0,1,1,ACTIVE,39000.0,NONE,False,False,LOSS
8,10,3,1,ACTIVE_LT3,723,Mega Abomasnow ex,340.0,1,False,4,1,0,150.0,722,Snover,90.0,1,0,ACTIVE,39700.0,BENCH_POKEMON,True,False,WIN
9,6,1,1,ACTIVE_LT3,721,Kyogre,150.0,0,False,3,1,0,90.0,722,Snover,90.0,0,1,ACTIVE,39000.0,BENCH_POKEMON,True,False,WIN
9,8,2,0,ACTIVE_LT3,722,Snover,90.0,0,False,2,1,0,150.0,721,Kyogre,150.0,1,1,ACTIVE,39000.0,BENCH_POKEMON,True,False,LOSS
9,10,3,1,ACTIVE_LT3,721,Kyogre,140.0,1,False,3,1,0,90.0,722,Snover,90.0,1,1,ACTIVE,39700.0,BENCH_POKEMON,True,False,WIN
9,12,4,0,ACTIVE_LT3,722,Snover,90.0,1,False,2,1,0,150.0,721,Kyogre,140.0,2,1,ACTIVE,39700.0,BENCH_POKEMON,True,False,LOSS
9,13,4,0,ACTIVE_LT3,722,Snover,90.0,2,True,2,1,0,150.0,721,Kyogre,140.0,2,1,ACTIVE,40400.0,BENCH_POKEMON,True,True,LOSS
9,15,5,1,ACTIVE_LT3,721,Kyogre,110.0,2,False,3,1,0,90.0,722,Snover,90.0,2,1,ACTIVE,40400.0,BENCH_POKEMON,True,False,WIN
9,21,6,0,ACTIVE_LT3,721,Kyogre,150.0,0,False,3,0,0,0.0,721,Kyogre,110.0,1,1,ACTIVE,39000.0,NONE,False,False,LOSS
9,23,7,1,ACTIVE_LT3,721,Kyogre,70.0,1,False,3,1,0,90.0,721,Kyogre,150.0,1,0,ACTIVE,39700.0,BENCH_POKEMON,True,False,WIN
9,25,8,0,ACTIVE_LT3,721,Kyogre,110.0,1,False,3,0,0,0.0,721,Kyogre,70.0,2,1,ACTIVE,39700.0,NONE,False,False,LOSS
9,27,9,1,ACTIVE_LT3,721,Kyogre,70.0,2,False,3,1,0,90.0,721,Kyogre,110.0,2,0,ACTIVE,40400.0,BENCH_POKEMON,True,False,WIN
10,4,1,1,ACTIVE_LT3,721,Kyogre,150.0,0,False,3,0,0,0.0,722,Snover,90.0,0,0,ACTIVE,39000.0,NONE,False,False,LOSS
10,6,2,0,ACTIVE_LT3,722,Snover,90.0,0,False,2,0,0,0.0,721,Kyogre,150.0,1,0,ACTIVE,39000.0,NONE,False,False,WIN
10,8,3,1,ACTIVE_LT3,721,Kyogre,140.0,1,False,3,0,0,0.0,722,Snover,90.0,1,0,ACTIVE,39700.0,NONE,False,False,LOSS
10,11,4,0,ACTIVE_LT3,723,Mega Abomasnow ex,350.0,1,False,4,0,0,0.0,721,Kyogre,140.0,2,0,ACTIVE,39700.0,NONE,False,False,WIN
11,4,1,1,ACTIVE_LT3,721,Kyogre,150.0,0,False,3,0,0,0.0,722,Snover,90.0,0,0,ACTIVE,39000.0,NONE,False,False,LOSS
11,5,1,1,ACTIVE_LT3,721,Kyogre,150.0,0,False,3,0,0,0.0,722,Snover,90.0,0,0,ACTIVE,39000.0,NONE,False,False,LOSS
11,7,2,0,ACTIVE_LT3,722,Snover,90.0,0,False,2,0,0,0.0,721,Kyogre,150.0,1,0,ACTIVE,39000.0,NONE,False,False,WIN
11,9,3,1,ACTIVE_LT3,721,Kyogre,140.0,1,False,3,0,0,0.0,722,Snover,90.0,1,0,ACTIVE,39700.0,NONE,False,False,LOSS
11,12,4,0,ACTIVE_LT3,723,Mega Abomasnow ex,350.0,1,False,4,0,0,0.0,721,Kyogre,140.0,2,0,ACTIVE,39700.0,NONE,False,False,WIN
12,6,1,1,ACTIVE_LT3,722,Snover,90.0,0,False,2,1,0,90.0,721,Kyogre,150.0,0,1,ACTIVE,39000.0,BENCH_POKEMON,True,False,WIN
12,8,2,0,ACTIVE_LT3,721,Kyogre,150.0,0,False,3,1,0,90.0,722,Snover,90.0,1,1,ACTIVE,39000.0,BENCH_POKEMON,True,False,LOSS
12,11,3,1,ACTIVE_LT3,723,Mega Abomasnow ex,350.0,1,False,4,1,0,90.0,721,Kyogre,150.0,1,1,ACTIVE,39700.0,BENCH_POKEMON,True,False,WIN
12,16,4,0,ACTIVE_LT3,723,Mega Abomasnow ex,350.0,0,False,4,0,0,0.0,723,Mega Abomasnow ex,350.0,2,1,ACTIVE,39000.0,NONE,False,False,LOSS
12,21,5,1,ACTIVE_LT3,723,Mega Abomasnow ex,350.0,2,False,4,1,0,90.0,723,Mega Abomasnow ex,350.0,1,0,ACTIVE,40400.0,BENCH_POKEMON,True,False,WIN
12,23,6,0,ACTIVE_LT3,723,Mega Abomasnow ex,150.0,1,False,4,0,0,0.0,723,Mega Abomasnow ex,350.0,3,1,ACTIVE,39700.0,NONE,False,False,LOSS
12,25,7,1,ACTIVE_EQ3,723,Mega Abomasnow ex,180.0,3,False,4,1,0,90.0,723,Mega Abomasnow ex,150.0,2,0,ACTIVE,41100.0,BENCH_POKEMON,True,False,WIN
13,3,1,1,ACTIVE_LT3,722,Snover,90.0,0,False,2,0,0,0.0,722,Snover,90.0,0,0,ACTIVE,39000.0,NONE,False,False,WIN
13,9,2,0,ACTIVE_LT3,722,Snover,90.0,0,False,2,0,0,0.0,722,Snover,90.0,1,0,ACTIVE,39000.0,NONE,False,False,LOSS
13,12,3,1,ACTIVE_LT3,723,Mega Abomasnow ex,340.0,1,False,4,0,0,0.0,722,Snover,90.0,1,0,ACTIVE,39700.0,NONE,False,False,WIN
14,4,1,1,ACTIVE_LT3,721,Kyogre,150.0,0,False,3,0,0,0.0,721,Kyogre,150.0,0,0,ACTIVE,39000.0,NONE,False,False,WIN
14,5,1,1,ACTIVE_LT3,721,Kyogre,150.0,1,False,3,0,0,0.0,721,Kyogre,150.0,0,0,ACTIVE,39700.0,NONE,False,False,WIN
14,7,2,0,ACTIVE_LT3,721,Kyogre,150.0,0,False,3,0,0,0.0,721,Kyogre,150.0,1,0,ACTIVE,39000.0,NONE,False,False,LOSS
14,9,3,1,ACTIVE_LT3,721,Kyogre,150.0,1,False,3,0,0,0.0,721,Kyogre,150.0,1,0,ACTIVE,39700.0,NONE,False,False,WIN
14,11,4,0,ACTIVE_LT3,721,Kyogre,150.0,1,False,3,0,0,0.0,721,Kyogre,150.0,2,0,ACTIVE,39700.0,NONE,False,False,LOSS
14,13,5,1,ACTIVE_LT3,721,Kyogre,150.0,2,False,3,0,0,0.0,721,Kyogre,150.0,2,0,ACTIVE,40400.0,NONE,False,False,WIN
14,17,6,0,ACTIVE_LT3,721,Kyogre,20.0,2,False,3,0,0,0.0,721,Kyogre,150.0,1,0,ACTIVE,40400.0,NONE,False,False,LOSS
14,21,7,1,ACTIVE_LT3,721,Kyogre,20.0,1,False,3,0,0,0.0,721,Kyogre,20.0,1,0,ACTIVE,39700.0,NONE,False,False,WIN
15,5,1,1,ACTIVE_LT3,721,Kyogre,150.0,0,False,3,1,0,150.0,721,Kyogre,150.0,0,0,ACTIVE,39000.0,BENCH_POKEMON,True,False,WIN
15,9,2,0,ACTIVE_LT3,721,Kyogre,150.0,0,False,3,0,0,0.0,721,Kyogre,150.0,1,1,ACTIVE,39000.0,NONE,False,False,LOSS
15,11,3,1,ACTIVE_LT3,721,Kyogre,150.0,1,False,3,1,0,150.0,721,Kyogre,150.0,1,0,ACTIVE,39700.0,BENCH_POKEMON,True,False,WIN
15,13,4,0,ACTIVE_LT3,721,Kyogre,150.0,1,False,3,0,0,0.0,721,Kyogre,150.0,2,1,ACTIVE,39700.0,NONE,False,False,LOSS
15,15,5,1,ACTIVE_LT3,721,Kyogre,150.0,2,False,3,1,0,150.0,721,Kyogre,150.0,2,0,ACTIVE,40400.0,BENCH_POKEMON,True,False,WIN
15,19,6,0,ACTIVE_LT3,721,Kyogre,20.0,2,False,3,0,0,0.0,721,Kyogre,150.0,1,1,ACTIVE,40400.0,NONE,False,False,LOSS
15,23,7,1,ACTIVE_LT3,721,Kyogre,20.0,1,False,3,1,0,150.0,721,Kyogre,20.0,1,0,ACTIVE,39700.0,BENCH_POKEMON,True,False,WIN
16,4,1,1,ACTIVE_LT3,722,Snover,90.0,0,False,2,0,0,0.0,721,Kyogre,150.0,0,0,ACTIVE,39000.0,NONE,False,False,WIN
16,8,2,0,ACTIVE_LT3,721,Kyogre,150.0,0,False,3,0,0,0.0,722,Snover,90.0,1,0,ACTIVE,39000.0,NONE,False,False,LOSS
16,11,3,1,ACTIVE_LT3,723,Mega Abomasnow ex,350.0,1,False,4,0,0,0.0,721,Kyogre,150.0,1,0,ACTIVE,39700.0,NONE,False,False,WIN
17,3,1,1,ACTIVE_LT3,722,Snover,90.0,0,False,2,0,0,0.0,722,Snover,90.0,0,0,ACTIVE,39000.0,NONE,False,False,WIN
17,7,2,0,ACTIVE_LT3,722,Snover,90.0,0,False,2,0,0,0.0,722,Snover,90.0,1,0,ACTIVE,39000.0,NONE,False,False,LOSS
17,8,2,0,ACTIVE_LT3,722,Snover,90.0,1,False,2,0,0,0.0,722,Snover,90.0,1,0,ACTIVE,39700.0,NONE,False,False,LOSS
17,11,3,1,ACTIVE_LT3,723,Mega Abomasnow ex,340.0,1,False,4,0,0,0.0,722,Snover,90.0,1,0,ACTIVE,39700.0,NONE,False,False,WIN
18,4,1,1,ACTIVE_LT3,721,Kyogre,150.0,0,False,3,0,0,0.0,721,Kyogre,150.0,0,0,ACTIVE,39000.0,NONE,False,False,WIN
18,6,2,0,ACTIVE_LT3,721,Kyogre,150.0,0,False,3,0,0,0.0,721,Kyogre,150.0,1,0,ACTIVE,39000.0,NONE,False,False,LOSS
18,8,3,1,ACTIVE_LT3,721,Kyogre,150.0,1,False,3,0,0,0.0,721,Kyogre,150.0,1,0,ACTIVE,39700.0,NONE,False,False,WIN
18,10,4,0,ACTIVE_LT3,721,Kyogre,150.0,1,False,3,0,0,0.0,721,Kyogre,150.0,2,0,ACTIVE,39700.0,NONE,False,False,LOSS
18,12,5,1,ACTIVE_LT3,721,Kyogre,150.0,2,False,3,0,0,0.0,721,Kyogre,150.0,2,0,ACTIVE,40400.0,NONE,False,False,WIN
18,16,6,0,ACTIVE_LT3,721,Kyogre,20.0,2,False,3,0,0,0.0,721,Kyogre,150.0,1,0,ACTIVE,40400.0,NONE,False,False,LOSS
18,20,7,1,ACTIVE_LT3,721,Kyogre,20.0,1,False,3,0,0,0.0,721,Kyogre,20.0,1,0,ACTIVE,39700.0,NONE,False,False,WIN
19,6,1,1,ACTIVE_LT3,722,Snover,90.0,0,False,2,1,0,90.0,722,Snover,90.0,0,1,ACTIVE,39000.0,BENCH_POKEMON,True,False,WIN
19,8,2,0,ACTIVE_LT3,722,Snover,90.0,0,False,2,1,0,150.0,722,Snover,90.0,1,1,ACTIVE,39000.0,BENCH_POKEMON,True,False,LOSS
19,11,3,1,ACTIVE_LT3,723,Mega Abomasnow ex,340.0,1,False,4,1,0,90.0,722,Snover,90.0,1,1,ACTIVE,39700.0,BENCH_POKEMON,True,False,WIN
19,15,4,0,ACTIVE_LT3,721,Kyogre,150.0,0,False,3,0,0,0.0,723,Mega Abomasnow ex,340.0,2,1,ACTIVE,39000.0,NONE,False,False,LOSS
19,17,5,1,ACTIVE_LT3,723,Mega Abomasnow ex,320.0,2,False,4,1,0,90.0,721,Kyogre,150.0,1,0,ACTIVE,40400.0,BENCH_POKEMON,True,False,WIN
20,6,1,1,ACTIVE_LT3,721,Kyogre,150.0,0,False,3,1,0,90.0,721,Kyogre,150.0,0,2,ACTIVE,39000.0,BENCH_POKEMON,True,False,LOSS
20,8,2,0,ACTIVE_LT3,721,Kyogre,150.0,0,False,3,2,0,180.0,721,Kyogre,150.0,1,1,ACTIVE,39000.0,BENCH_POKEMON,True,False,WIN
20,9,2,0,ACTIVE_LT3,721,Kyogre,150.0,0,False,3,2,0,180.0,721,Kyogre,150.0,1,1,ACTIVE,39000.0,BENCH_POKEMON,True,False,WIN
20,11,3,1,ACTIVE_LT3,721,Kyogre,150.0,1,False,3,1,0,90.0,721,Kyogre,150.0,1,2,ACTIVE,39700.0,BENCH_POKEMON,True,False,LOSS
20,13,4,0,ACTIVE_LT3,721,Kyogre,150.0,1,False,3,2,0,180.0,721,Kyogre,150.0,2,1,ACTIVE,39700.0,BENCH_POKEMON,True,False,WIN
20,16,5,1,ACTIVE_LT3,721,Kyogre,150.0,2,False,3,1,0,350.0,721,Kyogre,150.0,2,2,ACTIVE,40400.0,BENCH_POKEMON,True,False,LOSS
20,20,6,0,ACTIVE_LT3,721,Kyogre,20.0,2,False,3,2,0,180.0,721,Kyogre,150.0,1,1,ACTIVE,40400.0,BENCH_POKEMON,True,False,WIN
20,35,8,0,ACTIVE_LT3,723,Mega Abomasnow ex,310.0,0,False,4,3,0,520.0,721,Kyogre,150.0,1,1,ACTIVE,39000.0,BENCH_POKEMON,True,False,WIN
20,40,9,1,ACTIVE_LT3,721,Kyogre,150.0,1,False,3,1,0,350.0,723,Mega Abomasnow ex,310.0,1,3,ACTIVE,39700.0,BENCH_POKEMON,True,False,LOSS
20,42,10,0,ACTIVE_LT3,723,Mega Abomasnow ex,310.0,1,False,4,3,1,520.0,721,Kyogre,150.0,2,1,ACTIVE,39700.0,BENCH_POKEMON,True,False,WIN
20,46,11,1,ACTIVE_LT3,723,Mega Abomasnow ex,350.0,0,False,4,0,0,0.0,723,Mega Abomasnow ex,310.0,2,3,ACTIVE,39000.0,NONE,False,False,LOSS
20,48,11,1,ACTIVE_LT3,723,Mega Abomasnow ex,350.0,1,False,4,0,0,0.0,723,Mega Abomasnow ex,310.0,2,3,ACTIVE,39700.0,NONE,False,False,LOSS
20,50,12,0,ACTIVE_LT3,723,Mega Abomasnow ex,310.0,2,False,4,3,1,520.0,723,Mega Abomasnow ex,350.0,1,0,ACTIVE,40400.0,BENCH_POKEMON,True,False,WIN
20,52,13,1,ACTIVE_LT3,723,Mega Abomasnow ex,150.0,1,False,4,0,0,0.0,723,Mega Abomasnow ex,310.0,3,3,ACTIVE,39700.0,NONE,False,False,LOSS
20,56,14,0,ACTIVE_LT3,721,Kyogre,20.0,0,False,3,2,1,500.0,723,Mega Abomasnow ex,150.0,2,0,ACTIVE,39000.0,BENCH_POKEMON,True,False,WIN
21,4,1,1,ACTIVE_LT3,722,Snover,90.0,0,False,2,0,0,0.0,722,Snover,90.0,0,0,ACTIVE,39000.0,NONE,False,False,WIN
21,11,2,0,ACTIVE_LT3,722,Snover,90.0,0,False,2,0,0,0.0,722,Snover,90.0,1,1,ACTIVE,39000.0,NONE,False,False,LOSS
21,15,3,1,ACTIVE_LT3,723,Mega Abomasnow ex,340.0,1,False,4,1,0,350.0,722,Snover,90.0,1,0,ACTIVE,39700.0,BENCH_POKEMON,True,False,WIN
22,3,1,1,ACTIVE_LT3,722,Snover,90.0,0,False,2,0,0,0.0,722,Snover,90.0,0,0,ACTIVE,39000.0,NONE,False,False,WIN
22,5,2,0,ACTIVE_LT3,722,Snover,90.0,0,False,2,0,0,0.0,722,Snover,90.0,1,0,ACTIVE,39000.0,NONE,False,False,LOSS
22,7,3,1,ACTIVE_LT3,722,Snover,80.0,1,False,2,0,0,0.0,722,Snover,90.0,1,0,ACTIVE,39700.0,NONE,False,False,WIN
22,9,4,0,ACTIVE_LT3,722,Snover,60.0,1,False,2,0,0,0.0,722,Snover,80.0,2,0,ACTIVE,39700.0,NONE,False,False,LOSS
22,11,5,1,ACTIVE_LT3,722,Snover,50.0,2,True,2,0,0,0.0,722,Snover,60.0,2,0,ACTIVE,40400.0,NONE,False,False,WIN
22,13,6,0,ACTIVE_LT3,722,Snover,30.0,2,True,2,0,0,0.0,722,Snover,50.0,3,0,ACTIVE,40400.0,NONE,False,False,LOSS
22,15,7,1,ACTIVE_EQ3,722,Snover,20.0,3,True,2,0,0,0.0,722,Snover,30.0,3,0,ACTIVE,41100.0,NONE,False,False,WIN
23,4,1,1,ACTIVE_LT3,721,Kyogre,150.0,0,False,3,0,0,0.0,722,Snover,90.0,0,0,ACTIVE,39000.0,NONE,False,False,LOSS
23,6,2,0,ACTIVE_LT3,722,Snover,90.0,0,False,2,0,0,0.0,721,Kyogre,150.0,1,0,ACTIVE,39000.0,NONE,False,False,WIN
23,8,3,1,ACTIVE_LT3,721,Kyogre,140.0,1,False,3,0,0,0.0,722,Snover,90.0,1,0,ACTIVE,39700.0,NONE,False,False,LOSS
23,11,4,0,ACTIVE_LT3,723,Mega Abomasnow ex,350.0,1,False,4,0,0,0.0,721,Kyogre,140.0,2,0,ACTIVE,39700.0,NONE,False,False,WIN
24,3,1,1,ACTIVE_LT3,722,Snover,90.0,0,False,2,0,0,0.0,722,Snover,90.0,0,0,ACTIVE,39000.0,NONE,False,False,WIN
24,7,2,0,ACTIVE_LT3,722,Snover,90.0,0,False,2,0,0,0.0,722,Snover,90.0,1,0,ACTIVE,39000.0,NONE,False,False,LOSS
24,10,3,1,ACTIVE_LT3,723,Mega Abomasnow ex,340.0,1,False,4,0,0,0.0,722,Snover,90.0,1,0,ACTIVE,39700.0,NONE,False,False,WIN
25,4,1,1,ACTIVE_LT3,722,Snover,90.0,0,False,2,0,0,0.0,722,Snover,90.0,0,0,ACTIVE,39000.0,NONE,False,False,WIN
25,8,2,0,ACTIVE_LT3,722,Snover,90.0,0,False,2,0,0,0.0,722,Snover,90.0,1,0,ACTIVE,39000.0,NONE,False,False,LOSS
25,11,3,1,ACTIVE_LT3,723,Mega Abomasnow ex,340.0,1,False,4,0,0,0.0,722,Snover,90.0,1,0,ACTIVE,39700.0,NONE,False,False,WIN
26,4,1,1,ACTIVE_LT3,722,Snover,90.0,0,False,2,0,0,0.0,721,Kyogre,150.0,0,0,ACTIVE,39000.0,NONE,False,False,LOSS
26,5,1,1,ACTIVE_LT3,722,Snover,90.0,1,False,2,0,0,0.0,721,Kyogre,150.0,0,0,ACTIVE,39700.0,NONE,False,False,LOSS
26,7,2,0,ACTIVE_LT3,721,Kyogre,150.0,0,False,3,0,0,0.0,722,Snover,90.0,1,0,ACTIVE,39000.0,NONE,False,False,WIN
26,9,3,1,ACTIVE_LT3,722,Snover,90.0,1,False,2,0,0,0.0,721,Kyogre,150.0,1,0,ACTIVE,39700.0,NONE,False,False,LOSS
26,11,4,0,ACTIVE_LT3,721,Kyogre,120.0,1,False,3,0,0,0.0,722,Snover,90.0,2,0,ACTIVE,39700.0,NONE,False,False,WIN
26,13,5,1,ACTIVE_LT3,722,Snover,90.0,2,True,2,0,0,0.0,721,Kyogre,120.0,2,0,ACTIVE,40400.0,NONE,False,False,LOSS
26,15,6,0,ACTIVE_LT3,721,Kyogre,90.0,2,False,3,0,0,0.0,722,Snover,90.0,3,0,ACTIVE,40400.0,NONE,False,False,WIN
27,5,1,1,ACTIVE_LT3,722,Snover,90.0,0,False,2,0,0,0.0,721,Kyogre,150.0,0,1,ACTIVE,39000.0,NONE,False,False,LOSS
27,9,2,0,ACTIVE_LT3,721,Kyogre,150.0,0,False,3,1,0,90.0,722,Snover,90.0,1,0,ACTIVE,39000.0,BENCH_POKEMON,True,False,WIN
27,12,3,1,ACTIVE_LT3,723,Mega Abomasnow ex,350.0,1,False,4,0,0,0.0,721,Kyogre,150.0,1,1,ACTIVE,39700.0,NONE,False,False,LOSS
27,17,4,0,ACTIVE_LT3,723,Mega Abomasnow ex,350.0,0,False,4,0,0,0.0,723,Mega Abomasnow ex,350.0,2,0,ACTIVE,39000.0,NONE,False,False,WIN
27,20,5,1,ACTIVE_LT3,723,Mega Abomasnow ex,350.0,2,False,4,0,0,0.0,723,Mega Abomasnow ex,350.0,1,1,ACTIVE,40400.0,NONE,False,False,LOSS
27,22,6,0,ACTIVE_LT3,723,Mega Abomasnow ex,150.0,1,False,4,1,0,90.0,723,Mega Abomasnow ex,350.0,3,0,ACTIVE,39700.0,BENCH_POKEMON,True,False,WIN
28,4,1,1,ACTIVE_LT3,722,Snover,90.0,0,False,2,0,0,0.0,722,Snover,90.0,0,0,ACTIVE,39000.0,NONE,False,False,WIN
28,8,2,0,ACTIVE_LT3,722,Snover,90.0,0,False,2,0,0,0.0,722,Snover,90.0,1,0,ACTIVE,39000.0,NONE,False,False,LOSS
28,11,3,1,ACTIVE_LT3,723,Mega Abomasnow ex,340.0,1,False,4,0,0,0.0,722,Snover,90.0,1,0,ACTIVE,39700.0,NONE,False,False,WIN
29,5,1,1,ACTIVE_LT3,721,Kyogre,150.0,0,False,3,1,0,90.0,721,Kyogre,150.0,0,0,ACTIVE,39000.0,BENCH_POKEMON,True,False,WIN
29,7,2,0,ACTIVE_LT3,721,Kyogre,150.0,0,False,3,0,0,0.0,721,Kyogre,150.0,1,1,ACTIVE,39000.0,NONE,False,False,LOSS
29,10,3,1,ACTIVE_LT3,721,Kyogre,150.0,1,False,3,1,0,350.0,721,Kyogre,150.0,1,0,ACTIVE,39700.0,BENCH_POKEMON,True,False,WIN
29,12,4,0,ACTIVE_LT3,721,Kyogre,150.0,1,False,3,0,0,0.0,721,Kyogre,150.0,2,1,ACTIVE,39700.0,NONE,False,False,LOSS
29,14,5,1,ACTIVE_LT3,721,Kyogre,150.0,2,False,3,1,0,350.0,721,Kyogre,150.0,2,0,ACTIVE,40400.0,BENCH_POKEMON,True,False,WIN
29,18,6,0,ACTIVE_LT3,721,Kyogre,20.0,2,False,3,0,0,0.0,721,Kyogre,150.0,1,1,ACTIVE,40400.0,NONE,False,False,LOSS
29,22,7,1,ACTIVE_LT3,721,Kyogre,20.0,1,False,3,1,0,350.0,721,Kyogre,20.0,1,0,ACTIVE,39700.0,BENCH_POKEMON,True,False,WIN
30,4,1,1,ACTIVE_LT3,721,Kyogre,150.0,0,False,3,2,0,180.0,722,Snover,90.0,0,0,ACTIVE,39000.0,BENCH_POKEMON,True,False,LOSS
30,6,2,0,ACTIVE_LT3,722,Snover,90.0,0,False,2,0,0,0.0,721,Kyogre,150.0,1,2,ACTIVE,39000.0,NONE,False,False,WIN
30,7,2,0,ACTIVE_LT3,722,Snover,90.0,1,False,2,0,0,0.0,721,Kyogre,150.0,1,2,ACTIVE,39700.0,NONE,False,False,WIN
30,9,3,1,ACTIVE_LT3,721,Kyogre,140.0,1,False,3,2,0,180.0,722,Snover,90.0,1,0,ACTIVE,39700.0,BENCH_POKEMON,True,False,LOSS
30,12,4,0,ACTIVE_LT3,723,Mega Abomasnow ex,350.0,1,False,4,0,0,0.0,721,Kyogre,140.0,2,2,ACTIVE,39700.0,NONE,False,False,WIN
30,16,5,1,ACTIVE_LT3,722,Snover,90.0,0,False,2,1,0,90.0,723,Mega Abomasnow ex,350.0,2,0,ACTIVE,39000.0,BENCH_POKEMON,True,False,LOSS
30,18,6,0,ACTIVE_LT3,723,Mega Abomasnow ex,340.0,2,False,4,0,0,0.0,722,Snover,90.0,1,1,ACTIVE,40400.0,NONE,False,False,WIN
30,22,7,1,ACTIVE_LT3,722,Snover,90.0,0,False,2,0,0,0.0,723,Mega Abomasnow ex,340.0,3,0,ACTIVE,39000.0,NONE,False,False,LOSS
30,24,8,0,ACTIVE_EQ3,723,Mega Abomasnow ex,340.0,3,False,4,0,0,0.0,722,Snover,90.0,1,0,ACTIVE,41100.0,NONE,False,False,WIN
31,5,1,1,ACTIVE_LT3,721,Kyogre,150.0,0,False,3,1,0,90.0,722,Snover,90.0,0,1,ACTIVE,39000.0,BENCH_POKEMON,True,False,LOSS
31,8,2,0,ACTIVE_LT3,722,Snover,90.0,0,False,2,1,0,150.0,721,Kyogre,150.0,1,2,ACTIVE,39000.0,BENCH_POKEMON,True,False,WIN
31,10,3,1,ACTIVE_LT3,721,Kyogre,140.0,1,False,3,2,0,180.0,722,Snover,90.0,1,1,ACTIVE,39700.0,BENCH_POKEMON,True,False,LOSS
31,13,4,0,ACTIVE_LT3,723,Mega Abomasnow ex,350.0,1,False,4,1,0,150.0,721,Kyogre,140.0,2,2,ACTIVE,39700.0,BENCH_POKEMON,True,False,WIN
31,17,5,1,ACTIVE_LT3,722,Snover,90.0,0,False,2,1,0,90.0,723,Mega Abomasnow ex,350.0,2,1,ACTIVE,39000.0,BENCH_POKEMON,True,False,LOSS
31,19,6,0,ACTIVE_LT3,723,Mega Abomasnow ex,340.0,2,False,4,1,0,150.0,722,Snover,90.0,1,1,ACTIVE,40400.0,BENCH_POKEMON,True,False,WIN
31,23,7,1,ACTIVE_LT3,722,Snover,90.0,0,False,2,0,0,0.0,723,Mega Abomasnow ex,340.0,3,1,ACTIVE,39000.0,NONE,False,False,LOSS
31,24,7,1,ACTIVE_LT3,722,Snover,90.0,1,False,2,0,0,0.0,723,Mega Abomasnow ex,340.0,3,1,ACTIVE,39700.0,NONE,False,False,LOSS
31,26,8,0,ACTIVE_EQ3,723,Mega Abomasnow ex,310.0,3,False,4,1,0,150.0,722,Snover,90.0,1,0,ACTIVE,41100.0,BENCH_POKEMON,True,False,WIN
32,5,1,1,ACTIVE_LT3,722,Snover,90.0,0,False,2,1,0,90.0,721,Kyogre,150.0,0,0,ACTIVE,39000.0,BENCH_POKEMON,True,False,WIN
32,9,2,0,ACTIVE_LT3,721,Kyogre,150.0,0,False,3,0,0,0.0,722,Snover,90.0,1,1,ACTIVE,39000.0,NONE,False,False,LOSS
32,13,3,1,ACTIVE_LT3,723,Mega Abomasnow ex,350.0,1,False,4,1,0,350.0,721,Kyogre,150.0,1,0,ACTIVE,39700.0,BENCH_POKEMON,True,False,WIN
33,6,1,1,ACTIVE_LT3,722,Snover,90.0,0,False,2,1,0,90.0,722,Snover,90.0,0,2,ACTIVE,39000.0,BENCH_POKEMON,True,False,LOSS
33,7,1,1,ACTIVE_LT3,722,Snover,90.0,1,False,2,1,0,90.0,722,Snover,90.0,0,2,ACTIVE,39700.0,BENCH_POKEMON,True,False,LOSS
33,9,2,0,ACTIVE_LT3,722,Snover,90.0,0,False,2,2,0,240.0,722,Snover,90.0,1,1,ACTIVE,39000.0,BENCH_POKEMON,True,False,WIN
33,12,3,1,ACTIVE_LT3,723,Mega Abomasnow ex,340.0,1,False,4,1,0,90.0,722,Snover,90.0,1,2,ACTIVE,39700.0,BENCH_POKEMON,True,False,LOSS
33,17,4,0,ACTIVE_LT3,723,Mega Abomasnow ex,350.0,0,False,4,1,0,150.0,723,Mega Abomasnow ex,340.0,2,1,ACTIVE,39000.0,BENCH_POKEMON,True,False,WIN
33,22,5,1,ACTIVE_LT3,723,Mega Abomasnow ex,340.0,2,False,4,1,0,90.0,723,Mega Abomasnow ex,350.0,1,2,ACTIVE,40400.0,BENCH_POKEMON,True,False,LOSS
33,25,6,0,ACTIVE_LT3,723,Mega Abomasnow ex,100.0,1,False,4,2,0,500.0,723,Mega Abomasnow ex,340.0,3,1,ACTIVE,39700.0,BENCH_POKEMON,True,False,WIN
33,29,7,1,ACTIVE_LT3,722,Snover,90.0,0,False,2,0,0,0.0,723,Mega Abomasnow ex,100.0,2,2,ACTIVE,39000.0,NONE,False,False,LOSS
33,31,8,0,ACTIVE_LT3,723,Mega Abomasnow ex,90.0,2,False,4,2,0,500.0,722,Snover,90.0,1,0,ACTIVE,40400.0,BENCH_POKEMON,True,False,WIN
34,3,1,1,ACTIVE_LT3,721,Kyogre,150.0,0,False,3,0,0,0.0,722,Snover,90.0,0,0,ACTIVE,39000.0,NONE,False,False,WIN
34,5,2,0,ACTIVE_LT3,722,Snover,90.0,0,False,2,0,0,0.0,721,Kyogre,150.0,1,0,ACTIVE,39000.0,NONE,False,False,LOSS
34,7,3,1,ACTIVE_LT3,721,Kyogre,140.0,1,False,3,0,0,0.0,722,Snover,90.0,1,0,ACTIVE,39700.0,NONE,False,False,WIN
34,9,4,0,ACTIVE_LT3,722,Snover,90.0,1,False,2,0,0,0.0,721,Kyogre,140.0,2,0,ACTIVE,39700.0,NONE,False,False,LOSS
34,11,5,1,ACTIVE_LT3,721,Kyogre,110.0,2,False,3,0,0,0.0,722,Snover,90.0,2,0,ACTIVE,40400.0,NONE,False,False,WIN
35,4,1,1,ACTIVE_LT3,722,Snover,90.0,0,False,2,0,0,0.0,722,Snover,90.0,0,0,ACTIVE,39000.0,NONE,False,False,LOSS
35,7,2,0,ACTIVE_LT3,722,Snover,90.0,0,False,2,0,0,0.0,722,Snover,90.0,1,1,ACTIVE,39000.0,NONE,False,False,WIN
35,9,3,1,ACTIVE_LT3,722,Snover,80.0,1,False,2,1,0,90.0,722,Snover,90.0,1,0,ACTIVE,39700.0,BENCH_POKEMON,True,False,LOSS
35,12,4,0,ACTIVE_LT3,723,Mega Abomasnow ex,320.0,1,False,4,0,0,0.0,722,Snover,80.0,2,1,ACTIVE,39700.0,NONE,False,False,WIN
35,16,5,1,ACTIVE_LT3,722,Snover,90.0,0,False,2,0,0,0.0,723,Mega Abomasnow ex,320.0,2,0,ACTIVE,39000.0,NONE,False,False,LOSS
35,18,6,0,ACTIVE_LT3,723,Mega Abomasnow ex,310.0,2,False,4,0,0,0.0,722,Snover,90.0,1,0,ACTIVE,40400.0,NONE,False,False,WIN
36,4,1,1,ACTIVE_LT3,722,Snover,90.0,0,False,2,0,0,0.0,721,Kyogre,150.0,0,0,ACTIVE,39000.0,NONE,False,False,WIN
36,8,2,0,ACTIVE_LT3,721,Kyogre,150.0,0,False,3,0,0,0.0,722,Snover,90.0,1,0,ACTIVE,39000.0,NONE,False,False,LOSS
36,11,3,1,ACTIVE_LT3,723,Mega Abomasnow ex,350.0,1,False,4,0,0,0.0,721,Kyogre,150.0,1,0,ACTIVE,39700.0,NONE,False,False,WIN
37,4,1,1,ACTIVE_LT3,722,Snover,90.0,0,False,2,0,0,0.0,722,Snover,90.0,0,0,ACTIVE,39000.0,NONE,False,False,WIN
37,6,2,0,ACTIVE_LT3,722,Snover,90.0,0,False,2,0,0,0.0,722,Snover,90.0,1,0,ACTIVE,39000.0,NONE,False,False,LOSS
37,9,3,1,ACTIVE_LT3,723,Mega Abomasnow ex,340.0,1,False,4,0,0,0.0,722,Snover,90.0,1,0,ACTIVE,39700.0,NONE,False,False,WIN
38,4,1,1,ACTIVE_LT3,722,Snover,90.0,0,False,2,0,0,0.0,722,Snover,90.0,0,0,ACTIVE,39000.0,NONE,False,False,WIN
38,6,2,0,ACTIVE_LT3,722,Snover,90.0,0,False,2,0,0,0.0,722,Snover,90.0,1,0,ACTIVE,39000.0,NONE,False,False,LOSS
38,8,3,1,ACTIVE_LT3,722,Snover,80.0,1,False,2,0,0,0.0,722,Snover,90.0,1,0,ACTIVE,39700.0,NONE,False,False,WIN
38,10,4,0,ACTIVE_LT3,722,Snover,60.0,1,False,2,0,0,0.0,722,Snover,80.0,2,0,ACTIVE,39700.0,NONE,False,False,LOSS
38,12,5,1,ACTIVE_LT3,722,Snover,50.0,2,True,2,0,0,0.0,722,Snover,60.0,2,0,ACTIVE,40400.0,NONE,False,False,WIN
38,14,6,0,ACTIVE_LT3,722,Snover,30.0,2,True,2,0,0,0.0,722,Snover,50.0,3,0,ACTIVE,40400.0,NONE,False,False,LOSS
38,16,7,1,ACTIVE_EQ3,722,Snover,20.0,3,True,2,0,0,0.0,722,Snover,30.0,3,0,ACTIVE,41100.0,NONE,False,False,WIN
39,4,1,1,ACTIVE_LT3,722,Snover,90.0,0,False,2,0,0,0.0,722,Snover,90.0,0,1,ACTIVE,39000.0,NONE,False,False,LOSS
39,5,1,1,ACTIVE_LT3,722,Snover,90.0,1,False,2,0,0,0.0,722,Snover,90.0,0,1,ACTIVE,39700.0,NONE,False,False,LOSS
39,7,2,0,ACTIVE_LT3,722,Snover,90.0,0,False,2,1,0,90.0,722,Snover,90.0,1,0,ACTIVE,39000.0,BENCH_POKEMON,True,False,WIN
39,10,3,1,ACTIVE_LT3,723,Mega Abomasnow ex,340.0,1,False,4,0,0,0.0,722,Snover,90.0,1,1,ACTIVE,39700.0,NONE,False,False,LOSS
39,15,4,0,ACTIVE_LT3,723,Mega Abomasnow ex,350.0,0,False,4,0,0,0.0,723,Mega Abomasnow ex,340.0,2,0,ACTIVE,39000.0,NONE,False,False,WIN
39,20,5,1,ACTIVE_LT3,723,Mega Abomasnow ex,340.0,2,False,4,0,0,0.0,723,Mega Abomasnow ex,350.0,1,0,ACTIVE,40400.0,NONE,False,False,LOSS
39,22,6,0,ACTIVE_LT3,723,Mega Abomasnow ex,100.0,1,False,4,0,0,0.0,723,Mega Abomasnow ex,340.0,3,0,ACTIVE,39700.0,NONE,False,False,WIN
40,5,1,1,ACTIVE_LT3,722,Snover,90.0,0,False,2,1,0,150.0,722,Snover,90.0,0,0,ACTIVE,39000.0,BENCH_POKEMON,True,False,WIN
40,11,2,0,ACTIVE_LT3,722,Snover,90.0,0,False,2,0,0,0.0,722,Snover,90.0,1,1,ACTIVE,39000.0,NONE,False,False,LOSS
40,14,3,1,ACTIVE_LT3,723,Mega Abomasnow ex,340.0,1,False,4,1,0,150.0,722,Snover,90.0,1,0,ACTIVE,39700.0,BENCH_POKEMON,True,False,WIN
41,4,1,1,ACTIVE_LT3,722,Snover,90.0,0,False,2,0,0,0.0,722,Snover,90.0,0,2,ACTIVE,39000.0,NONE,False,False,WIN
41,6,2,0,ACTIVE_LT3,722,Snover,90.0,0,False,2,2,0,180.0,722,Snover,90.0,1,0,ACTIVE,39000.0,BENCH_POKEMON,True,False,LOSS
41,9,3,1,ACTIVE_LT3,723,Mega Abomasnow ex,340.0,1,False,4,0,0,0.0,722,Snover,90.0,1,2,ACTIVE,39700.0,NONE,False,False,WIN
41,13,4,0,ACTIVE_LT3,722,Snover,90.0,0,False,2,1,0,90.0,723,Mega Abomasnow ex,340.0,2,0,ACTIVE,39000.0,BENCH_POKEMON,True,False,LOSS
41,15,5,1,ACTIVE_LT3,723,Mega Abomasnow ex,330.0,2,False,4,0,0,0.0,722,Snover,90.0,1,1,ACTIVE,40400.0,NONE,False,False,WIN
41,19,6,0,ACTIVE_LT3,722,Snover,90.0,0,False,2,0,0,0.0,723,Mega Abomasnow ex,330.0,3,0,ACTIVE,39000.0,NONE,False,False,LOSS
41,21,7,1,ACTIVE_EQ3,723,Mega Abomasnow ex,330.0,3,False,4,0,0,0.0,722,Snover,90.0,1,0,ACTIVE,41100.0,NONE,False,False,WIN
42,5,1,1,ACTIVE_LT3,721,Kyogre,150.0,0,False,3,1,0,150.0,721,Kyogre,150.0,0,1,ACTIVE,39000.0,BENCH_POKEMON,True,False,LOSS
42,7,2,0,ACTIVE_LT3,721,Kyogre,150.0,0,False,3,1,0,90.0,721,Kyogre,150.0,1,1,ACTIVE,39000.0,BENCH_POKEMON,True,False,WIN
42,9,3,1,ACTIVE_LT3,721,Kyogre,150.0,1,False,3,1,0,150.0,721,Kyogre,150.0,1,1,ACTIVE,39700.0,BENCH_POKEMON,True,False,LOSS
42,12,4,0,ACTIVE_LT3,721,Kyogre,150.0,1,False,3,1,0,350.0,721,Kyogre,150.0,2,1,ACTIVE,39700.0,BENCH_POKEMON,True,False,WIN
42,14,5,1,ACTIVE_LT3,721,Kyogre,150.0,2,False,3,1,0,150.0,721,Kyogre,150.0,2,1,ACTIVE,40400.0,BENCH_POKEMON,True,False,LOSS
42,19,7,1,ACTIVE_LT3,721,Kyogre,150.0,1,False,3,1,0,150.0,721,Kyogre,20.0,2,1,ACTIVE,39700.0,BENCH_POKEMON,True,False,LOSS
42,24,8,0,ACTIVE_LT3,723,Mega Abomasnow ex,350.0,0,False,4,0,0,0.0,721,Kyogre,150.0,2,1,ACTIVE,39000.0,NONE,False,False,WIN
42,28,9,1,ACTIVE_LT3,721,Kyogre,150.0,2,False,3,1,0,150.0,723,Mega Abomasnow ex,350.0,1,2,ACTIVE,40400.0,BENCH_POKEMON,True,False,LOSS
42,32,10,0,ACTIVE_LT3,723,Mega Abomasnow ex,220.0,1,False,4,2,0,240.0,721,Kyogre,150.0,1,1,ACTIVE,39700.0,BENCH_POKEMON,True,False,WIN
42,36,11,1,ACTIVE_LT3,721,Kyogre,150.0,0,False,3,0,0,0.0,723,Mega Abomasnow ex,220.0,2,2,ACTIVE,39000.0,NONE,False,False,LOSS
42,38,12,0,ACTIVE_LT3,723,Mega Abomasnow ex,160.0,2,False,4,2,0,240.0,721,Kyogre,150.0,1,0,ACTIVE,40400.0,BENCH_POKEMON,True,False,WIN
43,4,1,1,ACTIVE_LT3,722,Snover,90.0,0,False,2,0,0,0.0,721,Kyogre,150.0,0,0,ACTIVE,39000.0,NONE,False,False,WIN
43,8,2,0,ACTIVE_LT3,721,Kyogre,150.0,0,False,3,0,0,0.0,722,Snover,90.0,1,0,ACTIVE,39000.0,NONE,False,False,LOSS
43,11,3,1,ACTIVE_LT3,723,Mega Abomasnow ex,350.0,1,False,4,0,0,0.0,721,Kyogre,150.0,1,0,ACTIVE,39700.0,NONE,False,False,WIN
44,3,1,1,ACTIVE_LT3,722,Snover,90.0,0,False,2,0,0,0.0,722,Snover,90.0,0,0,ACTIVE,39000.0,NONE,False,False,WIN
44,7,2,0,ACTIVE_LT3,722,Snover,90.0,0,False,2,0,0,0.0,722,Snover,90.0,1,0,ACTIVE,39000.0,NONE,False,False,LOSS
44,10,3,1,ACTIVE_LT3,723,Mega Abomasnow ex,340.0,1,False,4,0,0,0.0,722,Snover,90.0,1,0,ACTIVE,39700.0,NONE,False,False,WIN
45,4,1,1,ACTIVE_LT3,722,Snover,90.0,0,False,2,0,0,0.0,721,Kyogre,150.0,0,0,ACTIVE,39000.0,NONE,False,False,WIN
45,7,2,0,ACTIVE_LT3,721,Kyogre,150.0,0,False,3,0,0,0.0,722,Snover,90.0,1,1,ACTIVE,39000.0,NONE,False,False,LOSS
45,9,3,1,ACTIVE_LT3,722,Snover,90.0,1,False,2,1,0,150.0,721,Kyogre,150.0,1,0,ACTIVE,39700.0,BENCH_POKEMON,True,False,WIN
45,11,4,0,ACTIVE_LT3,721,Kyogre,120.0,1,False,3,0,0,0.0,722,Snover,90.0,2,1,ACTIVE,39700.0,NONE,False,False,LOSS
45,13,5,1,ACTIVE_LT3,722,Snover,90.0,2,True,2,1,0,150.0,721,Kyogre,120.0,2,0,ACTIVE,40400.0,BENCH_POKEMON,True,True,WIN
45,15,6,0,ACTIVE_LT3,721,Kyogre,90.0,2,False,3,0,0,0.0,722,Snover,90.0,3,1,ACTIVE,40400.0,NONE,False,False,LOSS
45,21,7,1,ACTIVE_LT3,721,Kyogre,150.0,0,False,3,0,0,0.0,721,Kyogre,90.0,1,0,ACTIVE,39000.0,NONE,False,False,WIN
45,24,9,1,ACTIVE_LT3,721,Kyogre,110.0,1,False,3,0,0,0.0,721,Kyogre,30.0,1,0,ACTIVE,39700.0,NONE,False,False,WIN
45,26,10,0,ACTIVE_LT3,721,Kyogre,30.0,1,False,3,0,0,0.0,721,Kyogre,110.0,2,0,ACTIVE,39700.0,NONE,False,False,LOSS
45,28,11,1,ACTIVE_LT3,721,Kyogre,110.0,2,False,3,0,0,0.0,721,Kyogre,30.0,2,0,ACTIVE,40400.0,NONE,False,False,WIN
46,6,1,1,ACTIVE_LT3,722,Snover,90.0,0,False,2,1,0,90.0,722,Snover,90.0,0,2,ACTIVE,39000.0,BENCH_POKEMON,True,False,WIN
46,10,2,0,ACTIVE_LT3,722,Snover,90.0,0,False,2,2,0,180.0,722,Snover,90.0,1,1,ACTIVE,39000.0,BENCH_POKEMON,True,False,LOSS
46,14,3,1,ACTIVE_LT3,723,Mega Abomasnow ex,340.0,1,False,4,1,0,350.0,722,Snover,90.0,1,2,ACTIVE,39700.0,BENCH_POKEMON,True,False,WIN
46,18,4,0,ACTIVE_LT3,722,Snover,90.0,0,False,2,1,0,90.0,723,Mega Abomasnow ex,340.0,2,1,ACTIVE,39000.0,BENCH_POKEMON,True,False,LOSS
46,20,5,1,ACTIVE_LT3,723,Mega Abomasnow ex,330.0,2,False,4,1,0,350.0,722,Snover,90.0,1,1,ACTIVE,40400.0,BENCH_POKEMON,True,False,WIN
46,24,6,0,ACTIVE_LT3,722,Snover,90.0,0,False,2,0,0,0.0,723,Mega Abomasnow ex,330.0,3,1,ACTIVE,39000.0,NONE,False,False,LOSS
46,26,7,1,ACTIVE_EQ3,723,Mega Abomasnow ex,330.0,3,False,4,1,0,350.0,722,Snover,90.0,1,0,ACTIVE,41100.0,BENCH_POKEMON,True,False,WIN
47,6,1,1,ACTIVE_LT3,721,Kyogre,150.0,0,False,3,1,0,90.0,722,Snover,90.0,0,1,ACTIVE,39000.0,BENCH_POKEMON,True,False,WIN
47,10,2,0,ACTIVE_LT3,722,Snover,90.0,0,False,2,1,0,150.0,721,Kyogre,150.0,1,1,ACTIVE,39000.0,BENCH_POKEMON,True,False,LOSS
47,13,3,1,ACTIVE_LT3,721,Kyogre,140.0,1,False,3,1,0,350.0,722,Snover,90.0,1,1,ACTIVE,39700.0,BENCH_POKEMON,True,False,WIN
47,16,4,0,ACTIVE_LT3,723,Mega Abomasnow ex,350.0,1,False,4,1,0,150.0,721,Kyogre,140.0,2,1,ACTIVE,39700.0,BENCH_POKEMON,True,False,LOSS
47,20,5,1,ACTIVE_LT3,723,Mega Abomasnow ex,350.0,0,False,4,0,0,0.0,723,Mega Abomasnow ex,350.0,2,1,ACTIVE,39000.0,NONE,False,False,WIN
47,24,6,0,ACTIVE_LT3,723,Mega Abomasnow ex,350.0,2,False,4,1,0,150.0,723,Mega Abomasnow ex,350.0,1,0,ACTIVE,40400.0,BENCH_POKEMON,True,False,LOSS
47,26,7,1,ACTIVE_LT3,723,Mega Abomasnow ex,150.0,1,False,4,0,0,0.0,723,Mega Abomasnow ex,350.0,3,1,ACTIVE,39700.0,NONE,False,False,WIN
47,30,8,0,ACTIVE_LT3,721,Kyogre,150.0,0,False,3,0,0,0.0,723,Mega Abomasnow ex,150.0,2,0,ACTIVE,39000.0,NONE,False,False,LOSS
47,32,9,1,ACTIVE_LT3,723,Mega Abomasnow ex,10.0,2,False,4,0,0,0.0,721,Kyogre,150.0,1,0,ACTIVE,40400.0,NONE,False,False,WIN
47,33,9,1,ACTIVE_EQ3,723,Mega Abomasnow ex,10.0,3,False,4,0,0,0.0,721,Kyogre,150.0,1,0,ACTIVE,41100.0,NONE,False,False,WIN
48,5,1,1,ACTIVE_LT3,721,Kyogre,150.0,0,False,3,1,0,150.0,722,Snover,90.0,0,0,ACTIVE,39000.0,BENCH_POKEMON,True,False,WIN
48,9,2,0,ACTIVE_LT3,722,Snover,90.0,0,False,2,0,0,0.0,721,Kyogre,150.0,1,1,ACTIVE,39000.0,NONE,False,False,LOSS
48,10,2,0,ACTIVE_LT3,722,Snover,90.0,1,False,2,0,0,0.0,721,Kyogre,150.0,1,1,ACTIVE,39700.0,NONE,False,False,LOSS
48,12,3,1,ACTIVE_LT3,721,Kyogre,140.0,1,False,3,1,0,150.0,722,Snover,90.0,1,0,ACTIVE,39700.0,BENCH_POKEMON,True,False,WIN
48,14,4,0,ACTIVE_LT3,722,Snover,90.0,1,False,2,0,0,0.0,721,Kyogre,140.0,2,1,ACTIVE,39700.0,NONE,False,False,LOSS
48,16,5,1,ACTIVE_LT3,721,Kyogre,110.0,2,False,3,1,0,150.0,722,Snover,90.0,2,0,ACTIVE,40400.0,BENCH_POKEMON,True,False,WIN
49,4,1,1,ACTIVE_LT3,722,Snover,90.0,0,False,2,1,0,150.0,721,Kyogre,150.0,0,0,ACTIVE,39000.0,BENCH_POKEMON,True,False,WIN
49,7,2,0,ACTIVE_LT3,721,Kyogre,150.0,0,False,3,0,0,0.0,722,Snover,90.0,1,2,ACTIVE,39000.0,NONE,False,False,LOSS
49,10,3,1,ACTIVE_LT3,723,Mega Abomasnow ex,350.0,1,False,4,2,0,240.0,721,Kyogre,150.0,1,0,ACTIVE,39700.0,BENCH_POKEMON,True,False,WIN
50,6,1,1,ACTIVE_LT3,722,Snover,90.0,0,False,2,1,0,90.0,722,Snover,90.0,0,1,ACTIVE,39000.0,BENCH_POKEMON,True,False,WIN
50,10,2,0,ACTIVE_LT3,722,Snover,90.0,0,False,2,1,0,90.0,722,Snover,90.0,1,1,ACTIVE,39000.0,BENCH_POKEMON,True,False,LOSS
50,14,3,1,ACTIVE_LT3,723,Mega Abomasnow ex,340.0,1,False,4,1,0,350.0,722,Snover,90.0,1,1,ACTIVE,39700.0,BENCH_POKEMON,True,False,WIN
50,19,4,0,ACTIVE_LT3,723,Mega Abomasnow ex,350.0,0,False,4,0,0,0.0,723,Mega Abomasnow ex,340.0,2,1,ACTIVE,39000.0,NONE,False,False,LOSS
50,24,5,1,ACTIVE_LT3,723,Mega Abomasnow ex,340.0,2,False,4,1,0,350.0,723,Mega Abomasnow ex,350.0,1,0,ACTIVE,40400.0,BENCH_POKEMON,True,False,WIN
50,26,6,0,ACTIVE_LT3,723,Mega Abomasnow ex,150.0,1,False,4,0,0,0.0,723,Mega Abomasnow ex,340.0,3,1,ACTIVE,39700.0,NONE,False,False,LOSS
50,30,7,1,ACTIVE_LT3,723,Mega Abomasnow ex,350.0,0,False,4,0,0,0.0,723,Mega Abomasnow ex,150.0,2,0,ACTIVE,39000.0,NONE,False,False,WIN
51,4,1,1,ACTIVE_LT3,721,Kyogre,150.0,0,False,3,0,0,0.0,721,Kyogre,150.0,0,1,ACTIVE,39000.0,NONE,False,False,LOSS
51,6,2,0,ACTIVE_LT3,721,Kyogre,150.0,0,False,3,1,0,90.0,721,Kyogre,150.0,1,0,ACTIVE,39000.0,BENCH_POKEMON,True,False,WIN
51,8,3,1,ACTIVE_LT3,721,Kyogre,150.0,1,False,3,0,0,0.0,721,Kyogre,150.0,1,1,ACTIVE,39700.0,NONE,False,False,LOSS
51,11,4,0,ACTIVE_LT3,721,Kyogre,150.0,1,False,3,1,0,350.0,721,Kyogre,150.0,2,0,ACTIVE,39700.0,BENCH_POKEMON,True,False,WIN
51,13,5,1,ACTIVE_LT3,721,Kyogre,150.0,2,False,3,0,0,0.0,721,Kyogre,150.0,2,1,ACTIVE,40400.0,NONE,False,False,LOSS
51,17,6,0,ACTIVE_LT3,721,Kyogre,20.0,2,False,3,1,0,350.0,721,Kyogre,150.0,1,0,ACTIVE,40400.0,BENCH_POKEMON,True,False,WIN
51,27,7,1,ACTIVE_LT3,721,Kyogre,150.0,1,False,3,0,0,0.0,723,Mega Abomasnow ex,350.0,1,1,ACTIVE,39700.0,NONE,False,False,LOSS
51,29,8,0,ACTIVE_LT3,723,Mega Abomasnow ex,310.0,1,False,4,1,0,20.0,721,Kyogre,150.0,2,0,ACTIVE,39700.0,BENCH_POKEMON,True,False,WIN
51,31,9,1,ACTIVE_LT3,721,Kyogre,50.0,2,False,3,0,0,0.0,723,Mega Abomasnow ex,310.0,2,1,ACTIVE,40400.0,NONE,False,False,LOSS
51,35,10,0,ACTIVE_LT3,723,Mega Abomasnow ex,180.0,2,False,4,1,0,20.0,721,Kyogre,50.0,1,0,ACTIVE,40400.0,BENCH_POKEMON,True,False,WIN
52,3,1,1,ACTIVE_LT3,722,Snover,90.0,0,False,2,0,0,0.0,722,Snover,90.0,0,0,ACTIVE,39000.0,NONE,False,False,WIN
52,7,2,0,ACTIVE_LT3,722,Snover,90.0,0,False,2,0,0,0.0,722,Snover,90.0,1,0,ACTIVE,39000.0,NONE,False,False,LOSS
52,10,3,1,ACTIVE_LT3,723,Mega Abomasnow ex,340.0,1,False,4,0,0,0.0,722,Snover,90.0,1,0,ACTIVE,39700.0,NONE,False,False,WIN
53,5,1,1,ACTIVE_LT3,721,Kyogre,150.0,0,False,3,0,0,0.0,721,Kyogre,150.0,0,2,ACTIVE,39000.0,NONE,False,False,LOSS
53,9,2,0,ACTIVE_LT3,721,Kyogre,150.0,0,False,3,2,0,180.0,721,Kyogre,150.0,1,0,ACTIVE,39000.0,BENCH_POKEMON,True,False,WIN
53,11,3,1,ACTIVE_LT3,721,Kyogre,150.0,1,False,3,0,0,0.0,721,Kyogre,150.0,1,2,ACTIVE,39700.0,NONE,False,False,LOSS
53,14,4,0,ACTIVE_LT3,721,Kyogre,150.0,1,False,3,2,0,440.0,721,Kyogre,150.0,2,0,ACTIVE,39700.0,BENCH_POKEMON,True,False,WIN
53,16,5,1,ACTIVE_LT3,721,Kyogre,150.0,2,False,3,0,0,0.0,721,Kyogre,150.0,2,2,ACTIVE,40400.0,NONE,False,False,LOSS
53,20,6,0,ACTIVE_LT3,721,Kyogre,20.0,2,False,3,2,0,440.0,721,Kyogre,150.0,1,0,ACTIVE,40400.0,BENCH_POKEMON,True,False,WIN
53,31,7,1,ACTIVE_LT3,721,Kyogre,150.0,1,False,3,0,0,0.0,723,Mega Abomasnow ex,350.0,0,3,ACTIVE,39700.0,NONE,False,False,LOSS
53,33,8,0,ACTIVE_LT3,723,Mega Abomasnow ex,310.0,0,False,4,3,0,460.0,721,Kyogre,150.0,2,0,ACTIVE,39000.0,BENCH_POKEMON,True,False,WIN
53,35,9,1,ACTIVE_LT3,721,Kyogre,150.0,2,False,3,0,0,0.0,723,Mega Abomasnow ex,310.0,1,3,ACTIVE,40400.0,NONE,False,False,LOSS
53,39,10,0,ACTIVE_LT3,723,Mega Abomasnow ex,180.0,1,False,4,3,0,460.0,721,Kyogre,150.0,1,0,ACTIVE,39700.0,BENCH_POKEMON,True,False,WIN
54,4,1,1,ACTIVE_LT3,722,Snover,90.0,0,False,2,0,0,0.0,722,Snover,90.0,0,0,ACTIVE,39000.0,NONE,False,False,WIN
54,6,2,0,ACTIVE_LT3,722,Snover,90.0,0,False,2,0,0,0.0,722,Snover,90.0,1,0,ACTIVE,39000.0,NONE,False,False,LOSS
54,9,3,1,ACTIVE_LT3,723,Mega Abomasnow ex,340.0,1,False,4,0,0,0.0,722,Snover,90.0,1,0,ACTIVE,39700.0,NONE,False,False,WIN
55,3,1,1,ACTIVE_LT3,722,Snover,90.0,0,False,2,0,0,0.0,721,Kyogre,150.0,0,0,ACTIVE,39000.0,NONE,False,False,WIN
55,4,1,1,ACTIVE_LT3,722,Snover,90.0,1,False,2,0,0,0.0,721,Kyogre,150.0,0,0,ACTIVE,39700.0,NONE,False,False,WIN
55,8,2,0,ACTIVE_LT3,721,Kyogre,150.0,0,False,3,0,0,0.0,722,Snover,90.0,1,0,ACTIVE,39000.0,NONE,False,False,LOSS
55,11,3,1,ACTIVE_LT3,723,Mega Abomasnow ex,350.0,1,False,4,0,0,0.0,721,Kyogre,150.0,1,0,ACTIVE,39700.0,NONE,False,False,WIN
56,4,1,1,ACTIVE_LT3,722,Snover,90.0,0,False,2,1,0,90.0,722,Snover,90.0,0,0,ACTIVE,39000.0,BENCH_POKEMON,True,False,WIN
56,6,2,0,ACTIVE_LT3,722,Snover,90.0,0,False,2,0,0,0.0,722,Snover,90.0,1,1,ACTIVE,39000.0,NONE,False,False,LOSS
56,9,3,1,ACTIVE_LT3,723,Mega Abomasnow ex,340.0,1,False,4,1,0,90.0,722,Snover,90.0,1,0,ACTIVE,39700.0,BENCH_POKEMON,True,False,WIN
57,6,1,1,ACTIVE_LT3,721,Kyogre,150.0,0,False,3,1,0,90.0,722,Snover,90.0,0,1,ACTIVE,39000.0,BENCH_POKEMON,True,False,WIN
57,10,2,0,ACTIVE_LT3,722,Snover,90.0,0,False,2,1,0,90.0,721,Kyogre,150.0,1,1,ACTIVE,39000.0,BENCH_POKEMON,True,False,LOSS
57,11,2,0,ACTIVE_LT3,722,Snover,90.0,0,False,2,1,0,90.0,721,Kyogre,150.0,1,1,ACTIVE,39000.0,BENCH_POKEMON,True,False,LOSS
57,14,3,1,ACTIVE_LT3,721,Kyogre,140.0,1,False,3,1,0,350.0,722,Snover,90.0,1,1,ACTIVE,39700.0,BENCH_POKEMON,True,False,WIN
57,16,4,0,ACTIVE_LT3,722,Snover,90.0,1,False,2,1,0,90.0,721,Kyogre,140.0,2,1,ACTIVE,39700.0,BENCH_POKEMON,True,False,LOSS
57,18,5,1,ACTIVE_LT3,721,Kyogre,110.0,2,False,3,1,0,350.0,722,Snover,90.0,2,1,ACTIVE,40400.0,BENCH_POKEMON,True,False,WIN
57,24,6,0,ACTIVE_LT3,722,Snover,90.0,0,False,2,0,0,0.0,721,Kyogre,110.0,1,1,ACTIVE,39000.0,NONE,False,False,LOSS
57,26,7,1,ACTIVE_LT3,721,Kyogre,100.0,1,False,3,1,0,350.0,722,Snover,90.0,1,0,ACTIVE,39700.0,BENCH_POKEMON,True,False,WIN
57,28,8,0,ACTIVE_LT3,722,Snover,50.0,1,False,2,0,0,0.0,721,Kyogre,100.0,2,1,ACTIVE,39700.0,NONE,False,False,LOSS
57,30,9,1,ACTIVE_LT3,721,Kyogre,70.0,2,False,3,1,0,350.0,722,Snover,50.0,2,0,ACTIVE,40400.0,BENCH_POKEMON,True,False,WIN
58,3,1,1,ACTIVE_LT3,722,Snover,90.0,0,False,2,0,0,0.0,722,Snover,90.0,0,0,ACTIVE,39000.0,NONE,False,False,LOSS
58,4,1,1,ACTIVE_LT3,722,Snover,90.0,1,False,2,0,0,0.0,722,Snover,90.0,0,0,ACTIVE,39700.0,NONE,False,False,LOSS
58,6,2,0,ACTIVE_LT3,722,Snover,90.0,0,False,2,0,0,0.0,722,Snover,90.0,1,0,ACTIVE,39000.0,NONE,False,False,WIN
58,8,3,1,ACTIVE_LT3,722,Snover,80.0,1,False,2,0,0,0.0,722,Snover,90.0,1,0,ACTIVE,39700.0,NONE,False,False,LOSS
58,11,4,0,ACTIVE_LT3,723,Mega Abomasnow ex,320.0,1,False,4,0,0,0.0,722,Snover,80.0,2,0,ACTIVE,39700.0,NONE,False,False,WIN
59,4,1,1,ACTIVE_LT3,722,Snover,90.0,0,False,2,0,0,0.0,722,Snover,90.0,0,0,ACTIVE,39000.0,NONE,False,False,WIN
59,10,2,0,ACTIVE_LT3,722,Snover,90.0,0,False,2,0,0,0.0,722,Snover,90.0,1,0,ACTIVE,39000.0,NONE,False,False,LOSS
59,13,3,1,ACTIVE_LT3,723,Mega Abomasnow ex,340.0,1,False,4,0,0,0.0,722,Snover,90.0,1,0,ACTIVE,39700.0,NONE,False,False,WIN
60,5,1,1,ACTIVE_LT3,721,Kyogre,150.0,0,False,3,1,0,150.0,722,Snover,90.0,0,1,ACTIVE,39000.0,BENCH_POKEMON,True,False,LOSS
60,6,1,1,ACTIVE_LT3,721,Kyogre,150.0,1,False,3,1,0,150.0,722,Snover,90.0,0,1,ACTIVE,39700.0,BENCH_POKEMON,True,False,LOSS
60,10,2,0,ACTIVE_LT3,722,Snover,90.0,0,False,2,1,0,90.0,721,Kyogre,150.0,1,1,ACTIVE,39000.0,BENCH_POKEMON,True,False,WIN
60,12,3,1,ACTIVE_LT3,721,Kyogre,140.0,1,False,3,1,0,150.0,722,Snover,90.0,1,1,ACTIVE,39700.0,BENCH_POKEMON,True,False,LOSS
60,15,4,0,ACTIVE_LT3,723,Mega Abomasnow ex,350.0,1,False,4,1,0,90.0,721,Kyogre,140.0,2,1,ACTIVE,39700.0,BENCH_POKEMON,True,False,WIN
60,19,5,1,ACTIVE_LT3,721,Kyogre,150.0,0,False,3,0,0,0.0,723,Mega Abomasnow ex,350.0,2,1,ACTIVE,39000.0,NONE,False,False,LOSS
60,21,6,0,ACTIVE_LT3,723,Mega Abomasnow ex,310.0,2,False,4,1,0,90.0,721,Kyogre,150.0,1,0,ACTIVE,40400.0,BENCH_POKEMON,True,False,WIN
61,3,1,1,ACTIVE_LT3,721,Kyogre,150.0,0,False,3,0,0,0.0,721,Kyogre,150.0,0,0,ACTIVE,39000.0,NONE,False,False,WIN
61,5,2,0,ACTIVE_LT3,721,Kyogre,150.0,0,False,3,0,0,0.0,721,Kyogre,150.0,1,0,ACTIVE,39000.0,NONE,False,False,LOSS
61,7,3,1,ACTIVE_LT3,721,Kyogre,150.0,1,False,3,0,0,0.0,721,Kyogre,150.0,1,0,ACTIVE,39700.0,NONE,False,False,WIN
61,9,4,0,ACTIVE_LT3,721,Kyogre,150.0,1,False,3,0,0,0.0,721,Kyogre,150.0,2,0,ACTIVE,39700.0,NONE,False,False,LOSS
61,11,5,1,ACTIVE_LT3,721,Kyogre,150.0,2,False,3,0,0,0.0,721,Kyogre,150.0,2,0,ACTIVE,40400.0,NONE,False,False,WIN
61,15,6,0,ACTIVE_LT3,721,Kyogre,20.0,2,False,3,0,0,0.0,721,Kyogre,150.0,1,0,ACTIVE,40400.0,NONE,False,False,LOSS
61,19,7,1,ACTIVE_LT3,721,Kyogre,20.0,1,False,3,0,0,0.0,721,Kyogre,20.0,1,0,ACTIVE,39700.0,NONE,False,False,WIN
62,4,1,1,ACTIVE_LT3,721,Kyogre,150.0,0,False,3,0,0,0.0,721,Kyogre,150.0,0,0,ACTIVE,39000.0,NONE,False,False,WIN
62,8,2,0,ACTIVE_LT3,721,Kyogre,150.0,0,False,3,0,0,0.0,721,Kyogre,150.0,1,0,ACTIVE,39000.0,NONE,False,False,LOSS
62,10,3,1,ACTIVE_LT3,721,Kyogre,150.0,1,False,3,0,0,0.0,721,Kyogre,150.0,1,0,ACTIVE,39700.0,NONE,False,False,WIN
62,12,4,0,ACTIVE_LT3,721,Kyogre,150.0,1,False,3,0,0,0.0,721,Kyogre,150.0,2,0,ACTIVE,39700.0,NONE,False,False,LOSS
62,14,5,1,ACTIVE_LT3,721,Kyogre,150.0,2,False,3,0,0,0.0,721,Kyogre,150.0,2,0,ACTIVE,40400.0,NONE,False,False,WIN
62,18,6,0,ACTIVE_LT3,721,Kyogre,20.0,2,False,3,0,0,0.0,721,Kyogre,150.0,1,0,ACTIVE,40400.0,NONE,False,False,LOSS
62,22,7,1,ACTIVE_LT3,721,Kyogre,20.0,1,False,3,0,0,0.0,721,Kyogre,20.0,1,0,ACTIVE,39700.0,NONE,False,False,WIN
63,3,1,1,ACTIVE_LT3,721,Kyogre,150.0,0,False,3,0,0,0.0,721,Kyogre,150.0,0,0,ACTIVE,39000.0,NONE,False,False,WIN
63,7,2,0,ACTIVE_LT3,721,Kyogre,150.0,0,False,3,0,0,0.0,721,Kyogre,150.0,1,0,ACTIVE,39000.0,NONE,False,False,LOSS
63,9,3,1,ACTIVE_LT3,721,Kyogre,150.0,1,False,3,0,0,0.0,721,Kyogre,150.0,1,0,ACTIVE,39700.0,NONE,False,False,WIN
63,11,4,0,ACTIVE_LT3,721,Kyogre,150.0,1,False,3,0,0,0.0,721,Kyogre,150.0,2,0,ACTIVE,39700.0,NONE,False,False,LOSS
63,13,5,1,ACTIVE_LT3,721,Kyogre,150.0,2,False,3,0,0,0.0,721,Kyogre,150.0,2,0,ACTIVE,40400.0,NONE,False,False,WIN
63,17,6,0,ACTIVE_LT3,721,Kyogre,20.0,2,False,3,0,0,0.0,721,Kyogre,150.0,1,0,ACTIVE,40400.0,NONE,False,False,LOSS
63,21,7,1,ACTIVE_LT3,721,Kyogre,20.0,1,False,3,0,0,0.0,721,Kyogre,20.0,1,0,ACTIVE,39700.0,NONE,False,False,WIN
64,4,1,1,ACTIVE_LT3,722,Snover,90.0,0,False,2,0,0,0.0,722,Snover,90.0,0,0,ACTIVE,39000.0,NONE,False,False,WIN
64,8,2,0,ACTIVE_LT3,722,Snover,90.0,0,False,2,0,0,0.0,722,Snover,90.0,1,0,ACTIVE,39000.0,NONE,False,False,LOSS
64,11,3,1,ACTIVE_LT3,723,Mega Abomasnow ex,340.0,1,False,4,0,0,0.0,722,Snover,90.0,1,0,ACTIVE,39700.0,NONE,False,False,WIN
65,4,1,1,ACTIVE_LT3,721,Kyogre,150.0,0,False,3,0,0,0.0,722,Snover,90.0,0,0,ACTIVE,39000.0,NONE,False,False,WIN
65,6,2,0,ACTIVE_LT3,722,Snover,90.0,0,False,2,0,0,0.0,721,Kyogre,150.0,1,0,ACTIVE,39000.0,NONE,False,False,LOSS
65,8,3,1,ACTIVE_LT3,721,Kyogre,140.0,1,False,3,0,0,0.0,722,Snover,90.0,1,0,ACTIVE,39700.0,NONE,False,False,WIN
65,10,4,0,ACTIVE_LT3,722,Snover,90.0,1,False,2,0,0,0.0,721,Kyogre,140.0,2,0,ACTIVE,39700.0,NONE,False,False,LOSS
65,12,5,1,ACTIVE_LT3,721,Kyogre,110.0,2,False,3,0,0,0.0,722,Snover,90.0,2,0,ACTIVE,40400.0,NONE,False,False,WIN
66,3,1,1,ACTIVE_LT3,721,Kyogre,150.0,0,False,3,0,0,0.0,722,Snover,90.0,0,0,ACTIVE,39000.0,NONE,False,False,WIN
66,5,2,0,ACTIVE_LT3,722,Snover,90.0,0,False,2,0,0,0.0,721,Kyogre,150.0,1,0,ACTIVE,39000.0,NONE,False,False,LOSS
66,7,3,1,ACTIVE_LT3,721,Kyogre,140.0,1,False,3,0,0,0.0,722,Snover,90.0,1,0,ACTIVE,39700.0,NONE,False,False,WIN
66,9,4,0,ACTIVE_LT3,722,Snover,90.0,1,False,2,0,0,0.0,721,Kyogre,140.0,2,0,ACTIVE,39700.0,NONE,False,False,LOSS
66,11,5,1,ACTIVE_LT3,721,Kyogre,110.0,2,False,3,0,0,0.0,722,Snover,90.0,2,0,ACTIVE,40400.0,NONE,False,False,WIN
67,5,1,1,ACTIVE_LT3,721,Kyogre,150.0,0,False,3,2,0,180.0,722,Snover,90.0,0,0,ACTIVE,39000.0,BENCH_POKEMON,True,False,WIN
67,9,2,0,ACTIVE_LT3,722,Snover,90.0,0,False,2,0,0,0.0,721,Kyogre,150.0,1,2,ACTIVE,39000.0,NONE,False,False,LOSS
67,12,3,1,ACTIVE_LT3,721,Kyogre,140.0,1,False,3,2,0,440.0,722,Snover,90.0,1,0,ACTIVE,39700.0,BENCH_POKEMON,True,False,WIN
67,15,4,0,ACTIVE_LT3,723,Mega Abomasnow ex,350.0,1,False,4,0,0,0.0,721,Kyogre,140.0,2,2,ACTIVE,39700.0,NONE,False,False,LOSS
67,19,5,1,ACTIVE_LT3,723,Mega Abomasnow ex,350.0,0,False,4,1,0,90.0,723,Mega Abomasnow ex,350.0,2,0,ACTIVE,39000.0,BENCH_POKEMON,True,False,WIN
67,28,6,0,ACTIVE_LT3,723,Mega Abomasnow ex,350.0,2,False,4,0,0,0.0,723,Mega Abomasnow ex,350.0,1,2,ACTIVE,40400.0,NONE,False,False,LOSS
67,31,7,1,ACTIVE_LT3,723,Mega Abomasnow ex,150.0,1,False,4,2,0,700.0,723,Mega Abomasnow ex,350.0,3,0,ACTIVE,39700.0,BENCH_POKEMON,True,False,WIN
68,3,1,1,ACTIVE_LT3,722,Snover,90.0,0,False,2,0,0,0.0,722,Snover,90.0,0,0,ACTIVE,39000.0,NONE,False,False,WIN
68,5,2,0,ACTIVE_LT3,722,Snover,90.0,0,False,2,0,0,0.0,722,Snover,90.0,1,0,ACTIVE,39000.0,NONE,False,False,LOSS
68,8,3,1,ACTIVE_LT3,723,Mega Abomasnow ex,340.0,1,False,4,0,0,0.0,722,Snover,90.0,1,0,ACTIVE,39700.0,NONE,False,False,WIN
69,4,1,1,ACTIVE_LT3,721,Kyogre,150.0,0,False,3,0,0,0.0,721,Kyogre,150.0,0,0,ACTIVE,39000.0,NONE,False,False,WIN
69,6,2,0,ACTIVE_LT3,721,Kyogre,150.0,0,False,3,0,0,0.0,721,Kyogre,150.0,1,0,ACTIVE,39000.0,NONE,False,False,LOSS
69,8,3,1,ACTIVE_LT3,721,Kyogre,150.0,1,False,3,0,0,0.0,721,Kyogre,150.0,1,0,ACTIVE,39700.0,NONE,False,False,WIN
69,10,4,0,ACTIVE_LT3,721,Kyogre,150.0,1,False,3,0,0,0.0,721,Kyogre,150.0,2,0,ACTIVE,39700.0,NONE,False,False,LOSS
69,12,5,1,ACTIVE_LT3,721,Kyogre,150.0,2,False,3,0,0,0.0,721,Kyogre,150.0,2,0,ACTIVE,40400.0,NONE,False,False,WIN
69,16,6,0,ACTIVE_LT3,721,Kyogre,20.0,2,False,3,0,0,0.0,721,Kyogre,150.0,1,0,ACTIVE,40400.0,NONE,False,False,LOSS
69,20,7,1,ACTIVE_LT3,721,Kyogre,20.0,1,False,3,0,0,0.0,721,Kyogre,20.0,1,0,ACTIVE,39700.0,NONE,False,False,WIN
70,6,1,1,ACTIVE_LT3,721,Kyogre,150.0,0,False,3,1,0,90.0,722,Snover,90.0,0,1,ACTIVE,39000.0,BENCH_POKEMON,True,False,WIN
70,8,2,0,ACTIVE_LT3,722,Snover,90.0,0,False,2,1,0,90.0,721,Kyogre,150.0,1,1,ACTIVE,39000.0,BENCH_POKEMON,True,False,LOSS
70,11,3,1,ACTIVE_LT3,721,Kyogre,140.0,1,False,3,1,0,350.0,722,Snover,90.0,1,1,ACTIVE,39700.0,BENCH_POKEMON,True,False,WIN
70,13,4,0,ACTIVE_LT3,722,Snover,90.0,1,False,2,1,0,90.0,721,Kyogre,140.0,2,1,ACTIVE,39700.0,BENCH_POKEMON,True,False,LOSS
70,15,5,1,ACTIVE_LT3,721,Kyogre,110.0,2,False,3,1,0,350.0,722,Snover,90.0,2,1,ACTIVE,40400.0,BENCH_POKEMON,True,False,WIN
70,21,6,0,ACTIVE_LT3,722,Snover,90.0,0,False,2,0,0,0.0,721,Kyogre,110.0,1,1,ACTIVE,39000.0,NONE,False,False,LOSS
70,23,7,1,ACTIVE_LT3,721,Kyogre,100.0,1,False,3,1,0,350.0,722,Snover,90.0,1,0,ACTIVE,39700.0,BENCH_POKEMON,True,False,WIN
70,25,8,0,ACTIVE_LT3,722,Snover,50.0,1,False,2,0,0,0.0,721,Kyogre,100.0,2,1,ACTIVE,39700.0,NONE,False,False,LOSS
70,27,9,1,ACTIVE_LT3,721,Kyogre,70.0,2,False,3,1,0,350.0,722,Snover,50.0,2,0,ACTIVE,40400.0,BENCH_POKEMON,True,False,WIN
71,5,1,1,ACTIVE_LT3,721,Kyogre,150.0,0,False,3,0,0,0.0,721,Kyogre,150.0,0,1,ACTIVE,39000.0,NONE,False,False,LOSS
71,9,2,0,ACTIVE_LT3,721,Kyogre,150.0,0,False,3,1,0,90.0,721,Kyogre,150.0,1,0,ACTIVE,39000.0,BENCH_POKEMON,True,False,WIN
71,11,3,1,ACTIVE_LT3,721,Kyogre,150.0,1,False,3,0,0,0.0,721,Kyogre,150.0,1,1,ACTIVE,39700.0,NONE,False,False,LOSS
71,14,4,0,ACTIVE_LT3,721,Kyogre,150.0,1,False,3,1,0,350.0,721,Kyogre,150.0,2,0,ACTIVE,39700.0,BENCH_POKEMON,True,False,WIN
71,16,5,1,ACTIVE_LT3,721,Kyogre,150.0,2,False,3,0,0,0.0,721,Kyogre,150.0,2,1,ACTIVE,40400.0,NONE,False,False,LOSS
71,20,6,0,ACTIVE_LT3,721,Kyogre,20.0,2,False,3,1,0,350.0,721,Kyogre,150.0,1,0,ACTIVE,40400.0,BENCH_POKEMON,True,False,WIN
71,30,7,1,ACTIVE_LT3,721,Kyogre,150.0,1,False,3,0,0,0.0,723,Mega Abomasnow ex,350.0,1,1,ACTIVE,39700.0,NONE,False,False,LOSS
71,32,8,0,ACTIVE_LT3,723,Mega Abomasnow ex,310.0,1,False,4,1,0,20.0,721,Kyogre,150.0,2,0,ACTIVE,39700.0,BENCH_POKEMON,True,False,WIN
72,4,1,1,ACTIVE_LT3,721,Kyogre,150.0,0,False,3,0,0,0.0,722,Snover,90.0,0,0,ACTIVE,39000.0,NONE,False,False,WIN
72,6,2,0,ACTIVE_LT3,722,Snover,90.0,0,False,2,0,0,0.0,721,Kyogre,150.0,1,0,ACTIVE,39000.0,NONE,False,False,LOSS
72,8,3,1,ACTIVE_LT3,721,Kyogre,140.0,1,False,3,0,0,0.0,722,Snover,90.0,1,0,ACTIVE,39700.0,NONE,False,False,WIN
72,10,4,0,ACTIVE_LT3,722,Snover,90.0,1,False,2,0,0,0.0,721,Kyogre,140.0,2,0,ACTIVE,39700.0,NONE,False,False,LOSS
72,12,5,1,ACTIVE_LT3,721,Kyogre,110.0,2,False,3,0,0,0.0,722,Snover,90.0,2,0,ACTIVE,40400.0,NONE,False,False,WIN
73,5,1,1,ACTIVE_LT3,722,Snover,90.0,0,False,2,0,0,0.0,721,Kyogre,150.0,0,1,ACTIVE,39000.0,NONE,False,False,LOSS
73,7,2,0,ACTIVE_LT3,721,Kyogre,150.0,0,False,3,1,0,150.0,722,Snover,90.0,1,0,ACTIVE,39000.0,BENCH_POKEMON,True,False,WIN
73,9,3,1,ACTIVE_LT3,722,Snover,90.0,1,False,2,0,0,0.0,721,Kyogre,150.0,1,1,ACTIVE,39700.0,NONE,False,False,LOSS
73,11,4,0,ACTIVE_LT3,721,Kyogre,120.0,1,False,3,1,0,150.0,722,Snover,90.0,2,0,ACTIVE,39700.0,BENCH_POKEMON,True,False,WIN
73,13,5,1,ACTIVE_LT3,722,Snover,90.0,2,True,2,0,0,0.0,721,Kyogre,120.0,2,1,ACTIVE,40400.0,NONE,False,False,LOSS
73,15,6,0,ACTIVE_LT3,721,Kyogre,90.0,2,False,3,1,0,150.0,722,Snover,90.0,3,0,ACTIVE,40400.0,BENCH_POKEMON,True,False,WIN
74,3,1,1,ACTIVE_LT3,721,Kyogre,150.0,0,False,3,0,0,0.0,722,Snover,90.0,0,0,ACTIVE,39000.0,NONE,False,False,WIN
74,7,2,0,ACTIVE_LT3,722,Snover,90.0,0,False,2,0,0,0.0,721,Kyogre,150.0,1,0,ACTIVE,39000.0,NONE,False,False,LOSS
74,9,3,1,ACTIVE_LT3,721,Kyogre,140.0,1,False,3,0,0,0.0,722,Snover,90.0,1,0,ACTIVE,39700.0,NONE,False,False,WIN
74,11,4,0,ACTIVE_LT3,722,Snover,90.0,1,False,2,0,0,0.0,721,Kyogre,140.0,2,0,ACTIVE,39700.0,NONE,False,False,LOSS
74,13,5,1,ACTIVE_LT3,721,Kyogre,110.0,2,False,3,0,0,0.0,722,Snover,90.0,2,0,ACTIVE,40400.0,NONE,False,False,WIN
75,4,1,1,ACTIVE_LT3,722,Snover,90.0,0,False,2,0,0,0.0,722,Snover,90.0,0,0,ACTIVE,39000.0,NONE,False,False,WIN
75,5,1,1,ACTIVE_LT3,722,Snover,90.0,1,False,2,0,0,0.0,722,Snover,90.0,0,0,ACTIVE,39700.0,NONE,False,False,WIN
75,9,2,0,ACTIVE_LT3,722,Snover,90.0,0,False,2,0,0,0.0,722,Snover,90.0,1,0,ACTIVE,39000.0,NONE,False,False,LOSS
75,12,3,1,ACTIVE_LT3,723,Mega Abomasnow ex,340.0,1,False,4,0,0,0.0,722,Snover,90.0,1,0,ACTIVE,39700.0,NONE,False,False,WIN
76,3,1,1,ACTIVE_LT3,721,Kyogre,150.0,0,False,3,0,0,0.0,722,Snover,90.0,0,0,ACTIVE,39000.0,NONE,False,False,WIN
76,6,2,0,ACTIVE_LT3,722,Snover,90.0,0,False,2,0,0,0.0,721,Kyogre,150.0,1,1,ACTIVE,39000.0,NONE,False,False,LOSS
76,7,2,0,ACTIVE_LT3,722,Snover,90.0,1,False,2,0,0,0.0,721,Kyogre,150.0,1,1,ACTIVE,39700.0,NONE,False,False,LOSS
76,10,3,1,ACTIVE_LT3,721,Kyogre,140.0,1,False,3,1,0,350.0,722,Snover,90.0,1,0,ACTIVE,39700.0,BENCH_POKEMON,True,False,WIN
76,12,4,0,ACTIVE_LT3,722,Snover,90.0,1,False,2,0,0,0.0,721,Kyogre,140.0,2,1,ACTIVE,39700.0,NONE,False,False,LOSS
76,14,5,1,ACTIVE_LT3,721,Kyogre,110.0,2,False,3,1,0,350.0,722,Snover,90.0,2,0,ACTIVE,40400.0,BENCH_POKEMON,True,False,WIN
77,4,1,1,ACTIVE_LT3,722,Snover,90.0,0,False,2,0,0,0.0,722,Snover,90.0,0,0,ACTIVE,39000.0,NONE,False,False,WIN
77,6,2,0,ACTIVE_LT3,722,Snover,90.0,0,False,2,0,0,0.0,722,Snover,90.0,1,0,ACTIVE,39000.0,NONE,False,False,LOSS
77,8,3,1,ACTIVE_LT3,722,Snover,80.0,1,False,2,0,0,0.0,722,Snover,90.0,1,0,ACTIVE,39700.0,NONE,False,False,WIN
77,10,4,0,ACTIVE_LT3,722,Snover,60.0,1,False,2,0,0,0.0,722,Snover,80.0,2,0,ACTIVE,39700.0,NONE,False,False,LOSS
77,12,5,1,ACTIVE_LT3,722,Snover,50.0,2,True,2,0,0,0.0,722,Snover,60.0,2,0,ACTIVE,40400.0,NONE,False,False,WIN
77,14,6,0,ACTIVE_LT3,722,Snover,30.0,2,True,2,0,0,0.0,722,Snover,50.0,3,0,ACTIVE,40400.0,NONE,False,False,LOSS
77,16,7,1,ACTIVE_EQ3,722,Snover,20.0,3,True,2,0,0,0.0,722,Snover,30.0,3,0,ACTIVE,41100.0,NONE,False,False,WIN
78,5,1,1,ACTIVE_LT3,721,Kyogre,150.0,0,False,3,0,0,0.0,722,Snover,90.0,0,1,ACTIVE,39000.0,NONE,False,False,WIN
78,6,1,1,ACTIVE_LT3,721,Kyogre,150.0,1,False,3,0,0,0.0,722,Snover,90.0,0,1,ACTIVE,39700.0,NONE,False,False,WIN
78,8,2,0,ACTIVE_LT3,722,Snover,90.0,0,False,2,1,0,90.0,721,Kyogre,150.0,1,0,ACTIVE,39000.0,BENCH_POKEMON,True,False,LOSS
78,10,3,1,ACTIVE_LT3,721,Kyogre,140.0,1,False,3,0,0,0.0,722,Snover,90.0,1,1,ACTIVE,39700.0,NONE,False,False,WIN
78,12,4,0,ACTIVE_LT3,722,Snover,90.0,1,False,2,1,0,90.0,721,Kyogre,140.0,2,0,ACTIVE,39700.0,BENCH_POKEMON,True,False,LOSS
78,14,5,1,ACTIVE_LT3,721,Kyogre,110.0,2,False,3,0,0,0.0,722,Snover,90.0,2,1,ACTIVE,40400.0,NONE,False,False,WIN
78,20,6,0,ACTIVE_LT3,722,Snover,90.0,0,False,2,0,0,0.0,721,Kyogre,110.0,1,0,ACTIVE,39000.0,NONE,False,False,LOSS
78,22,7,1,ACTIVE_LT3,721,Kyogre,100.0,1,False,3,0,0,0.0,722,Snover,90.0,1,0,ACTIVE,39700.0,NONE,False,False,WIN
78,24,8,0,ACTIVE_LT3,722,Snover,50.0,1,False,2,0,0,0.0,721,Kyogre,100.0,2,0,ACTIVE,39700.0,NONE,False,False,LOSS
78,26,9,1,ACTIVE_LT3,721,Kyogre,70.0,2,False,3,0,0,0.0,722,Snover,50.0,2,0,ACTIVE,40400.0,NONE,False,False,WIN
79,5,1,1,ACTIVE_LT3,722,Snover,90.0,0,False,2,1,0,90.0,722,Snover,90.0,0,0,ACTIVE,39000.0,BENCH_POKEMON,True,False,WIN
79,9,2,0,ACTIVE_LT3,722,Snover,90.0,0,False,2,0,0,0.0,722,Snover,90.0,1,1,ACTIVE,39000.0,NONE,False,False,LOSS
79,12,3,1,ACTIVE_LT3,723,Mega Abomasnow ex,340.0,1,False,4,1,0,90.0,722,Snover,90.0,1,0,ACTIVE,39700.0,BENCH_POKEMON,True,False,WIN
80,4,1,1,ACTIVE_LT3,721,Kyogre,150.0,0,False,3,0,0,0.0,722,Snover,90.0,0,0,ACTIVE,39000.0,NONE,False,False,WIN
80,6,2,0,ACTIVE_LT3,722,Snover,90.0,0,False,2,0,0,0.0,721,Kyogre,150.0,1,0,ACTIVE,39000.0,NONE,False,False,LOSS
80,8,3,1,ACTIVE_LT3,721,Kyogre,140.0,1,False,3,0,0,0.0,722,Snover,90.0,1,0,ACTIVE,39700.0,NONE,False,False,WIN
80,10,4,0,ACTIVE_LT3,722,Snover,90.0,1,False,2,0,0,0.0,721,Kyogre,140.0,2,0,ACTIVE,39700.0,NONE,False,False,LOSS
80,12,5,1,ACTIVE_LT3,721,Kyogre,110.0,2,False,3,0,0,0.0,722,Snover,90.0,2,0,ACTIVE,40400.0,NONE,False,False,WIN
81,4,1,1,ACTIVE_LT3,722,Snover,90.0,0,False,2,0,0,0.0,722,Snover,90.0,0,0,ACTIVE,39000.0,NONE,False,False,LOSS
81,5,1,1,ACTIVE_LT3,722,Snover,90.0,1,False,2,0,0,0.0,722,Snover,90.0,0,0,ACTIVE,39700.0,NONE,False,False,LOSS
81,7,2,0,ACTIVE_LT3,722,Snover,90.0,0,False,2,0,0,0.0,722,Snover,90.0,1,0,ACTIVE,39000.0,NONE,False,False,WIN
81,8,2,0,ACTIVE_LT3,722,Snover,90.0,1,False,2,0,0,0.0,722,Snover,90.0,1,0,ACTIVE,39700.0,NONE,False,False,WIN
81,10,3,1,ACTIVE_LT3,722,Snover,80.0,1,False,2,0,0,0.0,722,Snover,90.0,1,0,ACTIVE,39700.0,NONE,False,False,LOSS
81,13,4,0,ACTIVE_LT3,723,Mega Abomasnow ex,320.0,1,False,4,0,0,0.0,722,Snover,80.0,2,0,ACTIVE,39700.0,NONE,False,False,WIN
82,6,1,1,ACTIVE_LT3,722,Snover,90.0,0,False,2,1,0,90.0,721,Kyogre,150.0,0,1,ACTIVE,39000.0,BENCH_POKEMON,True,False,WIN
82,7,1,1,ACTIVE_LT3,722,Snover,90.0,0,False,2,1,0,90.0,721,Kyogre,150.0,0,1,ACTIVE,39000.0,BENCH_POKEMON,True,False,WIN
82,11,2,0,ACTIVE_LT3,721,Kyogre,150.0,0,False,3,1,0,90.0,722,Snover,90.0,1,1,ACTIVE,39000.0,BENCH_POKEMON,True,False,LOSS
82,15,3,1,ACTIVE_LT3,723,Mega Abomasnow ex,350.0,1,False,4,1,0,350.0,721,Kyogre,150.0,1,1,ACTIVE,39700.0,BENCH_POKEMON,True,False,WIN
82,20,4,0,ACTIVE_LT3,723,Mega Abomasnow ex,350.0,0,False,4,0,0,0.0,723,Mega Abomasnow ex,350.0,2,1,ACTIVE,39000.0,NONE,False,False,LOSS
82,29,5,1,ACTIVE_LT3,723,Mega Abomasnow ex,350.0,0,False,4,0,0,0.0,723,Mega Abomasnow ex,350.0,2,0,ACTIVE,39000.0,NONE,False,False,WIN
82,35,6,0,ACTIVE_LT3,723,Mega Abomasnow ex,350.0,2,False,4,0,0,0.0,723,Mega Abomasnow ex,350.0,1,2,ACTIVE,40400.0,NONE,False,False,LOSS
82,38,7,1,ACTIVE_LT3,723,Mega Abomasnow ex,150.0,1,False,4,2,0,500.0,723,Mega Abomasnow ex,350.0,3,0,ACTIVE,39700.0,BENCH_POKEMON,True,False,WIN
83,4,1,1,ACTIVE_LT3,722,Snover,90.0,0,False,2,0,0,0.0,721,Kyogre,150.0,0,0,ACTIVE,39000.0,NONE,False,False,WIN
83,7,2,0,ACTIVE_LT3,721,Kyogre,150.0,0,False,3,0,0,0.0,722,Snover,90.0,1,1,ACTIVE,39000.0,NONE,False,False,LOSS
83,9,3,1,ACTIVE_LT3,722,Snover,90.0,1,False,2,1,0,90.0,721,Kyogre,150.0,1,0,ACTIVE,39700.0,BENCH_POKEMON,True,False,WIN
83,11,4,0,ACTIVE_LT3,721,Kyogre,120.0,1,False,3,0,0,0.0,722,Snover,90.0,2,1,ACTIVE,39700.0,NONE,False,False,LOSS
83,13,5,1,ACTIVE_LT3,722,Snover,90.0,2,True,2,1,0,90.0,721,Kyogre,120.0,2,0,ACTIVE,40400.0,BENCH_POKEMON,True,True,WIN
83,15,6,0,ACTIVE_LT3,721,Kyogre,90.0,2,False,3,0,0,0.0,722,Snover,90.0,3,1,ACTIVE,40400.0,NONE,False,False,LOSS
83,22,7,1,ACTIVE_LT3,723,Mega Abomasnow ex,350.0,0,False,4,0,0,0.0,721,Kyogre,90.0,1,0,ACTIVE,39000.0,NONE,False,False,WIN
83,27,8,0,ACTIVE_LT3,721,Kyogre,90.0,1,False,3,0,0,0.0,723,Mega Abomasnow ex,350.0,1,0,ACTIVE,39700.0,NONE,False,False,LOSS
83,29,9,1,ACTIVE_LT3,723,Mega Abomasnow ex,310.0,1,False,4,0,0,0.0,721,Kyogre,90.0,2,0,ACTIVE,39700.0,NONE,False,False,WIN
84,4,1,1,ACTIVE_LT3,722,Snover,90.0,0,False,2,0,0,0.0,721,Kyogre,150.0,0,1,ACTIVE,39000.0,NONE,False,False,WIN
84,7,2,0,ACTIVE_LT3,721,Kyogre,150.0,0,False,3,1,0,150.0,722,Snover,90.0,1,1,ACTIVE,39000.0,BENCH_POKEMON,True,False,LOSS
84,10,3,1,ACTIVE_LT3,723,Mega Abomasnow ex,350.0,1,False,4,1,0,150.0,721,Kyogre,150.0,1,1,ACTIVE,39700.0,BENCH_POKEMON,True,False,WIN
84,14,4,0,ACTIVE_LT3,721,Kyogre,150.0,0,False,3,0,0,0.0,723,Mega Abomasnow ex,350.0,2,1,ACTIVE,39000.0,NONE,False,False,LOSS
84,16,5,1,ACTIVE_LT3,723,Mega Abomasnow ex,330.0,2,False,4,1,0,150.0,721,Kyogre,150.0,1,0,ACTIVE,40400.0,BENCH_POKEMON,True,False,WIN
85,3,1,1,ACTIVE_LT3,721,Kyogre,150.0,0,False,3,0,0,0.0,722,Snover,90.0,0,0,ACTIVE,39000.0,NONE,False,False,LOSS
85,7,2,0,ACTIVE_LT3,722,Snover,90.0,0,False,2,0,0,0.0,721,Kyogre,150.0,1,0,ACTIVE,39000.0,NONE,False,False,WIN
85,9,3,1,ACTIVE_LT3,721,Kyogre,140.0,1,False,3,0,0,0.0,722,Snover,90.0,1,0,ACTIVE,39700.0,NONE,False,False,LOSS
85,12,4,0,ACTIVE_LT3,723,Mega Abomasnow ex,350.0,1,False,4,0,0,0.0,721,Kyogre,140.0,2,0,ACTIVE,39700.0,NONE,False,False,WIN
86,6,1,1,ACTIVE_LT3,722,Snover,90.0,0,False,2,1,0,150.0,722,Snover,90.0,0,1,ACTIVE,39000.0,BENCH_POKEMON,True,False,WIN
86,9,2,0,ACTIVE_LT3,722,Snover,90.0,0,False,2,1,0,90.0,722,Snover,90.0,1,2,ACTIVE,39000.0,BENCH_POKEMON,True,False,LOSS
86,12,3,1,ACTIVE_LT3,723,Mega Abomasnow ex,340.0,1,False,4,2,0,240.0,722,Snover,90.0,1,1,ACTIVE,39700.0,BENCH_POKEMON,True,False,WIN
86,17,4,0,ACTIVE_LT3,723,Mega Abomasnow ex,350.0,0,False,4,0,0,0.0,723,Mega Abomasnow ex,340.0,2,2,ACTIVE,39000.0,NONE,False,False,LOSS
86,24,5,1,ACTIVE_LT3,723,Mega Abomasnow ex,40.0,2,False,4,2,0,240.0,723,Mega Abomasnow ex,350.0,2,0,ACTIVE,40400.0,BENCH_POKEMON,True,False,WIN
86,26,6,0,ACTIVE_LT3,723,Mega Abomasnow ex,150.0,2,False,4,0,0,0.0,723,Mega Abomasnow ex,40.0,3,2,ACTIVE,40400.0,NONE,False,False,LOSS
86,30,7,1,ACTIVE_LT3,721,Kyogre,150.0,0,False,3,1,0,90.0,723,Mega Abomasnow ex,150.0,3,0,ACTIVE,39000.0,BENCH_POKEMON,True,False,WIN
86,32,8,0,ACTIVE_EQ3,723,Mega Abomasnow ex,40.0,3,False,4,0,0,0.0,721,Kyogre,150.0,1,1,ACTIVE,41100.0,NONE,False,False,LOSS
86,37,9,1,ACTIVE_LT3,723,Mega Abomasnow ex,350.0,0,False,4,0,0,0.0,723,Mega Abomasnow ex,40.0,4,0,ACTIVE,39000.0,NONE,False,False,WIN
87,4,1,1,ACTIVE_LT3,721,Kyogre,150.0,0,False,3,0,0,0.0,722,Snover,90.0,0,0,ACTIVE,39000.0,NONE,False,False,WIN
87,5,1,1,ACTIVE_LT3,721,Kyogre,150.0,1,False,3,0,0,0.0,722,Snover,90.0,0,0,ACTIVE,39700.0,NONE,False,False,WIN
87,7,2,0,ACTIVE_LT3,722,Snover,90.0,0,False,2,0,0,0.0,721,Kyogre,150.0,1,0,ACTIVE,39000.0,NONE,False,False,LOSS
87,8,2,0,ACTIVE_LT3,722,Snover,90.0,1,False,2,0,0,0.0,721,Kyogre,150.0,1,0,ACTIVE,39700.0,NONE,False,False,LOSS
87,10,3,1,ACTIVE_LT3,721,Kyogre,140.0,1,False,3,0,0,0.0,722,Snover,90.0,1,0,ACTIVE,39700.0,NONE,False,False,WIN
87,12,4,0,ACTIVE_LT3,722,Snover,90.0,1,False,2,0,0,0.0,721,Kyogre,140.0,2,0,ACTIVE,39700.0,NONE,False,False,LOSS
87,14,5,1,ACTIVE_LT3,721,Kyogre,110.0,2,False,3,0,0,0.0,722,Snover,90.0,2,0,ACTIVE,40400.0,NONE,False,False,WIN
88,3,1,1,ACTIVE_LT3,722,Snover,90.0,0,False,2,0,0,0.0,722,Snover,90.0,0,0,ACTIVE,39000.0,NONE,False,False,WIN
88,5,2,0,ACTIVE_LT3,722,Snover,90.0,0,False,2,0,0,0.0,722,Snover,90.0,1,0,ACTIVE,39000.0,NONE,False,False,LOSS
88,8,3,1,ACTIVE_LT3,723,Mega Abomasnow ex,340.0,1,False,4,0,0,0.0,722,Snover,90.0,1,0,ACTIVE,39700.0,NONE,False,False,WIN
89,6,1,1,ACTIVE_LT3,721,Kyogre,150.0,0,False,3,1,0,90.0,722,Snover,90.0,0,1,ACTIVE,39000.0,BENCH_POKEMON,True,False,WIN
89,7,1,1,ACTIVE_LT3,721,Kyogre,150.0,1,False,3,1,0,90.0,722,Snover,90.0,0,1,ACTIVE,39700.0,BENCH_POKEMON,True,False,WIN
89,9,2,0,ACTIVE_LT3,722,Snover,90.0,0,False,2,1,0,150.0,721,Kyogre,150.0,1,1,ACTIVE,39000.0,BENCH_POKEMON,True,False,LOSS
89,12,3,1,ACTIVE_LT3,721,Kyogre,140.0,1,False,3,1,0,350.0,722,Snover,90.0,1,1,ACTIVE,39700.0,BENCH_POKEMON,True,False,WIN
89,14,4,0,ACTIVE_LT3,722,Snover,90.0,1,False,2,1,0,150.0,721,Kyogre,140.0,2,1,ACTIVE,39700.0,BENCH_POKEMON,True,False,LOSS
89,16,5,1,ACTIVE_LT3,721,Kyogre,110.0,2,False,3,1,0,350.0,722,Snover,90.0,2,1,ACTIVE,40400.0,BENCH_POKEMON,True,False,WIN
89,22,6,0,ACTIVE_LT3,721,Kyogre,150.0,0,False,3,0,0,0.0,721,Kyogre,110.0,1,1,ACTIVE,39000.0,NONE,False,False,LOSS
89,24,7,1,ACTIVE_LT3,721,Kyogre,70.0,1,False,3,1,0,350.0,721,Kyogre,150.0,1,0,ACTIVE,39700.0,BENCH_POKEMON,True,False,WIN
89,26,8,0,ACTIVE_LT3,721,Kyogre,110.0,1,False,3,0,0,0.0,721,Kyogre,70.0,2,1,ACTIVE,39700.0,NONE,False,False,LOSS
89,28,9,1,ACTIVE_LT3,721,Kyogre,70.0,2,False,3,1,0,350.0,721,Kyogre,110.0,2,0,ACTIVE,40400.0,BENCH_POKEMON,True,False,WIN
90,4,1,1,ACTIVE_LT3,722,Snover,90.0,0,False,2,0,0,0.0,721,Kyogre,150.0,0,0,ACTIVE,39000.0,NONE,False,False,WIN
90,8,2,0,ACTIVE_LT3,721,Kyogre,150.0,0,False,3,0,0,0.0,722,Snover,90.0,1,0,ACTIVE,39000.0,NONE,False,False,LOSS
90,11,3,1,ACTIVE_LT3,723,Mega Abomasnow ex,350.0,1,False,4,0,0,0.0,721,Kyogre,150.0,1,0,ACTIVE,39700.0,NONE,False,False,WIN
91,4,1,1,ACTIVE_LT3,722,Snover,90.0,0,False,2,0,0,0.0,722,Snover,90.0,0,0,ACTIVE,39000.0,NONE,False,False,WIN
91,5,1,1,ACTIVE_LT3,722,Snover,90.0,1,False,2,0,0,0.0,722,Snover,90.0,0,0,ACTIVE,39700.0,NONE,False,False,WIN
91,10,2,0,ACTIVE_LT3,722,Snover,90.0,0,False,2,0,0,0.0,722,Snover,90.0,1,1,ACTIVE,39000.0,NONE,False,False,LOSS
91,13,3,1,ACTIVE_LT3,723,Mega Abomasnow ex,340.0,1,False,4,1,0,150.0,722,Snover,90.0,1,0,ACTIVE,39700.0,BENCH_POKEMON,True,False,WIN
92,4,1,1,ACTIVE_LT3,722,Snover,90.0,0,False,2,0,0,0.0,722,Snover,90.0,0,0,ACTIVE,39000.0,NONE,False,False,WIN
92,8,2,0,ACTIVE_LT3,722,Snover,90.0,0,False,2,0,0,0.0,722,Snover,90.0,1,0,ACTIVE,39000.0,NONE,False,False,LOSS
92,11,3,1,ACTIVE_LT3,723,Mega Abomasnow ex,340.0,1,False,4,0,0,0.0,722,Snover,90.0,1,0,ACTIVE,39700.0,NONE,False,False,WIN
93,4,1,1,ACTIVE_LT3,722,Snover,90.0,0,False,2,0,0,0.0,722,Snover,90.0,0,0,ACTIVE,39000.0,NONE,False,False,WIN
93,6,2,0,ACTIVE_LT3,722,Snover,90.0,0,False,2,0,0,0.0,722,Snover,90.0,1,0,ACTIVE,39000.0,NONE,False,False,LOSS
93,8,3,1,ACTIVE_LT3,722,Snover,80.0,1,False,2,0,0,0.0,722,Snover,90.0,1,0,ACTIVE,39700.0,NONE,False,False,WIN
93,10,4,0,ACTIVE_LT3,722,Snover,60.0,1,False,2,0,0,0.0,722,Snover,80.0,2,0,ACTIVE,39700.0,NONE,False,False,LOSS
93,11,4,0,ACTIVE_LT3,722,Snover,60.0,2,True,2,0,0,0.0,722,Snover,80.0,2,0,ACTIVE,40400.0,NONE,False,False,LOSS
93,13,5,1,ACTIVE_LT3,722,Snover,50.0,2,True,2,0,0,0.0,722,Snover,60.0,2,0,ACTIVE,40400.0,NONE,False,False,WIN
93,15,6,0,ACTIVE_LT3,722,Snover,30.0,2,True,2,0,0,0.0,722,Snover,50.0,3,0,ACTIVE,40400.0,NONE,False,False,LOSS
93,17,7,1,ACTIVE_EQ3,722,Snover,20.0,3,True,2,0,0,0.0,722,Snover,30.0,3,0,ACTIVE,41100.0,NONE,False,False,WIN
94,4,1,1,ACTIVE_LT3,722,Snover,90.0,0,False,2,0,0,0.0,722,Snover,90.0,0,0,ACTIVE,39000.0,NONE,False,False,WIN
94,5,1,1,ACTIVE_LT3,722,Snover,90.0,1,False,2,0,0,0.0,722,Snover,90.0,0,0,ACTIVE,39700.0,NONE,False,False,WIN
94,9,2,0,ACTIVE_LT3,722,Snover,90.0,0,False,2,0,0,0.0,722,Snover,90.0,1,0,ACTIVE,39000.0,NONE,False,False,LOSS
94,12,3,1,ACTIVE_LT3,723,Mega Abomasnow ex,340.0,1,False,4,0,0,0.0,722,Snover,90.0,1,0,ACTIVE,39700.0,NONE,False,False,WIN
95,4,1,1,ACTIVE_LT3,722,Snover,90.0,0,False,2,0,0,0.0,721,Kyogre,150.0,0,1,ACTIVE,39000.0,NONE,False,False,LOSS
95,6,2,0,ACTIVE_LT3,721,Kyogre,150.0,0,False,3,1,0,90.0,722,Snover,90.0,1,0,ACTIVE,39000.0,BENCH_POKEMON,True,False,WIN
95,8,3,1,ACTIVE_LT3,722,Snover,90.0,1,False,2,0,0,0.0,721,Kyogre,150.0,1,1,ACTIVE,39700.0,NONE,False,False,LOSS
95,10,4,0,ACTIVE_LT3,721,Kyogre,120.0,1,False,3,1,0,90.0,722,Snover,90.0,2,0,ACTIVE,39700.0,BENCH_POKEMON,True,False,WIN
95,12,5,1,ACTIVE_LT3,722,Snover,90.0,2,True,2,0,0,0.0,721,Kyogre,120.0,2,1,ACTIVE,40400.0,NONE,False,False,LOSS
95,14,6,0,ACTIVE_LT3,721,Kyogre,90.0,2,False,3,1,0,90.0,722,Snover,90.0,3,0,ACTIVE,40400.0,BENCH_POKEMON,True,False,WIN
96,3,1,1,ACTIVE_LT3,722,Snover,90.0,0,False,2,0,0,0.0,722,Snover,90.0,0,0,ACTIVE,39000.0,NONE,False,False,WIN
96,5,2,0,ACTIVE_LT3,722,Snover,90.0,0,False,2,0,0,0.0,722,Snover,90.0,1,0,ACTIVE,39000.0,NONE,False,False,LOSS
96,8,3,1,ACTIVE_LT3,723,Mega Abomasnow ex,340.0,1,False,4,0,0,0.0,722,Snover,90.0,1,0,ACTIVE,39700.0,NONE,False,False,WIN
97,4,1,1,ACTIVE_LT3,722,Snover,90.0,0,False,2,0,0,0.0,721,Kyogre,150.0,0,0,ACTIVE,39000.0,NONE,False,False,LOSS
97,6,2,0,ACTIVE_LT3,721,Kyogre,150.0,0,False,3,0,0,0.0,722,Snover,90.0,1,0,ACTIVE,39000.0,NONE,False,False,WIN
97,8,3,1,ACTIVE_LT3,722,Snover,90.0,1,False,2,0,0,0.0,721,Kyogre,150.0,1,0,ACTIVE,39700.0,NONE,False,False,LOSS
97,10,4,0,ACTIVE_LT3,721,Kyogre,120.0,1,False,3,0,0,0.0,722,Snover,90.0,2,0,ACTIVE,39700.0,NONE,False,False,WIN
97,12,5,1,ACTIVE_LT3,722,Snover,90.0,2,True,2,0,0,0.0,721,Kyogre,120.0,2,0,ACTIVE,40400.0,NONE,False,False,LOSS
97,14,6,0,ACTIVE_LT3,721,Kyogre,90.0,2,False,3,0,0,0.0,722,Snover,90.0,3,0,ACTIVE,40400.0,NONE,False,False,WIN
98,4,1,1,ACTIVE_LT3,722,Snover,90.0,0,False,2,1,0,90.0,721,Kyogre,150.0,0,0,ACTIVE,39000.0,BENCH_POKEMON,True,False,LOSS
98,6,2,0,ACTIVE_LT3,721,Kyogre,150.0,0,False,3,0,0,0.0,722,Snover,90.0,1,1,ACTIVE,39000.0,NONE,False,False,WIN
98,7,2,0,ACTIVE_LT3,721,Kyogre,150.0,1,False,3,0,0,0.0,722,Snover,90.0,1,1,ACTIVE,39700.0,NONE,False,False,WIN
98,9,3,1,ACTIVE_LT3,722,Snover,90.0,1,False,2,1,0,90.0,721,Kyogre,150.0,1,0,ACTIVE,39700.0,BENCH_POKEMON,True,False,LOSS
98,11,4,0,ACTIVE_LT3,721,Kyogre,120.0,1,False,3,0,0,0.0,722,Snover,90.0,2,1,ACTIVE,39700.0,NONE,False,False,WIN
98,13,5,1,ACTIVE_LT3,722,Snover,90.0,2,True,2,1,0,90.0,721,Kyogre,120.0,2,0,ACTIVE,40400.0,BENCH_POKEMON,True,True,LOSS
98,14,5,1,ACTIVE_EQ3,722,Snover,90.0,3,True,2,1,0,90.0,721,Kyogre,120.0,2,0,ACTIVE,41100.0,BENCH_POKEMON,True,True,LOSS
98,16,6,0,ACTIVE_LT3,721,Kyogre,90.0,2,False,3,0,0,0.0,722,Snover,90.0,3,1,ACTIVE,40400.0,NONE,False,False,WIN
98,22,7,1,ACTIVE_LT3,722,Snover,90.0,0,False,2,0,0,0.0,721,Kyogre,90.0,1,0,ACTIVE,39000.0,NONE,False,False,LOSS
98,24,8,0,ACTIVE_LT3,721,Kyogre,80.0,1,False,3,0,0,0.0,722,Snover,90.0,1,0,ACTIVE,39700.0,NONE,False,False,WIN
98,26,9,1,ACTIVE_LT3,722,Snover,50.0,1,False,2,0,0,0.0,721,Kyogre,80.0,2,0,ACTIVE,39700.0,NONE,False,False,LOSS
98,28,10,0,ACTIVE_LT3,721,Kyogre,50.0,2,False,3,0,0,0.0,722,Snover,50.0,2,0,ACTIVE,40400.0,NONE,False,False,WIN
99,4,1,1,ACTIVE_LT3,721,Kyogre,150.0,0,False,3,1,0,90.0,722,Snover,90.0,0,0,ACTIVE,39000.0,BENCH_POKEMON,True,False,WIN
99,9,2,0,ACTIVE_LT3,722,Snover,90.0,0,False,2,0,0,0.0,721,Kyogre,150.0,1,2,ACTIVE,39000.0,NONE,False,False,LOSS
99,12,3,1,ACTIVE_LT3,721,Kyogre,140.0,1,False,3,2,0,440.0,722,Snover,90.0,1,0,ACTIVE,39700.0,BENCH_POKEMON,True,False,WIN
99,14,4,0,ACTIVE_LT3,722,Snover,90.0,1,False,2,0,0,0.0,721,Kyogre,140.0,2,2,ACTIVE,39700.0,NONE,False,False,LOSS
99,16,5,1,ACTIVE_LT3,721,Kyogre,110.0,2,False,3,2,0,440.0,722,Snover,90.0,2,0,ACTIVE,40400.0,BENCH_POKEMON,True,False,WIN
100,4,1,1,ACTIVE_LT3,722,Snover,90.0,0,False,2,0,0,0.0,722,Snover,90.0,0,0,ACTIVE,39000.0,NONE,False,False,WIN
100,6,2,0,ACTIVE_LT3,722,Snover,90.0,0,False,2,0,0,0.0,722,Snover,90.0,1,0,ACTIVE,39000.0,NONE,False,False,LOSS
100,9,3,1,ACTIVE_LT3,723,Mega Abomasnow ex,340.0,1,False,4,0,0,0.0,722,Snover,90.0,1,0,ACTIVE,39700.0,NONE,False,False,WIN
101,5,1,1,ACTIVE_LT3,722,Snover,90.0,0,False,2,1,0,90.0,722,Snover,90.0,0,0,ACTIVE,39000.0,BENCH_POKEMON,True,False,WIN
101,10,2,0,ACTIVE_LT3,722,Snover,90.0,0,False,2,0,0,0.0,722,Snover,90.0,1,2,ACTIVE,39000.0,NONE,False,False,LOSS
101,13,3,1,ACTIVE_LT3,723,Mega Abomasnow ex,340.0,1,False,4,2,0,240.0,722,Snover,90.0,1,0,ACTIVE,39700.0,BENCH_POKEMON,True,False,WIN
102,4,1,1,ACTIVE_LT3,722,Snover,90.0,0,False,2,0,0,0.0,722,Snover,90.0,0,0,ACTIVE,39000.0,NONE,False,False,LOSS
102,6,2,0,ACTIVE_LT3,722,Snover,90.0,0,False,2,0,0,0.0,722,Snover,90.0,1,0,ACTIVE,39000.0,NONE,False,False,WIN
102,8,3,1,ACTIVE_LT3,722,Snover,80.0,1,False,2,0,0,0.0,722,Snover,90.0,1,0,ACTIVE,39700.0,NONE,False,False,LOSS
102,11,4,0,ACTIVE_LT3,723,Mega Abomasnow ex,320.0,1,False,4,0,0,0.0,722,Snover,80.0,2,0,ACTIVE,39700.0,NONE,False,False,WIN
103,5,1,1,ACTIVE_LT3,722,Snover,90.0,0,False,2,0,0,0.0,722,Snover,90.0,0,1,ACTIVE,39000.0,NONE,False,False,LOSS
103,8,2,0,ACTIVE_LT3,722,Snover,90.0,0,False,2,1,0,90.0,722,Snover,90.0,1,1,ACTIVE,39000.0,BENCH_POKEMON,True,False,WIN
103,10,3,1,ACTIVE_LT3,722,Snover,80.0,1,False,2,1,0,90.0,722,Snover,90.0,1,1,ACTIVE,39700.0,BENCH_POKEMON,True,False,LOSS
103,13,4,0,ACTIVE_LT3,723,Mega Abomasnow ex,320.0,1,False,4,1,0,90.0,722,Snover,80.0,2,1,ACTIVE,39700.0,BENCH_POKEMON,True,False,WIN
103,17,5,1,ACTIVE_LT3,722,Snover,90.0,0,False,2,0,0,0.0,723,Mega Abomasnow ex,320.0,2,1,ACTIVE,39000.0,NONE,False,False,LOSS
103,19,6,0,ACTIVE_LT3,723,Mega Abomasnow ex,310.0,2,False,4,1,0,90.0,722,Snover,90.0,1,0,ACTIVE,40400.0,BENCH_POKEMON,True,False,WIN
104,5,1,1,ACTIVE_LT3,721,Kyogre,150.0,0,False,3,0,0,0.0,721,Kyogre,150.0,0,1,ACTIVE,39000.0,NONE,False,False,WIN
104,7,2,0,ACTIVE_LT3,721,Kyogre,150.0,0,False,3,1,0,90.0,721,Kyogre,150.0,1,0,ACTIVE,39000.0,BENCH_POKEMON,True,False,LOSS
104,9,3,1,ACTIVE_LT3,721,Kyogre,150.0,1,False,3,0,0,0.0,721,Kyogre,150.0,1,1,ACTIVE,39700.0,NONE,False,False,WIN
104,11,4,0,ACTIVE_LT3,721,Kyogre,150.0,1,False,3,1,0,90.0,721,Kyogre,150.0,2,0,ACTIVE,39700.0,BENCH_POKEMON,True,False,LOSS
104,13,5,1,ACTIVE_LT3,721,Kyogre,150.0,2,False,3,0,0,0.0,721,Kyogre,150.0,2,1,ACTIVE,40400.0,NONE,False,False,WIN
104,17,6,0,ACTIVE_LT3,721,Kyogre,20.0,2,False,3,1,0,90.0,721,Kyogre,150.0,1,0,ACTIVE,40400.0,BENCH_POKEMON,True,False,LOSS
104,27,7,1,ACTIVE_LT3,721,Kyogre,140.0,1,False,3,0,0,0.0,722,Snover,90.0,1,1,ACTIVE,39700.0,NONE,False,False,WIN
104,29,8,0,ACTIVE_LT3,722,Snover,50.0,1,False,2,1,0,20.0,721,Kyogre,140.0,2,0,ACTIVE,39700.0,BENCH_POKEMON,True,False,LOSS
104,31,9,1,ACTIVE_LT3,721,Kyogre,110.0,2,False,3,0,0,0.0,722,Snover,50.0,2,1,ACTIVE,40400.0,NONE,False,False,WIN
104,37,10,0,ACTIVE_LT3,721,Kyogre,20.0,0,False,3,0,0,0.0,721,Kyogre,110.0,1,0,ACTIVE,39000.0,NONE,False,False,LOSS
104,39,11,1,ACTIVE_LT3,721,Kyogre,10.0,1,False,3,0,0,0.0,721,Kyogre,20.0,1,0,ACTIVE,39700.0,NONE,False,False,WIN
105,5,1,1,ACTIVE_LT3,722,Snover,90.0,0,False,2,2,0,240.0,722,Snover,90.0,0,0,ACTIVE,39000.0,BENCH_POKEMON,True,False,WIN
105,9,2,0,ACTIVE_LT3,722,Snover,90.0,0,False,2,0,0,0.0,722,Snover,90.0,1,2,ACTIVE,39000.0,NONE,False,False,LOSS
105,13,3,1,ACTIVE_LT3,723,Mega Abomasnow ex,340.0,1,False,4,2,0,500.0,722,Snover,90.0,1,0,ACTIVE,39700.0,BENCH_POKEMON,True,False,WIN
106,4,1,1,ACTIVE_LT3,721,Kyogre,150.0,0,False,3,1,0,90.0,721,Kyogre,150.0,0,0,ACTIVE,39000.0,BENCH_POKEMON,True,False,WIN
106,6,2,0,ACTIVE_LT3,721,Kyogre,150.0,0,False,3,0,0,0.0,721,Kyogre,150.0,1,1,ACTIVE,39000.0,NONE,False,False,LOSS
106,9,3,1,ACTIVE_LT3,721,Kyogre,150.0,1,False,3,1,0,350.0,721,Kyogre,150.0,1,0,ACTIVE,39700.0,BENCH_POKEMON,True,False,WIN
106,11,4,0,ACTIVE_LT3,721,Kyogre,150.0,1,False,3,0,0,0.0,721,Kyogre,150.0,2,1,ACTIVE,39700.0,NONE,False,False,LOSS
106,13,5,1,ACTIVE_LT3,721,Kyogre,150.0,2,False,3,1,0,350.0,721,Kyogre,150.0,2,0,ACTIVE,40400.0,BENCH_POKEMON,True,False,WIN
106,17,6,0,ACTIVE_LT3,721,Kyogre,20.0,2,False,3,0,0,0.0,721,Kyogre,150.0,1,1,ACTIVE,40400.0,NONE,False,False,LOSS
106,21,7,1,ACTIVE_LT3,721,Kyogre,20.0,1,False,3,1,0,350.0,721,Kyogre,20.0,1,0,ACTIVE,39700.0,BENCH_POKEMON,True,False,WIN
107,4,1,1,ACTIVE_LT3,722,Snover,90.0,0,False,2,0,0,0.0,722,Snover,90.0,0,0,ACTIVE,39000.0,NONE,False,False,WIN
107,6,2,0,ACTIVE_LT3,722,Snover,90.0,0,False,2,0,0,0.0,722,Snover,90.0,1,0,ACTIVE,39000.0,NONE,False,False,LOSS
107,9,3,1,ACTIVE_LT3,723,Mega Abomasnow ex,340.0,1,False,4,0,0,0.0,722,Snover,90.0,1,0,ACTIVE,39700.0,NONE,False,False,WIN
108,4,1,1,ACTIVE_LT3,722,Snover,90.0,0,False,2,1,0,90.0,722,Snover,90.0,0,0,ACTIVE,39000.0,BENCH_POKEMON,True,False,WIN
108,6,2,0,ACTIVE_LT3,722,Snover,90.0,0,False,2,0,0,0.0,722,Snover,90.0,1,1,ACTIVE,39000.0,NONE,False,False,LOSS
108,8,3,1,ACTIVE_LT3,722,Snover,80.0,1,False,2,1,0,90.0,722,Snover,90.0,1,0,ACTIVE,39700.0,BENCH_POKEMON,True,False,WIN
108,10,4,0,ACTIVE_LT3,722,Snover,60.0,1,False,2,0,0,0.0,722,Snover,80.0,2,1,ACTIVE,39700.0,NONE,False,False,LOSS
108,12,5,1,ACTIVE_LT3,722,Snover,50.0,2,True,2,1,0,90.0,722,Snover,60.0,2,0,ACTIVE,40400.0,BENCH_POKEMON,True,True,WIN
108,14,6,0,ACTIVE_LT3,722,Snover,30.0,2,True,2,0,0,0.0,722,Snover,50.0,3,1,ACTIVE,40400.0,NONE,False,False,LOSS
108,16,7,1,ACTIVE_EQ3,722,Snover,20.0,3,True,2,1,0,90.0,722,Snover,30.0,3,0,ACTIVE,41100.0,BENCH_POKEMON,True,True,WIN
108,26,8,0,ACTIVE_EQ3,722,Snover,20.0,3,True,2,0,0,0.0,722,Snover,90.0,1,1,ACTIVE,41100.0,NONE,False,False,LOSS
108,28,9,1,ACTIVE_LT3,722,Snover,60.0,1,False,2,1,1,20.0,722,Snover,20.0,4,0,ACTIVE,39700.0,BENCH_POKEMON,True,False,WIN
109,4,1,1,ACTIVE_LT3,722,Snover,90.0,0,False,2,0,0,0.0,721,Kyogre,150.0,0,0,ACTIVE,39000.0,NONE,False,False,WIN
109,6,2,0,ACTIVE_LT3,721,Kyogre,150.0,0,False,3,0,0,0.0,722,Snover,90.0,1,0,ACTIVE,39000.0,NONE,False,False,LOSS
109,9,3,1,ACTIVE_LT3,723,Mega Abomasnow ex,350.0,1,False,4,0,0,0.0,721,Kyogre,150.0,1,0,ACTIVE,39700.0,NONE,False,False,WIN
110,5,1,1,ACTIVE_LT3,722,Snover,90.0,0,False,2,0,0,0.0,722,Snover,90.0,0,2,ACTIVE,39000.0,NONE,False,False,LOSS
110,9,2,0,ACTIVE_LT3,722,Snover,90.0,0,False,2,2,0,180.0,722,Snover,90.0,1,0,ACTIVE,39000.0,BENCH_POKEMON,True,False,WIN
110,12,3,1,ACTIVE_LT3,723,Mega Abomasnow ex,340.0,1,False,4,0,0,0.0,722,Snover,90.0,1,2,ACTIVE,39700.0,NONE,False,False,LOSS
110,17,4,0,ACTIVE_LT3,723,Mega Abomasnow ex,350.0,0,False,4,1,0,90.0,723,Mega Abomasnow ex,340.0,2,0,ACTIVE,39000.0,BENCH_POKEMON,True,False,WIN
110,25,5,1,ACTIVE_LT3,723,Mega Abomasnow ex,40.0,2,False,4,0,0,0.0,723,Mega Abomasnow ex,350.0,2,1,ACTIVE,40400.0,NONE,False,False,LOSS
110,27,6,0,ACTIVE_LT3,723,Mega Abomasnow ex,150.0,2,False,4,1,0,350.0,723,Mega Abomasnow ex,40.0,3,0,ACTIVE,40400.0,BENCH_POKEMON,True,False,WIN
111,3,1,1,ACTIVE_LT3,721,Kyogre,150.0,0,False,3,0,0,0.0,722,Snover,90.0,0,0,ACTIVE,39000.0,NONE,False,False,LOSS
111,4,1,1,ACTIVE_LT3,721,Kyogre,150.0,0,False,3,0,0,0.0,722,Snover,90.0,0,0,ACTIVE,39000.0,NONE,False,False,LOSS
111,8,2,0,ACTIVE_LT3,722,Snover,90.0,0,False,2,0,0,0.0,721,Kyogre,150.0,1,0,ACTIVE,39000.0,NONE,False,False,WIN
111,10,3,1,ACTIVE_LT3,721,Kyogre,140.0,1,False,3,0,0,0.0,722,Snover,90.0,1,0,ACTIVE,39700.0,NONE,False,False,LOSS
111,13,4,0,ACTIVE_LT3,723,Mega Abomasnow ex,350.0,1,False,4,0,0,0.0,721,Kyogre,140.0,2,0,ACTIVE,39700.0,NONE,False,False,WIN
112,3,1,1,ACTIVE_LT3,722,Snover,90.0,0,False,2,0,0,0.0,722,Snover,90.0,0,0,ACTIVE,39000.0,NONE,False,False,WIN
112,5,2,0,ACTIVE_LT3,722,Snover,90.0,0,False,2,0,0,0.0,722,Snover,90.0,1,0,ACTIVE,39000.0,NONE,False,False,LOSS
112,8,3,1,ACTIVE_LT3,723,Mega Abomasnow ex,340.0,1,False,4,0,0,0.0,722,Snover,90.0,1,0,ACTIVE,39700.0,NONE,False,False,WIN
113,5,1,1,ACTIVE_LT3,722,Snover,90.0,0,False,2,1,0,150.0,722,Snover,90.0,0,1,ACTIVE,39000.0,BENCH_POKEMON,True,False,LOSS
113,7,2,0,ACTIVE_LT3,722,Snover,90.0,0,False,2,1,0,150.0,722,Snover,90.0,1,1,ACTIVE,39000.0,BENCH_POKEMON,True,False,WIN
113,9,3,1,ACTIVE_LT3,722,Snover,80.0,1,False,2,1,0,150.0,722,Snover,90.0,1,1,ACTIVE,39700.0,BENCH_POKEMON,True,False,LOSS
113,12,4,0,ACTIVE_LT3,723,Mega Abomasnow ex,320.0,1,False,4,1,0,150.0,722,Snover,80.0,2,1,ACTIVE,39700.0,BENCH_POKEMON,True,False,WIN
113,16,5,1,ACTIVE_LT3,721,Kyogre,150.0,0,False,3,0,0,0.0,723,Mega Abomasnow ex,320.0,2,1,ACTIVE,39000.0,NONE,False,False,LOSS
113,18,6,0,ACTIVE_LT3,723,Mega Abomasnow ex,280.0,2,False,4,1,0,150.0,721,Kyogre,150.0,1,0,ACTIVE,40400.0,BENCH_POKEMON,True,False,WIN
114,4,1,1,ACTIVE_LT3,722,Snover,90.0,0,False,2,0,0,0.0,722,Snover,90.0,0,0,ACTIVE,39000.0,NONE,False,False,WIN
114,10,2,0,ACTIVE_LT3,722,Snover,90.0,0,False,2,0,0,0.0,722,Snover,90.0,1,0,ACTIVE,39000.0,NONE,False,False,LOSS
114,13,3,1,ACTIVE_LT3,723,Mega Abomasnow ex,340.0,1,False,4,0,0,0.0,722,Snover,90.0,1,0,ACTIVE,39700.0,NONE,False,False,WIN
115,8,2,0,ACTIVE_LT3,722,Snover,90.0,0,False,2,0,0,0.0,722,Snover,90.0,0,2,ACTIVE,39000.0,NONE,False,False,LOSS
115,13,3,1,ACTIVE_LT3,723,Mega Abomasnow ex,340.0,0,False,4,2,0,500.0,722,Snover,90.0,1,0,ACTIVE,39000.0,BENCH_POKEMON,True,False,WIN
115,15,4,0,ACTIVE_LT3,722,Snover,90.0,1,False,2,0,0,0.0,723,Mega Abomasnow ex,340.0,1,2,ACTIVE,39700.0,NONE,False,False,LOSS
115,17,5,1,ACTIVE_LT3,723,Mega Abomasnow ex,310.0,1,False,4,2,0,500.0,722,Snover,90.0,2,0,ACTIVE,39700.0,BENCH_POKEMON,True,False,WIN
116,4,1,1,ACTIVE_LT3,722,Snover,90.0,0,False,2,2,0,240.0,722,Snover,90.0,0,0,ACTIVE,39000.0,BENCH_POKEMON,True,False,WIN
116,6,2,0,ACTIVE_LT3,722,Snover,90.0,0,False,2,0,0,0.0,722,Snover,90.0,1,2,ACTIVE,39000.0,NONE,False,False,LOSS
116,8,3,1,ACTIVE_LT3,722,Snover,80.0,1,False,2,2,0,240.0,722,Snover,90.0,1,0,ACTIVE,39700.0,BENCH_POKEMON,True,False,WIN
116,10,4,0,ACTIVE_LT3,722,Snover,60.0,1,False,2,0,0,0.0,722,Snover,80.0,2,2,ACTIVE,39700.0,NONE,False,False,LOSS
116,12,5,1,ACTIVE_LT3,722,Snover,50.0,2,True,2,2,0,240.0,722,Snover,60.0,2,0,ACTIVE,40400.0,BENCH_POKEMON,True,True,WIN
116,14,6,0,ACTIVE_LT3,722,Snover,30.0,2,True,2,0,0,0.0,722,Snover,50.0,3,2,ACTIVE,40400.0,NONE,False,False,LOSS
116,16,7,1,ACTIVE_EQ3,722,Snover,20.0,3,True,2,2,0,240.0,722,Snover,30.0,3,0,ACTIVE,41100.0,BENCH_POKEMON,True,True,WIN
116,24,8,0,ACTIVE_EQ3,722,Snover,30.0,3,True,2,0,0,0.0,722,Snover,90.0,0,2,ACTIVE,41100.0,NONE,False,False,LOSS
116,26,9,1,ACTIVE_LT3,722,Snover,60.0,0,False,2,2,1,170.0,722,Snover,30.0,4,0,ACTIVE,39000.0,BENCH_POKEMON,True,False,WIN
116,28,10,0,ACTIVE_GE4,722,Snover,20.0,4,True,2,0,0,0.0,722,Snover,60.0,1,2,ACTIVE,41800.0,NONE,False,False,LOSS
116,30,11,1,ACTIVE_LT3,722,Snover,30.0,1,False,2,2,1,170.0,722,Snover,20.0,5,0,ACTIVE,39700.0,BENCH_POKEMON,True,False,WIN
117,4,1,1,ACTIVE_LT3,722,Snover,90.0,0,False,2,1,0,150.0,722,Snover,90.0,0,0,ACTIVE,39000.0,BENCH_POKEMON,True,False,WIN
117,5,1,1,ACTIVE_LT3,722,Snover,90.0,1,False,2,1,0,150.0,722,Snover,90.0,0,0,ACTIVE,39700.0,BENCH_POKEMON,True,False,WIN
117,7,2,0,ACTIVE_LT3,722,Snover,90.0,0,False,2,0,0,0.0,722,Snover,90.0,1,1,ACTIVE,39000.0,NONE,False,False,LOSS
117,10,3,1,ACTIVE_LT3,723,Mega Abomasnow ex,340.0,1,False,4,1,0,150.0,722,Snover,90.0,1,0,ACTIVE,39700.0,BENCH_POKEMON,True,False,WIN
118,4,1,1,ACTIVE_LT3,722,Snover,90.0,0,False,2,0,0,0.0,721,Kyogre,150.0,0,0,ACTIVE,39000.0,NONE,False,False,WIN
118,8,2,0,ACTIVE_LT3,721,Kyogre,150.0,0,False,3,0,0,0.0,722,Snover,90.0,1,0,ACTIVE,39000.0,NONE,False,False,LOSS
118,11,3,1,ACTIVE_LT3,723,Mega Abomasnow ex,350.0,1,False,4,0,0,0.0,721,Kyogre,150.0,1,0,ACTIVE,39700.0,NONE,False,False,WIN
119,5,1,1,ACTIVE_LT3,722,Snover,90.0,0,False,2,0,0,0.0,721,Kyogre,150.0,0,1,ACTIVE,39000.0,NONE,False,False,LOSS
119,7,2,0,ACTIVE_LT3,721,Kyogre,150.0,0,False,3,1,0,90.0,722,Snover,90.0,1,0,ACTIVE,39000.0,BENCH_POKEMON,True,False,WIN
119,9,3,1,ACTIVE_LT3,722,Snover,90.0,1,False,2,0,0,0.0,721,Kyogre,150.0,1,1,ACTIVE,39700.0,NONE,False,False,LOSS
119,12,4,0,ACTIVE_LT3,721,Kyogre,120.0,1,False,3,1,0,350.0,722,Snover,90.0,2,0,ACTIVE,39700.0,BENCH_POKEMON,True,False,WIN
119,14,5,1,ACTIVE_LT3,722,Snover,90.0,2,True,2,0,0,0.0,721,Kyogre,120.0,2,1,ACTIVE,40400.0,NONE,False,False,LOSS
119,16,6,0,ACTIVE_LT3,721,Kyogre,90.0,2,False,3,1,0,350.0,722,Snover,90.0,3,0,ACTIVE,40400.0,BENCH_POKEMON,True,False,WIN
120,4,1,1,ACTIVE_LT3,722,Snover,90.0,0,False,2,1,0,150.0,721,Kyogre,150.0,0,0,ACTIVE,39000.0,BENCH_POKEMON,True,False,WIN
120,8,2,0,ACTIVE_LT3,721,Kyogre,150.0,0,False,3,0,0,0.0,722,Snover,90.0,1,1,ACTIVE,39000.0,NONE,False,False,LOSS
120,9,2,0,ACTIVE_LT3,721,Kyogre,150.0,1,False,3,0,0,0.0,722,Snover,90.0,1,1,ACTIVE,39700.0,NONE,False,False,LOSS
120,12,3,1,ACTIVE_LT3,723,Mega Abomasnow ex,350.0,1,False,4,1,0,150.0,721,Kyogre,150.0,1,0,ACTIVE,39700.0,BENCH_POKEMON,True,False,WIN
121,4,1,1,ACTIVE_LT3,722,Snover,90.0,0,False,2,0,0,0.0,722,Snover,90.0,0,0,ACTIVE,39000.0,NONE,False,False,WIN
121,8,2,0,ACTIVE_LT3,722,Snover,90.0,0,False,2,0,0,0.0,722,Snover,90.0,1,0,ACTIVE,39000.0,NONE,False,False,LOSS
121,11,3,1,ACTIVE_LT3,723,Mega Abomasnow ex,340.0,1,False,4,0,0,0.0,722,Snover,90.0,1,0,ACTIVE,39700.0,NONE,False,False,WIN
122,4,1,1,ACTIVE_LT3,721,Kyogre,150.0,0,False,3,1,0,90.0,722,Snover,90.0,0,0,ACTIVE,39000.0,BENCH_POKEMON,True,False,WIN
122,8,2,0,ACTIVE_LT3,722,Snover,90.0,0,False,2,0,0,0.0,721,Kyogre,150.0,1,1,ACTIVE,39000.0,NONE,False,False,LOSS
122,9,2,0,ACTIVE_LT3,722,Snover,90.0,1,False,2,0,0,0.0,721,Kyogre,150.0,1,1,ACTIVE,39700.0,NONE,False,False,LOSS
122,12,3,1,ACTIVE_LT3,721,Kyogre,140.0,1,False,3,1,0,350.0,722,Snover,90.0,1,0,ACTIVE,39700.0,BENCH_POKEMON,True,False,WIN
122,14,4,0,ACTIVE_LT3,722,Snover,90.0,1,False,2,0,0,0.0,721,Kyogre,140.0,2,1,ACTIVE,39700.0,NONE,False,False,LOSS
122,16,5,1,ACTIVE_LT3,721,Kyogre,110.0,2,False,3,1,0,350.0,722,Snover,90.0,2,0,ACTIVE,40400.0,BENCH_POKEMON,True,False,WIN
123,4,1,1,ACTIVE_LT3,722,Snover,90.0,0,False,2,0,0,0.0,722,Snover,90.0,0,0,ACTIVE,39000.0,NONE,False,False,WIN
123,5,1,1,ACTIVE_LT3,722,Snover,90.0,1,False,2,0,0,0.0,722,Snover,90.0,0,0,ACTIVE,39700.0,NONE,False,False,WIN
123,12,2,0,ACTIVE_LT3,722,Snover,90.0,0,False,2,0,0,0.0,722,Snover,90.0,1,1,ACTIVE,39000.0,NONE,False,False,LOSS
123,13,2,0,ACTIVE_LT3,722,Snover,90.0,1,False,2,0,0,0.0,722,Snover,90.0,1,1,ACTIVE,39700.0,NONE,False,False,LOSS
123,16,3,1,ACTIVE_LT3,723,Mega Abomasnow ex,340.0,1,False,4,1,0,150.0,722,Snover,90.0,1,0,ACTIVE,39700.0,BENCH_POKEMON,True,False,WIN
124,5,1,1,ACTIVE_LT3,722,Snover,90.0,0,False,2,1,0,150.0,721,Kyogre,150.0,0,1,ACTIVE,39000.0,BENCH_POKEMON,True,False,LOSS
124,7,2,0,ACTIVE_LT3,721,Kyogre,150.0,0,False,3,1,0,90.0,722,Snover,90.0,1,1,ACTIVE,39000.0,BENCH_POKEMON,True,False,WIN
124,8,2,0,ACTIVE_LT3,721,Kyogre,150.0,1,False,3,1,0,90.0,722,Snover,90.0,1,1,ACTIVE,39700.0,BENCH_POKEMON,True,False,WIN
124,11,3,1,ACTIVE_LT3,723,Mega Abomasnow ex,350.0,1,False,4,1,0,150.0,721,Kyogre,150.0,1,1,ACTIVE,39700.0,BENCH_POKEMON,True,False,LOSS
124,16,4,0,ACTIVE_LT3,723,Mega Abomasnow ex,350.0,0,False,4,0,0,0.0,723,Mega Abomasnow ex,350.0,2,1,ACTIVE,39000.0,NONE,False,False,WIN
124,21,5,1,ACTIVE_LT3,723,Mega Abomasnow ex,350.0,2,False,4,1,0,150.0,723,Mega Abomasnow ex,350.0,1,2,ACTIVE,40400.0,BENCH_POKEMON,True,False,LOSS
124,23,6,0,ACTIVE_LT3,723,Mega Abomasnow ex,150.0,1,False,4,2,0,240.0,723,Mega Abomasnow ex,350.0,3,1,ACTIVE,39700.0,BENCH_POKEMON,True,False,WIN
124,25,7,1,ACTIVE_EQ3,723,Mega Abomasnow ex,80.0,3,False,4,1,0,150.0,723,Mega Abomasnow ex,150.0,2,2,ACTIVE,41100.0,BENCH_POKEMON,True,False,LOSS
124,36,8,0,ACTIVE_LT3,723,Mega Abomasnow ex,30.0,2,False,4,2,0,240.0,721,Kyogre,150.0,1,1,ACTIVE,40400.0,BENCH_POKEMON,True,False,WIN
124,40,9,1,ACTIVE_LT3,723,Mega Abomasnow ex,80.0,0,False,4,0,0,0.0,723,Mega Abomasnow ex,30.0,3,2,ACTIVE,39000.0,NONE,False,False,LOSS
124,47,10,0,ACTIVE_LT3,722,Snover,90.0,0,False,2,1,0,150.0,723,Mega Abomasnow ex,80.0,2,0,ACTIVE,39000.0,BENCH_POKEMON,True,False,WIN
124,49,11,1,ACTIVE_LT3,723,Mega Abomasnow ex,70.0,2,False,4,0,0,0.0,722,Snover,90.0,1,1,ACTIVE,40400.0,NONE,False,False,LOSS
124,53,12,0,ACTIVE_LT3,721,Kyogre,150.0,0,False,3,0,0,0.0,723,Mega Abomasnow ex,70.0,3,0,ACTIVE,39000.0,NONE,False,False,WIN
125,4,1,1,ACTIVE_LT3,722,Snover,90.0,0,False,2,0,0,0.0,722,Snover,90.0,0,0,ACTIVE,39000.0,NONE,False,False,WIN
125,5,1,1,ACTIVE_LT3,722,Snover,90.0,1,False,2,0,0,0.0,722,Snover,90.0,0,0,ACTIVE,39700.0,NONE,False,False,WIN
125,7,2,0,ACTIVE_LT3,722,Snover,90.0,0,False,2,0,0,0.0,722,Snover,90.0,1,0,ACTIVE,39000.0,NONE,False,False,LOSS
125,10,3,1,ACTIVE_LT3,723,Mega Abomasnow ex,340.0,1,False,4,0,0,0.0,722,Snover,90.0,1,0,ACTIVE,39700.0,NONE,False,False,WIN
126,4,1,1,ACTIVE_LT3,722,Snover,90.0,0,False,2,0,0,0.0,721,Kyogre,150.0,0,1,ACTIVE,39000.0,NONE,False,False,WIN
126,8,2,0,ACTIVE_LT3,721,Kyogre,150.0,0,False,3,1,0,90.0,722,Snover,90.0,1,0,ACTIVE,39000.0,BENCH_POKEMON,True,False,LOSS
126,11,3,1,ACTIVE_LT3,723,Mega Abomasnow ex,350.0,1,False,4,0,0,0.0,721,Kyogre,150.0,1,1,ACTIVE,39700.0,NONE,False,False,WIN
126,12,3,1,ACTIVE_LT3,723,Mega Abomasnow ex,350.0,2,False,4,0,0,0.0,721,Kyogre,150.0,1,1,ACTIVE,40400.0,NONE,False,False,WIN
126,16,4,0,ACTIVE_LT3,722,Snover,90.0,0,False,2,0,0,0.0,723,Mega Abomasnow ex,350.0,2,0,ACTIVE,39000.0,NONE,False,False,LOSS
126,18,5,1,ACTIVE_LT3,723,Mega Abomasnow ex,340.0,2,False,4,0,0,0.0,722,Snover,90.0,1,0,ACTIVE,40400.0,NONE,False,False,WIN
127,4,1,1,ACTIVE_LT3,721,Kyogre,150.0,0,False,3,0,0,0.0,722,Snover,90.0,0,0,ACTIVE,39000.0,NONE,False,False,LOSS
127,5,1,1,ACTIVE_LT3,721,Kyogre,150.0,1,False,3,0,0,0.0,722,Snover,90.0,0,0,ACTIVE,39700.0,NONE,False,False,LOSS
127,9,2,0,ACTIVE_LT3,722,Snover,90.0,0,False,2,0,0,0.0,721,Kyogre,150.0,1,0,ACTIVE,39000.0,NONE,False,False,WIN
127,10,2,0,ACTIVE_LT3,722,Snover,90.0,1,False,2,0,0,0.0,721,Kyogre,150.0,1,0,ACTIVE,39700.0,NONE,False,False,WIN
127,12,3,1,ACTIVE_LT3,721,Kyogre,140.0,1,False,3,0,0,0.0,722,Snover,90.0,1,0,ACTIVE,39700.0,NONE,False,False,LOSS
127,15,4,0,ACTIVE_LT3,723,Mega Abomasnow ex,350.0,1,False,4,0,0,0.0,721,Kyogre,140.0,2,0,ACTIVE,39700.0,NONE,False,False,WIN
127,17,5,1,ACTIVE_LT3,721,Kyogre,40.0,2,False,3,0,0,0.0,723,Mega Abomasnow ex,350.0,2,0,ACTIVE,40400.0,NONE,False,False,LOSS
127,21,6,0,ACTIVE_LT3,723,Mega Abomasnow ex,170.0,2,False,4,0,0,0.0,721,Kyogre,40.0,1,0,ACTIVE,40400.0,NONE,False,False,WIN
128,5,1,1,ACTIVE_LT3,721,Kyogre,150.0,0,False,3,0,0,0.0,722,Snover,90.0,0,1,ACTIVE,39000.0,NONE,False,False,WIN
128,7,2,0,ACTIVE_LT3,722,Snover,90.0,0,False,2,1,0,150.0,721,Kyogre,150.0,1,0,ACTIVE,39000.0,BENCH_POKEMON,True,False,LOSS
128,9,3,1,ACTIVE_LT3,721,Kyogre,140.0,1,False,3,0,0,0.0,722,Snover,90.0,1,1,ACTIVE,39700.0,NONE,False,False,WIN
128,11,4,0,ACTIVE_LT3,722,Snover,90.0,1,False,2,1,0,150.0,721,Kyogre,140.0,2,0,ACTIVE,39700.0,BENCH_POKEMON,True,False,LOSS
128,13,5,1,ACTIVE_LT3,721,Kyogre,110.0,2,False,3,0,0,0.0,722,Snover,90.0,2,1,ACTIVE,40400.0,NONE,False,False,WIN
128,19,6,0,ACTIVE_LT3,721,Kyogre,150.0,0,False,3,0,0,0.0,721,Kyogre,110.0,1,0,ACTIVE,39000.0,NONE,False,False,LOSS
128,21,7,1,ACTIVE_LT3,721,Kyogre,70.0,1,False,3,0,0,0.0,721,Kyogre,150.0,1,0,ACTIVE,39700.0,NONE,False,False,WIN
128,23,8,0,ACTIVE_LT3,721,Kyogre,110.0,1,False,3,0,0,0.0,721,Kyogre,70.0,2,0,ACTIVE,39700.0,NONE,False,False,LOSS
128,25,9,1,ACTIVE_LT3,721,Kyogre,70.0,2,False,3,0,0,0.0,721,Kyogre,110.0,2,0,ACTIVE,40400.0,NONE,False,False,WIN
129,5,1,1,ACTIVE_LT3,722,Snover,90.0,0,False,2,1,0,90.0,722,Snover,90.0,0,0,ACTIVE,39000.0,BENCH_POKEMON,True,False,WIN
129,9,2,0,ACTIVE_LT3,722,Snover,90.0,0,False,2,0,0,0.0,722,Snover,90.0,1,1,ACTIVE,39000.0,NONE,False,False,LOSS
129,10,2,0,ACTIVE_LT3,722,Snover,90.0,1,False,2,0,0,0.0,722,Snover,90.0,1,1,ACTIVE,39700.0,NONE,False,False,LOSS
129,14,3,1,ACTIVE_LT3,723,Mega Abomasnow ex,340.0,1,False,4,1,0,350.0,722,Snover,90.0,1,0,ACTIVE,39700.0,BENCH_POKEMON,True,False,WIN
130,4,1,1,ACTIVE_LT3,721,Kyogre,150.0,0,False,3,0,0,0.0,722,Snover,90.0,0,0,ACTIVE,39000.0,NONE,False,False,WIN
130,5,1,1,ACTIVE_LT3,721,Kyogre,150.0,1,False,3,0,0,0.0,722,Snover,90.0,0,0,ACTIVE,39700.0,NONE,False,False,WIN
130,9,2,0,ACTIVE_LT3,722,Snover,90.0,0,False,2,0,0,0.0,721,Kyogre,150.0,1,0,ACTIVE,39000.0,NONE,False,False,LOSS
130,11,3,1,ACTIVE_LT3,721,Kyogre,140.0,1,False,3,0,0,0.0,722,Snover,90.0,1,0,ACTIVE,39700.0,NONE,False,False,WIN
130,13,4,0,ACTIVE_LT3,722,Snover,90.0,1,False,2,0,0,0.0,721,Kyogre,140.0,2,0,ACTIVE,39700.0,NONE,False,False,LOSS
130,15,5,1,ACTIVE_LT3,721,Kyogre,110.0,2,False,3,0,0,0.0,722,Snover,90.0,2,0,ACTIVE,40400.0,NONE,False,False,WIN
131,3,1,1,ACTIVE_LT3,722,Snover,90.0,0,False,2,0,0,0.0,721,Kyogre,150.0,0,0,ACTIVE,39000.0,NONE,False,False,WIN
131,7,2,0,ACTIVE_LT3,721,Kyogre,150.0,0,False,3,0,0,0.0,722,Snover,90.0,1,0,ACTIVE,39000.0,NONE,False,False,LOSS
131,10,3,1,ACTIVE_LT3,723,Mega Abomasnow ex,350.0,1,False,4,0,0,0.0,721,Kyogre,150.0,1,0,ACTIVE,39700.0,NONE,False,False,WIN
132,4,1,1,ACTIVE_LT3,721,Kyogre,150.0,0,False,3,0,0,0.0,722,Snover,90.0,0,0,ACTIVE,39000.0,NONE,False,False,WIN
132,10,2,0,ACTIVE_LT3,722,Snover,90.0,0,False,2,0,0,0.0,721,Kyogre,150.0,1,0,ACTIVE,39000.0,NONE,False,False,LOSS
132,12,3,1,ACTIVE_LT3,721,Kyogre,140.0,1,False,3,0,0,0.0,722,Snover,90.0,1,0,ACTIVE,39700.0,NONE,False,False,WIN
132,14,4,0,ACTIVE_LT3,722,Snover,90.0,1,False,2,0,0,0.0,721,Kyogre,140.0,2,0,ACTIVE,39700.0,NONE,False,False,LOSS
132,16,5,1,ACTIVE_LT3,721,Kyogre,110.0,2,False,3,0,0,0.0,722,Snover,90.0,2,0,ACTIVE,40400.0,NONE,False,False,WIN
133,4,1,1,ACTIVE_LT3,722,Snover,90.0,0,False,2,0,0,0.0,721,Kyogre,150.0,0,0,ACTIVE,39000.0,NONE,False,False,WIN
133,8,2,0,ACTIVE_LT3,721,Kyogre,150.0,0,False,3,0,0,0.0,722,Snover,90.0,1,0,ACTIVE,39000.0,NONE,False,False,LOSS
133,11,3,1,ACTIVE_LT3,723,Mega Abomasnow ex,350.0,1,False,4,0,0,0.0,721,Kyogre,150.0,1,0,ACTIVE,39700.0,NONE,False,False,WIN
133,13,4,0,ACTIVE_LT3,721,Kyogre,50.0,1,False,3,0,0,0.0,723,Mega Abomasnow ex,350.0,2,0,ACTIVE,39700.0,NONE,False,False,LOSS
133,15,5,1,ACTIVE_LT3,723,Mega Abomasnow ex,350.0,2,False,4,0,0,0.0,721,Kyogre,50.0,2,0,ACTIVE,40400.0,NONE,False,False,WIN
134,4,1,1,ACTIVE_LT3,721,Kyogre,150.0,0,False,3,0,0,0.0,722,Snover,90.0,0,0,ACTIVE,39000.0,NONE,False,False,LOSS
134,6,2,0,ACTIVE_LT3,722,Snover,90.0,0,False,2,0,0,0.0,721,Kyogre,150.0,1,0,ACTIVE,39000.0,NONE,False,False,WIN
134,7,2,0,ACTIVE_LT3,722,Snover,90.0,1,False,2,0,0,0.0,721,Kyogre,150.0,1,0,ACTIVE,39700.0,NONE,False,False,WIN
134,9,3,1,ACTIVE_LT3,721,Kyogre,140.0,1,False,3,0,0,0.0,722,Snover,90.0,1,0,ACTIVE,39700.0,NONE,False,False,LOSS
134,12,4,0,ACTIVE_LT3,723,Mega Abomasnow ex,350.0,1,False,4,0,0,0.0,721,Kyogre,140.0,2,0,ACTIVE,39700.0,NONE,False,False,WIN
135,4,1,1,ACTIVE_LT3,722,Snover,90.0,0,False,2,0,0,0.0,722,Snover,90.0,0,0,ACTIVE,39000.0,NONE,False,False,WIN
135,6,2,0,ACTIVE_LT3,722,Snover,90.0,0,False,2,0,0,0.0,722,Snover,90.0,1,0,ACTIVE,39000.0,NONE,False,False,LOSS
135,7,2,0,ACTIVE_LT3,722,Snover,90.0,1,False,2,0,0,0.0,722,Snover,90.0,1,0,ACTIVE,39700.0,NONE,False,False,LOSS
135,9,3,1,ACTIVE_LT3,722,Snover,80.0,1,False,2,0,0,0.0,722,Snover,90.0,1,0,ACTIVE,39700.0,NONE,False,False,WIN
135,11,4,0,ACTIVE_LT3,722,Snover,60.0,1,False,2,0,0,0.0,722,Snover,80.0,2,0,ACTIVE,39700.0,NONE,False,False,LOSS
135,13,5,1,ACTIVE_LT3,722,Snover,50.0,2,True,2,0,0,0.0,722,Snover,60.0,2,0,ACTIVE,40400.0,NONE,False,False,WIN
135,15,6,0,ACTIVE_LT3,722,Snover,30.0,2,True,2,0,0,0.0,722,Snover,50.0,3,0,ACTIVE,40400.0,NONE,False,False,LOSS
135,17,7,1,ACTIVE_EQ3,722,Snover,20.0,3,True,2,0,0,0.0,722,Snover,30.0,3,0,ACTIVE,41100.0,NONE,False,False,WIN
136,4,1,1,ACTIVE_LT3,721,Kyogre,150.0,0,False,3,0,0,0.0,722,Snover,90.0,0,0,ACTIVE,39000.0,NONE,False,False,LOSS
136,8,2,0,ACTIVE_LT3,722,Snover,90.0,0,False,2,0,0,0.0,721,Kyogre,150.0,1,0,ACTIVE,39000.0,NONE,False,False,WIN
136,10,3,1,ACTIVE_LT3,721,Kyogre,140.0,1,False,3,0,0,0.0,722,Snover,90.0,1,0,ACTIVE,39700.0,NONE,False,False,LOSS
136,13,4,0,ACTIVE_LT3,723,Mega Abomasnow ex,350.0,1,False,4,0,0,0.0,721,Kyogre,140.0,2,0,ACTIVE,39700.0,NONE,False,False,WIN
137,5,1,1,ACTIVE_LT3,722,Snover,90.0,0,False,2,1,0,90.0,721,Kyogre,150.0,0,0,ACTIVE,39000.0,BENCH_POKEMON,True,False,WIN
137,9,2,0,ACTIVE_LT3,721,Kyogre,150.0,0,False,3,0,0,0.0,722,Snover,90.0,1,1,ACTIVE,39000.0,NONE,False,False,LOSS
137,10,2,0,ACTIVE_LT3,721,Kyogre,150.0,1,False,3,0,0,0.0,722,Snover,90.0,1,1,ACTIVE,39700.0,NONE,False,False,LOSS
137,14,3,1,ACTIVE_LT3,723,Mega Abomasnow ex,350.0,1,False,4,1,0,350.0,721,Kyogre,150.0,1,0,ACTIVE,39700.0,BENCH_POKEMON,True,False,WIN
138,4,1,1,ACTIVE_LT3,721,Kyogre,150.0,0,False,3,0,0,0.0,722,Snover,90.0,0,0,ACTIVE,39000.0,NONE,False,False,LOSS
138,6,2,0,ACTIVE_LT3,722,Snover,90.0,0,False,2,0,0,0.0,721,Kyogre,150.0,1,0,ACTIVE,39000.0,NONE,False,False,WIN
138,8,3,1,ACTIVE_LT3,721,Kyogre,140.0,1,False,3,0,0,0.0,722,Snover,90.0,1,0,ACTIVE,39700.0,NONE,False,False,LOSS
138,11,4,0,ACTIVE_LT3,723,Mega Abomasnow ex,350.0,1,False,4,0,0,0.0,721,Kyogre,140.0,2,0,ACTIVE,39700.0,NONE,False,False,WIN
139,4,1,1,ACTIVE_LT3,722,Snover,90.0,0,False,2,0,0,0.0,722,Snover,90.0,0,1,ACTIVE,39000.0,NONE,False,False,LOSS
139,7,2,0,ACTIVE_LT3,722,Snover,90.0,0,False,2,1,0,90.0,722,Snover,90.0,1,1,ACTIVE,39000.0,BENCH_POKEMON,True,False,WIN
139,9,3,1,ACTIVE_LT3,722,Snover,80.0,1,False,2,1,0,90.0,722,Snover,90.0,1,1,ACTIVE,39700.0,BENCH_POKEMON,True,False,LOSS
139,11,4,0,ACTIVE_LT3,722,Snover,60.0,1,False,2,1,0,90.0,722,Snover,80.0,2,1,ACTIVE,39700.0,BENCH_POKEMON,True,False,WIN
139,13,5,1,ACTIVE_LT3,722,Snover,50.0,2,True,2,1,0,90.0,722,Snover,60.0,2,1,ACTIVE,40400.0,BENCH_POKEMON,True,True,LOSS
139,15,6,0,ACTIVE_LT3,722,Snover,30.0,2,True,2,1,0,90.0,722,Snover,50.0,3,1,ACTIVE,40400.0,BENCH_POKEMON,True,True,WIN
139,24,7,1,ACTIVE_EQ3,722,Snover,50.0,3,True,2,1,0,90.0,723,Mega Abomasnow ex,350.0,0,1,ACTIVE,41100.0,BENCH_POKEMON,True,True,LOSS
139,27,8,0,ACTIVE_LT3,723,Mega Abomasnow ex,320.0,0,False,4,1,0,290.0,722,Snover,50.0,4,1,ACTIVE,39000.0,BENCH_POKEMON,True,False,WIN
139,31,9,1,ACTIVE_GE4,722,Snover,50.0,4,True,2,1,0,90.0,723,Mega Abomasnow ex,320.0,1,1,ACTIVE,41800.0,BENCH_POKEMON,True,True,LOSS
139,33,10,0,ACTIVE_LT3,723,Mega Abomasnow ex,290.0,1,False,4,1,0,290.0,722,Snover,50.0,5,1,ACTIVE,39700.0,BENCH_POKEMON,True,False,WIN
139,37,11,1,ACTIVE_LT3,722,Snover,90.0,0,False,2,0,0,0.0,723,Mega Abomasnow ex,290.0,2,1,ACTIVE,39000.0,NONE,False,False,LOSS
139,39,12,0,ACTIVE_LT3,723,Mega Abomasnow ex,280.0,2,False,4,1,0,290.0,722,Snover,90.0,1,0,ACTIVE,40400.0,BENCH_POKEMON,True,False,WIN
140,3,1,1,ACTIVE_LT3,722,Snover,90.0,0,False,2,0,0,0.0,721,Kyogre,150.0,0,0,ACTIVE,39000.0,NONE,False,False,LOSS
140,4,1,1,ACTIVE_LT3,722,Snover,90.0,1,False,2,0,0,0.0,721,Kyogre,150.0,0,0,ACTIVE,39700.0,NONE,False,False,LOSS
140,6,2,0,ACTIVE_LT3,721,Kyogre,150.0,0,False,3,0,0,0.0,722,Snover,90.0,1,0,ACTIVE,39000.0,NONE,False,False,WIN
140,8,3,1,ACTIVE_LT3,722,Snover,90.0,1,False,2,0,0,0.0,721,Kyogre,150.0,1,0,ACTIVE,39700.0,NONE,False,False,LOSS
140,10,4,0,ACTIVE_LT3,721,Kyogre,120.0,1,False,3,0,0,0.0,722,Snover,90.0,2,0,ACTIVE,39700.0,NONE,False,False,WIN
140,12,5,1,ACTIVE_LT3,722,Snover,90.0,2,True,2,0,0,0.0,721,Kyogre,120.0,2,0,ACTIVE,40400.0,NONE,False,False,LOSS
140,14,6,0,ACTIVE_LT3,721,Kyogre,90.0,2,False,3,0,0,0.0,722,Snover,90.0,3,0,ACTIVE,40400.0,NONE,False,False,WIN
141,3,1,1,ACTIVE_LT3,722,Snover,90.0,0,False,2,0,0,0.0,722,Snover,90.0,0,0,ACTIVE,39000.0,NONE,False,False,WIN
141,9,2,0,ACTIVE_LT3,722,Snover,90.0,0,False,2,0,0,0.0,722,Snover,90.0,1,0,ACTIVE,39000.0,NONE,False,False,LOSS
141,12,3,1,ACTIVE_LT3,723,Mega Abomasnow ex,340.0,1,False,4,0,0,0.0,722,Snover,90.0,1,0,ACTIVE,39700.0,NONE,False,False,WIN
142,4,1,1,ACTIVE_LT3,722,Snover,90.0,0,False,2,1,0,90.0,722,Snover,90.0,0,0,ACTIVE,39000.0,BENCH_POKEMON,True,False,WIN
142,8,2,0,ACTIVE_LT3,722,Snover,90.0,0,False,2,0,0,0.0,722,Snover,90.0,1,1,ACTIVE,39000.0,NONE,False,False,LOSS
142,11,3,1,ACTIVE_LT3,723,Mega Abomasnow ex,340.0,1,False,4,1,0,90.0,722,Snover,90.0,1,0,ACTIVE,39700.0,BENCH_POKEMON,True,False,WIN
143,3,1,1,ACTIVE_LT3,722,Snover,90.0,0,False,2,0,0,0.0,722,Snover,90.0,0,0,ACTIVE,39000.0,NONE,False,False,WIN
143,5,2,0,ACTIVE_LT3,722,Snover,90.0,0,False,2,0,0,0.0,722,Snover,90.0,1,0,ACTIVE,39000.0,NONE,False,False,LOSS
143,6,2,0,ACTIVE_LT3,722,Snover,90.0,1,False,2,0,0,0.0,722,Snover,90.0,1,0,ACTIVE,39700.0,NONE,False,False,LOSS
143,9,3,1,ACTIVE_LT3,723,Mega Abomasnow ex,340.0,1,False,4,0,0,0.0,722,Snover,90.0,1,0,ACTIVE,39700.0,NONE,False,False,WIN
144,6,1,1,ACTIVE_LT3,721,Kyogre,150.0,0,False,3,1,0,90.0,721,Kyogre,150.0,0,1,ACTIVE,39000.0,BENCH_POKEMON,True,False,WIN
144,11,2,0,ACTIVE_LT3,721,Kyogre,150.0,0,False,3,1,0,150.0,721,Kyogre,150.0,1,2,ACTIVE,39000.0,BENCH_POKEMON,True,False,LOSS
144,14,3,1,ACTIVE_LT3,721,Kyogre,150.0,1,False,3,2,0,440.0,721,Kyogre,150.0,1,1,ACTIVE,39700.0,BENCH_POKEMON,True,False,WIN
144,16,4,0,ACTIVE_LT3,721,Kyogre,150.0,1,False,3,1,0,150.0,721,Kyogre,150.0,2,2,ACTIVE,39700.0,BENCH_POKEMON,True,False,LOSS
144,18,5,1,ACTIVE_LT3,721,Kyogre,150.0,2,False,3,2,0,440.0,721,Kyogre,150.0,2,1,ACTIVE,40400.0,BENCH_POKEMON,True,False,WIN
144,22,6,0,ACTIVE_LT3,721,Kyogre,20.0,2,False,3,1,0,150.0,721,Kyogre,150.0,1,2,ACTIVE,40400.0,BENCH_POKEMON,True,False,LOSS
144,32,7,1,ACTIVE_LT3,721,Kyogre,90.0,1,False,3,2,0,440.0,721,Kyogre,150.0,1,1,ACTIVE,39700.0,BENCH_POKEMON,True,False,WIN
144,34,8,0,ACTIVE_LT3,721,Kyogre,110.0,1,False,3,1,0,20.0,721,Kyogre,90.0,2,2,ACTIVE,39700.0,BENCH_POKEMON,True,False,LOSS
144,36,9,1,ACTIVE_LT3,721,Kyogre,90.0,2,False,3,2,0,440.0,721,Kyogre,110.0,2,1,ACTIVE,40400.0,BENCH_POKEMON,True,False,WIN
144,38,10,0,ACTIVE_LT3,721,Kyogre,110.0,2,False,3,1,0,20.0,721,Kyogre,90.0,2,2,ACTIVE,40400.0,BENCH_POKEMON,True,False,LOSS
144,44,11,1,ACTIVE_LT3,723,Mega Abomasnow ex,350.0,0,False,4,1,0,90.0,721,Kyogre,110.0,1,1,ACTIVE,39000.0,BENCH_POKEMON,True,False,WIN
144,51,12,0,ACTIVE_LT3,721,Kyogre,20.0,0,False,3,0,0,0.0,723,Mega Abomasnow ex,350.0,2,1,ACTIVE,39000.0,NONE,False,False,LOSS
145,5,1,1,ACTIVE_LT3,722,Snover,90.0,0,False,2,0,0,0.0,722,Snover,90.0,0,1,ACTIVE,39000.0,NONE,False,False,LOSS
145,7,2,0,ACTIVE_LT3,722,Snover,90.0,0,False,2,1,0,90.0,722,Snover,90.0,1,0,ACTIVE,39000.0,BENCH_POKEMON,True,False,WIN
145,8,2,0,ACTIVE_LT3,722,Snover,90.0,1,False,2,1,0,90.0,722,Snover,90.0,1,0,ACTIVE,39700.0,BENCH_POKEMON,True,False,WIN
145,10,3,1,ACTIVE_LT3,722,Snover,80.0,1,False,2,0,0,0.0,722,Snover,90.0,1,1,ACTIVE,39700.0,NONE,False,False,LOSS
145,13,4,0,ACTIVE_LT3,723,Mega Abomasnow ex,320.0,1,False,4,1,0,90.0,722,Snover,80.0,2,0,ACTIVE,39700.0,BENCH_POKEMON,True,False,WIN
146,5,1,1,ACTIVE_LT3,722,Snover,90.0,0,False,2,2,0,240.0,722,Snover,90.0,0,0,ACTIVE,39000.0,BENCH_POKEMON,True,False,LOSS
146,7,2,0,ACTIVE_LT3,722,Snover,90.0,0,False,2,0,0,0.0,722,Snover,90.0,1,2,ACTIVE,39000.0,NONE,False,False,WIN
146,9,3,1,ACTIVE_LT3,722,Snover,80.0,1,False,2,2,0,240.0,722,Snover,90.0,1,0,ACTIVE,39700.0,BENCH_POKEMON,True,False,LOSS
146,12,4,0,ACTIVE_LT3,723,Mega Abomasnow ex,320.0,1,False,4,0,0,0.0,722,Snover,80.0,2,2,ACTIVE,39700.0,NONE,False,False,WIN
146,13,4,0,ACTIVE_LT3,723,Mega Abomasnow ex,320.0,2,False,4,0,0,0.0,722,Snover,80.0,2,2,ACTIVE,40400.0,NONE,False,False,WIN
146,17,5,1,ACTIVE_LT3,721,Kyogre,150.0,0,False,3,1,0,90.0,723,Mega Abomasnow ex,320.0,2,0,ACTIVE,39000.0,BENCH_POKEMON,True,False,LOSS
146,19,6,0,ACTIVE_LT3,723,Mega Abomasnow ex,280.0,2,False,4,0,0,0.0,721,Kyogre,150.0,1,1,ACTIVE,40400.0,NONE,False,False,WIN
146,23,7,1,ACTIVE_LT3,722,Snover,90.0,0,False,2,0,0,0.0,723,Mega Abomasnow ex,280.0,3,0,ACTIVE,39000.0,NONE,False,False,LOSS
146,25,8,0,ACTIVE_EQ3,723,Mega Abomasnow ex,280.0,3,False,4,0,0,0.0,722,Snover,90.0,1,0,ACTIVE,41100.0,NONE,False,False,WIN
147,5,1,1,ACTIVE_LT3,722,Snover,90.0,0,False,2,0,0,0.0,721,Kyogre,150.0,0,1,ACTIVE,39000.0,NONE,False,False,LOSS
147,9,2,0,ACTIVE_LT3,721,Kyogre,150.0,0,False,3,1,0,90.0,722,Snover,90.0,1,0,ACTIVE,39000.0,BENCH_POKEMON,True,False,WIN
147,10,2,0,ACTIVE_LT3,721,Kyogre,150.0,0,False,3,1,0,90.0,722,Snover,90.0,1,0,ACTIVE,39000.0,BENCH_POKEMON,True,False,WIN
147,13,3,1,ACTIVE_LT3,723,Mega Abomasnow ex,350.0,1,False,4,0,0,0.0,721,Kyogre,150.0,1,1,ACTIVE,39700.0,NONE,False,False,LOSS
147,18,4,0,ACTIVE_LT3,723,Mega Abomasnow ex,350.0,0,False,4,0,0,0.0,723,Mega Abomasnow ex,350.0,2,0,ACTIVE,39000.0,NONE,False,False,WIN
147,25,5,1,ACTIVE_LT3,723,Mega Abomasnow ex,350.0,2,False,4,0,0,0.0,723,Mega Abomasnow ex,350.0,1,2,ACTIVE,40400.0,NONE,False,False,LOSS
147,28,6,0,ACTIVE_LT3,723,Mega Abomasnow ex,150.0,1,False,4,2,0,440.0,723,Mega Abomasnow ex,350.0,3,0,ACTIVE,39700.0,BENCH_POKEMON,True,False,WIN
148,3,1,1,ACTIVE_LT3,722,Snover,90.0,0,False,2,0,0,0.0,722,Snover,90.0,0,0,ACTIVE,39000.0,NONE,False,False,WIN
148,5,2,0,ACTIVE_LT3,722,Snover,90.0,0,False,2,0,0,0.0,722,Snover,90.0,1,0,ACTIVE,39000.0,NONE,False,False,LOSS
148,8,3,1,ACTIVE_LT3,723,Mega Abomasnow ex,340.0,1,False,4,0,0,0.0,722,Snover,90.0,1,0,ACTIVE,39700.0,NONE,False,False,WIN
149,5,1,1,ACTIVE_LT3,722,Snover,90.0,0,False,2,1,0,90.0,722,Snover,90.0,0,1,ACTIVE,39000.0,BENCH_POKEMON,True,False,LOSS
149,7,2,0,ACTIVE_LT3,722,Snover,90.0,0,False,2,1,0,90.0,722,Snover,90.0,1,1,ACTIVE,39000.0,BENCH_POKEMON,True,False,WIN
149,9,3,1,ACTIVE_LT3,722,Snover,80.0,1,False,2,1,0,90.0,722,Snover,90.0,1,1,ACTIVE,39700.0,BENCH_POKEMON,True,False,LOSS
149,11,4,0,ACTIVE_LT3,722,Snover,60.0,1,False,2,1,0,90.0,722,Snover,80.0,2,1,ACTIVE,39700.0,BENCH_POKEMON,True,False,WIN
149,13,5,1,ACTIVE_LT3,722,Snover,50.0,2,True,2,1,0,90.0,722,Snover,60.0,2,1,ACTIVE,40400.0,BENCH_POKEMON,True,True,LOSS
149,15,6,0,ACTIVE_LT3,722,Snover,30.0,2,True,2,1,0,90.0,722,Snover,50.0,3,1,ACTIVE,40400.0,BENCH_POKEMON,True,True,WIN
149,16,6,0,ACTIVE_EQ3,722,Snover,30.0,3,True,2,1,0,90.0,722,Snover,50.0,3,1,ACTIVE,41100.0,BENCH_POKEMON,True,True,WIN
149,27,7,1,ACTIVE_EQ3,722,Snover,50.0,3,True,2,1,0,90.0,723,Mega Abomasnow ex,350.0,0,2,ACTIVE,41100.0,BENCH_POKEMON,True,True,LOSS
149,29,8,0,ACTIVE_LT3,723,Mega Abomasnow ex,320.0,0,False,4,2,0,180.0,722,Snover,50.0,4,1,ACTIVE,39000.0,BENCH_POKEMON,True,False,WIN
149,31,9,1,ACTIVE_GE4,722,Snover,50.0,4,True,2,1,0,90.0,723,Mega Abomasnow ex,320.0,1,2,ACTIVE,41800.0,BENCH_POKEMON,True,True,LOSS
149,33,10,0,ACTIVE_LT3,723,Mega Abomasnow ex,290.0,1,False,4,2,0,180.0,722,Snover,50.0,5,1,ACTIVE,39700.0,BENCH_POKEMON,True,False,WIN
149,37,11,1,ACTIVE_LT3,722,Snover,90.0,0,False,2,0,0,0.0,723,Mega Abomasnow ex,290.0,2,2,ACTIVE,39000.0,NONE,False,False,LOSS
149,40,12,0,ACTIVE_LT3,723,Mega Abomasnow ex,280.0,2,False,4,2,0,440.0,722,Snover,90.0,1,0,ACTIVE,40400.0,BENCH_POKEMON,True,False,WIN
150,3,1,1,ACTIVE_LT3,722,Snover,90.0,0,False,2,0,0,0.0,722,Snover,90.0,0,0,ACTIVE,39000.0,NONE,False,False,WIN
150,5,2,0,ACTIVE_LT3,722,Snover,90.0,0,False,2,0,0,0.0,722,Snover,90.0,1,0,ACTIVE,39000.0,NONE,False,False,LOSS
150,8,3,1,ACTIVE_LT3,723,Mega Abomasnow ex,340.0,1,False,4,0,0,0.0,722,Snover,90.0,1,0,ACTIVE,39700.0,NONE,False,False,WIN
151,4,1,1,ACTIVE_LT3,722,Snover,90.0,0,False,2,0,0,0.0,722,Snover,90.0,0,1,ACTIVE,39000.0,NONE,False,False,WIN
151,6,2,0,ACTIVE_LT3,722,Snover,90.0,0,False,2,1,0,150.0,722,Snover,90.0,1,0,ACTIVE,39000.0,BENCH_POKEMON,True,False,LOSS
151,9,3,1,ACTIVE_LT3,723,Mega Abomasnow ex,340.0,1,False,4,0,0,0.0,722,Snover,90.0,1,1,ACTIVE,39700.0,NONE,False,False,WIN
151,13,4,0,ACTIVE_LT3,721,Kyogre,150.0,0,False,3,0,0,0.0,723,Mega Abomasnow ex,340.0,2,0,ACTIVE,39000.0,NONE,False,False,LOSS
151,15,5,1,ACTIVE_LT3,723,Mega Abomasnow ex,320.0,2,False,4,0,0,0.0,721,Kyogre,150.0,1,0,ACTIVE,40400.0,NONE,False,False,WIN
152,4,1,1,ACTIVE_LT3,721,Kyogre,150.0,0,False,3,0,0,0.0,721,Kyogre,150.0,0,0,ACTIVE,39000.0,NONE,False,False,WIN
152,6,2,0,ACTIVE_LT3,721,Kyogre,150.0,0,False,3,0,0,0.0,721,Kyogre,150.0,1,0,ACTIVE,39000.0,NONE,False,False,LOSS
152,7,2,0,ACTIVE_LT3,721,Kyogre,150.0,1,False,3,0,0,0.0,721,Kyogre,150.0,1,0,ACTIVE,39700.0,NONE,False,False,LOSS
152,9,3,1,ACTIVE_LT3,721,Kyogre,150.0,1,False,3,0,0,0.0,721,Kyogre,150.0,1,0,ACTIVE,39700.0,NONE,False,False,WIN
152,11,4,0,ACTIVE_LT3,721,Kyogre,150.0,1,False,3,0,0,0.0,721,Kyogre,150.0,2,0,ACTIVE,39700.0,NONE,False,False,LOSS
152,13,5,1,ACTIVE_LT3,721,Kyogre,150.0,2,False,3,0,0,0.0,721,Kyogre,150.0,2,0,ACTIVE,40400.0,NONE,False,False,WIN
152,17,6,0,ACTIVE_LT3,721,Kyogre,20.0,2,False,3,0,0,0.0,721,Kyogre,150.0,1,0,ACTIVE,40400.0,NONE,False,False,LOSS
152,21,7,1,ACTIVE_LT3,721,Kyogre,20.0,1,False,3,0,0,0.0,721,Kyogre,20.0,1,0,ACTIVE,39700.0,NONE,False,False,WIN
152,22,7,1,ACTIVE_LT3,721,Kyogre,20.0,2,False,3,0,0,0.0,721,Kyogre,20.0,1,0,ACTIVE,40400.0,NONE,False,False,WIN
153,4,1,1,ACTIVE_LT3,722,Snover,90.0,0,False,2,0,0,0.0,722,Snover,90.0,0,0,ACTIVE,39000.0,NONE,False,False,WIN
153,6,2,0,ACTIVE_LT3,722,Snover,90.0,0,False,2,0,0,0.0,722,Snover,90.0,1,0,ACTIVE,39000.0,NONE,False,False,LOSS
153,8,3,1,ACTIVE_LT3,722,Snover,80.0,1,False,2,0,0,0.0,722,Snover,90.0,1,0,ACTIVE,39700.0,NONE,False,False,WIN
153,10,4,0,ACTIVE_LT3,722,Snover,60.0,1,False,2,0,0,0.0,722,Snover,80.0,2,0,ACTIVE,39700.0,NONE,False,False,LOSS
153,12,5,1,ACTIVE_LT3,722,Snover,50.0,2,True,2,0,0,0.0,722,Snover,60.0,2,0,ACTIVE,40400.0,NONE,False,False,WIN
153,14,6,0,ACTIVE_LT3,722,Snover,30.0,2,True,2,0,0,0.0,722,Snover,50.0,3,0,ACTIVE,40400.0,NONE,False,False,LOSS
153,16,7,1,ACTIVE_EQ3,722,Snover,20.0,3,True,2,0,0,0.0,722,Snover,30.0,3,0,ACTIVE,41100.0,NONE,False,False,WIN
154,3,1,1,ACTIVE_LT3,721,Kyogre,150.0,0,False,3,0,0,0.0,722,Snover,90.0,0,0,ACTIVE,39000.0,NONE,False,False,LOSS
154,4,1,1,ACTIVE_LT3,721,Kyogre,150.0,1,False,3,0,0,0.0,722,Snover,90.0,0,0,ACTIVE,39700.0,NONE,False,False,LOSS
154,6,2,0,ACTIVE_LT3,722,Snover,90.0,0,False,2,0,0,0.0,721,Kyogre,150.0,1,0,ACTIVE,39000.0,NONE,False,False,WIN
154,7,2,0,ACTIVE_LT3,722,Snover,90.0,1,False,2,0,0,0.0,721,Kyogre,150.0,1,0,ACTIVE,39700.0,NONE,False,False,WIN
154,9,3,1,ACTIVE_LT3,721,Kyogre,140.0,1,False,3,0,0,0.0,722,Snover,90.0,1,0,ACTIVE,39700.0,NONE,False,False,LOSS
154,12,4,0,ACTIVE_LT3,723,Mega Abomasnow ex,350.0,1,False,4,0,0,0.0,721,Kyogre,140.0,2,0,ACTIVE,39700.0,NONE,False,False,WIN
155,5,1,1,ACTIVE_LT3,721,Kyogre,150.0,0,False,3,1,0,90.0,721,Kyogre,150.0,0,0,ACTIVE,39000.0,BENCH_POKEMON,True,False,WIN
155,6,1,1,ACTIVE_LT3,721,Kyogre,150.0,1,False,3,1,0,90.0,721,Kyogre,150.0,0,0,ACTIVE,39700.0,BENCH_POKEMON,True,False,WIN
155,8,2,0,ACTIVE_LT3,721,Kyogre,150.0,0,False,3,0,0,0.0,721,Kyogre,150.0,1,1,ACTIVE,39000.0,NONE,False,False,LOSS
155,10,3,1,ACTIVE_LT3,721,Kyogre,150.0,1,False,3,1,0,90.0,721,Kyogre,150.0,1,0,ACTIVE,39700.0,BENCH_POKEMON,True,False,WIN
155,12,4,0,ACTIVE_LT3,721,Kyogre,150.0,1,False,3,0,0,0.0,721,Kyogre,150.0,2,1,ACTIVE,39700.0,NONE,False,False,LOSS
155,14,5,1,ACTIVE_LT3,721,Kyogre,150.0,2,False,3,1,0,90.0,721,Kyogre,150.0,2,0,ACTIVE,40400.0,BENCH_POKEMON,True,False,WIN
155,18,6,0,ACTIVE_LT3,721,Kyogre,20.0,2,False,3,0,0,0.0,721,Kyogre,150.0,1,1,ACTIVE,40400.0,NONE,False,False,LOSS
155,22,7,1,ACTIVE_LT3,721,Kyogre,20.0,1,False,3,1,0,90.0,721,Kyogre,20.0,1,0,ACTIVE,39700.0,BENCH_POKEMON,True,False,WIN
156,4,1,1,ACTIVE_LT3,722,Snover,90.0,0,False,2,0,0,0.0,722,Snover,90.0,0,0,ACTIVE,39000.0,NONE,False,False,WIN
156,12,2,0,ACTIVE_LT3,722,Snover,90.0,0,False,2,0,0,0.0,722,Snover,90.0,1,1,ACTIVE,39000.0,NONE,False,False,LOSS
156,13,2,0,ACTIVE_LT3,722,Snover,90.0,1,False,2,0,0,0.0,722,Snover,90.0,1,1,ACTIVE,39700.0,NONE,False,False,LOSS
156,16,3,1,ACTIVE_LT3,723,Mega Abomasnow ex,340.0,1,False,4,1,0,150.0,722,Snover,90.0,1,0,ACTIVE,39700.0,BENCH_POKEMON,True,False,WIN
157,4,1,1,ACTIVE_LT3,721,Kyogre,150.0,0,False,3,0,0,0.0,722,Snover,90.0,0,0,ACTIVE,39000.0,NONE,False,False,LOSS
157,6,2,0,ACTIVE_LT3,722,Snover,90.0,0,False,2,0,0,0.0,721,Kyogre,150.0,1,0,ACTIVE,39000.0,NONE,False,False,WIN
157,8,3,1,ACTIVE_LT3,721,Kyogre,140.0,1,False,3,0,0,0.0,722,Snover,90.0,1,0,ACTIVE,39700.0,NONE,False,False,LOSS
157,11,4,0,ACTIVE_LT3,723,Mega Abomasnow ex,350.0,1,False,4,0,0,0.0,721,Kyogre,140.0,2,0,ACTIVE,39700.0,NONE,False,False,WIN
158,6,1,1,ACTIVE_LT3,722,Snover,90.0,0,False,2,1,0,90.0,722,Snover,90.0,0,1,ACTIVE,39000.0,BENCH_POKEMON,True,False,WIN
158,12,2,0,ACTIVE_LT3,722,Snover,90.0,0,False,2,1,0,150.0,722,Snover,90.0,1,1,ACTIVE,39000.0,BENCH_POKEMON,True,False,LOSS
158,16,3,1,ACTIVE_LT3,723,Mega Abomasnow ex,340.0,1,False,4,1,0,350.0,722,Snover,90.0,1,1,ACTIVE,39700.0,BENCH_POKEMON,True,False,WIN
158,20,4,0,ACTIVE_LT3,721,Kyogre,150.0,0,False,3,0,0,0.0,723,Mega Abomasnow ex,340.0,2,1,ACTIVE,39000.0,NONE,False,False,LOSS
158,22,5,1,ACTIVE_LT3,723,Mega Abomasnow ex,320.0,2,False,4,1,0,350.0,721,Kyogre,150.0,1,0,ACTIVE,40400.0,BENCH_POKEMON,True,False,WIN
159,5,1,1,ACTIVE_LT3,722,Snover,90.0,0,False,2,1,0,150.0,722,Snover,90.0,0,0,ACTIVE,39000.0,BENCH_POKEMON,True,False,LOSS
159,6,1,1,ACTIVE_LT3,722,Snover,90.0,0,False,2,1,0,150.0,722,Snover,90.0,0,0,ACTIVE,39000.0,BENCH_POKEMON,True,False,LOSS
159,8,2,0,ACTIVE_LT3,722,Snover,90.0,0,False,2,0,0,0.0,722,Snover,90.0,1,1,ACTIVE,39000.0,NONE,False,False,WIN
159,10,3,1,ACTIVE_LT3,722,Snover,80.0,1,False,2,1,0,150.0,722,Snover,90.0,1,0,ACTIVE,39700.0,BENCH_POKEMON,True,False,LOSS
159,13,4,0,ACTIVE_LT3,723,Mega Abomasnow ex,320.0,1,False,4,0,0,0.0,722,Snover,80.0,2,1,ACTIVE,39700.0,NONE,False,False,WIN
159,17,5,1,ACTIVE_LT3,721,Kyogre,150.0,0,False,3,0,0,0.0,723,Mega Abomasnow ex,320.0,2,0,ACTIVE,39000.0,NONE,False,False,LOSS
159,19,6,0,ACTIVE_LT3,723,Mega Abomasnow ex,280.0,2,False,4,0,0,0.0,721,Kyogre,150.0,1,0,ACTIVE,40400.0,NONE,False,False,WIN
160,4,1,1,ACTIVE_LT3,721,Kyogre,150.0,0,False,3,0,0,0.0,721,Kyogre,150.0,0,1,ACTIVE,39000.0,NONE,False,False,LOSS
160,6,2,0,ACTIVE_LT3,721,Kyogre,150.0,0,False,3,1,0,150.0,721,Kyogre,150.0,1,0,ACTIVE,39000.0,BENCH_POKEMON,True,False,WIN
160,8,3,1,ACTIVE_LT3,721,Kyogre,150.0,1,False,3,0,0,0.0,721,Kyogre,150.0,1,1,ACTIVE,39700.0,NONE,False,False,LOSS
160,10,4,0,ACTIVE_LT3,721,Kyogre,150.0,1,False,3,1,0,150.0,721,Kyogre,150.0,2,0,ACTIVE,39700.0,BENCH_POKEMON,True,False,WIN
160,13,6,0,ACTIVE_LT3,721,Kyogre,150.0,2,False,3,1,0,150.0,721,Kyogre,150.0,2,0,ACTIVE,40400.0,BENCH_POKEMON,True,False,WIN
160,18,8,0,ACTIVE_LT3,721,Kyogre,150.0,1,False,3,1,0,150.0,721,Kyogre,20.0,2,0,ACTIVE,39700.0,BENCH_POKEMON,True,False,WIN
161,5,1,1,ACTIVE_LT3,722,Snover,90.0,0,False,2,1,0,90.0,721,Kyogre,150.0,0,0,ACTIVE,39000.0,BENCH_POKEMON,True,False,WIN
161,9,2,0,ACTIVE_LT3,721,Kyogre,150.0,0,False,3,0,0,0.0,722,Snover,90.0,1,1,ACTIVE,39000.0,NONE,False,False,LOSS
161,12,3,1,ACTIVE_LT3,723,Mega Abomasnow ex,350.0,1,False,4,1,0,90.0,721,Kyogre,150.0,1,0,ACTIVE,39700.0,BENCH_POKEMON,True,False,WIN
162,4,1,1,ACTIVE_LT3,722,Snover,90.0,0,False,2,0,0,0.0,722,Snover,90.0,0,0,ACTIVE,39000.0,NONE,False,False,WIN
162,6,2,0,ACTIVE_LT3,722,Snover,90.0,0,False,2,0,0,0.0,722,Snover,90.0,1,0,ACTIVE,39000.0,NONE,False,False,LOSS
162,9,3,1,ACTIVE_LT3,723,Mega Abomasnow ex,340.0,1,False,4,0,0,0.0,722,Snover,90.0,1,0,ACTIVE,39700.0,NONE,False,False,WIN
163,4,1,1,ACTIVE_LT3,722,Snover,90.0,0,False,2,0,0,0.0,721,Kyogre,150.0,0,0,ACTIVE,39000.0,NONE,False,False,LOSS
163,6,2,0,ACTIVE_LT3,721,Kyogre,150.0,0,False,3,0,0,0.0,722,Snover,90.0,1,0,ACTIVE,39000.0,NONE,False,False,WIN
163,8,3,1,ACTIVE_LT3,722,Snover,90.0,1,False,2,0,0,0.0,721,Kyogre,150.0,1,0,ACTIVE,39700.0,NONE,False,False,LOSS
163,10,4,0,ACTIVE_LT3,721,Kyogre,120.0,1,False,3,0,0,0.0,722,Snover,90.0,2,0,ACTIVE,39700.0,NONE,False,False,WIN
163,12,5,1,ACTIVE_LT3,722,Snover,90.0,2,True,2,0,0,0.0,721,Kyogre,120.0,2,0,ACTIVE,40400.0,NONE,False,False,LOSS
163,14,6,0,ACTIVE_LT3,721,Kyogre,90.0,2,False,3,0,0,0.0,722,Snover,90.0,3,0,ACTIVE,40400.0,NONE,False,False,WIN
164,3,1,1,ACTIVE_LT3,722,Snover,90.0,0,False,2,0,0,0.0,721,Kyogre,150.0,0,0,ACTIVE,39000.0,NONE,False,False,WIN
164,5,2,0,ACTIVE_LT3,721,Kyogre,150.0,0,False,3,0,0,0.0,722,Snover,90.0,1,0,ACTIVE,39000.0,NONE,False,False,LOSS
164,7,3,1,ACTIVE_LT3,722,Snover,90.0,1,False,2,0,0,0.0,721,Kyogre,150.0,1,0,ACTIVE,39700.0,NONE,False,False,WIN
164,9,4,0,ACTIVE_LT3,721,Kyogre,120.0,1,False,3,0,0,0.0,722,Snover,90.0,2,0,ACTIVE,39700.0,NONE,False,False,LOSS
164,12,5,1,ACTIVE_LT3,723,Mega Abomasnow ex,350.0,2,False,4,0,0,0.0,721,Kyogre,120.0,2,0,ACTIVE,40400.0,NONE,False,False,WIN
165,3,1,1,ACTIVE_LT3,722,Snover,90.0,0,False,2,0,0,0.0,722,Snover,90.0,0,0,ACTIVE,39000.0,NONE,False,False,WIN
165,7,2,0,ACTIVE_LT3,722,Snover,90.0,0,False,2,0,0,0.0,722,Snover,90.0,1,0,ACTIVE,39000.0,NONE,False,False,LOSS
165,10,3,1,ACTIVE_LT3,723,Mega Abomasnow ex,340.0,1,False,4,0,0,0.0,722,Snover,90.0,1,0,ACTIVE,39700.0,NONE,False,False,WIN
166,6,1,1,ACTIVE_LT3,721,Kyogre,150.0,0,False,3,2,0,180.0,721,Kyogre,150.0,0,1,ACTIVE,39000.0,BENCH_POKEMON,True,False,LOSS
166,8,2,0,ACTIVE_LT3,721,Kyogre,150.0,0,False,3,1,0,90.0,721,Kyogre,150.0,1,2,ACTIVE,39000.0,BENCH_POKEMON,True,False,WIN
166,9,2,0,ACTIVE_LT3,721,Kyogre,150.0,1,False,3,1,0,90.0,721,Kyogre,150.0,1,2,ACTIVE,39700.0,BENCH_POKEMON,True,False,WIN
166,11,3,1,ACTIVE_LT3,721,Kyogre,150.0,1,False,3,2,0,180.0,721,Kyogre,150.0,1,1,ACTIVE,39700.0,BENCH_POKEMON,True,False,LOSS
166,14,4,0,ACTIVE_LT3,721,Kyogre,150.0,1,False,3,1,0,350.0,721,Kyogre,150.0,2,2,ACTIVE,39700.0,BENCH_POKEMON,True,False,WIN
166,16,5,1,ACTIVE_LT3,721,Kyogre,150.0,2,False,3,2,0,180.0,721,Kyogre,150.0,2,1,ACTIVE,40400.0,BENCH_POKEMON,True,False,LOSS
166,20,6,0,ACTIVE_LT3,721,Kyogre,20.0,2,False,3,1,0,350.0,721,Kyogre,150.0,1,2,ACTIVE,40400.0,BENCH_POKEMON,True,False,WIN
166,32,7,1,ACTIVE_LT3,721,Kyogre,150.0,1,False,3,2,0,180.0,723,Mega Abomasnow ex,350.0,0,3,ACTIVE,39700.0,BENCH_POKEMON,True,False,LOSS
166,35,8,0,ACTIVE_LT3,723,Mega Abomasnow ex,310.0,0,False,4,3,0,520.0,721,Kyogre,150.0,2,2,ACTIVE,39000.0,BENCH_POKEMON,True,False,WIN
166,41,9,1,ACTIVE_LT3,721,Kyogre,150.0,2,False,3,2,0,440.0,723,Mega Abomasnow ex,310.0,1,3,ACTIVE,40400.0,BENCH_POKEMON,True,False,LOSS
166,45,10,0,ACTIVE_LT3,723,Mega Abomasnow ex,180.0,1,False,4,3,1,520.0,721,Kyogre,150.0,1,2,ACTIVE,39700.0,BENCH_POKEMON,True,False,WIN
166,49,11,1,ACTIVE_LT3,723,Mega Abomasnow ex,350.0,0,False,4,1,0,90.0,723,Mega Abomasnow ex,180.0,2,3,ACTIVE,39000.0,BENCH_POKEMON,True,False,LOSS
166,56,12,0,ACTIVE_LT3,723,Mega Abomasnow ex,350.0,0,False,4,2,1,170.0,723,Mega Abomasnow ex,350.0,2,1,ACTIVE,39000.0,BENCH_POKEMON,True,False,WIN
166,63,13,1,ACTIVE_LT3,722,Snover,90.0,0,False,2,0,0,0.0,723,Mega Abomasnow ex,350.0,2,2,ACTIVE,39000.0,NONE,False,False,LOSS
166,65,14,0,ACTIVE_LT3,723,Mega Abomasnow ex,340.0,2,False,4,2,1,170.0,722,Snover,90.0,1,0,ACTIVE,40400.0,BENCH_POKEMON,True,False,WIN
167,3,1,1,ACTIVE_LT3,722,Snover,90.0,0,False,2,0,0,0.0,722,Snover,90.0,0,0,ACTIVE,39000.0,NONE,False,False,WIN
167,7,2,0,ACTIVE_LT3,722,Snover,90.0,0,False,2,0,0,0.0,722,Snover,90.0,1,0,ACTIVE,39000.0,NONE,False,False,LOSS
167,10,3,1,ACTIVE_LT3,723,Mega Abomasnow ex,340.0,1,False,4,0,0,0.0,722,Snover,90.0,1,0,ACTIVE,39700.0,NONE,False,False,WIN
168,4,1,1,ACTIVE_LT3,722,Snover,90.0,0,False,2,0,0,0.0,722,Snover,90.0,0,0,ACTIVE,39000.0,NONE,False,False,WIN
168,6,2,0,ACTIVE_LT3,722,Snover,90.0,0,False,2,0,0,0.0,722,Snover,90.0,1,0,ACTIVE,39000.0,NONE,False,False,LOSS
168,9,3,1,ACTIVE_LT3,723,Mega Abomasnow ex,340.0,1,False,4,0,0,0.0,722,Snover,90.0,1,0,ACTIVE,39700.0,NONE,False,False,WIN
169,4,1,1,ACTIVE_LT3,721,Kyogre,150.0,0,False,3,0,0,0.0,722,Snover,90.0,0,0,ACTIVE,39000.0,NONE,False,False,WIN
169,8,2,0,ACTIVE_LT3,722,Snover,90.0,0,False,2,0,0,0.0,721,Kyogre,150.0,1,0,ACTIVE,39000.0,NONE,False,False,LOSS
169,9,2,0,ACTIVE_LT3,722,Snover,90.0,1,False,2,0,0,0.0,721,Kyogre,150.0,1,0,ACTIVE,39700.0,NONE,False,False,LOSS
169,11,3,1,ACTIVE_LT3,721,Kyogre,140.0,1,False,3,0,0,0.0,722,Snover,90.0,1,0,ACTIVE,39700.0,NONE,False,False,WIN
169,13,4,0,ACTIVE_LT3,722,Snover,90.0,1,False,2,0,0,0.0,721,Kyogre,140.0,2,0,ACTIVE,39700.0,NONE,False,False,LOSS
169,15,5,1,ACTIVE_LT3,721,Kyogre,110.0,2,False,3,0,0,0.0,722,Snover,90.0,2,0,ACTIVE,40400.0,NONE,False,False,WIN
170,4,1,1,ACTIVE_LT3,721,Kyogre,150.0,0,False,3,0,0,0.0,722,Snover,90.0,0,0,ACTIVE,39000.0,NONE,False,False,WIN
170,10,2,0,ACTIVE_LT3,722,Snover,90.0,0,False,2,0,0,0.0,721,Kyogre,150.0,1,0,ACTIVE,39000.0,NONE,False,False,LOSS
170,12,3,1,ACTIVE_LT3,721,Kyogre,140.0,1,False,3,0,0,0.0,722,Snover,90.0,1,0,ACTIVE,39700.0,NONE,False,False,WIN
170,14,4,0,ACTIVE_LT3,722,Snover,90.0,1,False,2,0,0,0.0,721,Kyogre,140.0,2,0,ACTIVE,39700.0,NONE,False,False,LOSS
170,16,5,1,ACTIVE_LT3,721,Kyogre,110.0,2,False,3,0,0,0.0,722,Snover,90.0,2,0,ACTIVE,40400.0,NONE,False,False,WIN
171,4,1,1,ACTIVE_LT3,722,Snover,90.0,0,False,2,0,0,0.0,722,Snover,90.0,0,1,ACTIVE,39000.0,NONE,False,False,WIN
171,5,1,1,ACTIVE_LT3,722,Snover,90.0,1,False,2,0,0,0.0,722,Snover,90.0,0,1,ACTIVE,39700.0,NONE,False,False,WIN
171,7,2,0,ACTIVE_LT3,722,Snover,90.0,0,False,2,1,0,90.0,722,Snover,90.0,1,0,ACTIVE,39000.0,BENCH_POKEMON,True,False,LOSS
171,10,3,1,ACTIVE_LT3,723,Mega Abomasnow ex,340.0,1,False,4,0,0,0.0,722,Snover,90.0,1,1,ACTIVE,39700.0,NONE,False,False,WIN
171,14,4,0,ACTIVE_LT3,722,Snover,90.0,0,False,2,0,0,0.0,723,Mega Abomasnow ex,340.0,2,0,ACTIVE,39000.0,NONE,False,False,LOSS
171,16,5,1,ACTIVE_LT3,723,Mega Abomasnow ex,330.0,2,False,4,0,0,0.0,722,Snover,90.0,1,0,ACTIVE,40400.0,NONE,False,False,WIN
172,5,1,1,ACTIVE_LT3,722,Snover,90.0,0,False,2,0,0,0.0,721,Kyogre,150.0,0,1,ACTIVE,39000.0,NONE,False,False,WIN
172,6,1,1,ACTIVE_LT3,722,Snover,90.0,1,False,2,0,0,0.0,721,Kyogre,150.0,0,1,ACTIVE,39700.0,NONE,False,False,WIN
172,10,2,0,ACTIVE_LT3,721,Kyogre,150.0,0,False,3,1,0,150.0,722,Snover,90.0,1,0,ACTIVE,39000.0,BENCH_POKEMON,True,False,LOSS
172,13,3,1,ACTIVE_LT3,723,Mega Abomasnow ex,350.0,1,False,4,0,0,0.0,721,Kyogre,150.0,1,1,ACTIVE,39700.0,NONE,False,False,WIN
172,17,4,0,ACTIVE_LT3,721,Kyogre,150.0,0,False,3,0,0,0.0,723,Mega Abomasnow ex,350.0,2,0,ACTIVE,39000.0,NONE,False,False,LOSS
172,19,5,1,ACTIVE_LT3,723,Mega Abomasnow ex,330.0,2,False,4,0,0,0.0,721,Kyogre,150.0,1,0,ACTIVE,40400.0,NONE,False,False,WIN
173,5,1,1,ACTIVE_LT3,722,Snover,90.0,0,False,2,1,0,90.0,721,Kyogre,150.0,0,0,ACTIVE,39000.0,BENCH_POKEMON,True,False,WIN
173,6,1,1,ACTIVE_LT3,722,Snover,90.0,1,False,2,1,0,90.0,721,Kyogre,150.0,0,0,ACTIVE,39700.0,BENCH_POKEMON,True,False,WIN
173,12,2,0,ACTIVE_LT3,721,Kyogre,150.0,0,False,3,0,0,0.0,722,Snover,90.0,1,1,ACTIVE,39000.0,NONE,False,False,LOSS
173,16,3,1,ACTIVE_LT3,723,Mega Abomasnow ex,350.0,1,False,4,1,0,350.0,721,Kyogre,150.0,1,0,ACTIVE,39700.0,BENCH_POKEMON,True,False,WIN
174,4,1,1,ACTIVE_LT3,721,Kyogre,150.0,0,False,3,0,0,0.0,721,Kyogre,150.0,0,0,ACTIVE,39000.0,NONE,False,False,WIN
174,6,2,0,ACTIVE_LT3,721,Kyogre,150.0,0,False,3,0,0,0.0,721,Kyogre,150.0,1,0,ACTIVE,39000.0,NONE,False,False,LOSS
174,8,3,1,ACTIVE_LT3,721,Kyogre,150.0,1,False,3,0,0,0.0,721,Kyogre,150.0,1,0,ACTIVE,39700.0,NONE,False,False,WIN
174,10,4,0,ACTIVE_LT3,721,Kyogre,150.0,1,False,3,0,0,0.0,721,Kyogre,150.0,2,0,ACTIVE,39700.0,NONE,False,False,LOSS
174,12,5,1,ACTIVE_LT3,721,Kyogre,150.0,2,False,3,0,0,0.0,721,Kyogre,150.0,2,0,ACTIVE,40400.0,NONE,False,False,WIN
174,16,6,0,ACTIVE_LT3,721,Kyogre,20.0,2,False,3,0,0,0.0,721,Kyogre,150.0,1,0,ACTIVE,40400.0,NONE,False,False,LOSS
174,20,7,1,ACTIVE_LT3,721,Kyogre,20.0,1,False,3,0,0,0.0,721,Kyogre,20.0,1,0,ACTIVE,39700.0,NONE,False,False,WIN
175,4,1,1,ACTIVE_LT3,721,Kyogre,150.0,0,False,3,0,0,0.0,722,Snover,90.0,0,0,ACTIVE,39000.0,NONE,False,False,WIN
175,10,2,0,ACTIVE_LT3,722,Snover,90.0,0,False,2,0,0,0.0,721,Kyogre,150.0,1,0,ACTIVE,39000.0,NONE,False,False,LOSS
175,12,3,1,ACTIVE_LT3,721,Kyogre,140.0,1,False,3,0,0,0.0,722,Snover,90.0,1,0,ACTIVE,39700.0,NONE,False,False,WIN
175,14,4,0,ACTIVE_LT3,722,Snover,90.0,1,False,2,0,0,0.0,721,Kyogre,140.0,2,0,ACTIVE,39700.0,NONE,False,False,LOSS
175,16,5,1,ACTIVE_LT3,721,Kyogre,110.0,2,False,3,0,0,0.0,722,Snover,90.0,2,0,ACTIVE,40400.0,NONE,False,False,WIN
176,4,1,1,ACTIVE_LT3,722,Snover,90.0,0,False,2,1,0,150.0,722,Snover,90.0,0,0,ACTIVE,39000.0,BENCH_POKEMON,True,False,WIN
176,6,2,0,ACTIVE_LT3,722,Snover,90.0,0,False,2,0,0,0.0,722,Snover,90.0,1,1,ACTIVE,39000.0,NONE,False,False,LOSS
176,8,3,1,ACTIVE_LT3,722,Snover,80.0,1,False,2,1,0,150.0,722,Snover,90.0,1,0,ACTIVE,39700.0,BENCH_POKEMON,True,False,WIN
176,10,4,0,ACTIVE_LT3,722,Snover,60.0,1,False,2,0,0,0.0,722,Snover,80.0,2,1,ACTIVE,39700.0,NONE,False,False,LOSS
176,12,5,1,ACTIVE_LT3,722,Snover,50.0,2,True,2,1,0,150.0,722,Snover,60.0,2,0,ACTIVE,40400.0,BENCH_POKEMON,True,True,WIN
176,14,6,0,ACTIVE_LT3,722,Snover,30.0,2,True,2,0,0,0.0,722,Snover,50.0,3,1,ACTIVE,40400.0,NONE,False,False,LOSS
176,16,7,1,ACTIVE_EQ3,722,Snover,20.0,3,True,2,1,0,150.0,722,Snover,30.0,3,0,ACTIVE,41100.0,BENCH_POKEMON,True,True,WIN
177,5,1,1,ACTIVE_LT3,722,Snover,90.0,0,False,2,0,0,0.0,722,Snover,90.0,0,1,ACTIVE,39000.0,NONE,False,False,LOSS
177,6,1,1,ACTIVE_LT3,722,Snover,90.0,1,False,2,0,0,0.0,722,Snover,90.0,0,1,ACTIVE,39700.0,NONE,False,False,LOSS
177,8,2,0,ACTIVE_LT3,722,Snover,90.0,0,False,2,1,0,150.0,722,Snover,90.0,1,0,ACTIVE,39000.0,BENCH_POKEMON,True,False,WIN
177,10,3,1,ACTIVE_LT3,722,Snover,80.0,1,False,2,0,0,0.0,722,Snover,90.0,1,1,ACTIVE,39700.0,NONE,False,False,LOSS
177,13,4,0,ACTIVE_LT3,723,Mega Abomasnow ex,320.0,1,False,4,1,0,150.0,722,Snover,80.0,2,0,ACTIVE,39700.0,BENCH_POKEMON,True,False,WIN
178,3,1,1,ACTIVE_LT3,721,Kyogre,150.0,0,False,3,0,0,0.0,722,Snover,90.0,0,0,ACTIVE,39000.0,NONE,False,False,WIN
178,7,2,0,ACTIVE_LT3,722,Snover,90.0,0,False,2,0,0,0.0,721,Kyogre,150.0,1,0,ACTIVE,39000.0,NONE,False,False,LOSS
178,9,3,1,ACTIVE_LT3,721,Kyogre,140.0,1,False,3,0,0,0.0,722,Snover,90.0,1,0,ACTIVE,39700.0,NONE,False,False,WIN
178,11,4,0,ACTIVE_LT3,722,Snover,90.0,1,False,2,0,0,0.0,721,Kyogre,140.0,2,0,ACTIVE,39700.0,NONE,False,False,LOSS
178,13,5,1,ACTIVE_LT3,721,Kyogre,110.0,2,False,3,0,0,0.0,722,Snover,90.0,2,0,ACTIVE,40400.0,NONE,False,False,WIN
179,5,1,1,ACTIVE_LT3,722,Snover,90.0,0,False,2,1,0,90.0,721,Kyogre,150.0,0,0,ACTIVE,39000.0,BENCH_POKEMON,True,False,LOSS
179,7,2,0,ACTIVE_LT3,721,Kyogre,150.0,0,False,3,0,0,0.0,722,Snover,90.0,1,1,ACTIVE,39000.0,NONE,False,False,WIN
179,8,2,0,ACTIVE_LT3,721,Kyogre,150.0,1,False,3,0,0,0.0,722,Snover,90.0,1,1,ACTIVE,39700.0,NONE,False,False,WIN
179,10,3,1,ACTIVE_LT3,722,Snover,90.0,1,False,2,1,0,90.0,721,Kyogre,150.0,1,0,ACTIVE,39700.0,BENCH_POKEMON,True,False,LOSS
179,12,4,0,ACTIVE_LT3,721,Kyogre,120.0,1,False,3,0,0,0.0,722,Snover,90.0,2,1,ACTIVE,39700.0,NONE,False,False,WIN
179,14,5,1,ACTIVE_LT3,722,Snover,90.0,2,True,2,1,0,90.0,721,Kyogre,120.0,2,0,ACTIVE,40400.0,BENCH_POKEMON,True,True,LOSS
179,16,6,0,ACTIVE_LT3,721,Kyogre,90.0,2,False,3,0,0,0.0,722,Snover,90.0,3,1,ACTIVE,40400.0,NONE,False,False,WIN
179,22,7,1,ACTIVE_LT3,722,Snover,90.0,0,False,2,0,0,0.0,721,Kyogre,90.0,1,0,ACTIVE,39000.0,NONE,False,False,LOSS
179,24,8,0,ACTIVE_LT3,721,Kyogre,80.0,1,False,3,0,0,0.0,722,Snover,90.0,1,0,ACTIVE,39700.0,NONE,False,False,WIN
179,26,9,1,ACTIVE_LT3,722,Snover,50.0,1,False,2,0,0,0.0,721,Kyogre,80.0,2,0,ACTIVE,39700.0,NONE,False,False,LOSS
179,28,10,0,ACTIVE_LT3,721,Kyogre,50.0,2,False,3,0,0,0.0,722,Snover,50.0,2,0,ACTIVE,40400.0,NONE,False,False,WIN
180,4,1,1,ACTIVE_LT3,721,Kyogre,150.0,0,False,3,0,0,0.0,722,Snover,90.0,0,1,ACTIVE,39000.0,NONE,False,False,WIN
180,8,2,0,ACTIVE_LT3,722,Snover,90.0,0,False,2,1,0,90.0,721,Kyogre,150.0,1,0,ACTIVE,39000.0,BENCH_POKEMON,True,False,LOSS
180,10,3,1,ACTIVE_LT3,721,Kyogre,140.0,1,False,3,0,0,0.0,722,Snover,90.0,1,1,ACTIVE,39700.0,NONE,False,False,WIN
180,12,4,0,ACTIVE_LT3,722,Snover,90.0,1,False,2,1,0,90.0,721,Kyogre,140.0,2,0,ACTIVE,39700.0,BENCH_POKEMON,True,False,LOSS
180,14,5,1,ACTIVE_LT3,721,Kyogre,110.0,2,False,3,0,0,0.0,722,Snover,90.0,2,1,ACTIVE,40400.0,NONE,False,False,WIN
180,20,6,0,ACTIVE_LT3,722,Snover,90.0,0,False,2,0,0,0.0,721,Kyogre,110.0,1,0,ACTIVE,39000.0,NONE,False,False,LOSS
180,22,7,1,ACTIVE_LT3,721,Kyogre,100.0,1,False,3,0,0,0.0,722,Snover,90.0,1,0,ACTIVE,39700.0,NONE,False,False,WIN
180,24,8,0,ACTIVE_LT3,722,Snover,50.0,1,False,2,0,0,0.0,721,Kyogre,100.0,2,0,ACTIVE,39700.0,NONE,False,False,LOSS
180,26,9,1,ACTIVE_LT3,721,Kyogre,70.0,2,False,3,0,0,0.0,722,Snover,50.0,2,0,ACTIVE,40400.0,NONE,False,False,WIN
181,5,1,1,ACTIVE_LT3,721,Kyogre,150.0,0,False,3,1,0,90.0,721,Kyogre,150.0,0,0,ACTIVE,39000.0,BENCH_POKEMON,True,False,WIN
181,7,2,0,ACTIVE_LT3,721,Kyogre,150.0,0,False,3,0,0,0.0,721,Kyogre,150.0,1,1,ACTIVE,39000.0,NONE,False,False,LOSS
181,9,3,1,ACTIVE_LT3,721,Kyogre,150.0,1,False,3,1,0,90.0,721,Kyogre,150.0,1,0,ACTIVE,39700.0,BENCH_POKEMON,True,False,WIN
181,11,4,0,ACTIVE_LT3,721,Kyogre,150.0,1,False,3,0,0,0.0,721,Kyogre,150.0,2,1,ACTIVE,39700.0,NONE,False,False,LOSS
181,14,5,1,ACTIVE_LT3,721,Kyogre,150.0,2,False,3,1,0,350.0,721,Kyogre,150.0,2,0,ACTIVE,40400.0,BENCH_POKEMON,True,False,WIN
181,18,6,0,ACTIVE_LT3,721,Kyogre,20.0,2,False,3,0,0,0.0,721,Kyogre,150.0,1,1,ACTIVE,40400.0,NONE,False,False,LOSS
181,22,7,1,ACTIVE_LT3,721,Kyogre,20.0,1,False,3,1,0,350.0,721,Kyogre,20.0,1,0,ACTIVE,39700.0,BENCH_POKEMON,True,False,WIN
182,3,1,1,ACTIVE_LT3,722,Snover,90.0,0,False,2,0,0,0.0,722,Snover,90.0,0,0,ACTIVE,39000.0,NONE,False,False,WIN
182,4,1,1,ACTIVE_LT3,722,Snover,90.0,1,False,2,0,0,0.0,722,Snover,90.0,0,0,ACTIVE,39700.0,NONE,False,False,WIN
182,8,2,0,ACTIVE_LT3,722,Snover,90.0,0,False,2,0,0,0.0,722,Snover,90.0,1,0,ACTIVE,39000.0,NONE,False,False,LOSS
182,11,3,1,ACTIVE_LT3,723,Mega Abomasnow ex,340.0,1,False,4,0,0,0.0,722,Snover,90.0,1,0,ACTIVE,39700.0,NONE,False,False,WIN
183,4,1,1,ACTIVE_LT3,722,Snover,90.0,0,False,2,0,0,0.0,722,Snover,90.0,0,0,ACTIVE,39000.0,NONE,False,False,WIN
183,8,2,0,ACTIVE_LT3,722,Snover,90.0,0,False,2,0,0,0.0,722,Snover,90.0,1,0,ACTIVE,39000.0,NONE,False,False,LOSS
183,11,3,1,ACTIVE_LT3,723,Mega Abomasnow ex,340.0,1,False,4,0,0,0.0,722,Snover,90.0,1,0,ACTIVE,39700.0,NONE,False,False,WIN
183,12,3,1,ACTIVE_LT3,723,Mega Abomasnow ex,340.0,2,False,4,0,0,0.0,722,Snover,90.0,1,0,ACTIVE,40400.0,NONE,False,False,WIN
184,5,1,1,ACTIVE_LT3,721,Kyogre,150.0,0,False,3,1,0,90.0,722,Snover,90.0,0,0,ACTIVE,39000.0,BENCH_POKEMON,True,False,WIN
184,9,2,0,ACTIVE_LT3,722,Snover,90.0,0,False,2,0,0,0.0,721,Kyogre,150.0,1,1,ACTIVE,39000.0,NONE,False,False,LOSS
184,12,3,1,ACTIVE_LT3,721,Kyogre,140.0,1,False,3,1,0,350.0,722,Snover,90.0,1,0,ACTIVE,39700.0,BENCH_POKEMON,True,False,WIN
184,14,4,0,ACTIVE_LT3,722,Snover,90.0,1,False,2,0,0,0.0,721,Kyogre,140.0,2,1,ACTIVE,39700.0,NONE,False,False,LOSS
184,16,5,1,ACTIVE_LT3,721,Kyogre,110.0,2,False,3,1,0,350.0,722,Snover,90.0,2,0,ACTIVE,40400.0,BENCH_POKEMON,True,False,WIN
185,5,1,1,ACTIVE_LT3,721,Kyogre,150.0,0,False,3,1,0,90.0,722,Snover,90.0,0,0,ACTIVE,39000.0,BENCH_POKEMON,True,False,WIN
185,9,2,0,ACTIVE_LT3,722,Snover,90.0,0,False,2,0,0,0.0,721,Kyogre,150.0,1,1,ACTIVE,39000.0,NONE,False,False,LOSS
185,12,3,1,ACTIVE_LT3,721,Kyogre,140.0,1,False,3,1,0,350.0,722,Snover,90.0,1,0,ACTIVE,39700.0,BENCH_POKEMON,True,False,WIN
185,15,4,0,ACTIVE_LT3,723,Mega Abomasnow ex,350.0,1,False,4,0,0,0.0,721,Kyogre,140.0,2,1,ACTIVE,39700.0,NONE,False,False,LOSS
185,19,5,1,ACTIVE_LT3,723,Mega Abomasnow ex,350.0,0,False,4,0,0,0.0,723,Mega Abomasnow ex,350.0,2,0,ACTIVE,39000.0,NONE,False,False,WIN
185,21,6,0,ACTIVE_LT3,723,Mega Abomasnow ex,350.0,2,False,4,0,0,0.0,723,Mega Abomasnow ex,350.0,1,0,ACTIVE,40400.0,NONE,False,False,LOSS
185,23,7,1,ACTIVE_LT3,723,Mega Abomasnow ex,150.0,1,False,4,0,0,0.0,723,Mega Abomasnow ex,350.0,3,0,ACTIVE,39700.0,NONE,False,False,WIN
186,3,1,1,ACTIVE_LT3,722,Snover,90.0,0,False,2,0,0,0.0,722,Snover,90.0,0,0,ACTIVE,39000.0,NONE,False,False,LOSS
186,5,2,0,ACTIVE_LT3,722,Snover,90.0,0,False,2,0,0,0.0,722,Snover,90.0,1,0,ACTIVE,39000.0,NONE,False,False,WIN
186,7,3,1,ACTIVE_LT3,722,Snover,80.0,1,False,2,0,0,0.0,722,Snover,90.0,1,0,ACTIVE,39700.0,NONE,False,False,LOSS
186,10,4,0,ACTIVE_LT3,723,Mega Abomasnow ex,320.0,1,False,4,0,0,0.0,722,Snover,80.0,2,0,ACTIVE,39700.0,NONE,False,False,WIN
187,6,1,1,ACTIVE_LT3,721,Kyogre,150.0,0,False,3,2,0,240.0,721,Kyogre,150.0,0,1,ACTIVE,39000.0,BENCH_POKEMON,True,False,LOSS
187,8,2,0,ACTIVE_LT3,721,Kyogre,150.0,0,False,3,1,0,90.0,721,Kyogre,150.0,1,2,ACTIVE,39000.0,BENCH_POKEMON,True,False,WIN
187,10,3,1,ACTIVE_LT3,721,Kyogre,150.0,1,False,3,2,0,240.0,721,Kyogre,150.0,1,1,ACTIVE,39700.0,BENCH_POKEMON,True,False,LOSS
187,13,4,0,ACTIVE_LT3,721,Kyogre,150.0,1,False,3,1,0,350.0,721,Kyogre,150.0,2,2,ACTIVE,39700.0,BENCH_POKEMON,True,False,WIN
187,15,5,1,ACTIVE_LT3,721,Kyogre,150.0,2,False,3,2,0,240.0,721,Kyogre,150.0,2,1,ACTIVE,40400.0,BENCH_POKEMON,True,False,LOSS
187,19,6,0,ACTIVE_LT3,721,Kyogre,20.0,2,False,3,1,0,350.0,721,Kyogre,150.0,1,2,ACTIVE,40400.0,BENCH_POKEMON,True,False,WIN
187,29,7,1,ACTIVE_LT3,721,Kyogre,150.0,1,False,3,2,0,240.0,723,Mega Abomasnow ex,350.0,0,1,ACTIVE,39700.0,BENCH_POKEMON,True,False,LOSS
187,31,8,0,ACTIVE_LT3,723,Mega Abomasnow ex,310.0,0,False,4,1,0,20.0,721,Kyogre,150.0,2,2,ACTIVE,39000.0,BENCH_POKEMON,True,False,WIN
187,38,9,1,ACTIVE_LT3,721,Kyogre,150.0,2,False,3,2,0,240.0,723,Mega Abomasnow ex,310.0,1,1,ACTIVE,40400.0,BENCH_POKEMON,True,False,LOSS
187,42,10,0,ACTIVE_LT3,723,Mega Abomasnow ex,180.0,1,False,4,1,0,20.0,721,Kyogre,150.0,1,2,ACTIVE,39700.0,BENCH_POKEMON,True,False,WIN
187,46,11,1,ACTIVE_LT3,721,Kyogre,150.0,0,False,3,1,0,90.0,723,Mega Abomasnow ex,180.0,2,1,ACTIVE,39000.0,BENCH_POKEMON,True,False,LOSS
187,48,12,0,ACTIVE_LT3,723,Mega Abomasnow ex,120.0,2,False,4,1,0,20.0,721,Kyogre,150.0,1,1,ACTIVE,40400.0,BENCH_POKEMON,True,False,WIN
187,52,13,1,ACTIVE_LT3,722,Snover,90.0,0,False,2,0,0,0.0,723,Mega Abomasnow ex,120.0,3,1,ACTIVE,39000.0,NONE,False,False,LOSS
187,54,14,0,ACTIVE_EQ3,723,Mega Abomasnow ex,120.0,3,False,4,1,0,20.0,722,Snover,90.0,1,0,ACTIVE,41100.0,BENCH_POKEMON,True,False,WIN
188,3,1,1,ACTIVE_LT3,722,Snover,90.0,0,False,2,0,0,0.0,722,Snover,90.0,0,0,ACTIVE,39000.0,NONE,False,False,WIN
188,7,2,0,ACTIVE_LT3,722,Snover,90.0,0,False,2,0,0,0.0,722,Snover,90.0,1,0,ACTIVE,39000.0,NONE,False,False,LOSS
188,10,3,1,ACTIVE_LT3,723,Mega Abomasnow ex,340.0,1,False,4,0,0,0.0,722,Snover,90.0,1,0,ACTIVE,39700.0,NONE,False,False,WIN
189,5,1,1,ACTIVE_LT3,721,Kyogre,150.0,0,False,3,0,0,0.0,722,Snover,90.0,0,1,ACTIVE,39000.0,NONE,False,False,LOSS
189,9,2,0,ACTIVE_LT3,722,Snover,90.0,0,False,2,1,0,90.0,721,Kyogre,150.0,1,0,ACTIVE,39000.0,BENCH_POKEMON,True,False,WIN
189,11,3,1,ACTIVE_LT3,721,Kyogre,140.0,1,False,3,0,0,0.0,722,Snover,90.0,1,1,ACTIVE,39700.0,NONE,False,False,LOSS
189,13,4,0,ACTIVE_LT3,722,Snover,90.0,1,False,2,1,0,90.0,721,Kyogre,140.0,2,0,ACTIVE,39700.0,BENCH_POKEMON,True,False,WIN
189,14,4,0,ACTIVE_LT3,722,Snover,90.0,2,True,2,1,0,90.0,721,Kyogre,140.0,2,0,ACTIVE,40400.0,BENCH_POKEMON,True,True,WIN
189,16,5,1,ACTIVE_LT3,721,Kyogre,110.0,2,False,3,0,0,0.0,722,Snover,90.0,2,1,ACTIVE,40400.0,NONE,False,False,LOSS
189,23,6,0,ACTIVE_LT3,723,Mega Abomasnow ex,350.0,0,False,4,0,0,0.0,721,Kyogre,110.0,1,0,ACTIVE,39000.0,NONE,False,False,WIN
189,29,7,1,ACTIVE_LT3,721,Kyogre,110.0,1,False,3,0,0,0.0,723,Mega Abomasnow ex,350.0,1,1,ACTIVE,39700.0,NONE,False,False,LOSS
189,32,8,0,ACTIVE_LT3,723,Mega Abomasnow ex,310.0,1,False,4,1,0,350.0,721,Kyogre,110.0,2,0,ACTIVE,39700.0,BENCH_POKEMON,True,False,WIN
190,4,1,1,ACTIVE_LT3,722,Snover,90.0,0,False,2,0,0,0.0,722,Snover,90.0,0,0,ACTIVE,39000.0,NONE,False,False,WIN
190,6,2,0,ACTIVE_LT3,722,Snover,90.0,0,False,2,0,0,0.0,722,Snover,90.0,1,0,ACTIVE,39000.0,NONE,False,False,LOSS
190,9,3,1,ACTIVE_LT3,723,Mega Abomasnow ex,340.0,1,False,4,0,0,0.0,722,Snover,90.0,1,0,ACTIVE,39700.0,NONE,False,False,WIN
191,4,1,1,ACTIVE_LT3,721,Kyogre,150.0,0,False,3,0,0,0.0,721,Kyogre,150.0,0,0,ACTIVE,39000.0,NONE,False,False,WIN
191,6,2,0,ACTIVE_LT3,721,Kyogre,150.0,0,False,3,0,0,0.0,721,Kyogre,150.0,1,0,ACTIVE,39000.0,NONE,False,False,LOSS
191,8,3,1,ACTIVE_LT3,721,Kyogre,150.0,1,False,3,0,0,0.0,721,Kyogre,150.0,1,0,ACTIVE,39700.0,NONE,False,False,WIN
191,10,4,0,ACTIVE_LT3,721,Kyogre,150.0,1,False,3,0,0,0.0,721,Kyogre,150.0,2,0,ACTIVE,39700.0,NONE,False,False,LOSS
191,12,5,1,ACTIVE_LT3,721,Kyogre,150.0,2,False,3,0,0,0.0,721,Kyogre,150.0,2,0,ACTIVE,40400.0,NONE,False,False,WIN
191,16,6,0,ACTIVE_LT3,721,Kyogre,20.0,2,False,3,0,0,0.0,721,Kyogre,150.0,1,0,ACTIVE,40400.0,NONE,False,False,LOSS
191,20,7,1,ACTIVE_LT3,721,Kyogre,20.0,1,False,3,0,0,0.0,721,Kyogre,20.0,1,0,ACTIVE,39700.0,NONE,False,False,WIN
192,3,1,1,ACTIVE_LT3,721,Kyogre,150.0,0,False,3,0,0,0.0,722,Snover,90.0,0,0,ACTIVE,39000.0,NONE,False,False,LOSS
192,5,2,0,ACTIVE_LT3,722,Snover,90.0,0,False,2,0,0,0.0,721,Kyogre,150.0,1,0,ACTIVE,39000.0,NONE,False,False,WIN
192,7,3,1,ACTIVE_LT3,721,Kyogre,140.0,1,False,3,0,0,0.0,722,Snover,90.0,1,0,ACTIVE,39700.0,NONE,False,False,LOSS
192,10,4,0,ACTIVE_LT3,723,Mega Abomasnow ex,350.0,1,False,4,0,0,0.0,721,Kyogre,140.0,2,0,ACTIVE,39700.0,NONE,False,False,WIN
193,4,1,1,ACTIVE_LT3,721,Kyogre,150.0,0,False,3,0,0,0.0,722,Snover,90.0,0,1,ACTIVE,39000.0,NONE,False,False,WIN
193,6,2,0,ACTIVE_LT3,722,Snover,90.0,0,False,2,1,0,90.0,721,Kyogre,150.0,1,0,ACTIVE,39000.0,BENCH_POKEMON,True,False,LOSS
193,8,3,1,ACTIVE_LT3,721,Kyogre,140.0,1,False,3,0,0,0.0,722,Snover,90.0,1,1,ACTIVE,39700.0,NONE,False,False,WIN
193,10,4,0,ACTIVE_LT3,722,Snover,90.0,1,False,2,1,0,90.0,721,Kyogre,140.0,2,0,ACTIVE,39700.0,BENCH_POKEMON,True,False,LOSS
193,12,5,1,ACTIVE_LT3,721,Kyogre,110.0,2,False,3,0,0,0.0,722,Snover,90.0,2,1,ACTIVE,40400.0,NONE,False,False,WIN
193,18,6,0,ACTIVE_LT3,722,Snover,90.0,0,False,2,0,0,0.0,721,Kyogre,110.0,1,0,ACTIVE,39000.0,NONE,False,False,LOSS
193,20,7,1,ACTIVE_LT3,721,Kyogre,100.0,1,False,3,0,0,0.0,722,Snover,90.0,1,0,ACTIVE,39700.0,NONE,False,False,WIN
193,22,8,0,ACTIVE_LT3,722,Snover,50.0,1,False,2,0,0,0.0,721,Kyogre,100.0,2,0,ACTIVE,39700.0,NONE,False,False,LOSS
193,24,9,1,ACTIVE_LT3,721,Kyogre,70.0,2,False,3,0,0,0.0,722,Snover,50.0,2,0,ACTIVE,40400.0,NONE,False,False,WIN
194,4,1,1,ACTIVE_LT3,721,Kyogre,150.0,0,False,3,0,0,0.0,722,Snover,90.0,0,0,ACTIVE,39000.0,NONE,False,False,LOSS
194,8,2,0,ACTIVE_LT3,722,Snover,90.0,0,False,2,0,0,0.0,721,Kyogre,150.0,1,0,ACTIVE,39000.0,NONE,False,False,WIN
194,9,2,0,ACTIVE_LT3,722,Snover,90.0,1,False,2,0,0,0.0,721,Kyogre,150.0,1,0,ACTIVE,39700.0,NONE,False,False,WIN
194,11,3,1,ACTIVE_LT3,721,Kyogre,140.0,1,False,3,0,0,0.0,722,Snover,90.0,1,0,ACTIVE,39700.0,NONE,False,False,LOSS
194,12,3,1,ACTIVE_LT3,721,Kyogre,140.0,2,False,3,0,0,0.0,722,Snover,90.0,1,0,ACTIVE,40400.0,NONE,False,False,LOSS
194,15,4,0,ACTIVE_LT3,723,Mega Abomasnow ex,350.0,1,False,4,0,0,0.0,721,Kyogre,140.0,2,0,ACTIVE,39700.0,NONE,False,False,WIN
195,5,1,1,ACTIVE_LT3,721,Kyogre,150.0,0,False,3,1,0,90.0,721,Kyogre,150.0,0,0,ACTIVE,39000.0,BENCH_POKEMON,True,False,WIN
195,7,2,0,ACTIVE_LT3,721,Kyogre,150.0,0,False,3,0,0,0.0,721,Kyogre,150.0,1,1,ACTIVE,39000.0,NONE,False,False,LOSS
195,10,3,1,ACTIVE_LT3,721,Kyogre,150.0,1,False,3,1,0,350.0,721,Kyogre,150.0,1,0,ACTIVE,39700.0,BENCH_POKEMON,True,False,WIN
195,12,4,0,ACTIVE_LT3,721,Kyogre,150.0,1,False,3,0,0,0.0,721,Kyogre,150.0,2,1,ACTIVE,39700.0,NONE,False,False,LOSS
195,14,5,1,ACTIVE_LT3,721,Kyogre,150.0,2,False,3,1,0,350.0,721,Kyogre,150.0,2,0,ACTIVE,40400.0,BENCH_POKEMON,True,False,WIN
195,18,6,0,ACTIVE_LT3,721,Kyogre,20.0,2,False,3,0,0,0.0,721,Kyogre,150.0,1,1,ACTIVE,40400.0,NONE,False,False,LOSS
195,22,7,1,ACTIVE_LT3,721,Kyogre,20.0,1,False,3,1,0,350.0,721,Kyogre,20.0,1,0,ACTIVE,39700.0,BENCH_POKEMON,True,False,WIN
196,4,1,1,ACTIVE_LT3,721,Kyogre,150.0,0,False,3,0,0,0.0,722,Snover,90.0,0,1,ACTIVE,39000.0,NONE,False,False,LOSS
196,8,2,0,ACTIVE_LT3,722,Snover,90.0,0,False,2,1,0,150.0,721,Kyogre,150.0,1,0,ACTIVE,39000.0,BENCH_POKEMON,True,False,WIN
196,10,3,1,ACTIVE_LT3,721,Kyogre,140.0,1,False,3,0,0,0.0,722,Snover,90.0,1,1,ACTIVE,39700.0,NONE,False,False,LOSS
196,13,4,0,ACTIVE_LT3,723,Mega Abomasnow ex,350.0,1,False,4,1,0,150.0,721,Kyogre,140.0,2,0,ACTIVE,39700.0,BENCH_POKEMON,True,False,WIN
196,14,4,0,ACTIVE_LT3,723,Mega Abomasnow ex,350.0,2,False,4,1,0,150.0,721,Kyogre,140.0,2,0,ACTIVE,40400.0,BENCH_POKEMON,True,False,WIN
197,3,1,1,ACTIVE_LT3,721,Kyogre,150.0,0,False,3,0,0,0.0,722,Snover,90.0,0,0,ACTIVE,39000.0,NONE,False,False,LOSS
197,5,2,0,ACTIVE_LT3,722,Snover,90.0,0,False,2,0,0,0.0,721,Kyogre,150.0,1,0,ACTIVE,39000.0,NONE,False,False,WIN
197,7,3,1,ACTIVE_LT3,721,Kyogre,140.0,1,False,3,0,0,0.0,722,Snover,90.0,1,0,ACTIVE,39700.0,NONE,False,False,LOSS
197,10,4,0,ACTIVE_LT3,723,Mega Abomasnow ex,350.0,1,False,4,0,0,0.0,721,Kyogre,140.0,2,0,ACTIVE,39700.0,NONE,False,False,WIN
198,5,1,1,ACTIVE_LT3,721,Kyogre,150.0,0,False,3,0,0,0.0,722,Snover,90.0,0,2,ACTIVE,39000.0,NONE,False,False,LOSS
198,11,2,0,ACTIVE_LT3,722,Snover,90.0,0,False,2,2,0,240.0,721,Kyogre,150.0,1,0,ACTIVE,39000.0,BENCH_POKEMON,True,False,WIN
198,13,3,1,ACTIVE_LT3,721,Kyogre,140.0,1,False,3,0,0,0.0,722,Snover,90.0,1,2,ACTIVE,39700.0,NONE,False,False,LOSS
198,16,4,0,ACTIVE_LT3,723,Mega Abomasnow ex,350.0,1,False,4,2,0,240.0,721,Kyogre,140.0,2,0,ACTIVE,39700.0,BENCH_POKEMON,True,False,WIN
199,3,1,1,ACTIVE_LT3,722,Snover,90.0,0,False,2,0,0,0.0,722,Snover,90.0,0,0,ACTIVE,39000.0,NONE,False,False,LOSS
199,5,2,0,ACTIVE_LT3,722,Snover,90.0,0,False,2,0,0,0.0,722,Snover,90.0,1,0,ACTIVE,39000.0,NONE,False,False,WIN
199,7,3,1,ACTIVE_LT3,722,Snover,80.0,1,False,2,0,0,0.0,722,Snover,90.0,1,0,ACTIVE,39700.0,NONE,False,False,LOSS
199,10,4,0,ACTIVE_LT3,723,Mega Abomasnow ex,320.0,1,False,4,0,0,0.0,722,Snover,80.0,2,0,ACTIVE,39700.0,NONE,False,False,WIN
200,4,1,1,ACTIVE_LT3,722,Snover,90.0,0,False,2,0,0,0.0,721,Kyogre,150.0,0,0,ACTIVE,39000.0,NONE,False,False,WIN
200,6,2,0,ACTIVE_LT3,721,Kyogre,150.0,0,False,3,0,0,0.0,722,Snover,90.0,1,0,ACTIVE,39000.0,NONE,False,False,LOSS
200,9,3,1,ACTIVE_LT3,723,Mega Abomasnow ex,350.0,1,False,4,0,0,0.0,721,Kyogre,150.0,1,0,ACTIVE,39700.0,NONE,False,False,WIN
201,5,1,1,ACTIVE_LT3,722,Snover,90.0,0,False,2,2,0,180.0,722,Snover,90.0,0,0,ACTIVE,39000.0,BENCH_POKEMON,True,False,WIN
201,6,1,1,ACTIVE_LT3,722,Snover,90.0,1,False,2,2,0,180.0,722,Snover,90.0,0,0,ACTIVE,39700.0,BENCH_POKEMON,True,False,WIN
201,10,2,0,ACTIVE_LT3,722,Snover,90.0,0,False,2,0,0,0.0,722,Snover,90.0,1,2,ACTIVE,39000.0,NONE,False,False,LOSS
201,11,2,0,ACTIVE_LT3,722,Snover,90.0,1,False,2,0,0,0.0,722,Snover,90.0,1,2,ACTIVE,39700.0,NONE,False,False,LOSS
201,14,3,1,ACTIVE_LT3,723,Mega Abomasnow ex,340.0,1,False,4,2,0,180.0,722,Snover,90.0,1,0,ACTIVE,39700.0,BENCH_POKEMON,True,False,WIN
202,4,1,1,ACTIVE_LT3,722,Snover,90.0,0,False,2,0,0,0.0,722,Snover,90.0,0,0,ACTIVE,39000.0,NONE,False,False,LOSS
202,6,2,0,ACTIVE_LT3,722,Snover,90.0,0,False,2,0,0,0.0,722,Snover,90.0,1,0,ACTIVE,39000.0,NONE,False,False,WIN
202,8,3,1,ACTIVE_LT3,722,Snover,80.0,1,False,2,0,0,0.0,722,Snover,90.0,1,0,ACTIVE,39700.0,NONE,False,False,LOSS
202,11,4,0,ACTIVE_LT3,723,Mega Abomasnow ex,320.0,1,False,4,0,0,0.0,722,Snover,80.0,2,0,ACTIVE,39700.0,NONE,False,False,WIN
203,4,1,1,ACTIVE_LT3,722,Snover,90.0,0,False,2,0,0,0.0,722,Snover,90.0,0,0,ACTIVE,39000.0,NONE,False,False,LOSS
203,6,2,0,ACTIVE_LT3,722,Snover,90.0,0,False,2,0,0,0.0,722,Snover,90.0,1,0,ACTIVE,39000.0,NONE,False,False,WIN
203,8,3,1,ACTIVE_LT3,722,Snover,80.0,1,False,2,0,0,0.0,722,Snover,90.0,1,0,ACTIVE,39700.0,NONE,False,False,LOSS
203,10,4,0,ACTIVE_LT3,722,Snover,60.0,1,False,2,0,0,0.0,722,Snover,80.0,2,0,ACTIVE,39700.0,NONE,False,False,WIN
203,12,5,1,ACTIVE_LT3,722,Snover,50.0,2,True,2,0,0,0.0,722,Snover,60.0,2,0,ACTIVE,40400.0,NONE,False,False,LOSS
203,15,6,0,ACTIVE_LT3,723,Mega Abomasnow ex,290.0,2,False,4,0,0,0.0,722,Snover,50.0,3,0,ACTIVE,40400.0,NONE,False,False,WIN
204,5,1,1,ACTIVE_LT3,721,Kyogre,150.0,0,False,3,0,0,0.0,721,Kyogre,150.0,0,1,ACTIVE,39000.0,NONE,False,False,WIN
204,9,2,0,ACTIVE_LT3,721,Kyogre,150.0,0,False,3,1,0,150.0,721,Kyogre,150.0,1,0,ACTIVE,39000.0,BENCH_POKEMON,True,False,LOSS
204,11,3,1,ACTIVE_LT3,721,Kyogre,150.0,1,False,3,0,0,0.0,721,Kyogre,150.0,1,1,ACTIVE,39700.0,NONE,False,False,WIN
204,13,4,0,ACTIVE_LT3,721,Kyogre,150.0,1,False,3,1,0,150.0,721,Kyogre,150.0,2,0,ACTIVE,39700.0,BENCH_POKEMON,True,False,LOSS
204,15,5,1,ACTIVE_LT3,721,Kyogre,150.0,2,False,3,0,0,0.0,721,Kyogre,150.0,2,1,ACTIVE,40400.0,NONE,False,False,WIN
204,19,6,0,ACTIVE_LT3,721,Kyogre,20.0,2,False,3,1,0,150.0,721,Kyogre,150.0,1,0,ACTIVE,40400.0,BENCH_POKEMON,True,False,LOSS
204,29,7,1,ACTIVE_LT3,721,Kyogre,90.0,1,False,3,0,0,0.0,721,Kyogre,150.0,1,1,ACTIVE,39700.0,NONE,False,False,WIN
204,31,8,0,ACTIVE_LT3,721,Kyogre,110.0,1,False,3,1,0,20.0,721,Kyogre,90.0,2,0,ACTIVE,39700.0,BENCH_POKEMON,True,False,LOSS
204,33,9,1,ACTIVE_LT3,721,Kyogre,90.0,2,False,3,0,0,0.0,721,Kyogre,110.0,2,1,ACTIVE,40400.0,NONE,False,False,WIN
204,39,10,0,ACTIVE_LT3,721,Kyogre,20.0,0,False,3,0,0,0.0,721,Kyogre,90.0,1,0,ACTIVE,39000.0,NONE,False,False,LOSS
204,41,11,1,ACTIVE_LT3,721,Kyogre,50.0,1,False,3,0,0,0.0,721,Kyogre,20.0,1,0,ACTIVE,39700.0,NONE,False,False,WIN
205,4,1,1,ACTIVE_LT3,722,Snover,90.0,0,False,2,0,0,0.0,722,Snover,90.0,0,0,ACTIVE,39000.0,NONE,False,False,WIN
205,10,2,0,ACTIVE_LT3,722,Snover,90.0,0,False,2,0,0,0.0,722,Snover,90.0,1,0,ACTIVE,39000.0,NONE,False,False,LOSS
205,13,3,1,ACTIVE_LT3,723,Mega Abomasnow ex,340.0,1,False,4,0,0,0.0,722,Snover,90.0,1,0,ACTIVE,39700.0,NONE,False,False,WIN
206,5,1,1,ACTIVE_LT3,722,Snover,90.0,0,False,2,0,0,0.0,722,Snover,90.0,0,1,ACTIVE,39000.0,NONE,False,False,WIN
206,9,2,0,ACTIVE_LT3,722,Snover,90.0,0,False,2,1,0,90.0,722,Snover,90.0,1,0,ACTIVE,39000.0,BENCH_POKEMON,True,False,LOSS
206,12,3,1,ACTIVE_LT3,723,Mega Abomasnow ex,340.0,1,False,4,0,0,0.0,722,Snover,90.0,1,1,ACTIVE,39700.0,NONE,False,False,WIN
206,17,4,0,ACTIVE_LT3,723,Mega Abomasnow ex,350.0,0,False,4,0,0,0.0,723,Mega Abomasnow ex,340.0,2,0,ACTIVE,39000.0,NONE,False,False,LOSS
206,20,5,1,ACTIVE_LT3,723,Mega Abomasnow ex,340.0,2,False,4,0,0,0.0,723,Mega Abomasnow ex,350.0,1,0,ACTIVE,40400.0,NONE,False,False,WIN
206,22,6,0,ACTIVE_LT3,723,Mega Abomasnow ex,150.0,1,False,4,0,0,0.0,723,Mega Abomasnow ex,340.0,3,0,ACTIVE,39700.0,NONE,False,False,LOSS
206,24,7,1,ACTIVE_EQ3,723,Mega Abomasnow ex,270.0,3,False,4,0,0,0.0,723,Mega Abomasnow ex,150.0,2,0,ACTIVE,41100.0,NONE,False,False,WIN
207,4,1,1,ACTIVE_LT3,722,Snover,90.0,0,False,2,0,0,0.0,722,Snover,90.0,0,0,ACTIVE,39000.0,NONE,False,False,WIN
207,6,2,0,ACTIVE_LT3,722,Snover,90.0,0,False,2,0,0,0.0,722,Snover,90.0,1,0,ACTIVE,39000.0,NONE,False,False,LOSS
207,9,3,1,ACTIVE_LT3,723,Mega Abomasnow ex,340.0,1,False,4,0,0,0.0,722,Snover,90.0,1,0,ACTIVE,39700.0,NONE,False,False,WIN
208,3,1,1,ACTIVE_LT3,722,Snover,90.0,0,False,2,0,0,0.0,721,Kyogre,150.0,0,0,ACTIVE,39000.0,NONE,False,False,WIN
208,5,2,0,ACTIVE_LT3,721,Kyogre,150.0,0,False,3,0,0,0.0,722,Snover,90.0,1,0,ACTIVE,39000.0,NONE,False,False,LOSS
208,8,3,1,ACTIVE_LT3,723,Mega Abomasnow ex,350.0,1,False,4,0,0,0.0,721,Kyogre,150.0,1,0,ACTIVE,39700.0,NONE,False,False,WIN
209,6,1,1,ACTIVE_LT3,721,Kyogre,150.0,0,False,3,2,0,180.0,721,Kyogre,150.0,0,1,ACTIVE,39000.0,BENCH_POKEMON,True,False,WIN
209,8,2,0,ACTIVE_LT3,721,Kyogre,150.0,0,False,3,1,0,150.0,721,Kyogre,150.0,1,2,ACTIVE,39000.0,BENCH_POKEMON,True,False,LOSS
209,11,3,1,ACTIVE_LT3,721,Kyogre,150.0,1,False,3,2,0,440.0,721,Kyogre,150.0,1,1,ACTIVE,39700.0,BENCH_POKEMON,True,False,WIN
209,13,4,0,ACTIVE_LT3,721,Kyogre,150.0,1,False,3,1,0,150.0,721,Kyogre,150.0,2,2,ACTIVE,39700.0,BENCH_POKEMON,True,False,LOSS
209,15,5,1,ACTIVE_LT3,721,Kyogre,150.0,2,False,3,2,0,440.0,721,Kyogre,150.0,2,1,ACTIVE,40400.0,BENCH_POKEMON,True,False,WIN
209,19,6,0,ACTIVE_LT3,721,Kyogre,20.0,2,False,3,1,0,150.0,721,Kyogre,150.0,1,2,ACTIVE,40400.0,BENCH_POKEMON,True,False,LOSS
209,29,7,1,ACTIVE_LT3,721,Kyogre,150.0,1,False,3,2,0,440.0,721,Kyogre,150.0,0,1,ACTIVE,39700.0,BENCH_POKEMON,True,False,WIN
209,31,8,0,ACTIVE_LT3,721,Kyogre,110.0,0,False,3,1,0,20.0,721,Kyogre,150.0,2,2,ACTIVE,39000.0,BENCH_POKEMON,True,False,LOSS
209,33,9,1,ACTIVE_LT3,721,Kyogre,90.0,2,False,3,2,0,440.0,721,Kyogre,110.0,1,1,ACTIVE,40400.0,BENCH_POKEMON,True,False,WIN
209,39,10,0,ACTIVE_LT3,721,Kyogre,20.0,0,False,3,0,0,0.0,721,Kyogre,90.0,1,2,ACTIVE,39000.0,NONE,False,False,LOSS
209,41,11,1,ACTIVE_LT3,721,Kyogre,70.0,1,False,3,2,0,440.0,721,Kyogre,20.0,1,0,ACTIVE,39700.0,BENCH_POKEMON,True,False,WIN
210,4,1,1,ACTIVE_LT3,722,Snover,90.0,0,False,2,0,0,0.0,722,Snover,90.0,0,2,ACTIVE,39000.0,NONE,False,False,LOSS
210,6,2,0,ACTIVE_LT3,722,Snover,90.0,0,False,2,2,0,240.0,722,Snover,90.0,1,0,ACTIVE,39000.0,BENCH_POKEMON,True,False,WIN
210,8,3,1,ACTIVE_LT3,722,Snover,80.0,1,False,2,0,0,0.0,722,Snover,90.0,1,2,ACTIVE,39700.0,NONE,False,False,LOSS
210,10,4,0,ACTIVE_LT3,722,Snover,60.0,1,False,2,2,0,240.0,722,Snover,80.0,2,0,ACTIVE,39700.0,BENCH_POKEMON,True,False,WIN
210,12,5,1,ACTIVE_LT3,722,Snover,50.0,2,True,2,0,0,0.0,722,Snover,60.0,2,2,ACTIVE,40400.0,NONE,False,False,LOSS
210,14,6,0,ACTIVE_LT3,722,Snover,30.0,2,True,2,2,0,240.0,722,Snover,50.0,3,0,ACTIVE,40400.0,BENCH_POKEMON,True,True,WIN
210,24,7,1,ACTIVE_EQ3,722,Snover,50.0,3,True,2,0,0,0.0,721,Kyogre,150.0,0,2,ACTIVE,41100.0,NONE,False,False,LOSS
210,26,8,0,ACTIVE_LT3,721,Kyogre,120.0,0,False,3,2,0,380.0,722,Snover,50.0,4,0,ACTIVE,39000.0,BENCH_POKEMON,True,False,WIN
211,4,1,1,ACTIVE_LT3,721,Kyogre,150.0,0,False,3,0,0,0.0,722,Snover,90.0,0,0,ACTIVE,39000.0,NONE,False,False,LOSS
211,5,1,1,ACTIVE_LT3,721,Kyogre,150.0,1,False,3,0,0,0.0,722,Snover,90.0,0,0,ACTIVE,39700.0,NONE,False,False,LOSS
211,11,2,0,ACTIVE_LT3,722,Snover,90.0,0,False,2,0,0,0.0,721,Kyogre,150.0,1,0,ACTIVE,39000.0,NONE,False,False,WIN
211,12,2,0,ACTIVE_LT3,722,Snover,90.0,0,False,2,0,0,0.0,721,Kyogre,150.0,1,0,ACTIVE,39000.0,NONE,False,False,WIN
211,14,3,1,ACTIVE_LT3,721,Kyogre,140.0,1,False,3,0,0,0.0,722,Snover,90.0,1,0,ACTIVE,39700.0,NONE,False,False,LOSS
211,17,4,0,ACTIVE_LT3,723,Mega Abomasnow ex,350.0,1,False,4,0,0,0.0,721,Kyogre,140.0,2,0,ACTIVE,39700.0,NONE,False,False,WIN
212,3,1,1,ACTIVE_LT3,722,Snover,90.0,0,False,2,0,0,0.0,722,Snover,90.0,0,0,ACTIVE,39000.0,NONE,False,False,WIN
212,7,2,0,ACTIVE_LT3,722,Snover,90.0,0,False,2,0,0,0.0,722,Snover,90.0,1,0,ACTIVE,39000.0,NONE,False,False,LOSS
212,10,3,1,ACTIVE_LT3,723,Mega Abomasnow ex,340.0,1,False,4,0,0,0.0,722,Snover,90.0,1,0,ACTIVE,39700.0,NONE,False,False,WIN
213,5,1,1,ACTIVE_LT3,722,Snover,90.0,0,False,2,0,0,0.0,722,Snover,90.0,0,2,ACTIVE,39000.0,NONE,False,False,WIN
213,9,2,0,ACTIVE_LT3,722,Snover,90.0,0,False,2,2,0,180.0,722,Snover,90.0,1,0,ACTIVE,39000.0,BENCH_POKEMON,True,False,LOSS
213,12,3,1,ACTIVE_LT3,723,Mega Abomasnow ex,340.0,1,False,4,0,0,0.0,722,Snover,90.0,1,2,ACTIVE,39700.0,NONE,False,False,WIN
213,16,4,0,ACTIVE_LT3,722,Snover,90.0,0,False,2,1,0,90.0,723,Mega Abomasnow ex,340.0,2,0,ACTIVE,39000.0,BENCH_POKEMON,True,False,LOSS
213,18,5,1,ACTIVE_LT3,723,Mega Abomasnow ex,330.0,2,False,4,0,0,0.0,722,Snover,90.0,1,1,ACTIVE,40400.0,NONE,False,False,WIN
213,22,6,0,ACTIVE_LT3,722,Snover,90.0,0,False,2,0,0,0.0,723,Mega Abomasnow ex,330.0,3,0,ACTIVE,39000.0,NONE,False,False,LOSS
213,24,7,1,ACTIVE_EQ3,723,Mega Abomasnow ex,330.0,3,False,4,0,0,0.0,722,Snover,90.0,1,0,ACTIVE,41100.0,NONE,False,False,WIN
214,3,1,1,ACTIVE_LT3,721,Kyogre,150.0,0,False,3,0,0,0.0,722,Snover,90.0,0,0,ACTIVE,39000.0,NONE,False,False,LOSS
214,4,1,1,ACTIVE_LT3,721,Kyogre,150.0,1,False,3,0,0,0.0,722,Snover,90.0,0,0,ACTIVE,39700.0,NONE,False,False,LOSS
214,8,2,0,ACTIVE_LT3,722,Snover,90.0,0,False,2,0,0,0.0,721,Kyogre,150.0,1,0,ACTIVE,39000.0,NONE,False,False,WIN
214,10,3,1,ACTIVE_LT3,721,Kyogre,140.0,1,False,3,0,0,0.0,722,Snover,90.0,1,0,ACTIVE,39700.0,NONE,False,False,LOSS
214,13,4,0,ACTIVE_LT3,723,Mega Abomasnow ex,350.0,1,False,4,0,0,0.0,721,Kyogre,140.0,2,0,ACTIVE,39700.0,NONE,False,False,WIN
215,5,1,1,ACTIVE_LT3,722,Snover,90.0,0,False,2,1,0,90.0,721,Kyogre,150.0,0,0,ACTIVE,39000.0,BENCH_POKEMON,True,False,WIN
215,9,2,0,ACTIVE_LT3,721,Kyogre,150.0,0,False,3,0,0,0.0,722,Snover,90.0,1,1,ACTIVE,39000.0,NONE,False,False,LOSS
215,13,3,1,ACTIVE_LT3,723,Mega Abomasnow ex,350.0,1,False,4,1,0,350.0,721,Kyogre,150.0,1,0,ACTIVE,39700.0,BENCH_POKEMON,True,False,WIN
216,3,1,1,ACTIVE_LT3,721,Kyogre,150.0,0,False,3,0,0,0.0,721,Kyogre,150.0,0,0,ACTIVE,39000.0,NONE,False,False,WIN
216,4,1,1,ACTIVE_LT3,721,Kyogre,150.0,1,False,3,0,0,0.0,721,Kyogre,150.0,0,0,ACTIVE,39700.0,NONE,False,False,WIN
216,6,2,0,ACTIVE_LT3,721,Kyogre,150.0,0,False,3,0,0,0.0,721,Kyogre,150.0,1,0,ACTIVE,39000.0,NONE,False,False,LOSS
216,8,3,1,ACTIVE_LT3,721,Kyogre,150.0,1,False,3,0,0,0.0,721,Kyogre,150.0,1,0,ACTIVE,39700.0,NONE,False,False,WIN
216,10,4,0,ACTIVE_LT3,721,Kyogre,150.0,1,False,3,0,0,0.0,721,Kyogre,150.0,2,0,ACTIVE,39700.0,NONE,False,False,LOSS
216,12,5,1,ACTIVE_LT3,721,Kyogre,150.0,2,False,3,0,0,0.0,721,Kyogre,150.0,2,0,ACTIVE,40400.0,NONE,False,False,WIN
216,16,6,0,ACTIVE_LT3,721,Kyogre,20.0,2,False,3,0,0,0.0,721,Kyogre,150.0,1,0,ACTIVE,40400.0,NONE,False,False,LOSS
216,20,7,1,ACTIVE_LT3,721,Kyogre,20.0,1,False,3,0,0,0.0,721,Kyogre,20.0,1,0,ACTIVE,39700.0,NONE,False,False,WIN
217,5,1,1,ACTIVE_LT3,722,Snover,90.0,0,False,2,0,0,0.0,722,Snover,90.0,0,3,ACTIVE,39000.0,NONE,False,False,WIN
217,9,2,0,ACTIVE_LT3,722,Snover,90.0,0,False,2,3,0,390.0,722,Snover,90.0,1,0,ACTIVE,39000.0,BENCH_POKEMON,True,False,LOSS
217,12,3,1,ACTIVE_LT3,723,Mega Abomasnow ex,340.0,1,False,4,0,0,0.0,722,Snover,90.0,1,3,ACTIVE,39700.0,NONE,False,False,WIN
217,16,4,0,ACTIVE_LT3,721,Kyogre,150.0,0,False,3,2,0,240.0,723,Mega Abomasnow ex,340.0,2,0,ACTIVE,39000.0,BENCH_POKEMON,True,False,LOSS
217,18,5,1,ACTIVE_LT3,723,Mega Abomasnow ex,320.0,2,False,4,0,0,0.0,721,Kyogre,150.0,1,2,ACTIVE,40400.0,NONE,False,False,WIN
217,22,6,0,ACTIVE_LT3,722,Snover,90.0,0,False,2,1,0,150.0,723,Mega Abomasnow ex,320.0,3,0,ACTIVE,39000.0,BENCH_POKEMON,True,False,LOSS
217,24,7,1,ACTIVE_EQ3,723,Mega Abomasnow ex,320.0,3,False,4,0,0,0.0,722,Snover,90.0,1,1,ACTIVE,41100.0,NONE,False,False,WIN
217,28,8,0,ACTIVE_LT3,721,Kyogre,150.0,0,False,3,0,0,0.0,723,Mega Abomasnow ex,320.0,4,0,ACTIVE,39000.0,NONE,False,False,LOSS
217,30,9,1,ACTIVE_GE4,723,Mega Abomasnow ex,310.0,4,True,4,0,0,0.0,721,Kyogre,150.0,1,0,ACTIVE,41800.0,NONE,False,False,WIN
218,5,1,1,ACTIVE_LT3,721,Kyogre,150.0,0,False,3,0,0,0.0,722,Snover,90.0,0,1,ACTIVE,39000.0,NONE,False,False,LOSS
218,11,2,0,ACTIVE_LT3,722,Snover,90.0,0,False,2,1,0,150.0,721,Kyogre,150.0,1,0,ACTIVE,39000.0,BENCH_POKEMON,True,False,WIN
218,13,3,1,ACTIVE_LT3,721,Kyogre,140.0,1,False,3,0,0,0.0,722,Snover,90.0,1,1,ACTIVE,39700.0,NONE,False,False,LOSS
218,16,4,0,ACTIVE_LT3,723,Mega Abomasnow ex,350.0,1,False,4,1,0,150.0,721,Kyogre,140.0,2,0,ACTIVE,39700.0,BENCH_POKEMON,True,False,WIN
219,4,1,1,ACTIVE_LT3,721,Kyogre,150.0,0,False,3,0,0,0.0,722,Snover,90.0,0,0,ACTIVE,39000.0,NONE,False,False,WIN
219,8,2,0,ACTIVE_LT3,722,Snover,90.0,0,False,2,0,0,0.0,721,Kyogre,150.0,1,0,ACTIVE,39000.0,NONE,False,False,LOSS
219,9,2,0,ACTIVE_LT3,722,Snover,90.0,1,False,2,0,0,0.0,721,Kyogre,150.0,1,0,ACTIVE,39700.0,NONE,False,False,LOSS
219,11,3,1,ACTIVE_LT3,721,Kyogre,140.0,1,False,3,0,0,0.0,722,Snover,90.0,1,0,ACTIVE,39700.0,NONE,False,False,WIN
219,13,4,0,ACTIVE_LT3,722,Snover,90.0,1,False,2,0,0,0.0,721,Kyogre,140.0,2,0,ACTIVE,39700.0,NONE,False,False,LOSS
219,15,5,1,ACTIVE_LT3,721,Kyogre,110.0,2,False,3,0,0,0.0,722,Snover,90.0,2,0,ACTIVE,40400.0,NONE,False,False,WIN
220,5,1,1,ACTIVE_LT3,722,Snover,90.0,0,False,2,1,0,90.0,721,Kyogre,150.0,0,0,ACTIVE,39000.0,BENCH_POKEMON,True,False,WIN
220,11,2,0,ACTIVE_LT3,721,Kyogre,150.0,0,False,3,0,0,0.0,722,Snover,90.0,1,1,ACTIVE,39000.0,NONE,False,False,LOSS
220,15,3,1,ACTIVE_LT3,723,Mega Abomasnow ex,350.0,1,False,4,1,0,350.0,721,Kyogre,150.0,1,0,ACTIVE,39700.0,BENCH_POKEMON,True,False,WIN
221,4,1,1,ACTIVE_LT3,721,Kyogre,150.0,0,False,3,0,0,0.0,722,Snover,90.0,0,0,ACTIVE,39000.0,NONE,False,False,LOSS
221,8,2,0,ACTIVE_LT3,722,Snover,90.0,0,False,2,0,0,0.0,721,Kyogre,150.0,1,0,ACTIVE,39000.0,NONE,False,False,WIN
221,10,3,1,ACTIVE_LT3,721,Kyogre,140.0,1,False,3,0,0,0.0,722,Snover,90.0,1,0,ACTIVE,39700.0,NONE,False,False,LOSS
221,13,4,0,ACTIVE_LT3,723,Mega Abomasnow ex,350.0,1,False,4,0,0,0.0,721,Kyogre,140.0,2,0,ACTIVE,39700.0,NONE,False,False,WIN
222,5,1,1,ACTIVE_LT3,722,Snover,90.0,0,False,2,2,0,240.0,722,Snover,90.0,0,1,ACTIVE,39000.0,BENCH_POKEMON,True,False,LOSS
222,6,1,1,ACTIVE_LT3,722,Snover,90.0,1,False,2,2,0,240.0,722,Snover,90.0,0,1,ACTIVE,39700.0,BENCH_POKEMON,True,False,LOSS
222,10,2,0,ACTIVE_LT3,722,Snover,90.0,0,False,2,1,0,90.0,722,Snover,90.0,1,2,ACTIVE,39000.0,BENCH_POKEMON,True,False,WIN
222,13,3,1,ACTIVE_LT3,723,Mega Abomasnow ex,340.0,1,False,4,2,0,240.0,722,Snover,90.0,1,1,ACTIVE,39700.0,BENCH_POKEMON,True,False,LOSS
222,18,4,0,ACTIVE_LT3,723,Mega Abomasnow ex,350.0,0,False,4,0,0,0.0,723,Mega Abomasnow ex,340.0,2,2,ACTIVE,39000.0,NONE,False,False,WIN
222,25,5,1,ACTIVE_LT3,722,Snover,90.0,0,False,2,1,0,150.0,723,Mega Abomasnow ex,350.0,2,0,ACTIVE,39000.0,BENCH_POKEMON,True,False,LOSS
222,27,6,0,ACTIVE_LT3,723,Mega Abomasnow ex,340.0,2,False,4,0,0,0.0,722,Snover,90.0,1,1,ACTIVE,40400.0,NONE,False,False,WIN
222,31,7,1,ACTIVE_LT3,721,Kyogre,150.0,0,False,3,0,0,0.0,723,Mega Abomasnow ex,340.0,3,0,ACTIVE,39000.0,NONE,False,False,LOSS
222,33,8,0,ACTIVE_EQ3,723,Mega Abomasnow ex,230.0,3,False,4,0,0,0.0,721,Kyogre,150.0,1,0,ACTIVE,41100.0,NONE,False,False,WIN
223,4,1,1,ACTIVE_LT3,722,Snover,90.0,0,False,2,1,0,90.0,721,Kyogre,150.0,0,0,ACTIVE,39000.0,BENCH_POKEMON,True,False,WIN
223,6,2,0,ACTIVE_LT3,721,Kyogre,150.0,0,False,3,0,0,0.0,722,Snover,90.0,1,1,ACTIVE,39000.0,NONE,False,False,LOSS
223,9,3,1,ACTIVE_LT3,723,Mega Abomasnow ex,350.0,1,False,4,1,0,90.0,721,Kyogre,150.0,1,0,ACTIVE,39700.0,BENCH_POKEMON,True,False,WIN
224,4,1,1,ACTIVE_LT3,722,Snover,90.0,0,False,2,0,0,0.0,721,Kyogre,150.0,0,0,ACTIVE,39000.0,NONE,False,False,WIN
224,8,2,0,ACTIVE_LT3,721,Kyogre,150.0,0,False,3,0,0,0.0,722,Snover,90.0,1,0,ACTIVE,39000.0,NONE,False,False,LOSS
224,11,3,1,ACTIVE_LT3,723,Mega Abomasnow ex,350.0,1,False,4,0,0,0.0,721,Kyogre,150.0,1,0,ACTIVE,39700.0,NONE,False,False,WIN
225,3,1,1,ACTIVE_LT3,721,Kyogre,150.0,0,False,3,0,0,0.0,721,Kyogre,150.0,0,0,ACTIVE,39000.0,NONE,False,False,WIN
225,7,2,0,ACTIVE_LT3,721,Kyogre,150.0,0,False,3,0,0,0.0,721,Kyogre,150.0,1,0,ACTIVE,39000.0,NONE,False,False,LOSS
225,9,3,1,ACTIVE_LT3,721,Kyogre,150.0,1,False,3,0,0,0.0,721,Kyogre,150.0,1,0,ACTIVE,39700.0,NONE,False,False,WIN
225,11,4,0,ACTIVE_LT3,721,Kyogre,150.0,1,False,3,0,0,0.0,721,Kyogre,150.0,2,0,ACTIVE,39700.0,NONE,False,False,LOSS
225,13,5,1,ACTIVE_LT3,721,Kyogre,150.0,2,False,3,0,0,0.0,721,Kyogre,150.0,2,0,ACTIVE,40400.0,NONE,False,False,WIN
225,17,6,0,ACTIVE_LT3,721,Kyogre,20.0,2,False,3,0,0,0.0,721,Kyogre,150.0,1,0,ACTIVE,40400.0,NONE,False,False,LOSS
225,21,7,1,ACTIVE_LT3,721,Kyogre,20.0,1,False,3,0,0,0.0,721,Kyogre,20.0,1,0,ACTIVE,39700.0,NONE,False,False,WIN
226,4,1,1,ACTIVE_LT3,722,Snover,90.0,0,False,2,0,0,0.0,722,Snover,90.0,0,0,ACTIVE,39000.0,NONE,False,False,WIN
226,6,2,0,ACTIVE_LT3,722,Snover,90.0,0,False,2,0,0,0.0,722,Snover,90.0,1,0,ACTIVE,39000.0,NONE,False,False,LOSS
226,8,3,1,ACTIVE_LT3,722,Snover,80.0,1,False,2,0,0,0.0,722,Snover,90.0,1,0,ACTIVE,39700.0,NONE,False,False,WIN
226,10,4,0,ACTIVE_LT3,722,Snover,60.0,1,False,2,0,0,0.0,722,Snover,80.0,2,0,ACTIVE,39700.0,NONE,False,False,LOSS
226,12,5,1,ACTIVE_LT3,722,Snover,50.0,2,True,2,0,0,0.0,722,Snover,60.0,2,0,ACTIVE,40400.0,NONE,False,False,WIN
226,14,6,0,ACTIVE_LT3,722,Snover,30.0,2,True,2,0,0,0.0,722,Snover,50.0,3,0,ACTIVE,40400.0,NONE,False,False,LOSS
226,16,7,1,ACTIVE_EQ3,722,Snover,20.0,3,True,2,0,0,0.0,722,Snover,30.0,3,0,ACTIVE,41100.0,NONE,False,False,WIN
227,3,1,1,ACTIVE_LT3,722,Snover,90.0,0,False,2,0,0,0.0,722,Snover,90.0,0,0,ACTIVE,39000.0,NONE,False,False,WIN
227,9,2,0,ACTIVE_LT3,722,Snover,90.0,0,False,2,0,0,0.0,722,Snover,90.0,1,0,ACTIVE,39000.0,NONE,False,False,LOSS
227,12,3,1,ACTIVE_LT3,723,Mega Abomasnow ex,340.0,1,False,4,0,0,0.0,722,Snover,90.0,1,0,ACTIVE,39700.0,NONE,False,False,WIN
228,6,1,1,ACTIVE_LT3,722,Snover,90.0,0,False,2,1,0,90.0,721,Kyogre,150.0,0,1,ACTIVE,39000.0,BENCH_POKEMON,True,False,WIN
228,8,2,0,ACTIVE_LT3,721,Kyogre,150.0,0,False,3,1,0,150.0,722,Snover,90.0,1,1,ACTIVE,39000.0,BENCH_POKEMON,True,False,LOSS
228,9,2,0,ACTIVE_LT3,721,Kyogre,150.0,1,False,3,1,0,150.0,722,Snover,90.0,1,1,ACTIVE,39700.0,BENCH_POKEMON,True,False,LOSS
228,12,3,1,ACTIVE_LT3,723,Mega Abomasnow ex,350.0,1,False,4,1,0,90.0,721,Kyogre,150.0,1,1,ACTIVE,39700.0,BENCH_POKEMON,True,False,WIN
228,16,4,0,ACTIVE_LT3,721,Kyogre,150.0,0,False,3,0,0,0.0,723,Mega Abomasnow ex,350.0,2,1,ACTIVE,39000.0,NONE,False,False,LOSS
228,18,5,1,ACTIVE_LT3,723,Mega Abomasnow ex,330.0,2,False,4,1,0,90.0,721,Kyogre,150.0,1,0,ACTIVE,40400.0,BENCH_POKEMON,True,False,WIN
229,5,1,1,ACTIVE_LT3,721,Kyogre,150.0,0,False,3,0,0,0.0,722,Snover,90.0,0,1,ACTIVE,39000.0,NONE,False,False,LOSS
229,6,1,1,ACTIVE_LT3,721,Kyogre,150.0,1,False,3,0,0,0.0,722,Snover,90.0,0,1,ACTIVE,39700.0,NONE,False,False,LOSS
229,10,2,0,ACTIVE_LT3,722,Snover,90.0,0,False,2,1,0,90.0,721,Kyogre,150.0,1,0,ACTIVE,39000.0,BENCH_POKEMON,True,False,WIN
229,12,3,1,ACTIVE_LT3,721,Kyogre,140.0,1,False,3,0,0,0.0,722,Snover,90.0,1,1,ACTIVE,39700.0,NONE,False,False,LOSS
229,15,4,0,ACTIVE_LT3,723,Mega Abomasnow ex,350.0,1,False,4,1,0,90.0,721,Kyogre,140.0,2,0,ACTIVE,39700.0,BENCH_POKEMON,True,False,WIN
230,4,1,1,ACTIVE_LT3,722,Snover,90.0,0,False,2,0,0,0.0,722,Snover,90.0,0,0,ACTIVE,39000.0,NONE,False,False,WIN
230,5,1,1,ACTIVE_LT3,722,Snover,90.0,1,False,2,0,0,0.0,722,Snover,90.0,0,0,ACTIVE,39700.0,NONE,False,False,WIN
230,7,2,0,ACTIVE_LT3,722,Snover,90.0,0,False,2,0,0,0.0,722,Snover,90.0,1,0,ACTIVE,39000.0,NONE,False,False,LOSS
230,10,3,1,ACTIVE_LT3,723,Mega Abomasnow ex,340.0,1,False,4,0,0,0.0,722,Snover,90.0,1,0,ACTIVE,39700.0,NONE,False,False,WIN
231,3,1,1,ACTIVE_LT3,721,Kyogre,150.0,0,False,3,0,0,0.0,722,Snover,90.0,0,0,ACTIVE,39000.0,NONE,False,False,WIN
231,5,2,0,ACTIVE_LT3,722,Snover,90.0,0,False,2,0,0,0.0,721,Kyogre,150.0,1,0,ACTIVE,39000.0,NONE,False,False,LOSS
231,7,3,1,ACTIVE_LT3,721,Kyogre,140.0,1,False,3,0,0,0.0,722,Snover,90.0,1,0,ACTIVE,39700.0,NONE,False,False,WIN
231,9,4,0,ACTIVE_LT3,722,Snover,90.0,1,False,2,0,0,0.0,721,Kyogre,140.0,2,0,ACTIVE,39700.0,NONE,False,False,LOSS
231,11,5,1,ACTIVE_LT3,721,Kyogre,110.0,2,False,3,0,0,0.0,722,Snover,90.0,2,0,ACTIVE,40400.0,NONE,False,False,WIN
232,5,1,1,ACTIVE_LT3,721,Kyogre,150.0,0,False,3,1,0,90.0,722,Snover,90.0,0,0,ACTIVE,39000.0,BENCH_POKEMON,True,False,WIN
232,7,2,0,ACTIVE_LT3,722,Snover,90.0,0,False,2,0,0,0.0,721,Kyogre,150.0,1,1,ACTIVE,39000.0,NONE,False,False,LOSS
232,10,3,1,ACTIVE_LT3,721,Kyogre,140.0,1,False,3,1,0,350.0,722,Snover,90.0,1,0,ACTIVE,39700.0,BENCH_POKEMON,True,False,WIN
232,12,4,0,ACTIVE_LT3,722,Snover,90.0,1,False,2,0,0,0.0,721,Kyogre,140.0,2,1,ACTIVE,39700.0,NONE,False,False,LOSS
232,14,5,1,ACTIVE_LT3,721,Kyogre,110.0,2,False,3,1,0,350.0,722,Snover,90.0,2,0,ACTIVE,40400.0,BENCH_POKEMON,True,False,WIN
233,4,1,1,ACTIVE_LT3,722,Snover,90.0,0,False,2,0,0,0.0,721,Kyogre,150.0,0,1,ACTIVE,39000.0,NONE,False,False,WIN
233,10,2,0,ACTIVE_LT3,721,Kyogre,150.0,0,False,3,1,0,90.0,722,Snover,90.0,1,0,ACTIVE,39000.0,BENCH_POKEMON,True,False,LOSS
233,11,2,0,ACTIVE_LT3,721,Kyogre,150.0,1,False,3,1,0,90.0,722,Snover,90.0,1,0,ACTIVE,39700.0,BENCH_POKEMON,True,False,LOSS
233,14,3,1,ACTIVE_LT3,723,Mega Abomasnow ex,350.0,1,False,4,0,0,0.0,721,Kyogre,150.0,1,1,ACTIVE,39700.0,NONE,False,False,WIN
233,18,4,0,ACTIVE_LT3,722,Snover,90.0,0,False,2,0,0,0.0,723,Mega Abomasnow ex,350.0,2,0,ACTIVE,39000.0,NONE,False,False,LOSS
233,20,5,1,ACTIVE_LT3,723,Mega Abomasnow ex,340.0,2,False,4,0,0,0.0,722,Snover,90.0,1,0,ACTIVE,40400.0,NONE,False,False,WIN
234,5,1,1,ACTIVE_LT3,721,Kyogre,150.0,0,False,3,1,0,150.0,722,Snover,90.0,0,0,ACTIVE,39000.0,BENCH_POKEMON,True,False,WIN
234,9,2,0,ACTIVE_LT3,722,Snover,90.0,0,False,2,0,0,0.0,721,Kyogre,150.0,1,1,ACTIVE,39000.0,NONE,False,False,LOSS
234,11,3,1,ACTIVE_LT3,721,Kyogre,140.0,1,False,3,1,0,150.0,722,Snover,90.0,1,0,ACTIVE,39700.0,BENCH_POKEMON,True,False,WIN
234,13,4,0,ACTIVE_LT3,722,Snover,90.0,1,False,2,0,0,0.0,721,Kyogre,140.0,2,1,ACTIVE,39700.0,NONE,False,False,LOSS
234,15,5,1,ACTIVE_LT3,721,Kyogre,110.0,2,False,3,1,0,150.0,722,Snover,90.0,2,0,ACTIVE,40400.0,BENCH_POKEMON,True,False,WIN
235,4,1,1,ACTIVE_LT3,722,Snover,90.0,0,False,2,0,0,0.0,722,Snover,90.0,0,0,ACTIVE,39000.0,NONE,False,False,WIN
235,10,2,0,ACTIVE_LT3,722,Snover,90.0,0,False,2,0,0,0.0,722,Snover,90.0,1,0,ACTIVE,39000.0,NONE,False,False,LOSS
235,13,3,1,ACTIVE_LT3,723,Mega Abomasnow ex,340.0,1,False,4,0,0,0.0,722,Snover,90.0,1,0,ACTIVE,39700.0,NONE,False,False,WIN
235,14,3,1,ACTIVE_LT3,723,Mega Abomasnow ex,340.0,2,False,4,0,0,0.0,722,Snover,90.0,1,0,ACTIVE,40400.0,NONE,False,False,WIN
236,4,1,1,ACTIVE_LT3,721,Kyogre,150.0,0,False,3,0,0,0.0,722,Snover,90.0,0,0,ACTIVE,39000.0,NONE,False,False,LOSS
236,6,2,0,ACTIVE_LT3,722,Snover,90.0,0,False,2,0,0,0.0,721,Kyogre,150.0,1,0,ACTIVE,39000.0,NONE,False,False,WIN
236,8,3,1,ACTIVE_LT3,721,Kyogre,140.0,1,False,3,0,0,0.0,722,Snover,90.0,1,0,ACTIVE,39700.0,NONE,False,False,LOSS
236,11,4,0,ACTIVE_LT3,723,Mega Abomasnow ex,350.0,1,False,4,0,0,0.0,721,Kyogre,140.0,2,0,ACTIVE,39700.0,NONE,False,False,WIN
237,5,1,1,ACTIVE_LT3,722,Snover,90.0,0,False,2,0,0,0.0,721,Kyogre,150.0,0,1,ACTIVE,39000.0,NONE,False,False,LOSS
237,9,2,0,ACTIVE_LT3,721,Kyogre,150.0,0,False,3,1,0,90.0,722,Snover,90.0,1,0,ACTIVE,39000.0,BENCH_POKEMON,True,False,WIN
237,12,3,1,ACTIVE_LT3,723,Mega Abomasnow ex,350.0,1,False,4,0,0,0.0,721,Kyogre,150.0,1,1,ACTIVE,39700.0,NONE,False,False,LOSS
237,17,4,0,ACTIVE_LT3,723,Mega Abomasnow ex,350.0,0,False,4,0,0,0.0,723,Mega Abomasnow ex,350.0,2,0,ACTIVE,39000.0,NONE,False,False,WIN
237,24,5,1,ACTIVE_LT3,723,Mega Abomasnow ex,350.0,2,False,4,0,0,0.0,723,Mega Abomasnow ex,350.0,1,2,ACTIVE,40400.0,NONE,False,False,LOSS
237,27,6,0,ACTIVE_LT3,723,Mega Abomasnow ex,150.0,1,False,4,2,0,440.0,723,Mega Abomasnow ex,350.0,3,0,ACTIVE,39700.0,BENCH_POKEMON,True,False,WIN
237,29,7,1,ACTIVE_EQ3,723,Mega Abomasnow ex,280.0,3,False,4,0,0,0.0,723,Mega Abomasnow ex,150.0,2,2,ACTIVE,41100.0,NONE,False,False,LOSS
237,33,8,0,ACTIVE_LT3,723,Mega Abomasnow ex,350.0,0,False,4,1,0,90.0,723,Mega Abomasnow ex,280.0,4,0,ACTIVE,39000.0,BENCH_POKEMON,True,False,WIN
237,35,9,1,ACTIVE_GE4,723,Mega Abomasnow ex,280.0,4,True,4,0,0,0.0,723,Mega Abomasnow ex,350.0,1,1,ACTIVE,41800.0,NONE,False,False,LOSS
237,37,10,0,ACTIVE_LT3,723,Mega Abomasnow ex,150.0,1,False,4,1,0,90.0,723,Mega Abomasnow ex,280.0,5,0,ACTIVE,39700.0,BENCH_POKEMON,True,False,WIN
238,4,1,1,ACTIVE_LT3,721,Kyogre,150.0,0,False,3,0,0,0.0,721,Kyogre,150.0,0,0,ACTIVE,39000.0,NONE,False,False,WIN
238,8,2,0,ACTIVE_LT3,721,Kyogre,150.0,0,False,3,0,0,0.0,721,Kyogre,150.0,1,0,ACTIVE,39000.0,NONE,False,False,LOSS
238,10,3,1,ACTIVE_LT3,721,Kyogre,150.0,1,False,3,0,0,0.0,721,Kyogre,150.0,1,0,ACTIVE,39700.0,NONE,False,False,WIN
238,12,4,0,ACTIVE_LT3,721,Kyogre,150.0,1,False,3,0,0,0.0,721,Kyogre,150.0,2,0,ACTIVE,39700.0,NONE,False,False,LOSS
238,14,5,1,ACTIVE_LT3,721,Kyogre,150.0,2,False,3,0,0,0.0,721,Kyogre,150.0,2,0,ACTIVE,40400.0,NONE,False,False,WIN
238,18,6,0,ACTIVE_LT3,721,Kyogre,20.0,2,False,3,0,0,0.0,721,Kyogre,150.0,1,0,ACTIVE,40400.0,NONE,False,False,LOSS
238,22,7,1,ACTIVE_LT3,721,Kyogre,20.0,1,False,3,0,0,0.0,721,Kyogre,20.0,1,0,ACTIVE,39700.0,NONE,False,False,WIN
239,5,1,1,ACTIVE_LT3,722,Snover,90.0,0,False,2,0,0,0.0,722,Snover,90.0,0,1,ACTIVE,39000.0,NONE,False,False,WIN
239,7,2,0,ACTIVE_LT3,722,Snover,90.0,0,False,2,1,0,150.0,722,Snover,90.0,1,0,ACTIVE,39000.0,BENCH_POKEMON,True,False,LOSS
239,10,3,1,ACTIVE_LT3,723,Mega Abomasnow ex,340.0,1,False,4,0,0,0.0,722,Snover,90.0,1,1,ACTIVE,39700.0,NONE,False,False,WIN
239,14,4,0,ACTIVE_LT3,721,Kyogre,150.0,0,False,3,0,0,0.0,723,Mega Abomasnow ex,340.0,2,0,ACTIVE,39000.0,NONE,False,False,LOSS
239,16,5,1,ACTIVE_LT3,723,Mega Abomasnow ex,320.0,2,False,4,0,0,0.0,721,Kyogre,150.0,1,0,ACTIVE,40400.0,NONE,False,False,WIN
240,3,1,1,ACTIVE_LT3,721,Kyogre,150.0,0,False,3,0,0,0.0,722,Snover,90.0,0,0,ACTIVE,39000.0,NONE,False,False,LOSS
240,4,1,1,ACTIVE_LT3,721,Kyogre,150.0,1,False,3,0,0,0.0,722,Snover,90.0,0,0,ACTIVE,39700.0,NONE,False,False,LOSS
240,8,2,0,ACTIVE_LT3,722,Snover,90.0,0,False,2,0,0,0.0,721,Kyogre,150.0,1,0,ACTIVE,39000.0,NONE,False,False,WIN
240,10,3,1,ACTIVE_LT3,721,Kyogre,140.0,1,False,3,0,0,0.0,722,Snover,90.0,1,0,ACTIVE,39700.0,NONE,False,False,LOSS
240,13,4,0,ACTIVE_LT3,723,Mega Abomasnow ex,350.0,1,False,4,0,0,0.0,721,Kyogre,140.0,2,0,ACTIVE,39700.0,NONE,False,False,WIN
241,6,1,1,ACTIVE_LT3,722,Snover,90.0,0,False,2,1,0,150.0,722,Snover,90.0,0,2,ACTIVE,39000.0,BENCH_POKEMON,True,False,WIN
241,7,1,1,ACTIVE_LT3,722,Snover,90.0,1,False,2,1,0,150.0,722,Snover,90.0,0,2,ACTIVE,39700.0,BENCH_POKEMON,True,False,WIN
241,9,2,0,ACTIVE_LT3,722,Snover,90.0,0,False,2,2,0,300.0,722,Snover,90.0,1,1,ACTIVE,39000.0,BENCH_POKEMON,True,False,LOSS
241,12,3,1,ACTIVE_LT3,723,Mega Abomasnow ex,340.0,1,False,4,1,0,150.0,722,Snover,90.0,1,2,ACTIVE,39700.0,BENCH_POKEMON,True,False,WIN
241,16,4,0,ACTIVE_LT3,721,Kyogre,150.0,0,False,3,1,0,150.0,723,Mega Abomasnow ex,340.0,2,1,ACTIVE,39000.0,BENCH_POKEMON,True,False,LOSS
241,18,5,1,ACTIVE_LT3,723,Mega Abomasnow ex,320.0,2,False,4,1,0,150.0,721,Kyogre,150.0,1,1,ACTIVE,40400.0,BENCH_POKEMON,True,False,WIN
241,22,6,0,ACTIVE_LT3,721,Kyogre,150.0,0,False,3,0,0,0.0,723,Mega Abomasnow ex,320.0,3,1,ACTIVE,39000.0,NONE,False,False,LOSS
241,24,7,1,ACTIVE_EQ3,723,Mega Abomasnow ex,320.0,3,False,4,1,0,150.0,721,Kyogre,150.0,1,0,ACTIVE,41100.0,BENCH_POKEMON,True,False,WIN
242,4,1,1,ACTIVE_LT3,722,Snover,90.0,0,False,2,0,0,0.0,721,Kyogre,150.0,0,0,ACTIVE,39000.0,NONE,False,False,WIN
242,6,2,0,ACTIVE_LT3,721,Kyogre,150.0,0,False,3,0,0,0.0,722,Snover,90.0,1,0,ACTIVE,39000.0,NONE,False,False,LOSS
242,9,3,1,ACTIVE_LT3,723,Mega Abomasnow ex,350.0,1,False,4,0,0,0.0,721,Kyogre,150.0,1,0,ACTIVE,39700.0,NONE,False,False,WIN
243,5,1,1,ACTIVE_LT3,721,Kyogre,150.0,0,False,3,0,0,0.0,721,Kyogre,150.0,0,1,ACTIVE,39000.0,NONE,False,False,WIN
243,9,2,0,ACTIVE_LT3,721,Kyogre,150.0,0,False,3,1,0,90.0,721,Kyogre,150.0,1,0,ACTIVE,39000.0,BENCH_POKEMON,True,False,LOSS
243,11,3,1,ACTIVE_LT3,721,Kyogre,150.0,1,False,3,0,0,0.0,721,Kyogre,150.0,1,1,ACTIVE,39700.0,NONE,False,False,WIN
243,13,4,0,ACTIVE_LT3,721,Kyogre,150.0,1,False,3,1,0,90.0,721,Kyogre,150.0,2,0,ACTIVE,39700.0,BENCH_POKEMON,True,False,LOSS
243,15,5,1,ACTIVE_LT3,721,Kyogre,150.0,2,False,3,0,0,0.0,721,Kyogre,150.0,2,1,ACTIVE,40400.0,NONE,False,False,WIN
243,19,6,0,ACTIVE_LT3,721,Kyogre,20.0,2,False,3,1,0,90.0,721,Kyogre,150.0,1,0,ACTIVE,40400.0,BENCH_POKEMON,True,False,LOSS
243,29,7,1,ACTIVE_LT3,721,Kyogre,140.0,1,False,3,0,0,0.0,722,Snover,90.0,1,1,ACTIVE,39700.0,NONE,False,False,WIN
243,31,8,0,ACTIVE_LT3,722,Snover,50.0,1,False,2,1,0,20.0,721,Kyogre,140.0,2,0,ACTIVE,39700.0,BENCH_POKEMON,True,False,LOSS
243,33,9,1,ACTIVE_LT3,721,Kyogre,110.0,2,False,3,0,0,0.0,722,Snover,50.0,2,1,ACTIVE,40400.0,NONE,False,False,WIN
243,39,10,0,ACTIVE_LT3,721,Kyogre,20.0,0,False,3,0,0,0.0,721,Kyogre,110.0,1,0,ACTIVE,39000.0,NONE,False,False,LOSS
243,41,11,1,ACTIVE_LT3,721,Kyogre,10.0,1,False,3,0,0,0.0,721,Kyogre,20.0,1,0,ACTIVE,39700.0,NONE,False,False,WIN
244,5,1,1,ACTIVE_LT3,722,Snover,90.0,0,False,2,0,0,0.0,721,Kyogre,150.0,0,1,ACTIVE,39000.0,NONE,False,False,LOSS
244,7,2,0,ACTIVE_LT3,721,Kyogre,150.0,0,False,3,1,0,90.0,722,Snover,90.0,1,0,ACTIVE,39000.0,BENCH_POKEMON,True,False,WIN
244,9,3,1,ACTIVE_LT3,722,Snover,90.0,1,False,2,0,0,0.0,721,Kyogre,150.0,1,1,ACTIVE,39700.0,NONE,False,False,LOSS
244,12,4,0,ACTIVE_LT3,721,Kyogre,120.0,1,False,3,1,0,350.0,722,Snover,90.0,2,0,ACTIVE,39700.0,BENCH_POKEMON,True,False,WIN
244,14,5,1,ACTIVE_LT3,722,Snover,90.0,2,True,2,0,0,0.0,721,Kyogre,120.0,2,1,ACTIVE,40400.0,NONE,False,False,LOSS
244,16,6,0,ACTIVE_LT3,721,Kyogre,90.0,2,False,3,1,0,350.0,722,Snover,90.0,3,0,ACTIVE,40400.0,BENCH_POKEMON,True,False,WIN
245,4,1,1,ACTIVE_LT3,722,Snover,90.0,0,False,2,0,0,0.0,722,Snover,90.0,0,0,ACTIVE,39000.0,NONE,False,False,WIN
245,8,2,0,ACTIVE_LT3,722,Snover,90.0,0,False,2,0,0,0.0,722,Snover,90.0,1,0,ACTIVE,39000.0,NONE,False,False,LOSS
245,11,3,1,ACTIVE_LT3,723,Mega Abomasnow ex,340.0,1,False,4,0,0,0.0,722,Snover,90.0,1,0,ACTIVE,39700.0,NONE,False,False,WIN
246,6,1,1,ACTIVE_LT3,722,Snover,90.0,0,False,2,1,0,150.0,722,Snover,90.0,0,1,ACTIVE,39000.0,BENCH_POKEMON,True,False,WIN
246,10,2,0,ACTIVE_LT3,722,Snover,90.0,0,False,2,1,0,150.0,722,Snover,90.0,1,1,ACTIVE,39000.0,BENCH_POKEMON,True,False,LOSS
246,13,3,1,ACTIVE_LT3,723,Mega Abomasnow ex,340.0,1,False,4,1,0,150.0,722,Snover,90.0,1,1,ACTIVE,39700.0,BENCH_POKEMON,True,False,WIN
246,17,4,0,ACTIVE_LT3,721,Kyogre,150.0,0,False,3,0,0,0.0,723,Mega Abomasnow ex,340.0,2,1,ACTIVE,39000.0,NONE,False,False,LOSS
246,19,5,1,ACTIVE_LT3,723,Mega Abomasnow ex,320.0,2,False,4,1,0,150.0,721,Kyogre,150.0,1,0,ACTIVE,40400.0,BENCH_POKEMON,True,False,WIN
247,4,1,1,ACTIVE_LT3,722,Snover,90.0,0,False,2,2,0,240.0,722,Snover,90.0,0,0,ACTIVE,39000.0,BENCH_POKEMON,True,False,WIN
247,8,2,0,ACTIVE_LT3,722,Snover,90.0,0,False,2,0,0,0.0,722,Snover,90.0,1,2,ACTIVE,39000.0,NONE,False,False,LOSS
247,11,3,1,ACTIVE_LT3,723,Mega Abomasnow ex,340.0,1,False,4,2,0,240.0,722,Snover,90.0,1,0,ACTIVE,39700.0,BENCH_POKEMON,True,False,WIN
248,4,1,1,ACTIVE_LT3,721,Kyogre,150.0,0,False,3,0,0,0.0,722,Snover,90.0,0,1,ACTIVE,39000.0,NONE,False,False,LOSS
248,6,2,0,ACTIVE_LT3,722,Snover,90.0,0,False,2,1,0,90.0,721,Kyogre,150.0,1,0,ACTIVE,39000.0,BENCH_POKEMON,True,False,WIN
248,8,3,1,ACTIVE_LT3,721,Kyogre,140.0,1,False,3,0,0,0.0,722,Snover,90.0,1,1,ACTIVE,39700.0,NONE,False,False,LOSS
248,11,4,0,ACTIVE_LT3,723,Mega Abomasnow ex,350.0,1,False,4,1,0,90.0,721,Kyogre,140.0,2,0,ACTIVE,39700.0,BENCH_POKEMON,True,False,WIN
249,4,1,1,ACTIVE_LT3,721,Kyogre,150.0,0,False,3,0,0,0.0,722,Snover,90.0,0,0,ACTIVE,39000.0,NONE,False,False,LOSS
249,8,2,0,ACTIVE_LT3,722,Snover,90.0,0,False,2,0,0,0.0,721,Kyogre,150.0,1,0,ACTIVE,39000.0,NONE,False,False,WIN
249,10,3,1,ACTIVE_LT3,721,Kyogre,140.0,1,False,3,0,0,0.0,722,Snover,90.0,1,0,ACTIVE,39700.0,NONE,False,False,LOSS
249,13,4,0,ACTIVE_LT3,723,Mega Abomasnow ex,350.0,1,False,4,0,0,0.0,721,Kyogre,140.0,2,0,ACTIVE,39700.0,NONE,False,False,WIN
250,5,1,1,ACTIVE_LT3,722,Snover,90.0,0,False,2,1,0,150.0,721,Kyogre,150.0,0,0,ACTIVE,39000.0,BENCH_POKEMON,True,False,WIN
250,6,1,1,ACTIVE_LT3,722,Snover,90.0,0,False,2,1,0,150.0,721,Kyogre,150.0,0,0,ACTIVE,39000.0,BENCH_POKEMON,True,False,WIN
250,8,2,0,ACTIVE_LT3,721,Kyogre,150.0,0,False,3,0,0,0.0,722,Snover,90.0,1,1,ACTIVE,39000.0,NONE,False,False,LOSS
250,11,3,1,ACTIVE_LT3,723,Mega Abomasnow ex,350.0,1,False,4,1,0,150.0,721,Kyogre,150.0,1,0,ACTIVE,39700.0,BENCH_POKEMON,True,False,WIN
251,4,1,1,ACTIVE_LT3,722,Snover,90.0,0,False,2,0,0,0.0,721,Kyogre,150.0,0,0,ACTIVE,39000.0,NONE,False,False,WIN
251,5,1,1,ACTIVE_LT3,722,Snover,90.0,1,False,2,0,0,0.0,721,Kyogre,150.0,0,0,ACTIVE,39700.0,NONE,False,False,WIN
251,7,2,0,ACTIVE_LT3,721,Kyogre,150.0,0,False,3,0,0,0.0,722,Snover,90.0,1,0,ACTIVE,39000.0,NONE,False,False,LOSS
251,8,2,0,ACTIVE_LT3,721,Kyogre,150.0,1,False,3,0,0,0.0,722,Snover,90.0,1,0,ACTIVE,39700.0,NONE,False,False,LOSS
251,11,3,1,ACTIVE_LT3,723,Mega Abomasnow ex,350.0,1,False,4,0,0,0.0,721,Kyogre,150.0,1,0,ACTIVE,39700.0,NONE,False,False,WIN
252,4,1,1,ACTIVE_LT3,722,Snover,90.0,0,False,2,0,0,0.0,722,Snover,90.0,0,0,ACTIVE,39000.0,NONE,False,False,WIN
252,9,2,0,ACTIVE_LT3,722,Snover,90.0,0,False,2,0,0,0.0,722,Snover,90.0,1,1,ACTIVE,39000.0,NONE,False,False,LOSS
252,12,3,1,ACTIVE_LT3,723,Mega Abomasnow ex,340.0,1,False,4,1,0,90.0,722,Snover,90.0,1,0,ACTIVE,39700.0,BENCH_POKEMON,True,False,WIN
253,3,1,1,ACTIVE_LT3,722,Snover,90.0,0,False,2,0,0,0.0,721,Kyogre,150.0,0,0,ACTIVE,39000.0,NONE,False,False,LOSS
253,5,2,0,ACTIVE_LT3,721,Kyogre,150.0,0,False,3,0,0,0.0,722,Snover,90.0,1,0,ACTIVE,39000.0,NONE,False,False,WIN
253,7,3,1,ACTIVE_LT3,722,Snover,90.0,1,False,2,0,0,0.0,721,Kyogre,150.0,1,0,ACTIVE,39700.0,NONE,False,False,LOSS
253,9,4,0,ACTIVE_LT3,721,Kyogre,120.0,1,False,3,0,0,0.0,722,Snover,90.0,2,0,ACTIVE,39700.0,NONE,False,False,WIN
253,11,5,1,ACTIVE_LT3,722,Snover,90.0,2,True,2,0,0,0.0,721,Kyogre,120.0,2,0,ACTIVE,40400.0,NONE,False,False,LOSS
253,13,6,0,ACTIVE_LT3,721,Kyogre,90.0,2,False,3,0,0,0.0,722,Snover,90.0,3,0,ACTIVE,40400.0,NONE,False,False,WIN
254,4,1,1,ACTIVE_LT3,721,Kyogre,150.0,0,False,3,0,0,0.0,721,Kyogre,150.0,0,0,ACTIVE,39000.0,NONE,False,False,WIN
254,6,2,0,ACTIVE_LT3,721,Kyogre,150.0,0,False,3,0,0,0.0,721,Kyogre,150.0,1,0,ACTIVE,39000.0,NONE,False,False,LOSS
254,8,3,1,ACTIVE_LT3,721,Kyogre,150.0,1,False,3,0,0,0.0,721,Kyogre,150.0,1,0,ACTIVE,39700.0,NONE,False,False,WIN
254,10,4,0,ACTIVE_LT3,721,Kyogre,150.0,1,False,3,0,0,0.0,721,Kyogre,150.0,2,0,ACTIVE,39700.0,NONE,False,False,LOSS
254,12,5,1,ACTIVE_LT3,721,Kyogre,150.0,2,False,3,0,0,0.0,721,Kyogre,150.0,2,0,ACTIVE,40400.0,NONE,False,False,WIN
254,16,6,0,ACTIVE_LT3,721,Kyogre,20.0,2,False,3,0,0,0.0,721,Kyogre,150.0,1,0,ACTIVE,40400.0,NONE,False,False,LOSS
254,20,7,1,ACTIVE_LT3,721,Kyogre,20.0,1,False,3,0,0,0.0,721,Kyogre,20.0,1,0,ACTIVE,39700.0,NONE,False,False,WIN
255,4,1,1,ACTIVE_LT3,722,Snover,90.0,0,False,2,0,0,0.0,722,Snover,90.0,0,0,ACTIVE,39000.0,NONE,False,False,WIN
255,8,2,0,ACTIVE_LT3,722,Snover,90.0,0,False,2,0,0,0.0,722,Snover,90.0,1,0,ACTIVE,39000.0,NONE,False,False,LOSS
255,11,3,1,ACTIVE_LT3,723,Mega Abomasnow ex,340.0,1,False,4,0,0,0.0,722,Snover,90.0,1,0,ACTIVE,39700.0,NONE,False,False,WIN
256,4,1,1,ACTIVE_LT3,722,Snover,90.0,0,False,2,0,0,0.0,722,Snover,90.0,0,0,ACTIVE,39000.0,NONE,False,False,WIN
256,5,1,1,ACTIVE_LT3,722,Snover,90.0,1,False,2,0,0,0.0,722,Snover,90.0,0,0,ACTIVE,39700.0,NONE,False,False,WIN
256,9,2,0,ACTIVE_LT3,722,Snover,90.0,0,False,2,0,0,0.0,722,Snover,90.0,1,0,ACTIVE,39000.0,NONE,False,False,LOSS
256,12,3,1,ACTIVE_LT3,723,Mega Abomasnow ex,340.0,1,False,4,0,0,0.0,722,Snover,90.0,1,0,ACTIVE,39700.0,NONE,False,False,WIN
257,5,1,1,ACTIVE_LT3,722,Snover,90.0,0,False,2,1,0,150.0,721,Kyogre,150.0,0,0,ACTIVE,39000.0,BENCH_POKEMON,True,False,WIN
257,7,2,0,ACTIVE_LT3,721,Kyogre,150.0,0,False,3,0,0,0.0,722,Snover,90.0,1,1,ACTIVE,39000.0,NONE,False,False,LOSS
257,10,3,1,ACTIVE_LT3,723,Mega Abomasnow ex,350.0,1,False,4,1,0,150.0,721,Kyogre,150.0,1,0,ACTIVE,39700.0,BENCH_POKEMON,True,False,WIN
258,5,1,1,ACTIVE_LT3,721,Kyogre,150.0,0,False,3,0,0,0.0,721,Kyogre,150.0,0,1,ACTIVE,39000.0,NONE,False,False,WIN
258,7,2,0,ACTIVE_LT3,721,Kyogre,150.0,0,False,3,1,0,90.0,721,Kyogre,150.0,1,0,ACTIVE,39000.0,BENCH_POKEMON,True,False,LOSS
258,9,3,1,ACTIVE_LT3,721,Kyogre,150.0,1,False,3,0,0,0.0,721,Kyogre,150.0,1,1,ACTIVE,39700.0,NONE,False,False,WIN
258,11,4,0,ACTIVE_LT3,721,Kyogre,150.0,1,False,3,1,0,90.0,721,Kyogre,150.0,2,0,ACTIVE,39700.0,BENCH_POKEMON,True,False,LOSS
258,13,5,1,ACTIVE_LT3,721,Kyogre,150.0,2,False,3,0,0,0.0,721,Kyogre,150.0,2,1,ACTIVE,40400.0,NONE,False,False,WIN
258,17,6,0,ACTIVE_LT3,721,Kyogre,20.0,2,False,3,1,0,90.0,721,Kyogre,150.0,1,0,ACTIVE,40400.0,BENCH_POKEMON,True,False,LOSS
258,18,6,0,ACTIVE_EQ3,721,Kyogre,20.0,3,True,3,1,0,90.0,721,Kyogre,150.0,1,0,ACTIVE,41100.0,BENCH_POKEMON,True,True,LOSS
258,28,7,1,ACTIVE_LT3,721,Kyogre,140.0,1,False,3,0,0,0.0,722,Snover,90.0,1,1,ACTIVE,39700.0,NONE,False,False,WIN
258,30,8,0,ACTIVE_LT3,722,Snover,50.0,1,False,2,1,0,20.0,721,Kyogre,140.0,2,0,ACTIVE,39700.0,BENCH_POKEMON,True,False,LOSS
258,32,9,1,ACTIVE_LT3,721,Kyogre,110.0,2,False,3,0,0,0.0,722,Snover,50.0,2,1,ACTIVE,40400.0,NONE,False,False,WIN
258,43,11,1,ACTIVE_LT3,721,Kyogre,110.0,1,False,3,0,0,0.0,721,Kyogre,20.0,0,0,ACTIVE,39700.0,NONE,False,False,WIN
259,5,1,1,ACTIVE_LT3,721,Kyogre,150.0,0,False,3,0,0,0.0,722,Snover,90.0,0,1,ACTIVE,39000.0,NONE,False,False,LOSS
259,6,1,1,ACTIVE_LT3,721,Kyogre,150.0,1,False,3,0,0,0.0,722,Snover,90.0,0,1,ACTIVE,39700.0,NONE,False,False,LOSS
259,8,2,0,ACTIVE_LT3,722,Snover,90.0,0,False,2,1,0,90.0,721,Kyogre,150.0,1,0,ACTIVE,39000.0,BENCH_POKEMON,True,False,WIN
259,10,3,1,ACTIVE_LT3,721,Kyogre,140.0,1,False,3,0,0,0.0,722,Snover,90.0,1,1,ACTIVE,39700.0,NONE,False,False,LOSS
259,13,4,0,ACTIVE_LT3,723,Mega Abomasnow ex,350.0,1,False,4,1,0,90.0,721,Kyogre,140.0,2,0,ACTIVE,39700.0,BENCH_POKEMON,True,False,WIN
260,4,1,1,ACTIVE_LT3,722,Snover,90.0,0,False,2,0,0,0.0,722,Snover,90.0,0,0,ACTIVE,39000.0,NONE,False,False,WIN
260,8,2,0,ACTIVE_LT3,722,Snover,90.0,0,False,2,0,0,0.0,722,Snover,90.0,1,0,ACTIVE,39000.0,NONE,False,False,LOSS
260,11,3,1,ACTIVE_LT3,723,Mega Abomasnow ex,340.0,1,False,4,0,0,0.0,722,Snover,90.0,1,0,ACTIVE,39700.0,NONE,False,False,WIN
261,4,1,1,ACTIVE_LT3,722,Snover,90.0,0,False,2,0,0,0.0,722,Snover,90.0,0,2,ACTIVE,39000.0,NONE,False,False,LOSS
261,8,2,0,ACTIVE_LT3,722,Snover,90.0,0,False,2,2,0,240.0,722,Snover,90.0,1,0,ACTIVE,39000.0,BENCH_POKEMON,True,False,WIN
261,9,2,0,ACTIVE_LT3,722,Snover,90.0,1,False,2,2,0,240.0,722,Snover,90.0,1,0,ACTIVE,39700.0,BENCH_POKEMON,True,False,WIN
261,12,3,1,ACTIVE_LT3,723,Mega Abomasnow ex,340.0,1,False,4,0,0,0.0,722,Snover,90.0,1,2,ACTIVE,39700.0,NONE,False,False,LOSS
261,16,4,0,ACTIVE_LT3,721,Kyogre,150.0,0,False,3,1,0,90.0,723,Mega Abomasnow ex,340.0,2,0,ACTIVE,39000.0,BENCH_POKEMON,True,False,WIN
261,18,5,1,ACTIVE_LT3,723,Mega Abomasnow ex,320.0,2,False,4,0,0,0.0,721,Kyogre,150.0,1,1,ACTIVE,40400.0,NONE,False,False,LOSS
261,23,6,0,ACTIVE_LT3,723,Mega Abomasnow ex,350.0,0,False,4,0,0,0.0,723,Mega Abomasnow ex,320.0,3,0,ACTIVE,39000.0,NONE,False,False,WIN
261,28,7,1,ACTIVE_EQ3,723,Mega Abomasnow ex,50.0,3,False,4,0,0,0.0,723,Mega Abomasnow ex,350.0,2,0,ACTIVE,41100.0,NONE,False,False,LOSS
261,30,8,0,ACTIVE_LT3,723,Mega Abomasnow ex,150.0,2,False,4,0,0,0.0,723,Mega Abomasnow ex,50.0,4,0,ACTIVE,40400.0,NONE,False,False,WIN
262,3,1,1,ACTIVE_LT3,721,Kyogre,150.0,0,False,3,0,0,0.0,722,Snover,90.0,0,0,ACTIVE,39000.0,NONE,False,False,LOSS
262,7,2,0,ACTIVE_LT3,722,Snover,90.0,0,False,2,0,0,0.0,721,Kyogre,150.0,1,0,ACTIVE,39000.0,NONE,False,False,WIN
262,9,3,1,ACTIVE_LT3,721,Kyogre,140.0,1,False,3,0,0,0.0,722,Snover,90.0,1,0,ACTIVE,39700.0,NONE,False,False,LOSS
262,12,4,0,ACTIVE_LT3,723,Mega Abomasnow ex,350.0,1,False,4,0,0,0.0,721,Kyogre,140.0,2,0,ACTIVE,39700.0,NONE,False,False,WIN
263,5,1,1,ACTIVE_LT3,722,Snover,90.0,0,False,2,0,0,0.0,722,Snover,90.0,0,2,ACTIVE,39000.0,NONE,False,False,LOSS
263,11,2,0,ACTIVE_LT3,722,Snover,90.0,0,False,2,2,0,180.0,722,Snover,90.0,1,0,ACTIVE,39000.0,BENCH_POKEMON,True,False,WIN
263,14,3,1,ACTIVE_LT3,723,Mega Abomasnow ex,340.0,1,False,4,0,0,0.0,722,Snover,90.0,1,2,ACTIVE,39700.0,NONE,False,False,LOSS
263,19,4,0,ACTIVE_LT3,723,Mega Abomasnow ex,350.0,0,False,4,1,0,90.0,723,Mega Abomasnow ex,340.0,2,0,ACTIVE,39000.0,BENCH_POKEMON,True,False,WIN
264,4,1,1,ACTIVE_LT3,722,Snover,90.0,0,False,2,0,0,0.0,722,Snover,90.0,0,0,ACTIVE,39000.0,NONE,False,False,WIN
264,5,1,1,ACTIVE_LT3,722,Snover,90.0,1,False,2,0,0,0.0,722,Snover,90.0,0,0,ACTIVE,39700.0,NONE,False,False,WIN
264,7,2,0,ACTIVE_LT3,722,Snover,90.0,0,False,2,0,0,0.0,722,Snover,90.0,1,0,ACTIVE,39000.0,NONE,False,False,LOSS
264,10,3,1,ACTIVE_LT3,723,Mega Abomasnow ex,340.0,1,False,4,0,0,0.0,722,Snover,90.0,1,0,ACTIVE,39700.0,NONE,False,False,WIN
265,4,1,1,ACTIVE_LT3,722,Snover,90.0,0,False,2,0,0,0.0,722,Snover,90.0,0,0,ACTIVE,39000.0,NONE,False,False,WIN
265,5,1,1,ACTIVE_LT3,722,Snover,90.0,1,False,2,0,0,0.0,722,Snover,90.0,0,0,ACTIVE,39700.0,NONE,False,False,WIN
265,7,2,0,ACTIVE_LT3,722,Snover,90.0,0,False,2,0,0,0.0,722,Snover,90.0,1,0,ACTIVE,39000.0,NONE,False,False,LOSS
265,9,3,1,ACTIVE_LT3,722,Snover,80.0,1,False,2,0,0,0.0,722,Snover,90.0,1,0,ACTIVE,39700.0,NONE,False,False,WIN
265,11,4,0,ACTIVE_LT3,722,Snover,60.0,1,False,2,0,0,0.0,722,Snover,80.0,2,0,ACTIVE,39700.0,NONE,False,False,LOSS
265,13,5,1,ACTIVE_LT3,722,Snover,50.0,2,True,2,0,0,0.0,722,Snover,60.0,2,0,ACTIVE,40400.0,NONE,False,False,WIN
265,15,6,0,ACTIVE_LT3,722,Snover,30.0,2,True,2,0,0,0.0,722,Snover,50.0,3,0,ACTIVE,40400.0,NONE,False,False,LOSS
265,17,7,1,ACTIVE_EQ3,722,Snover,20.0,3,True,2,0,0,0.0,722,Snover,30.0,3,0,ACTIVE,41100.0,NONE,False,False,WIN
266,3,1,1,ACTIVE_LT3,721,Kyogre,150.0,0,False,3,0,0,0.0,721,Kyogre,150.0,0,0,ACTIVE,39000.0,NONE,False,False,WIN
266,7,2,0,ACTIVE_LT3,721,Kyogre,150.0,0,False,3,0,0,0.0,721,Kyogre,150.0,1,0,ACTIVE,39000.0,NONE,False,False,LOSS
266,9,3,1,ACTIVE_LT3,721,Kyogre,150.0,1,False,3,0,0,0.0,721,Kyogre,150.0,1,0,ACTIVE,39700.0,NONE,False,False,WIN
266,11,4,0,ACTIVE_LT3,721,Kyogre,150.0,1,False,3,0,0,0.0,721,Kyogre,150.0,2,0,ACTIVE,39700.0,NONE,False,False,LOSS
266,13,5,1,ACTIVE_LT3,721,Kyogre,150.0,2,False,3,0,0,0.0,721,Kyogre,150.0,2,0,ACTIVE,40400.0,NONE,False,False,WIN
266,17,6,0,ACTIVE_LT3,721,Kyogre,20.0,2,False,3,0,0,0.0,721,Kyogre,150.0,1,0,ACTIVE,40400.0,NONE,False,False,LOSS
266,21,7,1,ACTIVE_LT3,721,Kyogre,20.0,1,False,3,0,0,0.0,721,Kyogre,20.0,1,0,ACTIVE,39700.0,NONE,False,False,WIN
267,5,1,1,ACTIVE_LT3,721,Kyogre,150.0,0,False,3,2,0,180.0,722,Snover,90.0,0,0,ACTIVE,39000.0,BENCH_POKEMON,True,False,LOSS
267,7,2,0,ACTIVE_LT3,722,Snover,90.0,0,False,2,0,0,0.0,721,Kyogre,150.0,1,2,ACTIVE,39000.0,NONE,False,False,WIN
267,9,3,1,ACTIVE_LT3,721,Kyogre,140.0,1,False,3,2,0,180.0,722,Snover,90.0,1,0,ACTIVE,39700.0,BENCH_POKEMON,True,False,LOSS
267,12,4,0,ACTIVE_LT3,723,Mega Abomasnow ex,350.0,1,False,4,0,0,0.0,721,Kyogre,140.0,2,2,ACTIVE,39700.0,NONE,False,False,WIN
267,16,5,1,ACTIVE_LT3,722,Snover,90.0,0,False,2,1,0,90.0,723,Mega Abomasnow ex,350.0,2,0,ACTIVE,39000.0,BENCH_POKEMON,True,False,LOSS
267,18,6,0,ACTIVE_LT3,723,Mega Abomasnow ex,340.0,2,False,4,0,0,0.0,722,Snover,90.0,1,1,ACTIVE,40400.0,NONE,False,False,WIN
267,22,7,1,ACTIVE_LT3,722,Snover,90.0,0,False,2,0,0,0.0,723,Mega Abomasnow ex,340.0,3,0,ACTIVE,39000.0,NONE,False,False,LOSS
267,24,8,0,ACTIVE_EQ3,723,Mega Abomasnow ex,340.0,3,False,4,0,0,0.0,722,Snover,90.0,1,0,ACTIVE,41100.0,NONE,False,False,WIN
268,3,1,1,ACTIVE_LT3,722,Snover,90.0,0,False,2,0,0,0.0,722,Snover,90.0,0,0,ACTIVE,39000.0,NONE,False,False,WIN
268,8,2,0,ACTIVE_LT3,722,Snover,90.0,0,False,2,0,0,0.0,722,Snover,90.0,1,1,ACTIVE,39000.0,NONE,False,False,LOSS
268,9,2,0,ACTIVE_LT3,722,Snover,90.0,1,False,2,0,0,0.0,722,Snover,90.0,1,1,ACTIVE,39700.0,NONE,False,False,LOSS
268,12,3,1,ACTIVE_LT3,723,Mega Abomasnow ex,340.0,1,False,4,1,0,150.0,722,Snover,90.0,1,0,ACTIVE,39700.0,BENCH_POKEMON,True,False,WIN
269,5,1,1,ACTIVE_LT3,721,Kyogre,150.0,0,False,3,0,0,0.0,722,Snover,90.0,0,1,ACTIVE,39000.0,NONE,False,False,LOSS
269,7,2,0,ACTIVE_LT3,722,Snover,90.0,0,False,2,1,0,90.0,721,Kyogre,150.0,1,0,ACTIVE,39000.0,BENCH_POKEMON,True,False,WIN
269,9,3,1,ACTIVE_LT3,721,Kyogre,140.0,1,False,3,0,0,0.0,722,Snover,90.0,1,1,ACTIVE,39700.0,NONE,False,False,LOSS
269,12,4,0,ACTIVE_LT3,723,Mega Abomasnow ex,350.0,1,False,4,1,0,90.0,721,Kyogre,140.0,2,0,ACTIVE,39700.0,BENCH_POKEMON,True,False,WIN
270,5,1,1,ACTIVE_LT3,722,Snover,90.0,0,False,2,0,0,0.0,722,Snover,90.0,0,2,ACTIVE,39000.0,NONE,False,False,WIN
270,9,2,0,ACTIVE_LT3,722,Snover,90.0,0,False,2,2,0,240.0,722,Snover,90.0,1,0,ACTIVE,39000.0,BENCH_POKEMON,True,False,LOSS
270,12,3,1,ACTIVE_LT3,723,Mega Abomasnow ex,340.0,1,False,4,0,0,0.0,722,Snover,90.0,1,2,ACTIVE,39700.0,NONE,False,False,WIN
270,16,4,0,ACTIVE_LT3,721,Kyogre,150.0,0,False,3,1,0,90.0,723,Mega Abomasnow ex,340.0,2,0,ACTIVE,39000.0,BENCH_POKEMON,True,False,LOSS
270,18,5,1,ACTIVE_LT3,723,Mega Abomasnow ex,320.0,2,False,4,0,0,0.0,721,Kyogre,150.0,1,1,ACTIVE,40400.0,NONE,False,False,WIN
270,22,6,0,ACTIVE_LT3,722,Snover,90.0,0,False,2,0,0,0.0,723,Mega Abomasnow ex,320.0,3,0,ACTIVE,39000.0,NONE,False,False,LOSS
270,24,7,1,ACTIVE_EQ3,723,Mega Abomasnow ex,320.0,3,False,4,0,0,0.0,722,Snover,90.0,1,0,ACTIVE,41100.0,NONE,False,False,WIN
271,4,1,1,ACTIVE_LT3,721,Kyogre,150.0,0,False,3,0,0,0.0,721,Kyogre,150.0,0,0,ACTIVE,39000.0,NONE,False,False,WIN
271,6,2,0,ACTIVE_LT3,721,Kyogre,150.0,0,False,3,0,0,0.0,721,Kyogre,150.0,1,0,ACTIVE,39000.0,NONE,False,False,LOSS
271,8,3,1,ACTIVE_LT3,721,Kyogre,150.0,1,False,3,0,0,0.0,721,Kyogre,150.0,1,0,ACTIVE,39700.0,NONE,False,False,WIN
271,10,4,0,ACTIVE_LT3,721,Kyogre,150.0,1,False,3,0,0,0.0,721,Kyogre,150.0,2,0,ACTIVE,39700.0,NONE,False,False,LOSS
271,12,5,1,ACTIVE_LT3,721,Kyogre,150.0,2,False,3,0,0,0.0,721,Kyogre,150.0,2,0,ACTIVE,40400.0,NONE,False,False,WIN
271,16,6,0,ACTIVE_LT3,721,Kyogre,20.0,2,False,3,0,0,0.0,721,Kyogre,150.0,1,0,ACTIVE,40400.0,NONE,False,False,LOSS
271,17,6,0,ACTIVE_EQ3,721,Kyogre,20.0,3,True,3,0,0,0.0,721,Kyogre,150.0,1,0,ACTIVE,41100.0,NONE,False,False,LOSS
271,21,7,1,ACTIVE_LT3,721,Kyogre,20.0,1,False,3,0,0,0.0,721,Kyogre,20.0,1,0,ACTIVE,39700.0,NONE,False,False,WIN
272,5,1,1,ACTIVE_LT3,722,Snover,90.0,0,False,2,1,0,90.0,722,Snover,90.0,0,0,ACTIVE,39000.0,BENCH_POKEMON,True,False,WIN
272,9,2,0,ACTIVE_LT3,722,Snover,90.0,0,False,2,0,0,0.0,722,Snover,90.0,1,1,ACTIVE,39000.0,NONE,False,False,LOSS
272,12,3,1,ACTIVE_LT3,723,Mega Abomasnow ex,340.0,1,False,4,1,0,90.0,722,Snover,90.0,1,0,ACTIVE,39700.0,BENCH_POKEMON,True,False,WIN
273,5,1,1,ACTIVE_LT3,721,Kyogre,150.0,0,False,3,0,0,0.0,722,Snover,90.0,0,1,ACTIVE,39000.0,NONE,False,False,WIN
273,9,2,0,ACTIVE_LT3,722,Snover,90.0,0,False,2,1,0,90.0,721,Kyogre,150.0,1,0,ACTIVE,39000.0,BENCH_POKEMON,True,False,LOSS
273,11,3,1,ACTIVE_LT3,721,Kyogre,140.0,1,False,3,0,0,0.0,722,Snover,90.0,1,1,ACTIVE,39700.0,NONE,False,False,WIN
273,13,4,0,ACTIVE_LT3,722,Snover,90.0,1,False,2,1,0,90.0,721,Kyogre,140.0,2,0,ACTIVE,39700.0,BENCH_POKEMON,True,False,LOSS
273,15,5,1,ACTIVE_LT3,721,Kyogre,110.0,2,False,3,0,0,0.0,722,Snover,90.0,2,1,ACTIVE,40400.0,NONE,False,False,WIN
273,21,6,0,ACTIVE_LT3,722,Snover,90.0,0,False,2,0,0,0.0,721,Kyogre,110.0,1,0,ACTIVE,39000.0,NONE,False,False,LOSS
273,23,7,1,ACTIVE_LT3,721,Kyogre,100.0,1,False,3,0,0,0.0,722,Snover,90.0,1,0,ACTIVE,39700.0,NONE,False,False,WIN
273,25,8,0,ACTIVE_LT3,722,Snover,50.0,1,False,2,0,0,0.0,721,Kyogre,100.0,2,0,ACTIVE,39700.0,NONE,False,False,LOSS
273,27,9,1,ACTIVE_LT3,721,Kyogre,70.0,2,False,3,0,0,0.0,722,Snover,50.0,2,0,ACTIVE,40400.0,NONE,False,False,WIN
274,4,1,1,ACTIVE_LT3,721,Kyogre,150.0,0,False,3,0,0,0.0,722,Snover,90.0,0,2,ACTIVE,39000.0,NONE,False,False,LOSS
274,10,2,0,ACTIVE_LT3,722,Snover,90.0,0,False,2,2,0,180.0,721,Kyogre,150.0,1,0,ACTIVE,39000.0,BENCH_POKEMON,True,False,WIN
274,12,3,1,ACTIVE_LT3,721,Kyogre,140.0,1,False,3,0,0,0.0,722,Snover,90.0,1,2,ACTIVE,39700.0,NONE,False,False,LOSS
274,14,4,0,ACTIVE_LT3,722,Snover,90.0,1,False,2,2,0,180.0,721,Kyogre,140.0,2,0,ACTIVE,39700.0,BENCH_POKEMON,True,False,WIN
274,16,5,1,ACTIVE_LT3,721,Kyogre,110.0,2,False,3,0,0,0.0,722,Snover,90.0,2,2,ACTIVE,40400.0,NONE,False,False,LOSS
274,22,6,0,ACTIVE_LT3,722,Snover,90.0,0,False,2,1,0,90.0,721,Kyogre,110.0,1,0,ACTIVE,39000.0,BENCH_POKEMON,True,False,WIN
274,24,7,1,ACTIVE_LT3,721,Kyogre,100.0,1,False,3,0,0,0.0,722,Snover,90.0,1,1,ACTIVE,39700.0,NONE,False,False,LOSS
274,26,8,0,ACTIVE_LT3,722,Snover,50.0,1,False,2,1,0,90.0,721,Kyogre,100.0,2,0,ACTIVE,39700.0,BENCH_POKEMON,True,False,WIN
274,28,9,1,ACTIVE_LT3,721,Kyogre,70.0,2,False,3,0,0,0.0,722,Snover,50.0,2,1,ACTIVE,40400.0,NONE,False,False,LOSS
274,35,10,0,ACTIVE_LT3,723,Mega Abomasnow ex,350.0,0,False,4,0,0,0.0,721,Kyogre,70.0,1,0,ACTIVE,39000.0,NONE,False,False,WIN
274,39,11,1,ACTIVE_LT3,721,Kyogre,70.0,1,False,3,0,0,0.0,723,Mega Abomasnow ex,350.0,1,0,ACTIVE,39700.0,NONE,False,False,LOSS
274,41,12,0,ACTIVE_LT3,723,Mega Abomasnow ex,310.0,1,False,4,0,0,0.0,721,Kyogre,70.0,2,0,ACTIVE,39700.0,NONE,False,False,WIN
275,3,1,1,ACTIVE_LT3,721,Kyogre,150.0,0,False,3,0,0,0.0,721,Kyogre,150.0,0,0,ACTIVE,39000.0,NONE,False,False,WIN
275,7,2,0,ACTIVE_LT3,721,Kyogre,150.0,0,False,3,0,0,0.0,721,Kyogre,150.0,1,0,ACTIVE,39000.0,NONE,False,False,LOSS
275,9,3,1,ACTIVE_LT3,721,Kyogre,150.0,1,False,3,0,0,0.0,721,Kyogre,150.0,1,0,ACTIVE,39700.0,NONE,False,False,WIN
275,11,4,0,ACTIVE_LT3,721,Kyogre,150.0,1,False,3,0,0,0.0,721,Kyogre,150.0,2,0,ACTIVE,39700.0,NONE,False,False,LOSS
275,13,5,1,ACTIVE_LT3,721,Kyogre,150.0,2,False,3,0,0,0.0,721,Kyogre,150.0,2,0,ACTIVE,40400.0,NONE,False,False,WIN
275,17,6,0,ACTIVE_LT3,721,Kyogre,20.0,2,False,3,0,0,0.0,721,Kyogre,150.0,1,0,ACTIVE,40400.0,NONE,False,False,LOSS
275,21,7,1,ACTIVE_LT3,721,Kyogre,20.0,1,False,3,0,0,0.0,721,Kyogre,20.0,1,0,ACTIVE,39700.0,NONE,False,False,WIN
276,4,1,1,ACTIVE_LT3,721,Kyogre,150.0,0,False,3,1,0,90.0,721,Kyogre,150.0,0,0,ACTIVE,39000.0,BENCH_POKEMON,True,False,WIN
276,8,2,0,ACTIVE_LT3,721,Kyogre,150.0,0,False,3,0,0,0.0,721,Kyogre,150.0,1,1,ACTIVE,39000.0,NONE,False,False,LOSS
276,9,2,0,ACTIVE_LT3,721,Kyogre,150.0,1,False,3,0,0,0.0,721,Kyogre,150.0,1,1,ACTIVE,39700.0,NONE,False,False,LOSS
276,12,3,1,ACTIVE_LT3,721,Kyogre,150.0,1,False,3,1,0,350.0,721,Kyogre,150.0,1,0,ACTIVE,39700.0,BENCH_POKEMON,True,False,WIN
276,14,4,0,ACTIVE_LT3,721,Kyogre,150.0,1,False,3,0,0,0.0,721,Kyogre,150.0,2,1,ACTIVE,39700.0,NONE,False,False,LOSS
276,16,5,1,ACTIVE_LT3,721,Kyogre,150.0,2,False,3,1,0,350.0,721,Kyogre,150.0,2,0,ACTIVE,40400.0,BENCH_POKEMON,True,False,WIN
276,20,6,0,ACTIVE_LT3,721,Kyogre,20.0,2,False,3,0,0,0.0,721,Kyogre,150.0,1,1,ACTIVE,40400.0,NONE,False,False,LOSS
276,24,7,1,ACTIVE_LT3,721,Kyogre,20.0,1,False,3,1,0,350.0,721,Kyogre,20.0,1,0,ACTIVE,39700.0,BENCH_POKEMON,True,False,WIN
277,3,1,1,ACTIVE_LT3,721,Kyogre,150.0,0,False,3,0,0,0.0,721,Kyogre,150.0,0,0,ACTIVE,39000.0,NONE,False,False,WIN
277,5,2,0,ACTIVE_LT3,721,Kyogre,150.0,0,False,3,0,0,0.0,721,Kyogre,150.0,1,0,ACTIVE,39000.0,NONE,False,False,LOSS
277,7,3,1,ACTIVE_LT3,721,Kyogre,150.0,1,False,3,0,0,0.0,721,Kyogre,150.0,1,0,ACTIVE,39700.0,NONE,False,False,WIN
277,9,4,0,ACTIVE_LT3,721,Kyogre,150.0,1,False,3,0,0,0.0,721,Kyogre,150.0,2,0,ACTIVE,39700.0,NONE,False,False,LOSS
277,11,5,1,ACTIVE_LT3,721,Kyogre,150.0,2,False,3,0,0,0.0,721,Kyogre,150.0,2,0,ACTIVE,40400.0,NONE,False,False,WIN
277,15,6,0,ACTIVE_LT3,721,Kyogre,20.0,2,False,3,0,0,0.0,721,Kyogre,150.0,1,0,ACTIVE,40400.0,NONE,False,False,LOSS
277,19,7,1,ACTIVE_LT3,721,Kyogre,20.0,1,False,3,0,0,0.0,721,Kyogre,20.0,1,0,ACTIVE,39700.0,NONE,False,False,WIN
278,3,1,1,ACTIVE_LT3,721,Kyogre,150.0,0,False,3,0,0,0.0,722,Snover,90.0,0,0,ACTIVE,39000.0,NONE,False,False,WIN
278,5,2,0,ACTIVE_LT3,722,Snover,90.0,0,False,2,0,0,0.0,721,Kyogre,150.0,1,0,ACTIVE,39000.0,NONE,False,False,LOSS
278,7,3,1,ACTIVE_LT3,721,Kyogre,140.0,1,False,3,0,0,0.0,722,Snover,90.0,1,0,ACTIVE,39700.0,NONE,False,False,WIN
278,9,4,0,ACTIVE_LT3,722,Snover,90.0,1,False,2,0,0,0.0,721,Kyogre,140.0,2,0,ACTIVE,39700.0,NONE,False,False,LOSS
278,10,4,0,ACTIVE_LT3,722,Snover,90.0,2,True,2,0,0,0.0,721,Kyogre,140.0,2,0,ACTIVE,40400.0,NONE,False,False,LOSS
278,12,5,1,ACTIVE_LT3,721,Kyogre,110.0,2,False,3,0,0,0.0,722,Snover,90.0,2,0,ACTIVE,40400.0,NONE,False,False,WIN
279,4,1,1,ACTIVE_LT3,721,Kyogre,150.0,0,False,3,1,0,150.0,722,Snover,90.0,0,0,ACTIVE,39000.0,BENCH_POKEMON,True,False,LOSS
279,8,2,0,ACTIVE_LT3,722,Snover,90.0,0,False,2,0,0,0.0,721,Kyogre,150.0,1,1,ACTIVE,39000.0,NONE,False,False,WIN
279,10,3,1,ACTIVE_LT3,721,Kyogre,140.0,1,False,3,1,0,150.0,722,Snover,90.0,1,0,ACTIVE,39700.0,BENCH_POKEMON,True,False,LOSS
279,13,4,0,ACTIVE_LT3,723,Mega Abomasnow ex,350.0,1,False,4,0,0,0.0,721,Kyogre,140.0,2,1,ACTIVE,39700.0,NONE,False,False,WIN
279,17,5,1,ACTIVE_LT3,721,Kyogre,150.0,0,False,3,0,0,0.0,723,Mega Abomasnow ex,350.0,2,0,ACTIVE,39000.0,NONE,False,False,LOSS
279,19,6,0,ACTIVE_LT3,723,Mega Abomasnow ex,310.0,2,False,4,0,0,0.0,721,Kyogre,150.0,1,0,ACTIVE,40400.0,NONE,False,False,WIN
280,4,1,1,ACTIVE_LT3,722,Snover,90.0,0,False,2,0,0,0.0,722,Snover,90.0,0,0,ACTIVE,39000.0,NONE,False,False,WIN
280,6,2,0,ACTIVE_LT3,722,Snover,90.0,0,False,2,0,0,0.0,722,Snover,90.0,1,0,ACTIVE,39000.0,NONE,False,False,LOSS
280,8,3,1,ACTIVE_LT3,722,Snover,80.0,1,False,2,0,0,0.0,722,Snover,90.0,1,0,ACTIVE,39700.0,NONE,False,False,WIN
280,10,4,0,ACTIVE_LT3,722,Snover,60.0,1,False,2,0,0,0.0,722,Snover,80.0,2,0,ACTIVE,39700.0,NONE,False,False,LOSS
280,12,5,1,ACTIVE_LT3,722,Snover,50.0,2,True,2,0,0,0.0,722,Snover,60.0,2,0,ACTIVE,40400.0,NONE,False,False,WIN
280,14,6,0,ACTIVE_LT3,722,Snover,30.0,2,True,2,0,0,0.0,722,Snover,50.0,3,0,ACTIVE,40400.0,NONE,False,False,LOSS
280,16,7,1,ACTIVE_EQ3,722,Snover,20.0,3,True,2,0,0,0.0,722,Snover,30.0,3,0,ACTIVE,41100.0,NONE,False,False,WIN
281,5,1,1,ACTIVE_LT3,722,Snover,90.0,0,False,2,0,0,0.0,721,Kyogre,150.0,0,1,ACTIVE,39000.0,NONE,False,False,WIN
281,7,2,0,ACTIVE_LT3,721,Kyogre,150.0,0,False,3,1,0,150.0,722,Snover,90.0,1,0,ACTIVE,39000.0,BENCH_POKEMON,True,False,LOSS
281,10,3,1,ACTIVE_LT3,723,Mega Abomasnow ex,350.0,1,False,4,0,0,0.0,721,Kyogre,150.0,1,1,ACTIVE,39700.0,NONE,False,False,WIN
281,14,4,0,ACTIVE_LT3,721,Kyogre,150.0,0,False,3,0,0,0.0,723,Mega Abomasnow ex,350.0,2,0,ACTIVE,39000.0,NONE,False,False,LOSS
281,16,5,1,ACTIVE_LT3,723,Mega Abomasnow ex,330.0,2,False,4,0,0,0.0,721,Kyogre,150.0,1,0,ACTIVE,40400.0,NONE,False,False,WIN
282,3,1,1,ACTIVE_LT3,721,Kyogre,150.0,0,False,3,0,0,0.0,722,Snover,90.0,0,0,ACTIVE,39000.0,NONE,False,False,WIN
282,5,2,0,ACTIVE_LT3,722,Snover,90.0,0,False,2,0,0,0.0,721,Kyogre,150.0,1,0,ACTIVE,39000.0,NONE,False,False,LOSS
282,7,3,1,ACTIVE_LT3,721,Kyogre,140.0,1,False,3,0,0,0.0,722,Snover,90.0,1,0,ACTIVE,39700.0,NONE,False,False,WIN
282,9,4,0,ACTIVE_LT3,722,Snover,90.0,1,False,2,0,0,0.0,721,Kyogre,140.0,2,0,ACTIVE,39700.0,NONE,False,False,LOSS
282,11,5,1,ACTIVE_LT3,721,Kyogre,110.0,2,False,3,0,0,0.0,722,Snover,90.0,2,0,ACTIVE,40400.0,NONE,False,False,WIN
283,5,1,1,ACTIVE_LT3,721,Kyogre,150.0,0,False,3,1,0,90.0,721,Kyogre,150.0,0,0,ACTIVE,39000.0,BENCH_POKEMON,True,False,WIN
283,7,2,0,ACTIVE_LT3,721,Kyogre,150.0,0,False,3,0,0,0.0,721,Kyogre,150.0,1,1,ACTIVE,39000.0,NONE,False,False,LOSS
283,10,3,1,ACTIVE_LT3,721,Kyogre,150.0,1,False,3,1,0,350.0,721,Kyogre,150.0,1,0,ACTIVE,39700.0,BENCH_POKEMON,True,False,WIN
283,12,4,0,ACTIVE_LT3,721,Kyogre,150.0,1,False,3,0,0,0.0,721,Kyogre,150.0,2,1,ACTIVE,39700.0,NONE,False,False,LOSS
283,14,5,1,ACTIVE_LT3,721,Kyogre,150.0,2,False,3,1,0,350.0,721,Kyogre,150.0,2,0,ACTIVE,40400.0,BENCH_POKEMON,True,False,WIN
283,18,6,0,ACTIVE_LT3,721,Kyogre,20.0,2,False,3,0,0,0.0,721,Kyogre,150.0,1,1,ACTIVE,40400.0,NONE,False,False,LOSS
283,22,7,1,ACTIVE_LT3,721,Kyogre,20.0,1,False,3,1,0,350.0,721,Kyogre,20.0,1,0,ACTIVE,39700.0,BENCH_POKEMON,True,False,WIN
284,4,1,1,ACTIVE_LT3,722,Snover,90.0,0,False,2,0,0,0.0,722,Snover,90.0,0,0,ACTIVE,39000.0,NONE,False,False,WIN
284,6,2,0,ACTIVE_LT3,722,Snover,90.0,0,False,2,0,0,0.0,722,Snover,90.0,1,0,ACTIVE,39000.0,NONE,False,False,LOSS
284,8,3,1,ACTIVE_LT3,722,Snover,80.0,1,False,2,0,0,0.0,722,Snover,90.0,1,0,ACTIVE,39700.0,NONE,False,False,WIN
284,10,4,0,ACTIVE_LT3,722,Snover,60.0,1,False,2,0,0,0.0,722,Snover,80.0,2,0,ACTIVE,39700.0,NONE,False,False,LOSS
284,12,5,1,ACTIVE_LT3,722,Snover,50.0,2,True,2,0,0,0.0,722,Snover,60.0,2,0,ACTIVE,40400.0,NONE,False,False,WIN
284,14,6,0,ACTIVE_LT3,722,Snover,30.0,2,True,2,0,0,0.0,722,Snover,50.0,3,0,ACTIVE,40400.0,NONE,False,False,LOSS
284,16,7,1,ACTIVE_EQ3,722,Snover,20.0,3,True,2,0,0,0.0,722,Snover,30.0,3,0,ACTIVE,41100.0,NONE,False,False,WIN
285,5,1,1,ACTIVE_LT3,721,Kyogre,150.0,0,False,3,0,0,0.0,722,Snover,90.0,0,1,ACTIVE,39000.0,NONE,False,False,WIN
285,6,1,1,ACTIVE_LT3,721,Kyogre,150.0,1,False,3,0,0,0.0,722,Snover,90.0,0,1,ACTIVE,39700.0,NONE,False,False,WIN
285,8,2,0,ACTIVE_LT3,722,Snover,90.0,0,False,2,1,0,150.0,721,Kyogre,150.0,1,0,ACTIVE,39000.0,BENCH_POKEMON,True,False,LOSS
285,10,3,1,ACTIVE_LT3,721,Kyogre,140.0,1,False,3,0,0,0.0,722,Snover,90.0,1,1,ACTIVE,39700.0,NONE,False,False,WIN
285,12,4,0,ACTIVE_LT3,722,Snover,90.0,1,False,2,1,0,150.0,721,Kyogre,140.0,2,0,ACTIVE,39700.0,BENCH_POKEMON,True,False,LOSS
285,14,5,1,ACTIVE_LT3,721,Kyogre,110.0,2,False,3,0,0,0.0,722,Snover,90.0,2,1,ACTIVE,40400.0,NONE,False,False,WIN
285,20,6,0,ACTIVE_LT3,721,Kyogre,150.0,0,False,3,0,0,0.0,721,Kyogre,110.0,1,0,ACTIVE,39000.0,NONE,False,False,LOSS
285,22,7,1,ACTIVE_LT3,721,Kyogre,70.0,1,False,3,0,0,0.0,721,Kyogre,150.0,1,0,ACTIVE,39700.0,NONE,False,False,WIN
285,24,8,0,ACTIVE_LT3,721,Kyogre,110.0,1,False,3,0,0,0.0,721,Kyogre,70.0,2,0,ACTIVE,39700.0,NONE,False,False,LOSS
285,26,9,1,ACTIVE_LT3,721,Kyogre,70.0,2,False,3,0,0,0.0,721,Kyogre,110.0,2,0,ACTIVE,40400.0,NONE,False,False,WIN
286,5,1,1,ACTIVE_LT3,722,Snover,90.0,0,False,2,0,0,0.0,722,Snover,90.0,0,1,ACTIVE,39000.0,NONE,False,False,WIN
286,6,1,1,ACTIVE_LT3,722,Snover,90.0,0,False,2,0,0,0.0,722,Snover,90.0,0,1,ACTIVE,39000.0,NONE,False,False,WIN
286,12,2,0,ACTIVE_LT3,722,Snover,90.0,0,False,2,1,0,150.0,722,Snover,90.0,1,0,ACTIVE,39000.0,BENCH_POKEMON,True,False,LOSS
286,15,3,1,ACTIVE_LT3,723,Mega Abomasnow ex,340.0,1,False,4,0,0,0.0,722,Snover,90.0,1,1,ACTIVE,39700.0,NONE,False,False,WIN
286,19,4,0,ACTIVE_LT3,721,Kyogre,150.0,0,False,3,0,0,0.0,723,Mega Abomasnow ex,340.0,2,0,ACTIVE,39000.0,NONE,False,False,LOSS
286,21,5,1,ACTIVE_LT3,723,Mega Abomasnow ex,320.0,2,False,4,0,0,0.0,721,Kyogre,150.0,1,0,ACTIVE,40400.0,NONE,False,False,WIN
287,4,1,1,ACTIVE_LT3,722,Snover,90.0,0,False,2,1,0,90.0,722,Snover,90.0,0,0,ACTIVE,39000.0,BENCH_POKEMON,True,False,LOSS
287,5,1,1,ACTIVE_LT3,722,Snover,90.0,0,False,2,1,0,90.0,722,Snover,90.0,0,0,ACTIVE,39000.0,BENCH_POKEMON,True,False,LOSS
287,7,2,0,ACTIVE_LT3,722,Snover,90.0,0,False,2,0,0,0.0,722,Snover,90.0,1,1,ACTIVE,39000.0,NONE,False,False,WIN
287,9,3,1,ACTIVE_LT3,722,Snover,80.0,1,False,2,1,0,90.0,722,Snover,90.0,1,0,ACTIVE,39700.0,BENCH_POKEMON,True,False,LOSS
287,12,4,0,ACTIVE_LT3,723,Mega Abomasnow ex,320.0,1,False,4,0,0,0.0,722,Snover,80.0,2,1,ACTIVE,39700.0,NONE,False,False,WIN
287,16,5,1,ACTIVE_LT3,722,Snover,90.0,0,False,2,0,0,0.0,723,Mega Abomasnow ex,320.0,2,0,ACTIVE,39000.0,NONE,False,False,LOSS
287,18,6,0,ACTIVE_LT3,723,Mega Abomasnow ex,310.0,2,False,4,0,0,0.0,722,Snover,90.0,1,0,ACTIVE,40400.0,NONE,False,False,WIN
288,4,1,1,ACTIVE_LT3,722,Snover,90.0,0,False,2,0,0,0.0,722,Snover,90.0,0,0,ACTIVE,39000.0,NONE,False,False,WIN
288,8,2,0,ACTIVE_LT3,722,Snover,90.0,0,False,2,0,0,0.0,722,Snover,90.0,1,0,ACTIVE,39000.0,NONE,False,False,LOSS
288,11,3,1,ACTIVE_LT3,723,Mega Abomasnow ex,340.0,1,False,4,0,0,0.0,722,Snover,90.0,1,0,ACTIVE,39700.0,NONE,False,False,WIN
289,5,1,1,ACTIVE_LT3,722,Snover,90.0,0,False,2,1,0,90.0,722,Snover,90.0,0,0,ACTIVE,39000.0,BENCH_POKEMON,True,False,WIN
289,7,2,0,ACTIVE_LT3,722,Snover,90.0,0,False,2,0,0,0.0,722,Snover,90.0,1,1,ACTIVE,39000.0,NONE,False,False,LOSS
289,8,2,0,ACTIVE_LT3,722,Snover,90.0,1,False,2,0,0,0.0,722,Snover,90.0,1,1,ACTIVE,39700.0,NONE,False,False,LOSS
289,12,3,1,ACTIVE_LT3,723,Mega Abomasnow ex,340.0,1,False,4,1,0,350.0,722,Snover,90.0,1,0,ACTIVE,39700.0,BENCH_POKEMON,True,False,WIN
290,4,1,1,ACTIVE_LT3,722,Snover,90.0,0,False,2,0,0,0.0,721,Kyogre,150.0,0,0,ACTIVE,39000.0,NONE,False,False,WIN
290,6,2,0,ACTIVE_LT3,721,Kyogre,150.0,0,False,3,0,0,0.0,722,Snover,90.0,1,0,ACTIVE,39000.0,NONE,False,False,LOSS
290,9,3,1,ACTIVE_LT3,723,Mega Abomasnow ex,350.0,1,False,4,0,0,0.0,721,Kyogre,150.0,1,0,ACTIVE,39700.0,NONE,False,False,WIN
291,3,1,1,ACTIVE_LT3,722,Snover,90.0,0,False,2,0,0,0.0,721,Kyogre,150.0,0,0,ACTIVE,39000.0,NONE,False,False,LOSS
291,6,2,0,ACTIVE_LT3,721,Kyogre,150.0,0,False,3,0,0,0.0,722,Snover,90.0,1,1,ACTIVE,39000.0,NONE,False,False,WIN
291,8,3,1,ACTIVE_LT3,722,Snover,90.0,1,False,2,1,0,150.0,721,Kyogre,150.0,1,0,ACTIVE,39700.0,BENCH_POKEMON,True,False,LOSS
291,10,4,0,ACTIVE_LT3,721,Kyogre,120.0,1,False,3,0,0,0.0,722,Snover,90.0,2,1,ACTIVE,39700.0,NONE,False,False,WIN
291,12,5,1,ACTIVE_LT3,722,Snover,90.0,2,True,2,1,0,150.0,721,Kyogre,120.0,2,0,ACTIVE,40400.0,BENCH_POKEMON,True,True,LOSS
291,14,6,0,ACTIVE_LT3,721,Kyogre,90.0,2,False,3,0,0,0.0,722,Snover,90.0,3,1,ACTIVE,40400.0,NONE,False,False,WIN
291,20,7,1,ACTIVE_LT3,721,Kyogre,150.0,0,False,3,0,0,0.0,721,Kyogre,90.0,1,0,ACTIVE,39000.0,NONE,False,False,LOSS
291,22,8,0,ACTIVE_LT3,721,Kyogre,30.0,1,False,3,0,0,0.0,721,Kyogre,150.0,1,0,ACTIVE,39700.0,NONE,False,False,WIN
291,24,9,1,ACTIVE_LT3,721,Kyogre,110.0,1,False,3,0,0,0.0,721,Kyogre,30.0,2,0,ACTIVE,39700.0,NONE,False,False,LOSS
291,25,9,1,ACTIVE_LT3,721,Kyogre,110.0,2,False,3,0,0,0.0,721,Kyogre,30.0,2,0,ACTIVE,40400.0,NONE,False,False,LOSS
291,27,10,0,ACTIVE_LT3,721,Kyogre,30.0,2,False,3,0,0,0.0,721,Kyogre,110.0,2,0,ACTIVE,40400.0,NONE,False,False,WIN
292,5,1,1,ACTIVE_LT3,722,Snover,90.0,0,False,2,1,0,90.0,722,Snover,90.0,0,1,ACTIVE,39000.0,BENCH_POKEMON,True,False,WIN
292,7,2,0,ACTIVE_LT3,722,Snover,90.0,0,False,2,1,0,150.0,722,Snover,90.0,1,1,ACTIVE,39000.0,BENCH_POKEMON,True,False,LOSS
292,9,3,1,ACTIVE_LT3,722,Snover,80.0,1,False,2,1,0,90.0,722,Snover,90.0,1,1,ACTIVE,39700.0,BENCH_POKEMON,True,False,WIN
292,11,4,0,ACTIVE_LT3,722,Snover,60.0,1,False,2,1,0,150.0,722,Snover,80.0,2,1,ACTIVE,39700.0,BENCH_POKEMON,True,False,LOSS
292,13,5,1,ACTIVE_LT3,722,Snover,50.0,2,True,2,1,0,90.0,722,Snover,60.0,2,1,ACTIVE,40400.0,BENCH_POKEMON,True,True,WIN
292,15,6,0,ACTIVE_LT3,722,Snover,30.0,2,True,2,1,0,150.0,722,Snover,50.0,3,1,ACTIVE,40400.0,BENCH_POKEMON,True,True,LOSS
292,25,7,1,ACTIVE_EQ3,723,Mega Abomasnow ex,310.0,3,False,4,1,0,90.0,721,Kyogre,150.0,0,1,ACTIVE,41100.0,BENCH_POKEMON,True,False,WIN
292,29,8,0,ACTIVE_LT3,723,Mega Abomasnow ex,290.0,0,False,4,0,0,0.0,723,Mega Abomasnow ex,310.0,4,1,ACTIVE,39000.0,NONE,False,False,LOSS
292,34,9,1,ACTIVE_GE4,723,Mega Abomasnow ex,40.0,4,True,4,1,0,90.0,723,Mega Abomasnow ex,290.0,2,0,ACTIVE,41800.0,BENCH_POKEMON,True,True,WIN
292,46,10,0,ACTIVE_LT3,723,Mega Abomasnow ex,290.0,2,False,4,0,0,0.0,723,Mega Abomasnow ex,350.0,0,1,ACTIVE,40400.0,NONE,False,False,LOSS
292,48,11,1,ACTIVE_LT3,723,Mega Abomasnow ex,150.0,0,False,4,1,1,40.0,723,Mega Abomasnow ex,290.0,3,0,ACTIVE,39000.0,BENCH_POKEMON,True,False,WIN
293,3,1,1,ACTIVE_LT3,722,Snover,90.0,0,False,2,0,0,0.0,722,Snover,90.0,0,0,ACTIVE,39000.0,NONE,False,False,WIN
293,5,2,0,ACTIVE_LT3,722,Snover,90.0,0,False,2,0,0,0.0,722,Snover,90.0,1,0,ACTIVE,39000.0,NONE,False,False,LOSS
293,6,2,0,ACTIVE_LT3,722,Snover,90.0,1,False,2,0,0,0.0,722,Snover,90.0,1,0,ACTIVE,39700.0,NONE,False,False,LOSS
293,9,3,1,ACTIVE_LT3,723,Mega Abomasnow ex,340.0,1,False,4,0,0,0.0,722,Snover,90.0,1,0,ACTIVE,39700.0,NONE,False,False,WIN
294,3,1,1,ACTIVE_LT3,722,Snover,90.0,0,False,2,0,0,0.0,722,Snover,90.0,0,0,ACTIVE,39000.0,NONE,False,False,WIN
294,5,2,0,ACTIVE_LT3,722,Snover,90.0,0,False,2,0,0,0.0,722,Snover,90.0,1,0,ACTIVE,39000.0,NONE,False,False,LOSS
294,8,3,1,ACTIVE_LT3,723,Mega Abomasnow ex,340.0,1,False,4,0,0,0.0,722,Snover,90.0,1,0,ACTIVE,39700.0,NONE,False,False,WIN
295,4,1,1,ACTIVE_LT3,722,Snover,90.0,0,False,2,0,0,0.0,722,Snover,90.0,0,0,ACTIVE,39000.0,NONE,False,False,WIN
295,6,2,0,ACTIVE_LT3,722,Snover,90.0,0,False,2,0,0,0.0,722,Snover,90.0,1,0,ACTIVE,39000.0,NONE,False,False,LOSS
295,8,3,1,ACTIVE_LT3,722,Snover,80.0,1,False,2,0,0,0.0,722,Snover,90.0,1,0,ACTIVE,39700.0,NONE,False,False,WIN
295,10,4,0,ACTIVE_LT3,722,Snover,60.0,1,False,2,0,0,0.0,722,Snover,80.0,2,0,ACTIVE,39700.0,NONE,False,False,LOSS
295,12,5,1,ACTIVE_LT3,722,Snover,50.0,2,True,2,0,0,0.0,722,Snover,60.0,2,0,ACTIVE,40400.0,NONE,False,False,WIN
295,14,6,0,ACTIVE_LT3,722,Snover,30.0,2,True,2,0,0,0.0,722,Snover,50.0,3,0,ACTIVE,40400.0,NONE,False,False,LOSS
295,16,7,1,ACTIVE_EQ3,722,Snover,20.0,3,True,2,0,0,0.0,722,Snover,30.0,3,0,ACTIVE,41100.0,NONE,False,False,WIN
296,5,1,1,ACTIVE_LT3,722,Snover,90.0,0,False,2,0,0,0.0,722,Snover,90.0,0,1,ACTIVE,39000.0,NONE,False,False,WIN
296,7,2,0,ACTIVE_LT3,722,Snover,90.0,0,False,2,1,0,90.0,722,Snover,90.0,1,0,ACTIVE,39000.0,BENCH_POKEMON,True,False,LOSS
296,10,3,1,ACTIVE_LT3,723,Mega Abomasnow ex,340.0,1,False,4,0,0,0.0,722,Snover,90.0,1,1,ACTIVE,39700.0,NONE,False,False,WIN
296,14,4,0,ACTIVE_LT3,722,Snover,90.0,0,False,2,0,0,0.0,723,Mega Abomasnow ex,340.0,2,0,ACTIVE,39000.0,NONE,False,False,LOSS
296,16,5,1,ACTIVE_LT3,723,Mega Abomasnow ex,330.0,2,False,4,0,0,0.0,722,Snover,90.0,1,0,ACTIVE,40400.0,NONE,False,False,WIN
297,5,1,1,ACTIVE_LT3,722,Snover,90.0,0,False,2,1,0,90.0,722,Snover,90.0,0,1,ACTIVE,39000.0,BENCH_POKEMON,True,False,WIN
297,7,2,0,ACTIVE_LT3,722,Snover,90.0,0,False,2,1,0,90.0,722,Snover,90.0,1,1,ACTIVE,39000.0,BENCH_POKEMON,True,False,LOSS
297,10,3,1,ACTIVE_LT3,723,Mega Abomasnow ex,340.0,1,False,4,1,0,90.0,722,Snover,90.0,1,1,ACTIVE,39700.0,BENCH_POKEMON,True,False,WIN
297,15,4,0,ACTIVE_LT3,723,Mega Abomasnow ex,350.0,0,False,4,0,0,0.0,723,Mega Abomasnow ex,340.0,2,1,ACTIVE,39000.0,NONE,False,False,LOSS
297,17,5,1,ACTIVE_LT3,723,Mega Abomasnow ex,340.0,2,False,4,1,0,90.0,723,Mega Abomasnow ex,350.0,1,0,ACTIVE,40400.0,BENCH_POKEMON,True,False,WIN
297,19,6,0,ACTIVE_LT3,723,Mega Abomasnow ex,150.0,1,False,4,0,0,0.0,723,Mega Abomasnow ex,340.0,3,1,ACTIVE,39700.0,NONE,False,False,LOSS
297,21,7,1,ACTIVE_EQ3,723,Mega Abomasnow ex,70.0,3,False,4,1,0,90.0,723,Mega Abomasnow ex,150.0,2,0,ACTIVE,41100.0,BENCH_POKEMON,True,False,WIN
297,32,8,0,ACTIVE_LT3,723,Mega Abomasnow ex,150.0,2,False,4,0,0,0.0,723,Mega Abomasnow ex,350.0,0,1,ACTIVE,40400.0,NONE,False,False,LOSS
297,34,9,1,ACTIVE_LT3,723,Mega Abomasnow ex,150.0,0,False,4,1,0,70.0,723,Mega Abomasnow ex,150.0,3,0,ACTIVE,39000.0,BENCH_POKEMON,True,False,WIN
297,36,10,0,ACTIVE_EQ3,723,Mega Abomasnow ex,150.0,3,False,4,0,0,0.0,723,Mega Abomasnow ex,150.0,1,1,ACTIVE,41100.0,NONE,False,False,LOSS
297,40,11,1,ACTIVE_LT3,723,Mega Abomasnow ex,70.0,0,False,4,0,0,0.0,723,Mega Abomasnow ex,150.0,4,0,ACTIVE,39000.0,NONE,False,False,WIN
298,4,1,1,ACTIVE_LT3,721,Kyogre,150.0,0,False,3,0,0,0.0,721,Kyogre,150.0,0,0,ACTIVE,39000.0,NONE,False,False,WIN
298,5,1,1,ACTIVE_LT3,721,Kyogre,150.0,1,False,3,0,0,0.0,721,Kyogre,150.0,0,0,ACTIVE,39700.0,NONE,False,False,WIN
298,9,2,0,ACTIVE_LT3,721,Kyogre,150.0,0,False,3,0,0,0.0,721,Kyogre,150.0,1,0,ACTIVE,39000.0,NONE,False,False,LOSS
298,11,3,1,ACTIVE_LT3,721,Kyogre,150.0,1,False,3,0,0,0.0,721,Kyogre,150.0,1,0,ACTIVE,39700.0,NONE,False,False,WIN
298,13,4,0,ACTIVE_LT3,721,Kyogre,150.0,1,False,3,0,0,0.0,721,Kyogre,150.0,2,0,ACTIVE,39700.0,NONE,False,False,LOSS
298,15,5,1,ACTIVE_LT3,721,Kyogre,150.0,2,False,3,0,0,0.0,721,Kyogre,150.0,2,0,ACTIVE,40400.0,NONE,False,False,WIN
298,19,6,0,ACTIVE_LT3,721,Kyogre,20.0,2,False,3,0,0,0.0,721,Kyogre,150.0,1,0,ACTIVE,40400.0,NONE,False,False,LOSS
298,23,7,1,ACTIVE_LT3,721,Kyogre,20.0,1,False,3,0,0,0.0,721,Kyogre,20.0,1,0,ACTIVE,39700.0,NONE,False,False,WIN
299,4,1,1,ACTIVE_LT3,722,Snover,90.0,0,False,2,1,0,90.0,721,Kyogre,150.0,0,0,ACTIVE,39000.0,BENCH_POKEMON,True,False,WIN
299,8,2,0,ACTIVE_LT3,721,Kyogre,150.0,0,False,3,0,0,0.0,722,Snover,90.0,1,1,ACTIVE,39000.0,NONE,False,False,LOSS
299,12,3,1,ACTIVE_LT3,723,Mega Abomasnow ex,350.0,1,False,4,1,0,350.0,721,Kyogre,150.0,1,0,ACTIVE,39700.0,BENCH_POKEMON,True,False,WIN
300,5,1,1,ACTIVE_LT3,721,Kyogre,150.0,0,False,3,1,0,90.0,721,Kyogre,150.0,0,1,ACTIVE,39000.0,BENCH_POKEMON,True,False,WIN
300,7,2,0,ACTIVE_LT3,721,Kyogre,150.0,0,False,3,1,0,150.0,721,Kyogre,150.0,1,1,ACTIVE,39000.0,BENCH_POKEMON,True,False,LOSS
300,10,3,1,ACTIVE_LT3,721,Kyogre,150.0,1,False,3,1,0,350.0,721,Kyogre,150.0,1,1,ACTIVE,39700.0,BENCH_POKEMON,True,False,WIN
300,12,4,0,ACTIVE_LT3,721,Kyogre,150.0,1,False,3,1,0,150.0,721,Kyogre,150.0,2,1,ACTIVE,39700.0,BENCH_POKEMON,True,False,LOSS
300,14,5,1,ACTIVE_LT3,721,Kyogre,150.0,2,False,3,1,0,350.0,721,Kyogre,150.0,2,1,ACTIVE,40400.0,BENCH_POKEMON,True,False,WIN
300,18,6,0,ACTIVE_LT3,721,Kyogre,20.0,2,False,3,1,0,150.0,721,Kyogre,150.0,1,1,ACTIVE,40400.0,BENCH_POKEMON,True,False,LOSS
300,27,7,1,ACTIVE_LT3,721,Kyogre,150.0,1,False,3,1,0,350.0,721,Kyogre,150.0,0,1,ACTIVE,39700.0,BENCH_POKEMON,True,False,WIN
300,29,8,0,ACTIVE_LT3,721,Kyogre,110.0,0,False,3,1,0,20.0,721,Kyogre,150.0,2,1,ACTIVE,39000.0,BENCH_POKEMON,True,False,LOSS
300,31,9,1,ACTIVE_LT3,721,Kyogre,90.0,2,False,3,1,0,350.0,721,Kyogre,110.0,1,1,ACTIVE,40400.0,BENCH_POKEMON,True,False,WIN
300,37,10,0,ACTIVE_LT3,721,Kyogre,20.0,0,False,3,0,0,0.0,721,Kyogre,90.0,1,1,ACTIVE,39000.0,NONE,False,False,LOSS
300,39,11,1,ACTIVE_LT3,721,Kyogre,70.0,1,False,3,1,0,350.0,721,Kyogre,20.0,1,0,ACTIVE,39700.0,BENCH_POKEMON,True,False,WIN
