game_id,step,turn,player_idx,context,num_options,active_pokemon_name,active_energy,opp_active_name,opp_active_hp,deck_count,is_multi_attack_abomasnow_state,v4_action_idx,v4_action_desc,v4_score,h_attack_action_idx,h_attack_action_desc,h_attack_score,score_delta,is_override,final_action_idx,final_action_desc,is_legal,game_outcome,is_winning_override
1,0,0,0,IS_FIRST,2,NONE,0,NONE,0.0,60,False,1,NO,5000.0,1,NO,5000.0,0.0,False,1,NO,True,LOSS,
1,1,0,0,SETUP_ACTIVE_POKEMON,1,NONE,0,NONE,0.0,53,False,0,CARD,10000.0,0,CARD,10000.0,0.0,False,0,CARD,True,LOSS,
1,3,0,0,DRAW_COUNT,2,NONE,0,NONE,0.0,47,False,1,NUMBER,1.0,1,NUMBER,1.0,0.0,False,1,NUMBER,True,LOSS,
1,5,1,0,MAIN,6,Kyogre,0,Kyogre,150.0,46,False,0,ATTACH,39000.0,0,ATTACH,39000.0,0.0,False,0,ATTACH,True,LOSS,
1,6,1,0,MAIN,1,Kyogre,1,Kyogre,150.0,46,False,0,END,0.0,0,END,0.0,0.0,False,0,END,True,LOSS,
1,9,3,0,MAIN,8,Kyogre,1,Kyogre,150.0,45,False,0,ATTACH,39700.0,0,ATTACH,39700.0,0.0,False,0,ATTACH,True,LOSS,
1,10,3,0,MAIN,3,Kyogre,2,Kyogre,150.0,45,False,1,ATTACK_1042,18104.2,1,ATTACK_1042,18104.2,0.0,False,1,ATTACK_1042,True,LOSS,
1,11,3,0,MAIN,2,Kyogre,2,Kyogre,150.0,42,False,0,ATTACK_1042,18104.2,0,ATTACK_1042,18104.2,0.0,False,0,ATTACK_1042,True,LOSS,
1,14,5,0,MAIN,10,Kyogre,2,Kyogre,150.0,41,False,0,ATTACH,40400.0,0,ATTACH,40400.0,0.0,False,0,ATTACH,True,LOSS,
1,15,5,0,MAIN,4,Kyogre,3,Kyogre,150.0,41,False,2,ATTACK_1043,18104.3,2,ATTACK_1043,18104.3,0.0,False,2,ATTACK_1043,True,LOSS,
1,16,5,0,TO_HAND,3,Kyogre,3,Kyogre,150.0,41,False,0,CARD,10000.0,0,CARD,10000.0,0.0,False,0,CARD,True,LOSS,
1,17,5,0,MAIN,3,Kyogre,3,Kyogre,150.0,41,False,1,ATTACK_1043,18104.3,1,ATTACK_1043,18104.3,0.0,False,1,ATTACK_1043,True,LOSS,
1,22,7,0,MAIN,10,Kyogre,3,Kyogre,150.0,40,False,0,ATTACH,41100.0,0,ATTACH,41100.0,0.0,False,0,ATTACH,True,LOSS,
1,23,7,0,MAIN,4,Kyogre,4,Kyogre,150.0,40,False,2,ATTACK_1043,18104.3,2,ATTACK_1043,18104.3,0.0,False,2,ATTACK_1043,True,LOSS,
1,24,7,0,ATTACH_TO,4,Kyogre,4,Kyogre,150.0,34,False,0,CARD,5000.0,0,CARD,5000.0,0.0,False,0,CARD,True,LOSS,
1,25,7,0,MAIN,3,Kyogre,4,Kyogre,150.0,40,False,1,ATTACK_1043,18104.3,1,ATTACK_1043,18104.3,0.0,False,1,ATTACK_1043,True,LOSS,
2,2,0,1,SETUP_ACTIVE_POKEMON,1,NONE,0,NONE,0.0,53,False,0,CARD,10000.0,0,CARD,10000.0,0.0,False,0,CARD,True,WIN,
2,5,1,1,MAIN,6,Snover,0,Snover,90.0,46,False,0,ATTACH,39000.0,0,ATTACH,39000.0,0.0,False,0,ATTACH,True,WIN,
2,6,1,1,MAIN,1,Snover,1,Snover,90.0,46,False,0,END,0.0,0,END,0.0,0.0,False,0,END,True,WIN,
2,9,3,1,MAIN,9,Snover,1,Snover,90.0,45,False,2,EVOLVE,70500.0,2,EVOLVE,70500.0,0.0,False,2,EVOLVE,True,WIN,
2,10,3,1,TO_HAND,3,Snover,1,Snover,90.0,45,False,0,CARD,1000.0,0,CARD,1000.0,0.0,False,0,CARD,True,WIN,
2,11,3,1,MAIN,8,Snover,1,Snover,90.0,45,False,1,EVOLVE,70500.0,1,EVOLVE,70500.0,0.0,False,1,EVOLVE,True,WIN,
2,12,3,1,MAIN,4,Snover,2,Snover,90.0,45,False,0,EVOLVE,71000.0,0,EVOLVE,71000.0,0.0,False,0,EVOLVE,True,WIN,
2,13,3,1,MAIN,2,Mega Abomasnow ex,2,Snover,90.0,45,False,0,ATTACK_1046,18104.6,0,ATTACK_1046,18104.6,0.0,False,0,ATTACK_1046,True,WIN,
2,14,3,1,TO_HAND,6,Mega Abomasnow ex,2,NONE,0.0,39,False,0,CARD,5000.0,0,CARD,5000.0,0.0,False,0,CARD,True,WIN,
2,18,5,1,MAIN,8,Mega Abomasnow ex,2,Kyogre,150.0,38,False,0,ATTACH,40400.0,0,ATTACH,40400.0,0.0,False,0,ATTACH,True,WIN,
2,19,5,1,MAIN,4,Mega Abomasnow ex,3,Kyogre,150.0,38,True,2,ATTACK_1047,18104.7,2,ATTACK_1047,28104.7,0.0,False,2,ATTACK_1047,True,WIN,
2,20,5,1,TO_HAND,3,Mega Abomasnow ex,3,Kyogre,150.0,38,False,0,CARD,1000.0,0,CARD,1000.0,0.0,False,0,CARD,True,WIN,
2,21,5,1,MAIN,3,Mega Abomasnow ex,3,Kyogre,150.0,38,True,1,ATTACK_1047,18104.7,1,ATTACK_1047,28104.7,0.0,False,1,ATTACK_1047,True,WIN,
2,22,5,1,TO_HAND,5,Mega Abomasnow ex,3,NONE,0.0,32,False,0,CARD,5000.0,0,CARD,5000.0,0.0,False,0,CARD,True,WIN,
3,0,0,0,IS_FIRST,2,NONE,0,NONE,0.0,60,False,1,NO,5000.0,1,NO,5000.0,0.0,False,1,NO,True,WIN,
3,1,0,0,SETUP_ACTIVE_POKEMON,2,NONE,0,NONE,0.0,53,False,0,CARD,10000.0,0,CARD,10000.0,0.0,False,0,CARD,True,WIN,
3,3,0,0,DRAW_COUNT,2,NONE,0,NONE,0.0,47,False,1,NUMBER,1.0,1,NUMBER,1.0,0.0,False,1,NUMBER,True,WIN,
3,4,0,0,SETUP_BENCH_POKEMON,1,NONE,0,NONE,0.0,47,False,0,CARD,10000.0,0,CARD,10000.0,0.0,False,0,CARD,True,WIN,
3,6,1,0,MAIN,6,Snover,0,Snover,90.0,46,False,0,ATTACH,39000.0,0,ATTACH,39000.0,0.0,False,0,ATTACH,True,WIN,
3,7,1,0,MAIN,2,Snover,1,Snover,90.0,46,False,0,PLAY,12000.0,0,PLAY,12000.0,0.0,False,0,PLAY,True,WIN,
3,8,1,0,MAIN,1,Snover,1,Snover,90.0,46,False,0,END,0.0,0,END,0.0,0.0,False,0,END,True,WIN,
3,11,3,0,MAIN,13,Snover,1,Snover,90.0,45,False,7,EVOLVE,70500.0,7,EVOLVE,70500.0,0.0,False,7,EVOLVE,True,WIN,
3,12,3,0,ATTACH_TO,4,Snover,1,Snover,90.0,39,False,2,CARD,10000.0,2,CARD,10000.0,0.0,False,2,CARD,True,WIN,
3,13,3,0,MAIN,12,Snover,1,Snover,90.0,45,False,6,EVOLVE,70500.0,6,EVOLVE,70500.0,0.0,False,6,EVOLVE,True,WIN,
3,14,3,0,MAIN,5,Snover,2,Snover,90.0,45,False,0,EVOLVE,71000.0,0,EVOLVE,71000.0,0.0,False,0,EVOLVE,True,WIN,
3,15,3,0,MAIN,2,Mega Abomasnow ex,2,Snover,90.0,45,False,0,ATTACK_1046,18104.6,0,ATTACK_1046,18104.6,0.0,False,0,ATTACK_1046,True,WIN,
3,16,3,0,TO_HAND,6,Mega Abomasnow ex,2,NONE,0.0,39,False,4,CARD,10000.0,4,CARD,10000.0,0.0,False,4,CARD,True,WIN,
3,20,5,0,MAIN,11,Mega Abomasnow ex,2,Kyogre,150.0,38,False,0,ATTACH,40400.0,0,ATTACH,40400.0,0.0,False,0,ATTACH,True,WIN,
3,21,5,0,MAIN,4,Mega Abomasnow ex,3,Kyogre,150.0,38,True,2,ATTACK_1047,18104.7,2,ATTACK_1047,28104.7,0.0,False,2,ATTACK_1047,True,WIN,
3,22,5,0,TO_HAND,3,Mega Abomasnow ex,3,Kyogre,150.0,38,False,0,CARD,5000.0,0,CARD,5000.0,0.0,False,0,CARD,True,WIN,
3,23,5,0,MAIN,3,Mega Abomasnow ex,3,Kyogre,150.0,38,True,1,ATTACK_1047,18104.7,1,ATTACK_1047,28104.7,0.0,False,1,ATTACK_1047,True,WIN,
3,24,5,0,TO_HAND,5,Mega Abomasnow ex,3,NONE,0.0,32,False,4,CARD,10000.0,4,CARD,10000.0,0.0,False,4,CARD,True,WIN,
4,1,0,1,SETUP_ACTIVE_POKEMON,1,NONE,0,NONE,0.0,53,False,0,CARD,10000.0,0,CARD,10000.0,0.0,False,0,CARD,True,WIN,
4,3,1,1,MAIN,6,Snover,0,Snover,90.0,46,False,0,ATTACH,39000.0,0,ATTACH,39000.0,0.0,False,0,ATTACH,True,WIN,
4,4,1,1,MAIN,1,Snover,1,Snover,90.0,46,False,0,END,0.0,0,END,0.0,0.0,False,0,END,True,WIN,
4,7,3,1,MAIN,9,Snover,1,Snover,90.0,45,False,0,EVOLVE,70500.0,0,EVOLVE,70500.0,0.0,False,0,EVOLVE,True,WIN,
4,8,3,1,MAIN,7,Mega Abomasnow ex,1,Snover,90.0,45,False,1,ATTACH,39700.0,1,ATTACH,39700.0,0.0,False,1,ATTACH,True,WIN,
4,9,3,1,ATTACH_TO,4,Mega Abomasnow ex,1,Snover,90.0,39,False,0,CARD,5000.0,0,CARD,5000.0,0.0,False,0,CARD,True,WIN,
4,10,3,1,MAIN,6,Mega Abomasnow ex,1,Snover,90.0,45,False,0,ATTACH,39700.0,0,ATTACH,39700.0,0.0,False,0,ATTACH,True,WIN,
4,11,3,1,MAIN,2,Mega Abomasnow ex,2,Snover,90.0,45,False,0,ATTACK_1046,18104.6,0,ATTACK_1046,18104.6,0.0,False,0,ATTACK_1046,True,WIN,
4,12,3,1,TO_HAND,6,Mega Abomasnow ex,2,NONE,0.0,39,False,5,CARD,10000.0,5,CARD,10000.0,0.0,False,5,CARD,True,WIN,
5,0,0,0,IS_FIRST,2,NONE,0,NONE,0.0,60,False,1,NO,5000.0,1,NO,5000.0,0.0,False,1,NO,True,LOSS,
5,1,0,0,SETUP_ACTIVE_POKEMON,1,NONE,0,NONE,0.0,53,False,0,CARD,10000.0,0,CARD,10000.0,0.0,False,0,CARD,True,LOSS,
5,3,1,0,MAIN,8,Kyogre,0,Snover,90.0,46,False,0,ATTACH,39000.0,0,ATTACH,39000.0,0.0,False,0,ATTACH,True,LOSS,
5,4,1,0,MAIN,2,Kyogre,1,Snover,90.0,46,False,0,PLAY,12000.0,0,PLAY,12000.0,0.0,False,0,PLAY,True,LOSS,
5,5,1,0,TO_HAND,4,Kyogre,1,Snover,90.0,46,False,0,CARD,1000.0,0,CARD,1000.0,0.0,False,0,CARD,True,LOSS,
5,6,1,0,MAIN,1,Kyogre,1,Snover,90.0,46,False,0,END,0.0,0,END,0.0,0.0,False,0,END,True,LOSS,
5,9,3,0,MAIN,8,Kyogre,1,Snover,90.0,45,False,0,ATTACH,39700.0,0,ATTACH,39700.0,0.0,False,0,ATTACH,True,LOSS,
5,10,3,0,MAIN,2,Kyogre,2,Snover,90.0,45,False,0,ATTACK_1042,18104.2,0,ATTACK_1042,18104.2,0.0,False,0,ATTACK_1042,True,LOSS,
6,2,0,1,SETUP_ACTIVE_POKEMON,1,NONE,0,NONE,0.0,53,False,0,CARD,10000.0,0,CARD,10000.0,0.0,False,0,CARD,True,LOSS,
6,4,1,1,MAIN,6,Kyogre,0,Snover,90.0,46,False,0,ATTACH,39000.0,0,ATTACH,39000.0,0.0,False,0,ATTACH,True,LOSS,
6,5,1,1,MAIN,1,Kyogre,1,Snover,90.0,46,False,0,END,0.0,0,END,0.0,0.0,False,0,END,True,LOSS,
6,8,3,1,MAIN,9,Kyogre,1,Snover,90.0,45,False,0,ATTACH,39700.0,0,ATTACH,39700.0,0.0,False,0,ATTACH,True,LOSS,
6,9,3,1,MAIN,5,Kyogre,2,Snover,90.0,45,False,3,ATTACK_1042,18104.2,3,ATTACK_1042,18104.2,0.0,False,3,ATTACK_1042,True,LOSS,
6,10,3,1,MAIN,3,Kyogre,2,Snover,90.0,42,False,1,ATTACK_1042,18104.2,1,ATTACK_1042,18104.2,0.0,False,1,ATTACK_1042,True,LOSS,
6,11,3,1,TO_HAND,3,Kyogre,2,Snover,90.0,42,False,0,CARD,1000.0,0,CARD,1000.0,0.0,False,0,CARD,True,LOSS,
6,12,3,1,MAIN,2,Kyogre,2,Snover,90.0,42,False,0,ATTACK_1042,18104.2,0,ATTACK_1042,18104.2,0.0,False,0,ATTACK_1042,True,LOSS,
7,0,0,0,IS_FIRST,2,NONE,0,NONE,0.0,60,False,1,NO,5000.0,1,NO,5000.0,0.0,False,1,NO,True,WIN,
7,1,0,0,SETUP_ACTIVE_POKEMON,1,NONE,0,NONE,0.0,53,False,0,CARD,10000.0,0,CARD,10000.0,0.0,False,0,CARD,True,WIN,
7,3,0,0,DRAW_COUNT,3,NONE,0,NONE,0.0,47,False,2,NUMBER,2.0,2,NUMBER,2.0,0.0,False,2,NUMBER,True,WIN,
7,4,1,0,MAIN,6,Snover,0,Snover,90.0,46,False,0,ATTACH,39000.0,0,ATTACH,39000.0,0.0,False,0,ATTACH,True,WIN,
7,5,1,0,MAIN,2,Snover,1,Snover,90.0,46,False,0,PLAY,12000.0,0,PLAY,12000.0,0.0,False,0,PLAY,True,WIN,
7,6,1,0,TO_HAND,1,Snover,1,Snover,90.0,46,False,0,CARD,1000.0,0,CARD,1000.0,0.0,False,0,CARD,True,WIN,
7,7,1,0,MAIN,1,Snover,1,Snover,90.0,46,False,0,END,0.0,0,END,0.0,0.0,False,0,END,True,WIN,
7,11,3,0,MAIN,8,Snover,1,Snover,90.0,45,False,1,EVOLVE,70500.0,1,EVOLVE,70500.0,0.0,False,1,EVOLVE,True,WIN,
7,12,3,0,MAIN,5,Snover,2,Snover,90.0,45,False,0,EVOLVE,71000.0,0,EVOLVE,71000.0,0.0,False,0,EVOLVE,True,WIN,
7,13,3,0,MAIN,2,Mega Abomasnow ex,2,Snover,90.0,45,False,0,ATTACK_1046,18104.6,0,ATTACK_1046,18104.6,0.0,False,0,ATTACK_1046,True,WIN,
7,14,3,0,TO_HAND,6,Mega Abomasnow ex,2,NONE,0.0,39,False,0,CARD,10000.0,0,CARD,10000.0,0.0,False,0,CARD,True,WIN,
8,1,0,1,SETUP_ACTIVE_POKEMON,1,NONE,0,NONE,0.0,53,False,0,CARD,10000.0,0,CARD,10000.0,0.0,False,0,CARD,True,LOSS,
8,3,0,1,DRAW_COUNT,3,NONE,0,NONE,0.0,47,False,2,NUMBER,2.0,2,NUMBER,2.0,0.0,False,2,NUMBER,True,LOSS,
8,4,1,1,MAIN,4,Kyogre,0,Snover,90.0,46,False,0,ATTACH,39000.0,0,ATTACH,39000.0,0.0,False,0,ATTACH,True,LOSS,
8,5,1,1,MAIN,1,Kyogre,1,Snover,90.0,46,False,0,END,0.0,0,END,0.0,0.0,False,0,END,True,LOSS,
8,8,3,1,MAIN,8,Kyogre,1,Snover,90.0,45,False,0,ATTACH,39700.0,0,ATTACH,39700.0,0.0,False,0,ATTACH,True,LOSS,
8,9,3,1,MAIN,6,Kyogre,2,Snover,90.0,45,False,4,ATTACK_1042,18104.2,4,ATTACK_1042,18104.2,0.0,False,4,ATTACK_1042,True,LOSS,
8,10,3,1,MAIN,2,Kyogre,2,Snover,90.0,42,False,0,ATTACK_1042,18104.2,0,ATTACK_1042,18104.2,0.0,False,0,ATTACK_1042,True,LOSS,
9,0,0,0,IS_FIRST,2,NONE,0,NONE,0.0,60,False,1,NO,5000.0,1,NO,5000.0,0.0,False,1,NO,True,LOSS,
9,1,0,0,SETUP_ACTIVE_POKEMON,1,NONE,0,NONE,0.0,53,False,0,CARD,10000.0,0,CARD,10000.0,0.0,False,0,CARD,True,LOSS,
9,3,1,0,MAIN,7,Kyogre,0,Snover,90.0,46,False,3,ATTACH,39000.0,3,ATTACH,39000.0,0.0,False,3,ATTACH,True,LOSS,
9,4,1,0,TO_HAND,4,Kyogre,0,Snover,90.0,46,False,0,CARD,1000.0,0,CARD,1000.0,0.0,False,0,CARD,True,LOSS,
9,5,1,0,MAIN,6,Kyogre,0,Snover,90.0,46,False,2,ATTACH,39000.0,2,ATTACH,39000.0,0.0,False,2,ATTACH,True,LOSS,
9,6,1,0,TO_HAND,4,Kyogre,0,Snover,90.0,46,False,0,CARD,1000.0,0,CARD,1000.0,0.0,False,0,CARD,True,LOSS,
9,7,1,0,MAIN,5,Kyogre,0,Snover,90.0,46,False,1,ATTACH,39000.0,1,ATTACH,39000.0,0.0,False,1,ATTACH,True,LOSS,
9,8,1,0,TO_HAND,4,Kyogre,0,Snover,90.0,46,False,0,CARD,1000.0,0,CARD,1000.0,0.0,False,0,CARD,True,LOSS,
9,9,1,0,MAIN,4,Kyogre,0,Snover,90.0,46,False,0,ATTACH,39000.0,0,ATTACH,39000.0,0.0,False,0,ATTACH,True,LOSS,
9,10,1,0,MAIN,1,Kyogre,1,Snover,90.0,46,False,0,END,0.0,0,END,0.0,0.0,False,0,END,True,LOSS,
9,13,3,0,MAIN,6,Kyogre,1,Snover,90.0,45,False,0,ATTACH,39700.0,0,ATTACH,39700.0,0.0,False,0,ATTACH,True,LOSS,
9,14,3,0,MAIN,4,Kyogre,2,Snover,90.0,45,False,2,ATTACK_1042,18104.2,2,ATTACK_1042,18104.2,0.0,False,2,ATTACK_1042,True,LOSS,
9,15,3,0,ATTACH_TO,5,Kyogre,2,Snover,90.0,39,False,0,CARD,5000.0,0,CARD,5000.0,0.0,False,0,CARD,True,LOSS,
9,16,3,0,MAIN,2,Kyogre,2,Snover,90.0,45,False,0,ATTACK_1042,18104.2,0,ATTACK_1042,18104.2,0.0,False,0,ATTACK_1042,True,LOSS,
9,19,5,0,MAIN,5,Kyogre,2,Snover,90.0,44,False,0,ATTACH,40400.0,0,ATTACH,40400.0,0.0,False,0,ATTACH,True,LOSS,
9,20,5,0,MAIN,4,Kyogre,3,Snover,90.0,44,False,2,ATTACK_1043,18104.3,2,ATTACK_1043,18104.3,0.0,False,2,ATTACK_1043,True,LOSS,
9,21,5,0,TO_HAND,4,Kyogre,3,Snover,90.0,44,False,0,CARD,1000.0,0,CARD,1000.0,0.0,False,0,CARD,True,LOSS,
9,22,5,0,MAIN,3,Kyogre,3,Snover,90.0,44,False,1,ATTACK_1043,18104.3,1,ATTACK_1043,18104.3,0.0,False,1,ATTACK_1043,True,LOSS,
9,25,7,0,MAIN,4,Kyogre,3,Snover,90.0,43,False,0,ATTACH,41100.0,0,ATTACH,41100.0,0.0,False,0,ATTACH,True,LOSS,
9,26,7,0,MAIN,3,Kyogre,4,Snover,90.0,43,False,1,ATTACK_1043,18104.3,1,ATTACK_1043,18104.3,0.0,False,1,ATTACK_1043,True,LOSS,
9,29,9,0,MAIN,4,Kyogre,4,Snover,90.0,42,False,0,ATTACH,41800.0,0,ATTACH,41800.0,0.0,False,0,ATTACH,True,LOSS,
9,30,9,0,MAIN,3,Kyogre,5,Snover,90.0,42,False,1,ATTACK_1043,18104.3,1,ATTACK_1043,18104.3,0.0,False,1,ATTACK_1043,True,LOSS,
9,33,11,0,MAIN,4,Kyogre,5,Snover,90.0,41,False,0,ATTACH,41800.0,0,ATTACH,41800.0,0.0,False,0,ATTACH,True,LOSS,
9,34,11,0,MAIN,3,Kyogre,6,Snover,90.0,41,False,1,ATTACK_1043,18104.3,1,ATTACK_1043,18104.3,0.0,False,1,ATTACK_1043,True,LOSS,
10,2,0,1,SETUP_ACTIVE_POKEMON,1,NONE,0,NONE,0.0,53,False,0,CARD,10000.0,0,CARD,10000.0,0.0,False,0,CARD,True,WIN,
10,4,1,1,MAIN,6,Snover,0,Snover,90.0,46,False,0,ATTACH,39000.0,0,ATTACH,39000.0,0.0,False,0,ATTACH,True,WIN,
10,5,1,1,MAIN,1,Snover,1,Snover,90.0,46,False,0,END,0.0,0,END,0.0,0.0,False,0,END,True,WIN,
10,8,3,1,MAIN,9,Snover,1,Snover,90.0,45,False,4,EVOLVE,70500.0,4,EVOLVE,70500.0,0.0,False,4,EVOLVE,True,WIN,
10,9,3,1,MAIN,6,Snover,2,Snover,90.0,45,False,1,EVOLVE,71000.0,1,EVOLVE,71000.0,0.0,False,1,EVOLVE,True,WIN,
10,10,3,1,ATTACH_TO,4,Snover,2,Snover,90.0,39,False,1,CARD,10000.0,1,CARD,10000.0,0.0,False,1,CARD,True,WIN,
10,11,3,1,MAIN,4,Snover,2,Snover,90.0,45,False,0,EVOLVE,71000.0,0,EVOLVE,71000.0,0.0,False,0,EVOLVE,True,WIN,
10,12,3,1,MAIN,2,Mega Abomasnow ex,2,Snover,90.0,45,False,0,ATTACK_1046,18104.6,0,ATTACK_1046,18104.6,0.0,False,0,ATTACK_1046,True,WIN,
10,13,3,1,TO_HAND,6,Mega Abomasnow ex,2,NONE,0.0,39,False,0,CARD,5000.0,0,CARD,5000.0,0.0,False,0,CARD,True,WIN,
11,0,0,0,IS_FIRST,2,NONE,0,NONE,0.0,60,False,1,NO,5000.0,1,NO,5000.0,0.0,False,1,NO,True,LOSS,
11,2,0,0,SETUP_ACTIVE_POKEMON,1,NONE,0,NONE,0.0,53,False,0,CARD,10000.0,0,CARD,10000.0,0.0,False,0,CARD,True,LOSS,
11,5,1,0,MAIN,7,Snover,0,Kyogre,150.0,46,False,0,ATTACH,39000.0,0,ATTACH,39000.0,0.0,False,0,ATTACH,True,LOSS,
11,6,1,0,MAIN,3,Snover,1,Kyogre,150.0,46,False,0,ATTACH,39700.0,0,ATTACH,39700.0,0.0,False,0,ATTACH,True,LOSS,
11,7,1,0,MAIN,2,Snover,1,Kyogre,150.0,46,False,0,PLAY,12000.0,0,PLAY,12000.0,0.0,False,0,PLAY,True,LOSS,
11,8,1,0,TO_HAND,2,Snover,1,Kyogre,150.0,46,False,0,CARD,1000.0,0,CARD,1000.0,0.0,False,0,CARD,True,LOSS,
11,9,1,0,MAIN,1,Snover,1,Kyogre,150.0,46,False,0,END,0.0,0,END,0.0,0.0,False,0,END,True,LOSS,
11,13,3,0,MAIN,7,Snover,1,Kyogre,150.0,45,False,3,EVOLVE,70500.0,3,EVOLVE,70500.0,0.0,False,3,EVOLVE,True,LOSS,
11,14,3,0,MAIN,4,Snover,2,Kyogre,150.0,45,False,0,EVOLVE,71000.0,0,EVOLVE,71000.0,0.0,False,0,EVOLVE,True,LOSS,
11,15,3,0,MAIN,2,Mega Abomasnow ex,2,Kyogre,150.0,45,False,0,ATTACK_1046,18104.6,0,ATTACK_1046,18104.6,0.0,False,0,ATTACK_1046,True,LOSS,
11,16,3,0,TO_HAND,6,Mega Abomasnow ex,2,NONE,0.0,39,False,0,CARD,5000.0,0,CARD,5000.0,0.0,False,0,CARD,True,LOSS,
11,23,5,0,MAIN,6,Mega Abomasnow ex,2,Mega Abomasnow ex,350.0,38,False,0,ATTACH,40400.0,0,ATTACH,40400.0,0.0,False,0,ATTACH,True,LOSS,
11,24,5,0,MAIN,3,Mega Abomasnow ex,3,Mega Abomasnow ex,350.0,38,True,1,ATTACK_1047,18104.7,0,ATTACK_1046,28104.6,9999.899999999998,True,0,ATTACK_1046,True,LOSS,False
12,1,0,1,SETUP_ACTIVE_POKEMON,2,NONE,0,NONE,0.0,53,False,0,CARD,10000.0,0,CARD,10000.0,0.0,False,0,CARD,True,LOSS,
12,3,0,1,DRAW_COUNT,2,NONE,0,NONE,0.0,47,False,1,NUMBER,1.0,1,NUMBER,1.0,0.0,False,1,NUMBER,True,LOSS,
12,4,0,1,SETUP_BENCH_POKEMON,1,NONE,0,NONE,0.0,47,False,0,CARD,10000.0,0,CARD,10000.0,0.0,False,0,CARD,True,LOSS,
12,6,1,1,MAIN,5,Snover,0,Kyogre,150.0,46,False,0,ATTACH,39000.0,0,ATTACH,39000.0,0.0,False,0,ATTACH,True,LOSS,
12,7,1,1,MAIN,3,Snover,1,Kyogre,150.0,46,False,0,PLAY,12000.0,0,PLAY,12000.0,0.0,False,0,PLAY,True,LOSS,
12,8,1,1,TO_HAND,3,Snover,1,Kyogre,150.0,46,False,0,CARD,1000.0,0,CARD,1000.0,0.0,False,0,CARD,True,LOSS,
12,9,1,1,MAIN,2,Snover,1,Kyogre,150.0,46,False,0,PLAY,12000.0,0,PLAY,12000.0,0.0,False,0,PLAY,True,LOSS,
12,10,1,1,MAIN,1,Snover,1,Kyogre,150.0,46,False,0,END,0.0,0,END,0.0,0.0,False,0,END,True,LOSS,
12,13,3,1,MAIN,9,Snover,1,Kyogre,150.0,45,False,3,ATTACH,39700.0,3,ATTACH,39700.0,0.0,False,3,ATTACH,True,LOSS,
12,14,3,1,TO_HAND,3,Snover,1,Kyogre,150.0,45,False,0,CARD,1000.0,0,CARD,1000.0,0.0,False,0,CARD,True,LOSS,
12,15,3,1,MAIN,6,Snover,1,Kyogre,150.0,45,False,0,ATTACH,39700.0,0,ATTACH,39700.0,0.0,False,0,ATTACH,True,LOSS,
12,16,3,1,MAIN,3,Snover,2,Kyogre,150.0,45,False,1,ATTACK_1045,18104.5,1,ATTACK_1045,18104.5,0.0,False,1,ATTACK_1045,True,LOSS,
12,20,5,1,MAIN,9,Snover,2,Kyogre,140.0,44,False,2,ATTACH,40400.0,2,ATTACH,40400.0,0.0,False,2,ATTACH,True,LOSS,
12,21,5,1,MAIN,17,Snover,2,Kyogre,140.0,39,False,12,EVOLVE,71000.0,12,EVOLVE,71000.0,0.0,False,12,EVOLVE,True,LOSS,
12,22,5,1,MAIN,8,Snover,3,Kyogre,140.0,39,False,2,EVOLVE,71500.0,2,EVOLVE,71500.0,0.0,False,2,EVOLVE,True,LOSS,
12,23,5,1,MAIN,6,Snover,3,Kyogre,140.0,39,False,0,EVOLVE,71500.0,0,EVOLVE,71500.0,0.0,False,0,EVOLVE,True,LOSS,
12,24,5,1,MAIN,3,Mega Abomasnow ex,3,Kyogre,140.0,39,True,1,ATTACK_1047,18104.7,1,ATTACK_1047,28104.7,0.0,False,1,ATTACK_1047,True,LOSS,
12,25,5,1,TO_HAND,6,Mega Abomasnow ex,3,NONE,0.0,33,False,5,CARD,10000.0,5,CARD,10000.0,0.0,False,5,CARD,True,LOSS,
12,33,6,1,TO_ACTIVE,1,NONE,0,Mega Abomasnow ex,350.0,33,False,0,CARD,5000.0,0,CARD,5000.0,0.0,False,0,CARD,True,LOSS,
12,34,7,1,MAIN,8,Snover,0,Mega Abomasnow ex,350.0,32,False,1,ATTACH,39000.0,1,ATTACH,39000.0,0.0,False,1,ATTACH,True,LOSS,
12,35,7,1,MAIN,7,Snover,0,Mega Abomasnow ex,350.0,32,False,0,ATTACH,39000.0,0,ATTACH,39000.0,0.0,False,0,ATTACH,True,LOSS,
12,36,7,1,MAIN,3,Snover,1,Mega Abomasnow ex,350.0,32,False,1,ATTACK_1044,18104.4,1,ATTACK_1044,18104.4,0.0,False,1,ATTACK_1044,True,LOSS,
12,37,7,1,MAIN,2,Snover,1,Mega Abomasnow ex,350.0,32,False,0,ATTACK_1044,18104.4,0,ATTACK_1044,18104.4,0.0,False,0,ATTACK_1044,True,LOSS,
12,41,8,1,TO_ACTIVE,1,NONE,0,Mega Abomasnow ex,340.0,32,False,0,CARD,5000.0,0,CARD,5000.0,0.0,False,0,CARD,True,LOSS,
12,42,9,1,MAIN,6,Kyogre,0,Mega Abomasnow ex,340.0,31,False,0,ATTACH,39000.0,0,ATTACH,39000.0,0.0,False,0,ATTACH,True,LOSS,
12,43,9,1,MAIN,2,Kyogre,1,Mega Abomasnow ex,340.0,31,False,0,ATTACK_1042,18104.2,0,ATTACK_1042,18104.2,0.0,False,0,ATTACK_1042,True,LOSS,
13,0,0,0,IS_FIRST,2,NONE,0,NONE,0.0,60,False,1,NO,5000.0,1,NO,5000.0,0.0,False,1,NO,True,LOSS,
13,2,0,0,SETUP_ACTIVE_POKEMON,1,NONE,0,NONE,0.0,53,False,0,CARD,10000.0,0,CARD,10000.0,0.0,False,0,CARD,True,LOSS,
13,4,1,0,MAIN,5,Snover,0,Kyogre,150.0,46,False,0,ATTACH,39000.0,0,ATTACH,39000.0,0.0,False,0,ATTACH,True,LOSS,
13,5,1,0,MAIN,1,Snover,1,Kyogre,150.0,46,False,0,END,0.0,0,END,0.0,0.0,False,0,END,True,LOSS,
13,8,3,0,MAIN,9,Snover,1,Kyogre,150.0,45,False,0,ATTACH,39700.0,0,ATTACH,39700.0,0.0,False,0,ATTACH,True,LOSS,
13,9,3,0,MAIN,7,Snover,2,Kyogre,150.0,45,False,5,ATTACK_1045,18104.5,5,ATTACK_1045,18104.5,0.0,False,5,ATTACK_1045,True,LOSS,
13,10,3,0,MAIN,3,Snover,2,Kyogre,150.0,42,False,1,ATTACK_1045,18104.5,1,ATTACK_1045,18104.5,0.0,False,1,ATTACK_1045,True,LOSS,
13,13,5,0,MAIN,12,Snover,2,Kyogre,140.0,41,False,0,ATTACH,40400.0,0,ATTACH,40400.0,0.0,False,0,ATTACH,True,LOSS,
13,14,5,0,MAIN,3,Snover,3,Kyogre,140.0,41,False,1,ATTACK_1045,18104.5,1,ATTACK_1045,18104.5,0.0,False,1,ATTACK_1045,True,LOSS,
14,2,0,1,SETUP_ACTIVE_POKEMON,1,NONE,0,NONE,0.0,53,False,0,CARD,10000.0,0,CARD,10000.0,0.0,False,0,CARD,True,WIN,
14,5,1,1,MAIN,6,Kyogre,0,Snover,90.0,46,False,0,ATTACH,39000.0,0,ATTACH,39000.0,0.0,False,0,ATTACH,True,WIN,
14,6,1,1,MAIN,1,Kyogre,1,Snover,90.0,46,False,0,END,0.0,0,END,0.0,0.0,False,0,END,True,WIN,
14,9,3,1,MAIN,8,Kyogre,1,Snover,90.0,45,False,1,ATTACH,39700.0,1,ATTACH,39700.0,0.0,False,1,ATTACH,True,WIN,
14,10,3,1,MAIN,8,Kyogre,1,Snover,90.0,43,False,0,ATTACH,39700.0,0,ATTACH,39700.0,0.0,False,0,ATTACH,True,WIN,
14,11,3,1,MAIN,3,Kyogre,2,Snover,90.0,43,False,1,ATTACK_1042,18104.2,1,ATTACK_1042,18104.2,0.0,False,1,ATTACK_1042,True,WIN,
14,12,3,1,MAIN,2,Kyogre,2,Snover,90.0,43,False,0,ATTACK_1042,18104.2,0,ATTACK_1042,18104.2,0.0,False,0,ATTACK_1042,True,WIN,
14,17,4,1,TO_ACTIVE,1,NONE,0,Mega Abomasnow ex,350.0,43,False,0,CARD,5000.0,0,CARD,5000.0,0.0,False,0,CARD,True,WIN,
14,18,5,1,MAIN,8,Snover,0,Mega Abomasnow ex,350.0,42,False,2,EVOLVE,70000.0,2,EVOLVE,70000.0,0.0,False,2,EVOLVE,True,WIN,
14,19,5,1,ATTACH_TO,3,Snover,0,Mega Abomasnow ex,350.0,36,False,0,CARD,10000.0,0,CARD,10000.0,0.0,False,0,CARD,True,WIN,
14,20,5,1,MAIN,6,Snover,0,Mega Abomasnow ex,350.0,42,False,1,EVOLVE,70000.0,1,EVOLVE,70000.0,0.0,False,1,EVOLVE,True,WIN,
14,21,5,1,MAIN,3,Snover,1,Mega Abomasnow ex,350.0,42,False,0,EVOLVE,70500.0,0,EVOLVE,70500.0,0.0,False,0,EVOLVE,True,WIN,
14,22,5,1,MAIN,1,Mega Abomasnow ex,1,Mega Abomasnow ex,350.0,42,False,0,END,0.0,0,END,0.0,0.0,False,0,END,True,WIN,
14,25,7,1,MAIN,6,Mega Abomasnow ex,1,Mega Abomasnow ex,350.0,41,False,0,ATTACH,39700.0,0,ATTACH,39700.0,0.0,False,0,ATTACH,True,WIN,
14,26,7,1,MAIN,3,Mega Abomasnow ex,2,Mega Abomasnow ex,350.0,41,False,1,ATTACK_1046,18104.6,1,ATTACK_1046,18104.6,0.0,False,1,ATTACK_1046,True,WIN,
14,27,7,1,ATTACH_TO,3,Mega Abomasnow ex,2,Mega Abomasnow ex,350.0,35,False,0,CARD,5000.0,0,CARD,5000.0,0.0,False,0,CARD,True,WIN,
14,28,7,1,MAIN,2,Mega Abomasnow ex,2,Mega Abomasnow ex,350.0,41,False,0,ATTACK_1046,18104.6,0,ATTACK_1046,18104.6,0.0,False,0,ATTACK_1046,True,WIN,
14,29,7,1,TO_HAND,6,Mega Abomasnow ex,2,NONE,0.0,35,False,0,CARD,5000.0,0,CARD,5000.0,0.0,False,0,CARD,True,WIN,
14,33,9,1,MAIN,9,Mega Abomasnow ex,2,Snover,90.0,34,False,0,ATTACH,40400.0,0,ATTACH,40400.0,0.0,False,0,ATTACH,True,WIN,
14,34,9,1,MAIN,5,Mega Abomasnow ex,3,Snover,90.0,34,True,3,ATTACK_1047,18104.7,3,ATTACK_1047,28104.7,0.0,False,3,ATTACK_1047,True,WIN,
14,35,9,1,TO_HAND,3,Mega Abomasnow ex,3,Snover,90.0,34,False,0,CARD,1000.0,0,CARD,1000.0,0.0,False,0,CARD,True,WIN,
14,36,9,1,MAIN,4,Mega Abomasnow ex,3,Snover,90.0,34,True,2,ATTACK_1047,18104.7,2,ATTACK_1047,28104.7,0.0,False,2,ATTACK_1047,True,WIN,
14,37,9,1,MAIN,3,Mega Abomasnow ex,3,Snover,90.0,34,True,1,ATTACK_1047,18104.7,1,ATTACK_1047,28104.7,0.0,False,1,ATTACK_1047,True,WIN,
14,38,9,1,TO_HAND,3,Mega Abomasnow ex,3,NONE,0.0,28,False,0,CARD,5000.0,0,CARD,5000.0,0.0,False,0,CARD,True,WIN,
15,0,0,0,IS_FIRST,2,NONE,0,NONE,0.0,60,False,1,NO,5000.0,1,NO,5000.0,0.0,False,1,NO,True,LOSS,
15,1,0,0,SETUP_ACTIVE_POKEMON,1,NONE,0,NONE,0.0,53,False,0,CARD,10000.0,0,CARD,10000.0,0.0,False,0,CARD,True,LOSS,
15,4,1,0,MAIN,6,Snover,0,Snover,90.0,46,False,0,ATTACH,39000.0,0,ATTACH,39000.0,0.0,False,0,ATTACH,True,LOSS,
15,5,1,0,MAIN,2,Snover,1,Snover,90.0,46,False,0,PLAY,12000.0,0,PLAY,12000.0,0.0,False,0,PLAY,True,LOSS,
15,6,1,0,TO_HAND,3,Snover,1,Snover,90.0,46,False,0,CARD,1000.0,0,CARD,1000.0,0.0,False,0,CARD,True,LOSS,
15,7,1,0,MAIN,1,Snover,1,Snover,90.0,46,False,0,END,0.0,0,END,0.0,0.0,False,0,END,True,LOSS,
15,10,3,0,MAIN,8,Snover,1,Snover,90.0,45,False,1,EVOLVE,70500.0,1,EVOLVE,70500.0,0.0,False,1,EVOLVE,True,LOSS,
15,11,3,0,MAIN,9,Snover,1,Snover,90.0,42,False,0,ATTACH,39700.0,0,ATTACH,39700.0,0.0,False,0,ATTACH,True,LOSS,
15,12,3,0,MAIN,4,Snover,2,Snover,90.0,42,False,2,ATTACK_1045,18104.5,2,ATTACK_1045,18104.5,0.0,False,2,ATTACK_1045,True,LOSS,
15,13,3,0,MAIN,3,Snover,2,Snover,90.0,42,False,1,ATTACK_1045,18104.5,1,ATTACK_1045,18104.5,0.0,False,1,ATTACK_1045,True,LOSS,
15,16,5,0,MAIN,16,Snover,2,Snover,80.0,41,False,0,ATTACH,40400.0,0,ATTACH,40400.0,0.0,False,0,ATTACH,True,LOSS,
15,17,5,0,MAIN,5,Snover,3,Snover,80.0,41,False,2,ATTACK_1045,18104.5,2,ATTACK_1045,18104.5,0.0,False,2,ATTACK_1045,True,LOSS,
15,18,5,0,ATTACH_TO,3,Snover,3,Snover,80.0,35,False,0,CARD,5000.0,0,CARD,5000.0,0.0,False,0,CARD,True,LOSS,
15,19,5,0,MAIN,4,Snover,3,Snover,80.0,41,False,1,ATTACK_1045,18104.5,1,ATTACK_1045,18104.5,0.0,False,1,ATTACK_1045,True,LOSS,
15,24,6,0,TO_ACTIVE,1,NONE,0,Mega Abomasnow ex,330.0,41,False,0,CARD,5000.0,0,CARD,5000.0,0.0,False,0,CARD,True,LOSS,
15,25,7,0,MAIN,7,Snover,0,Mega Abomasnow ex,330.0,40,False,0,ATTACH,39000.0,0,ATTACH,39000.0,0.0,False,0,ATTACH,True,LOSS,
15,26,7,0,MAIN,2,Snover,1,Mega Abomasnow ex,330.0,40,False,0,ATTACK_1044,18104.4,0,ATTACK_1044,18104.4,0.0,False,0,ATTACK_1044,True,LOSS,
16,1,0,1,SETUP_ACTIVE_POKEMON,2,NONE,0,NONE,0.0,53,False,0,CARD,10000.0,0,CARD,10000.0,0.0,False,0,CARD,True,WIN,
16,3,0,1,DRAW_COUNT,2,NONE,0,NONE,0.0,47,False,1,NUMBER,1.0,1,NUMBER,1.0,0.0,False,1,NUMBER,True,WIN,
16,4,0,1,SETUP_BENCH_POKEMON,1,NONE,0,NONE,0.0,47,False,0,CARD,10000.0,0,CARD,10000.0,0.0,False,0,CARD,True,WIN,
16,5,1,1,MAIN,5,Snover,0,Snover,90.0,46,False,0,ATTACH,39000.0,0,ATTACH,39000.0,0.0,False,0,ATTACH,True,WIN,
16,6,1,1,MAIN,2,Snover,1,Snover,90.0,46,False,0,PLAY,12000.0,0,PLAY,12000.0,0.0,False,0,PLAY,True,WIN,
16,7,1,1,MAIN,1,Snover,1,Snover,90.0,46,False,0,END,0.0,0,END,0.0,0.0,False,0,END,True,WIN,
16,10,3,1,MAIN,10,Snover,1,Snover,90.0,45,False,0,EVOLVE,70500.0,0,EVOLVE,70500.0,0.0,False,0,EVOLVE,True,WIN,
16,11,3,1,MAIN,8,Mega Abomasnow ex,1,Snover,90.0,45,False,1,ATTACH,39700.0,1,ATTACH,39700.0,0.0,False,1,ATTACH,True,WIN,
16,12,3,1,MAIN,10,Mega Abomasnow ex,1,Snover,90.0,41,False,1,ATTACH,39700.0,1,ATTACH,39700.0,0.0,False,1,ATTACH,True,WIN,
16,13,3,1,TO_HAND,2,Mega Abomasnow ex,1,Snover,90.0,41,False,0,CARD,1000.0,0,CARD,1000.0,0.0,False,0,CARD,True,WIN,
16,14,3,1,MAIN,9,Mega Abomasnow ex,1,Snover,90.0,41,False,0,ATTACH,39700.0,0,ATTACH,39700.0,0.0,False,0,ATTACH,True,WIN,
16,15,3,1,MAIN,4,Mega Abomasnow ex,2,Snover,90.0,41,False,2,ATTACK_1046,18104.6,2,ATTACK_1046,18104.6,0.0,False,2,ATTACK_1046,True,WIN,
16,16,3,1,MAIN,3,Mega Abomasnow ex,2,Snover,90.0,41,False,1,ATTACK_1046,18104.6,1,ATTACK_1046,18104.6,0.0,False,1,ATTACK_1046,True,WIN,
16,17,3,1,TO_HAND,2,Mega Abomasnow ex,2,Snover,90.0,41,False,0,CARD,1000.0,0,CARD,1000.0,0.0,False,0,CARD,True,WIN,
16,18,3,1,MAIN,2,Mega Abomasnow ex,2,Snover,90.0,41,False,0,ATTACK_1046,18104.6,0,ATTACK_1046,18104.6,0.0,False,0,ATTACK_1046,True,WIN,
16,19,3,1,TO_HAND,6,Mega Abomasnow ex,2,NONE,0.0,35,False,1,CARD,10000.0,1,CARD,10000.0,0.0,False,1,CARD,True,WIN,
17,0,0,0,IS_FIRST,2,NONE,0,NONE,0.0,60,False,1,NO,5000.0,1,NO,5000.0,0.0,False,1,NO,True,LOSS,
17,1,0,0,SETUP_ACTIVE_POKEMON,1,NONE,0,NONE,0.0,53,False,0,CARD,10000.0,0,CARD,10000.0,0.0,False,0,CARD,True,LOSS,
17,4,1,0,MAIN,7,Kyogre,0,Snover,90.0,46,False,0,ATTACH,39000.0,0,ATTACH,39000.0,0.0,False,0,ATTACH,True,LOSS,
17,5,1,0,MAIN,2,Kyogre,1,Snover,90.0,46,False,0,PLAY,12000.0,0,PLAY,12000.0,0.0,False,0,PLAY,True,LOSS,
17,6,1,0,TO_HAND,4,Kyogre,1,Snover,90.0,46,False,0,CARD,5000.0,0,CARD,5000.0,0.0,False,0,CARD,True,LOSS,
17,7,1,0,MAIN,1,Kyogre,1,Snover,90.0,46,False,0,END,0.0,0,END,0.0,0.0,False,0,END,True,LOSS,
17,10,3,0,MAIN,7,Kyogre,1,Snover,90.0,45,False,1,ATTACH,39700.0,1,ATTACH,39700.0,0.0,False,1,ATTACH,True,LOSS,
17,11,3,0,MAIN,9,Kyogre,1,Snover,90.0,42,False,0,ATTACH,39700.0,0,ATTACH,39700.0,0.0,False,0,ATTACH,True,LOSS,
17,12,3,0,MAIN,2,Kyogre,2,Snover,90.0,42,False,0,ATTACK_1042,18104.2,0,ATTACK_1042,18104.2,0.0,False,0,ATTACK_1042,True,LOSS,
18,2,0,1,SETUP_ACTIVE_POKEMON,1,NONE,0,NONE,0.0,53,False,0,CARD,10000.0,0,CARD,10000.0,0.0,False,0,CARD,True,LOSS,
18,4,1,1,MAIN,8,Snover,0,Kyogre,150.0,46,False,0,ATTACH,39000.0,0,ATTACH,39000.0,0.0,False,0,ATTACH,True,LOSS,
18,5,1,1,MAIN,1,Snover,1,Kyogre,150.0,46,False,0,END,0.0,0,END,0.0,0.0,False,0,END,True,LOSS,
18,9,3,1,MAIN,9,Snover,1,Kyogre,150.0,45,False,0,ATTACH,39700.0,0,ATTACH,39700.0,0.0,False,0,ATTACH,True,LOSS,
18,10,3,1,MAIN,4,Snover,2,Kyogre,150.0,45,False,2,ATTACK_1045,18104.5,2,ATTACK_1045,18104.5,0.0,False,2,ATTACK_1045,True,LOSS,
18,11,3,1,MAIN,3,Snover,2,Kyogre,150.0,45,False,1,ATTACK_1045,18104.5,1,ATTACK_1045,18104.5,0.0,False,1,ATTACK_1045,True,LOSS,
18,14,5,1,MAIN,15,Snover,2,Kyogre,140.0,44,False,0,ATTACH,40400.0,0,ATTACH,40400.0,0.0,False,0,ATTACH,True,LOSS,
18,15,5,1,MAIN,4,Snover,3,Kyogre,140.0,44,False,1,ATTACK_1045,18104.5,1,ATTACK_1045,18104.5,0.0,False,1,ATTACK_1045,True,LOSS,
18,21,6,1,TO_ACTIVE,1,NONE,0,Kyogre,130.0,44,False,0,CARD,5000.0,0,CARD,5000.0,0.0,False,0,CARD,True,LOSS,
18,22,7,1,MAIN,7,Snover,0,Kyogre,130.0,43,False,0,ATTACH,39000.0,0,ATTACH,39000.0,0.0,False,0,ATTACH,True,LOSS,
18,23,7,1,MAIN,2,Snover,1,Kyogre,130.0,43,False,0,ATTACK_1044,18104.4,0,ATTACK_1044,18104.4,0.0,False,0,ATTACK_1044,True,LOSS,
18,26,9,1,MAIN,8,Snover,1,Kyogre,120.0,42,False,0,ATTACH,39700.0,0,ATTACH,39700.0,0.0,False,0,ATTACH,True,LOSS,
18,27,9,1,MAIN,4,Snover,2,Kyogre,120.0,42,False,2,ATTACK_1045,18104.5,2,ATTACK_1045,18104.5,0.0,False,2,ATTACK_1045,True,LOSS,
18,28,9,1,TO_HAND,3,Snover,2,Kyogre,120.0,42,False,0,CARD,1000.0,0,CARD,1000.0,0.0,False,0,CARD,True,LOSS,
18,29,9,1,MAIN,3,Snover,2,Kyogre,120.0,42,False,1,ATTACK_1045,18104.5,1,ATTACK_1045,18104.5,0.0,False,1,ATTACK_1045,True,LOSS,
19,0,0,0,IS_FIRST,2,NONE,0,NONE,0.0,60,False,1,NO,5000.0,1,NO,5000.0,0.0,False,1,NO,True,LOSS,
19,1,0,0,SETUP_ACTIVE_POKEMON,2,NONE,0,NONE,0.0,53,False,0,CARD,10000.0,0,CARD,10000.0,0.0,False,0,CARD,True,LOSS,
19,3,0,0,SETUP_BENCH_POKEMON,1,NONE,0,NONE,0.0,47,False,0,CARD,10000.0,0,CARD,10000.0,0.0,False,0,CARD,True,LOSS,
19,4,1,0,MAIN,4,Kyogre,0,Snover,90.0,46,False,0,ATTACH,39000.0,0,ATTACH,39000.0,0.0,False,0,ATTACH,True,LOSS,
19,5,1,0,MAIN,2,Kyogre,1,Snover,90.0,46,False,0,PLAY,12000.0,0,PLAY,12000.0,0.0,False,0,PLAY,True,LOSS,
19,6,1,0,MAIN,1,Kyogre,1,Snover,90.0,46,False,0,END,0.0,0,END,0.0,0.0,False,0,END,True,LOSS,
19,9,3,0,MAIN,9,Kyogre,1,Snover,90.0,45,False,3,ATTACH,39700.0,3,ATTACH,39700.0,0.0,False,3,ATTACH,True,LOSS,
19,10,3,0,MAIN,14,Kyogre,1,Snover,90.0,42,False,0,ATTACH,39700.0,0,ATTACH,39700.0,0.0,False,0,ATTACH,True,LOSS,
19,11,3,0,MAIN,4,Kyogre,2,Snover,90.0,42,False,2,ATTACK_1042,18104.2,2,ATTACK_1042,18104.2,0.0,False,2,ATTACK_1042,True,LOSS,
19,12,3,0,MAIN,3,Kyogre,2,Snover,90.0,42,False,1,ATTACK_1042,18104.2,1,ATTACK_1042,18104.2,0.0,False,1,ATTACK_1042,True,LOSS,
19,13,3,0,TO_HAND,3,Kyogre,2,Snover,90.0,42,False,0,CARD,1000.0,0,CARD,1000.0,0.0,False,0,CARD,True,LOSS,
19,14,3,0,MAIN,2,Kyogre,2,Snover,90.0,42,False,0,ATTACK_1042,18104.2,0,ATTACK_1042,18104.2,0.0,False,0,ATTACK_1042,True,LOSS,
19,19,4,0,TO_ACTIVE,2,NONE,0,Mega Abomasnow ex,350.0,42,False,1,CARD,10000.0,1,CARD,10000.0,0.0,False,1,CARD,True,LOSS,
19,20,5,0,MAIN,11,Kyogre,0,Mega Abomasnow ex,350.0,41,False,2,EVOLVE,70000.0,2,EVOLVE,70000.0,0.0,False,2,EVOLVE,True,LOSS,
19,21,5,0,MAIN,4,Kyogre,1,Mega Abomasnow ex,350.0,41,False,0,EVOLVE,70000.0,0,EVOLVE,70000.0,0.0,False,0,EVOLVE,True,LOSS,
19,22,5,0,MAIN,3,Kyogre,1,Mega Abomasnow ex,350.0,41,False,1,ATTACK_1042,18104.2,1,ATTACK_1042,18104.2,0.0,False,1,ATTACK_1042,True,LOSS,
19,23,5,0,MAIN,2,Kyogre,1,Mega Abomasnow ex,350.0,41,False,0,ATTACK_1042,18104.2,0,ATTACK_1042,18104.2,0.0,False,0,ATTACK_1042,True,LOSS,
19,27,6,0,TO_ACTIVE,2,NONE,0,Mega Abomasnow ex,310.0,43,False,0,CARD,5000.0,0,CARD,5000.0,0.0,False,0,CARD,True,LOSS,
19,28,7,0,MAIN,9,Mega Abomasnow ex,0,Mega Abomasnow ex,310.0,42,False,0,ATTACH,39000.0,0,ATTACH,39000.0,0.0,False,0,ATTACH,True,LOSS,
19,29,7,0,MAIN,1,Mega Abomasnow ex,1,Mega Abomasnow ex,310.0,42,False,0,END,0.0,0,END,0.0,0.0,False,0,END,True,LOSS,
19,32,9,0,MAIN,9,Mega Abomasnow ex,1,Mega Abomasnow ex,310.0,41,False,0,ATTACH,39700.0,0,ATTACH,39700.0,0.0,False,0,ATTACH,True,LOSS,
19,33,9,0,MAIN,2,Mega Abomasnow ex,2,Mega Abomasnow ex,310.0,41,False,0,ATTACK_1046,18104.6,0,ATTACK_1046,18104.6,0.0,False,0,ATTACK_1046,True,LOSS,
19,37,10,0,TO_ACTIVE,1,NONE,0,Mega Abomasnow ex,40.0,35,False,0,CARD,5000.0,0,CARD,5000.0,0.0,False,0,CARD,True,LOSS,
19,38,11,0,MAIN,5,Snover,0,Mega Abomasnow ex,40.0,34,False,0,ATTACH,39000.0,0,ATTACH,39000.0,0.0,False,0,ATTACH,True,LOSS,
19,39,11,0,MAIN,2,Snover,1,Mega Abomasnow ex,40.0,34,False,0,ATTACK_1044,18104.4,0,ATTACK_1044,18104.4,0.0,False,0,ATTACK_1044,True,LOSS,
20,1,0,1,SETUP_ACTIVE_POKEMON,2,NONE,0,NONE,0.0,53,False,0,CARD,10000.0,0,CARD,10000.0,0.0,False,0,CARD,True,WIN,
20,3,0,1,SETUP_BENCH_POKEMON,1,NONE,0,NONE,0.0,47,False,0,CARD,10000.0,0,CARD,10000.0,0.0,False,0,CARD,True,WIN,
20,4,1,1,MAIN,8,Snover,0,Snover,90.0,46,False,0,ATTACH,39000.0,0,ATTACH,39000.0,0.0,False,0,ATTACH,True,WIN,
20,5,1,1,MAIN,2,Snover,1,Snover,90.0,46,False,0,PLAY,12000.0,0,PLAY,12000.0,0.0,False,0,PLAY,True,WIN,
20,6,1,1,MAIN,1,Snover,1,Snover,90.0,46,False,0,END,0.0,0,END,0.0,0.0,False,0,END,True,WIN,
20,9,3,1,MAIN,13,Snover,1,Snover,90.0,45,False,0,ATTACH,39700.0,0,ATTACH,39700.0,0.0,False,0,ATTACH,True,WIN,
20,10,3,1,MAIN,4,Snover,2,Snover,90.0,45,False,2,ATTACK_1045,18104.5,2,ATTACK_1045,18104.5,0.0,False,2,ATTACK_1045,True,WIN,
20,11,3,1,MAIN,6,Snover,2,Snover,90.0,41,False,4,ATTACK_1045,18104.5,4,ATTACK_1045,18104.5,0.0,False,4,ATTACK_1045,True,WIN,
20,12,3,1,MAIN,5,Snover,2,Snover,90.0,41,False,3,ATTACK_1045,18104.5,3,ATTACK_1045,18104.5,0.0,False,3,ATTACK_1045,True,WIN,
20,13,3,1,MAIN,4,Snover,2,Snover,90.0,41,False,2,ATTACK_1045,18104.5,2,ATTACK_1045,18104.5,0.0,False,2,ATTACK_1045,True,WIN,
20,14,3,1,TO_HAND,4,Snover,2,Snover,90.0,41,False,0,CARD,1000.0,0,CARD,1000.0,0.0,False,0,CARD,True,WIN,
20,15,3,1,MAIN,3,Snover,2,Snover,90.0,41,False,1,ATTACK_1045,18104.5,1,ATTACK_1045,18104.5,0.0,False,1,ATTACK_1045,True,WIN,
20,20,4,1,TO_ACTIVE,3,NONE,0,Mega Abomasnow ex,340.0,41,False,0,CARD,5000.0,0,CARD,5000.0,0.0,False,0,CARD,True,WIN,
20,21,5,1,MAIN,15,Snover,0,Mega Abomasnow ex,340.0,40,False,0,ATTACH,39000.0,0,ATTACH,39000.0,0.0,False,0,ATTACH,True,WIN,
20,22,5,1,MAIN,4,Snover,1,Mega Abomasnow ex,340.0,40,False,2,ATTACK_1044,18104.4,2,ATTACK_1044,18104.4,0.0,False,2,ATTACK_1044,True,WIN,
20,23,5,1,MAIN,4,Snover,1,Mega Abomasnow ex,340.0,36,False,0,EVOLVE,70500.0,0,EVOLVE,70500.0,0.0,False,0,EVOLVE,True,WIN,
20,24,5,1,MAIN,1,Mega Abomasnow ex,1,Mega Abomasnow ex,340.0,36,False,0,END,0.0,0,END,0.0,0.0,False,0,END,True,WIN,
20,27,7,1,MAIN,25,Mega Abomasnow ex,1,Mega Abomasnow ex,340.0,35,False,0,ATTACH,39700.0,0,ATTACH,39700.0,0.0,False,0,ATTACH,True,WIN,
20,28,7,1,MAIN,2,Mega Abomasnow ex,2,Mega Abomasnow ex,340.0,35,False,0,ATTACK_1046,18104.6,0,ATTACK_1046,18104.6,0.0,False,0,ATTACK_1046,True,WIN,
20,29,7,1,TO_HAND,6,Mega Abomasnow ex,2,NONE,0.0,29,False,0,CARD,5000.0,0,CARD,5000.0,0.0,False,0,CARD,True,WIN,
21,0,0,0,IS_FIRST,2,NONE,0,NONE,0.0,60,False,1,NO,5000.0,1,NO,5000.0,0.0,False,1,NO,True,LOSS,
21,1,0,0,SETUP_ACTIVE_POKEMON,1,NONE,0,NONE,0.0,53,False,0,CARD,10000.0,0,CARD,10000.0,0.0,False,0,CARD,True,LOSS,
21,3,0,0,DRAW_COUNT,4,NONE,0,NONE,0.0,47,False,3,NUMBER,3.0,3,NUMBER,3.0,0.0,False,3,NUMBER,True,LOSS,
21,4,1,0,MAIN,4,Kyogre,0,Snover,90.0,46,False,0,ATTACH,39000.0,0,ATTACH,39000.0,0.0,False,0,ATTACH,True,LOSS,
21,5,1,0,MAIN,1,Kyogre,1,Snover,90.0,46,False,0,END,0.0,0,END,0.0,0.0,False,0,END,True,LOSS,
21,8,3,0,MAIN,9,Kyogre,1,Snover,90.0,45,False,2,ATTACH,39700.0,2,ATTACH,39700.0,0.0,False,2,ATTACH,True,LOSS,
21,9,3,0,TO_HAND,4,Kyogre,1,Snover,90.0,45,False,0,CARD,5000.0,0,CARD,5000.0,0.0,False,0,CARD,True,LOSS,
21,10,3,0,MAIN,5,Kyogre,1,Snover,90.0,45,False,0,ATTACH,39700.0,0,ATTACH,39700.0,0.0,False,0,ATTACH,True,LOSS,
21,11,3,0,MAIN,3,Kyogre,2,Snover,90.0,45,False,1,ATTACK_1042,18104.2,1,ATTACK_1042,18104.2,0.0,False,1,ATTACK_1042,True,LOSS,
21,12,3,0,TO_HAND,4,Kyogre,2,Snover,90.0,45,False,0,CARD,5000.0,0,CARD,5000.0,0.0,False,0,CARD,True,LOSS,
21,13,3,0,MAIN,2,Kyogre,2,Snover,90.0,45,False,0,ATTACK_1042,18104.2,0,ATTACK_1042,18104.2,0.0,False,0,ATTACK_1042,True,LOSS,
22,2,0,1,SETUP_ACTIVE_POKEMON,1,NONE,0,NONE,0.0,53,False,0,CARD,10000.0,0,CARD,10000.0,0.0,False,0,CARD,True,WIN,
22,4,1,1,MAIN,6,Snover,0,Snover,90.0,46,False,0,ATTACH,39000.0,0,ATTACH,39000.0,0.0,False,0,ATTACH,True,WIN,
22,5,1,1,MAIN,1,Snover,1,Snover,90.0,46,False,0,END,0.0,0,END,0.0,0.0,False,0,END,True,WIN,
22,8,3,1,MAIN,9,Snover,1,Snover,90.0,45,False,4,EVOLVE,70500.0,4,EVOLVE,70500.0,0.0,False,4,EVOLVE,True,WIN,
22,9,3,1,MAIN,5,Snover,2,Snover,90.0,45,False,1,EVOLVE,71000.0,1,EVOLVE,71000.0,0.0,False,1,EVOLVE,True,WIN,
22,10,3,1,ATTACH_TO,5,Snover,2,Snover,90.0,39,False,1,CARD,10000.0,1,CARD,10000.0,0.0,False,1,CARD,True,WIN,
22,11,3,1,MAIN,4,Snover,2,Snover,90.0,45,False,0,EVOLVE,71000.0,0,EVOLVE,71000.0,0.0,False,0,EVOLVE,True,WIN,
22,12,3,1,MAIN,2,Mega Abomasnow ex,2,Snover,90.0,45,False,0,ATTACK_1046,18104.6,0,ATTACK_1046,18104.6,0.0,False,0,ATTACK_1046,True,WIN,
22,13,3,1,TO_HAND,6,Mega Abomasnow ex,2,NONE,0.0,39,False,4,CARD,10000.0,4,CARD,10000.0,0.0,False,4,CARD,True,WIN,
23,0,0,0,IS_FIRST,2,NONE,0,NONE,0.0,60,False,1,NO,5000.0,1,NO,5000.0,0.0,False,1,NO,True,WIN,
23,1,0,0,SETUP_ACTIVE_POKEMON,2,NONE,0,NONE,0.0,53,False,0,CARD,10000.0,0,CARD,10000.0,0.0,False,0,CARD,True,WIN,
23,3,0,0,SETUP_BENCH_POKEMON,1,NONE,0,NONE,0.0,47,False,0,CARD,10000.0,0,CARD,10000.0,0.0,False,0,CARD,True,WIN,
23,5,1,0,MAIN,5,Kyogre,0,Kyogre,150.0,46,False,1,ATTACH,39000.0,1,ATTACH,39000.0,0.0,False,1,ATTACH,True,WIN,
23,6,1,0,MAIN,7,Kyogre,0,Kyogre,150.0,46,False,0,ATTACH,39000.0,0,ATTACH,39000.0,0.0,False,0,ATTACH,True,WIN,
23,7,1,0,MAIN,1,Kyogre,1,Kyogre,150.0,46,False,0,END,0.0,0,END,0.0,0.0,False,0,END,True,WIN,
23,10,3,0,MAIN,10,Kyogre,1,Kyogre,150.0,45,False,5,EVOLVE,70000.0,5,EVOLVE,70000.0,0.0,False,5,EVOLVE,True,WIN,
23,11,3,0,MAIN,6,Kyogre,2,Kyogre,150.0,45,False,1,EVOLVE,70000.0,1,EVOLVE,70000.0,0.0,False,1,EVOLVE,True,WIN,
23,12,3,0,MAIN,3,Kyogre,2,Kyogre,150.0,41,False,1,ATTACK_1042,18104.2,1,ATTACK_1042,18104.2,0.0,False,1,ATTACK_1042,True,WIN,
23,13,3,0,MAIN,2,Kyogre,2,Kyogre,150.0,41,False,0,ATTACK_1042,18104.2,0,ATTACK_1042,18104.2,0.0,False,0,ATTACK_1042,True,WIN,
23,16,5,0,MAIN,24,Kyogre,2,Kyogre,150.0,40,False,0,ATTACH,40400.0,0,ATTACH,40400.0,0.0,False,0,ATTACH,True,WIN,
23,17,5,0,MAIN,5,Kyogre,3,Kyogre,150.0,40,False,2,ATTACK_1043,18104.3,2,ATTACK_1043,18104.3,0.0,False,2,ATTACK_1043,True,WIN,
23,18,5,0,ATTACH_TO,3,Kyogre,3,Kyogre,150.0,34,False,0,CARD,5000.0,0,CARD,5000.0,0.0,False,0,CARD,True,WIN,
23,19,5,0,MAIN,4,Kyogre,3,Kyogre,150.0,40,False,1,ATTACK_1043,18104.3,1,ATTACK_1043,18104.3,0.0,False,1,ATTACK_1043,True,WIN,
23,24,7,0,MAIN,24,Kyogre,3,Kyogre,150.0,39,False,18,EVOLVE,70000.0,18,EVOLVE,70000.0,0.0,False,18,EVOLVE,True,WIN,
23,25,7,0,MAIN,6,Kyogre,4,Kyogre,150.0,39,False,0,EVOLVE,70000.0,0,EVOLVE,70000.0,0.0,False,0,EVOLVE,True,WIN,
23,26,7,0,MAIN,4,Kyogre,4,Kyogre,150.0,39,False,2,RETREAT,30000.0,2,RETREAT,30000.0,0.0,False,2,RETREAT,True,WIN,
23,30,8,0,TO_ACTIVE,2,NONE,0,Kyogre,150.0,39,False,0,CARD,5000.0,0,CARD,5000.0,0.0,False,0,CARD,True,WIN,
23,31,9,0,MAIN,13,Mega Abomasnow ex,0,Kyogre,150.0,38,False,0,ATTACH,39000.0,0,ATTACH,39000.0,0.0,False,0,ATTACH,True,WIN,
23,32,9,0,MAIN,1,Mega Abomasnow ex,1,Kyogre,150.0,38,False,0,END,0.0,0,END,0.0,0.0,False,0,END,True,WIN,
23,37,11,0,MAIN,12,Mega Abomasnow ex,1,Kyogre,150.0,37,False,0,ATTACH,39700.0,0,ATTACH,39700.0,0.0,False,0,ATTACH,True,WIN,
23,38,11,0,MAIN,3,Mega Abomasnow ex,2,Kyogre,150.0,37,False,1,ATTACK_1046,18104.6,1,ATTACK_1046,18104.6,0.0,False,1,ATTACK_1046,True,WIN,
23,39,11,0,ATTACH_TO,2,Mega Abomasnow ex,2,Kyogre,150.0,31,False,0,CARD,5000.0,0,CARD,5000.0,0.0,False,0,CARD,True,WIN,
23,40,11,0,MAIN,2,Mega Abomasnow ex,2,Kyogre,150.0,37,False,0,ATTACK_1046,18104.6,0,ATTACK_1046,18104.6,0.0,False,0,ATTACK_1046,True,WIN,
23,41,11,0,TO_HAND,6,Mega Abomasnow ex,2,NONE,0.0,31,False,0,CARD,5000.0,0,CARD,5000.0,0.0,False,0,CARD,True,WIN,
23,47,13,0,MAIN,13,Mega Abomasnow ex,2,Kyogre,150.0,30,False,0,ATTACH,40400.0,0,ATTACH,40400.0,0.0,False,0,ATTACH,True,WIN,
23,48,13,0,MAIN,4,Mega Abomasnow ex,3,Kyogre,150.0,30,True,2,ATTACK_1047,18104.7,2,ATTACK_1047,28104.7,0.0,False,2,ATTACK_1047,True,WIN,
23,49,13,0,TO_HAND,2,Mega Abomasnow ex,3,Kyogre,150.0,30,False,0,CARD,5000.0,0,CARD,5000.0,0.0,False,0,CARD,True,WIN,
23,50,13,0,MAIN,3,Mega Abomasnow ex,3,Kyogre,150.0,30,True,1,ATTACK_1047,18104.7,1,ATTACK_1047,28104.7,0.0,False,1,ATTACK_1047,True,WIN,
23,51,13,0,TO_HAND,5,Mega Abomasnow ex,3,NONE,0.0,24,False,0,CARD,5000.0,0,CARD,5000.0,0.0,False,0,CARD,True,WIN,
24,1,0,1,SETUP_ACTIVE_POKEMON,1,NONE,0,NONE,0.0,53,False,0,CARD,10000.0,0,CARD,10000.0,0.0,False,0,CARD,True,LOSS,
24,3,1,1,MAIN,7,Kyogre,0,Kyogre,150.0,46,False,0,ATTACH,39000.0,0,ATTACH,39000.0,0.0,False,0,ATTACH,True,LOSS,
24,4,1,1,MAIN,2,Kyogre,1,Kyogre,150.0,46,False,0,PLAY,12000.0,0,PLAY,12000.0,0.0,False,0,PLAY,True,LOSS,
24,5,1,1,TO_HAND,2,Kyogre,1,Kyogre,150.0,46,False,0,CARD,1000.0,0,CARD,1000.0,0.0,False,0,CARD,True,LOSS,
24,6,1,1,MAIN,1,Kyogre,1,Kyogre,150.0,46,False,0,END,0.0,0,END,0.0,0.0,False,0,END,True,LOSS,
24,10,3,1,MAIN,8,Kyogre,1,Kyogre,150.0,45,False,0,ATTACH,39700.0,0,ATTACH,39700.0,0.0,False,0,ATTACH,True,LOSS,
24,11,3,1,MAIN,4,Kyogre,2,Kyogre,150.0,45,False,2,ATTACK_1042,18104.2,2,ATTACK_1042,18104.2,0.0,False,2,ATTACK_1042,True,LOSS,
24,12,3,1,MAIN,3,Kyogre,2,Kyogre,150.0,41,False,1,ATTACK_1042,18104.2,1,ATTACK_1042,18104.2,0.0,False,1,ATTACK_1042,True,LOSS,
24,13,3,1,TO_HAND,1,Kyogre,2,Kyogre,150.0,41,False,0,CARD,1000.0,0,CARD,1000.0,0.0,False,0,CARD,True,LOSS,
24,14,3,1,MAIN,2,Kyogre,2,Kyogre,150.0,41,False,0,ATTACK_1042,18104.2,0,ATTACK_1042,18104.2,0.0,False,0,ATTACK_1042,True,LOSS,
24,17,5,1,MAIN,9,Kyogre,2,Kyogre,150.0,40,False,2,ATTACH,40400.0,2,ATTACH,40400.0,0.0,False,2,ATTACH,True,LOSS,
24,18,5,1,MAIN,10,Kyogre,2,Kyogre,150.0,39,False,0,ATTACH,40400.0,0,ATTACH,40400.0,0.0,False,0,ATTACH,True,LOSS,
24,19,5,1,MAIN,5,Kyogre,3,Kyogre,150.0,39,False,0,ATTACH,41100.0,0,ATTACH,41100.0,0.0,False,0,ATTACH,True,LOSS,
24,20,5,1,MAIN,4,Kyogre,3,Kyogre,150.0,39,False,2,ATTACK_1043,18104.3,2,ATTACK_1043,18104.3,0.0,False,2,ATTACK_1043,True,LOSS,
24,21,5,1,MAIN,4,Kyogre,3,Kyogre,150.0,39,False,1,ATTACK_1043,18104.3,1,ATTACK_1043,18104.3,0.0,False,1,ATTACK_1043,True,LOSS,
24,26,7,1,MAIN,16,Kyogre,3,Kyogre,150.0,38,False,0,ATTACH,41100.0,0,ATTACH,41100.0,0.0,False,0,ATTACH,True,LOSS,
24,27,7,1,MAIN,4,Kyogre,4,Kyogre,150.0,38,False,2,RETREAT,30000.0,2,RETREAT,30000.0,0.0,False,2,RETREAT,True,LOSS,
24,31,8,1,TO_ACTIVE,1,NONE,0,Kyogre,150.0,38,False,0,CARD,5000.0,0,CARD,5000.0,0.0,False,0,CARD,True,LOSS,
24,32,9,1,MAIN,7,Snover,0,Kyogre,150.0,37,False,0,ATTACH,39000.0,0,ATTACH,39000.0,0.0,False,0,ATTACH,True,LOSS,
24,33,9,1,MAIN,2,Snover,1,Kyogre,150.0,37,False,0,ATTACK_1044,18104.4,0,ATTACK_1044,18104.4,0.0,False,0,ATTACK_1044,True,LOSS,
25,0,0,0,IS_FIRST,2,NONE,0,NONE,0.0,60,False,1,NO,5000.0,1,NO,5000.0,0.0,False,1,NO,True,WIN,
25,1,0,0,SETUP_ACTIVE_POKEMON,1,NONE,0,NONE,0.0,53,False,0,CARD,10000.0,0,CARD,10000.0,0.0,False,0,CARD,True,WIN,
25,3,1,0,MAIN,4,Snover,0,Snover,90.0,46,False,0,ATTACH,39000.0,0,ATTACH,39000.0,0.0,False,0,ATTACH,True,WIN,
25,4,1,0,MAIN,2,Snover,1,Snover,90.0,46,False,0,ATTACH,39700.0,0,ATTACH,39700.0,0.0,False,0,ATTACH,True,WIN,
25,5,1,0,MAIN,1,Snover,1,Snover,90.0,46,False,0,END,0.0,0,END,0.0,0.0,False,0,END,True,WIN,
25,8,3,0,MAIN,8,Snover,1,Snover,90.0,45,False,4,EVOLVE,70500.0,4,EVOLVE,70500.0,0.0,False,4,EVOLVE,True,WIN,
25,9,3,0,ATTACH_TO,2,Snover,1,Snover,90.0,39,False,1,CARD,10000.0,1,CARD,10000.0,0.0,False,1,CARD,True,WIN,
25,10,3,0,MAIN,5,Snover,1,Snover,90.0,45,False,1,EVOLVE,70500.0,1,EVOLVE,70500.0,0.0,False,1,EVOLVE,True,WIN,
25,11,3,0,MAIN,4,Snover,2,Snover,90.0,45,False,0,EVOLVE,71000.0,0,EVOLVE,71000.0,0.0,False,0,EVOLVE,True,WIN,
25,12,3,0,MAIN,2,Mega Abomasnow ex,2,Snover,90.0,45,False,0,ATTACK_1046,18104.6,0,ATTACK_1046,18104.6,0.0,False,0,ATTACK_1046,True,WIN,
25,13,3,0,TO_HAND,6,Mega Abomasnow ex,2,NONE,0.0,39,False,3,CARD,10000.0,3,CARD,10000.0,0.0,False,3,CARD,True,WIN,
26,1,0,1,SETUP_ACTIVE_POKEMON,2,NONE,0,NONE,0.0,53,False,0,CARD,10000.0,0,CARD,10000.0,0.0,False,0,CARD,True,LOSS,
26,3,0,1,DRAW_COUNT,2,NONE,0,NONE,0.0,47,False,1,NUMBER,1.0,1,NUMBER,1.0,0.0,False,1,NUMBER,True,LOSS,
26,4,0,1,SETUP_BENCH_POKEMON,1,NONE,0,NONE,0.0,47,False,0,CARD,10000.0,0,CARD,10000.0,0.0,False,0,CARD,True,LOSS,
26,6,1,1,MAIN,7,Kyogre,0,Snover,90.0,46,False,0,ATTACH,39000.0,0,ATTACH,39000.0,0.0,False,0,ATTACH,True,LOSS,
26,7,1,1,MAIN,3,Kyogre,1,Snover,90.0,46,False,0,PLAY,12000.0,0,PLAY,12000.0,0.0,False,0,PLAY,True,LOSS,
26,8,1,1,MAIN,2,Kyogre,1,Snover,90.0,46,False,0,PLAY,12000.0,0,PLAY,12000.0,0.0,False,0,PLAY,True,LOSS,
26,9,1,1,TO_HAND,1,Kyogre,1,Snover,90.0,46,False,0,CARD,1000.0,0,CARD,1000.0,0.0,False,0,CARD,True,LOSS,
26,10,1,1,MAIN,1,Kyogre,1,Snover,90.0,46,False,0,END,0.0,0,END,0.0,0.0,False,0,END,True,LOSS,
26,13,3,1,MAIN,10,Kyogre,1,Snover,90.0,45,False,0,ATTACH,39700.0,0,ATTACH,39700.0,0.0,False,0,ATTACH,True,LOSS,
26,14,3,1,MAIN,4,Kyogre,2,Snover,90.0,45,False,2,ATTACK_1042,18104.2,2,ATTACK_1042,18104.2,0.0,False,2,ATTACK_1042,True,LOSS,
26,15,3,1,ATTACH_TO,1,Kyogre,2,Snover,90.0,39,False,0,CARD,1000.0,0,CARD,1000.0,0.0,False,0,CARD,True,LOSS,
26,16,3,1,MAIN,3,Kyogre,2,Snover,90.0,45,False,1,ATTACK_1042,18104.2,1,ATTACK_1042,18104.2,0.0,False,1,ATTACK_1042,True,LOSS,
26,17,3,1,TO_HAND,1,Kyogre,2,Snover,90.0,45,False,0,CARD,1000.0,0,CARD,1000.0,0.0,False,0,CARD,True,LOSS,
26,18,3,1,MAIN,2,Kyogre,2,Snover,90.0,45,False,0,ATTACK_1042,18104.2,0,ATTACK_1042,18104.2,0.0,False,0,ATTACK_1042,True,LOSS,
26,21,5,1,MAIN,8,Kyogre,2,Snover,90.0,44,False,0,ATTACH,40400.0,0,ATTACH,40400.0,0.0,False,0,ATTACH,True,LOSS,
26,22,5,1,MAIN,4,Kyogre,3,Snover,90.0,44,False,1,ATTACK_1043,18104.3,1,ATTACK_1043,18104.3,0.0,False,1,ATTACK_1043,True,LOSS,
26,25,7,1,MAIN,9,Kyogre,3,Snover,90.0,43,False,0,ATTACH,41100.0,0,ATTACH,41100.0,0.0,False,0,ATTACH,True,LOSS,
26,26,7,1,MAIN,5,Kyogre,4,Snover,90.0,43,False,2,ATTACK_1043,18104.3,2,ATTACK_1043,18104.3,0.0,False,2,ATTACK_1043,True,LOSS,
26,27,7,1,ATTACH_TO,6,Kyogre,4,Snover,90.0,37,False,0,CARD,5000.0,0,CARD,5000.0,0.0,False,0,CARD,True,LOSS,
26,28,7,1,MAIN,4,Kyogre,4,Snover,90.0,43,False,1,ATTACK_1043,18104.3,1,ATTACK_1043,18104.3,0.0,False,1,ATTACK_1043,True,LOSS,
26,31,9,1,MAIN,7,Kyogre,4,Snover,90.0,42,False,0,ATTACH,41800.0,0,ATTACH,41800.0,0.0,False,0,ATTACH,True,LOSS,
26,32,9,1,MAIN,5,Kyogre,5,Snover,90.0,42,False,3,RETREAT,30000.0,3,RETREAT,30000.0,0.0,False,3,RETREAT,True,LOSS,
26,33,9,1,MAIN,8,Kyogre,5,Snover,90.0,34,False,0,EVOLVE,70000.0,0,EVOLVE,70000.0,0.0,False,0,EVOLVE,True,LOSS,
26,34,9,1,MAIN,7,Kyogre,5,Snover,90.0,34,False,1,ATTACH,41800.0,1,ATTACH,41800.0,0.0,False,1,ATTACH,True,LOSS,
26,35,9,1,MAIN,7,Kyogre,5,Snover,90.0,34,False,0,ATTACH,41800.0,0,ATTACH,41800.0,0.0,False,0,ATTACH,True,LOSS,
26,36,9,1,MAIN,4,Kyogre,5,Snover,90.0,34,False,2,RETREAT,30000.0,2,RETREAT,30000.0,0.0,False,2,RETREAT,True,LOSS,
26,39,11,1,MAIN,20,Kyogre,5,Snover,90.0,33,False,0,ATTACH,41800.0,0,ATTACH,41800.0,0.0,False,0,ATTACH,True,LOSS,
26,40,11,1,MAIN,5,Kyogre,6,Snover,90.0,33,False,3,RETREAT,30000.0,3,RETREAT,30000.0,0.0,False,3,RETREAT,True,LOSS,
26,41,11,1,MAIN,5,Kyogre,6,Snover,90.0,29,False,3,RETREAT,30000.0,3,RETREAT,30000.0,0.0,False,3,RETREAT,True,LOSS,
26,42,11,1,MAIN,4,Kyogre,6,Snover,90.0,29,False,2,RETREAT,30000.0,2,RETREAT,30000.0,0.0,False,2,RETREAT,True,LOSS,
26,47,12,1,TO_ACTIVE,3,NONE,0,Mega Abomasnow ex,350.0,29,False,0,CARD,5000.0,0,CARD,5000.0,0.0,False,0,CARD,True,LOSS,
26,48,13,1,MAIN,19,Mega Abomasnow ex,0,Mega Abomasnow ex,350.0,28,False,0,ATTACH,39000.0,0,ATTACH,39000.0,0.0,False,0,ATTACH,True,LOSS,
26,49,13,1,MAIN,4,Mega Abomasnow ex,1,Mega Abomasnow ex,350.0,28,False,0,PLAY,12000.0,0,PLAY,12000.0,0.0,False,0,PLAY,True,LOSS,
26,50,13,1,MAIN,2,Mega Abomasnow ex,1,Mega Abomasnow ex,350.0,28,False,0,PLAY,12000.0,0,PLAY,12000.0,0.0,False,0,PLAY,True,LOSS,
26,51,13,1,MAIN,1,Mega Abomasnow ex,1,Mega Abomasnow ex,350.0,28,False,0,END,0.0,0,END,0.0,0.0,False,0,END,True,LOSS,
26,54,15,1,MAIN,17,Mega Abomasnow ex,1,Mega Abomasnow ex,350.0,27,False,0,ATTACH,39700.0,0,ATTACH,39700.0,0.0,False,0,ATTACH,True,LOSS,
26,55,15,1,MAIN,3,Mega Abomasnow ex,2,Mega Abomasnow ex,350.0,27,False,1,ATTACK_1046,18104.6,1,ATTACK_1046,18104.6,0.0,False,1,ATTACK_1046,True,LOSS,
26,56,15,1,ATTACH_TO,5,Mega Abomasnow ex,2,Mega Abomasnow ex,350.0,21,False,0,CARD,5000.0,0,CARD,5000.0,0.0,False,0,CARD,True,LOSS,
26,57,15,1,MAIN,2,Mega Abomasnow ex,2,Mega Abomasnow ex,350.0,27,False,0,ATTACK_1046,18104.6,0,ATTACK_1046,18104.6,0.0,False,0,ATTACK_1046,True,LOSS,
26,58,15,1,TO_HAND,6,Mega Abomasnow ex,2,NONE,0.0,21,False,0,CARD,5000.0,0,CARD,5000.0,0.0,False,0,CARD,True,LOSS,
26,67,16,1,TO_ACTIVE,2,NONE,0,Kyogre,150.0,21,False,0,CARD,5000.0,0,CARD,5000.0,0.0,False,0,CARD,True,LOSS,
26,68,17,1,MAIN,16,Snover,0,Kyogre,150.0,20,False,0,ATTACH,39000.0,0,ATTACH,39000.0,0.0,False,0,ATTACH,True,LOSS,
26,69,17,1,MAIN,3,Snover,1,Kyogre,150.0,20,False,1,ATTACK_1044,18104.4,1,ATTACK_1044,18104.4,0.0,False,1,ATTACK_1044,True,LOSS,
26,70,17,1,MAIN,2,Snover,1,Kyogre,150.0,20,False,0,ATTACK_1044,18104.4,0,ATTACK_1044,18104.4,0.0,False,0,ATTACK_1044,True,LOSS,
26,73,19,1,MAIN,23,Snover,1,Kyogre,140.0,19,False,0,ATTACH,39700.0,0,ATTACH,39700.0,0.0,False,0,ATTACH,True,LOSS,
26,74,19,1,MAIN,3,Snover,2,Kyogre,140.0,19,False,1,ATTACK_1045,18104.5,1,ATTACK_1045,18104.5,0.0,False,1,ATTACK_1045,True,LOSS,
26,80,20,1,TO_ACTIVE,2,NONE,0,Kyogre,130.0,19,False,0,CARD,5000.0,0,CARD,5000.0,0.0,False,0,CARD,True,LOSS,
26,81,21,1,MAIN,15,Snover,0,Kyogre,130.0,18,False,0,ATTACH,39000.0,0,ATTACH,39000.0,0.0,False,0,ATTACH,True,LOSS,
26,82,21,1,MAIN,2,Snover,1,Kyogre,130.0,18,False,0,ATTACK_1044,18104.4,0,ATTACK_1044,18104.4,0.0,False,0,ATTACK_1044,True,LOSS,
26,85,23,1,MAIN,16,Snover,1,Kyogre,120.0,17,False,0,ATTACH,39700.0,0,ATTACH,39700.0,0.0,False,0,ATTACH,True,LOSS,
26,86,23,1,MAIN,3,Snover,2,Kyogre,120.0,17,False,1,ATTACK_1045,18104.5,1,ATTACK_1045,18104.5,0.0,False,1,ATTACK_1045,True,LOSS,
27,0,0,0,IS_FIRST,2,NONE,0,NONE,0.0,60,False,1,NO,5000.0,1,NO,5000.0,0.0,False,1,NO,True,WIN,
27,1,0,0,SETUP_ACTIVE_POKEMON,1,NONE,0,NONE,0.0,53,False,0,CARD,10000.0,0,CARD,10000.0,0.0,False,0,CARD,True,WIN,
27,3,1,0,MAIN,6,Snover,0,Snover,90.0,46,False,0,ATTACH,39000.0,0,ATTACH,39000.0,0.0,False,0,ATTACH,True,WIN,
27,4,1,0,MAIN,1,Snover,1,Snover,90.0,46,False,0,END,0.0,0,END,0.0,0.0,False,0,END,True,WIN,
27,7,3,0,MAIN,9,Snover,1,Snover,90.0,45,False,0,EVOLVE,70500.0,0,EVOLVE,70500.0,0.0,False,0,EVOLVE,True,WIN,
27,8,3,0,MAIN,7,Mega Abomasnow ex,1,Snover,90.0,45,False,0,ATTACH,39700.0,0,ATTACH,39700.0,0.0,False,0,ATTACH,True,WIN,
27,9,3,0,MAIN,3,Mega Abomasnow ex,2,Snover,90.0,45,False,1,ATTACK_1046,18104.6,1,ATTACK_1046,18104.6,0.0,False,1,ATTACK_1046,True,WIN,
27,10,3,0,MAIN,3,Mega Abomasnow ex,2,Snover,90.0,41,False,1,ATTACK_1046,18104.6,1,ATTACK_1046,18104.6,0.0,False,1,ATTACK_1046,True,WIN,
27,11,3,0,MAIN,2,Mega Abomasnow ex,2,Snover,90.0,41,False,0,ATTACK_1046,18104.6,0,ATTACK_1046,18104.6,0.0,False,0,ATTACK_1046,True,WIN,
27,12,3,0,TO_HAND,6,Mega Abomasnow ex,2,NONE,0.0,35,False,5,CARD,10000.0,5,CARD,10000.0,0.0,False,5,CARD,True,WIN,
28,1,0,1,SETUP_ACTIVE_POKEMON,1,NONE,0,NONE,0.0,53,False,0,CARD,10000.0,0,CARD,10000.0,0.0,False,0,CARD,True,WIN,
28,3,0,1,DRAW_COUNT,2,NONE,0,NONE,0.0,47,False,1,NUMBER,1.0,1,NUMBER,1.0,0.0,False,1,NUMBER,True,WIN,
28,4,1,1,MAIN,8,Snover,0,Snover,90.0,46,False,0,ATTACH,39000.0,0,ATTACH,39000.0,0.0,False,0,ATTACH,True,WIN,
28,5,1,1,MAIN,2,Snover,1,Snover,90.0,46,False,0,PLAY,12000.0,0,PLAY,12000.0,0.0,False,0,PLAY,True,WIN,
28,6,1,1,TO_HAND,3,Snover,1,Snover,90.0,46,False,0,CARD,1000.0,0,CARD,1000.0,0.0,False,0,CARD,True,WIN,
28,7,1,1,MAIN,1,Snover,1,Snover,90.0,46,False,0,END,0.0,0,END,0.0,0.0,False,0,END,True,WIN,
28,11,3,1,MAIN,8,Snover,1,Snover,90.0,45,False,0,ATTACH,39700.0,0,ATTACH,39700.0,0.0,False,0,ATTACH,True,WIN,
28,12,3,1,MAIN,4,Snover,2,Snover,90.0,45,False,2,ATTACK_1045,18104.5,2,ATTACK_1045,18104.5,0.0,False,2,ATTACK_1045,True,WIN,
28,13,3,1,MAIN,4,Snover,2,Snover,90.0,41,False,2,ATTACK_1045,18104.5,2,ATTACK_1045,18104.5,0.0,False,2,ATTACK_1045,True,WIN,
28,14,3,1,TO_HAND,3,Snover,2,Snover,90.0,41,False,0,CARD,1000.0,0,CARD,1000.0,0.0,False,0,CARD,True,WIN,
28,15,3,1,MAIN,3,Snover,2,Snover,90.0,41,False,1,ATTACK_1045,18104.5,1,ATTACK_1045,18104.5,0.0,False,1,ATTACK_1045,True,WIN,
28,18,5,1,MAIN,11,Snover,2,Snover,80.0,40,False,0,ATTACH,40400.0,0,ATTACH,40400.0,0.0,False,0,ATTACH,True,WIN,
28,19,5,1,MAIN,4,Snover,3,Snover,80.0,40,False,2,ATTACK_1045,18104.5,2,ATTACK_1045,18104.5,0.0,False,2,ATTACK_1045,True,WIN,
28,20,5,1,MAIN,7,Snover,3,Snover,80.0,38,False,1,EVOLVE,71500.0,1,EVOLVE,71500.0,0.0,False,1,EVOLVE,True,WIN,
28,21,5,1,MAIN,7,Snover,3,Snover,80.0,38,False,0,EVOLVE,71500.0,0,EVOLVE,71500.0,0.0,False,0,EVOLVE,True,WIN,
28,22,5,1,MAIN,4,Mega Abomasnow ex,3,Snover,80.0,38,True,2,ATTACK_1047,18104.7,2,ATTACK_1047,28104.7,0.0,False,2,ATTACK_1047,True,WIN,
28,23,5,1,MAIN,3,Mega Abomasnow ex,3,Snover,80.0,38,True,1,ATTACK_1047,18104.7,1,ATTACK_1047,28104.7,0.0,False,1,ATTACK_1047,True,WIN,
28,24,5,1,TO_HAND,6,Mega Abomasnow ex,3,NONE,0.0,32,False,4,CARD,10000.0,4,CARD,10000.0,0.0,False,4,CARD,True,WIN,
29,0,0,0,IS_FIRST,2,NONE,0,NONE,0.0,60,False,1,NO,5000.0,1,NO,5000.0,0.0,False,1,NO,True,LOSS,
29,2,0,0,SETUP_ACTIVE_POKEMON,1,NONE,0,NONE,0.0,53,False,0,CARD,10000.0,0,CARD,10000.0,0.0,False,0,CARD,True,LOSS,
29,4,1,0,MAIN,6,Snover,0,Snover,90.0,46,False,0,ATTACH,39000.0,0,ATTACH,39000.0,0.0,False,0,ATTACH,True,LOSS,
29,5,1,0,MAIN,2,Snover,1,Snover,90.0,46,False,0,PLAY,12000.0,0,PLAY,12000.0,0.0,False,0,PLAY,True,LOSS,
29,6,1,0,MAIN,1,Snover,1,Snover,90.0,46,False,0,END,0.0,0,END,0.0,0.0,False,0,END,True,LOSS,
29,10,3,0,MAIN,12,Snover,1,Snover,90.0,45,False,0,ATTACH,39700.0,0,ATTACH,39700.0,0.0,False,0,ATTACH,True,LOSS,
29,11,3,0,MAIN,5,Snover,2,Snover,90.0,45,False,3,ATTACK_1045,18104.5,3,ATTACK_1045,18104.5,0.0,False,3,ATTACK_1045,True,LOSS,
29,12,3,0,MAIN,4,Snover,2,Snover,90.0,41,False,2,ATTACK_1045,18104.5,2,ATTACK_1045,18104.5,0.0,False,2,ATTACK_1045,True,LOSS,
29,13,3,0,MAIN,3,Snover,2,Snover,90.0,41,False,1,ATTACK_1045,18104.5,1,ATTACK_1045,18104.5,0.0,False,1,ATTACK_1045,True,LOSS,
29,18,4,0,TO_ACTIVE,2,NONE,0,Mega Abomasnow ex,340.0,41,False,0,CARD,5000.0,0,CARD,5000.0,0.0,False,0,CARD,True,LOSS,
29,19,5,0,MAIN,16,Kyogre,0,Mega Abomasnow ex,340.0,40,False,0,ATTACH,39000.0,0,ATTACH,39000.0,0.0,False,0,ATTACH,True,LOSS,
29,20,5,0,MAIN,3,Kyogre,1,Mega Abomasnow ex,340.0,40,False,1,ATTACK_1042,18104.2,1,ATTACK_1042,18104.2,0.0,False,1,ATTACK_1042,True,LOSS,
29,21,5,0,TO_HAND,4,Kyogre,1,Mega Abomasnow ex,340.0,40,False,0,CARD,5000.0,0,CARD,5000.0,0.0,False,0,CARD,True,LOSS,
29,22,5,0,MAIN,2,Kyogre,1,Mega Abomasnow ex,340.0,40,False,0,ATTACK_1042,18104.2,0,ATTACK_1042,18104.2,0.0,False,0,ATTACK_1042,True,LOSS,
29,26,6,0,TO_ACTIVE,1,NONE,0,Mega Abomasnow ex,300.0,42,False,0,CARD,5000.0,0,CARD,5000.0,0.0,False,0,CARD,True,LOSS,
29,27,7,0,MAIN,8,Snover,0,Mega Abomasnow ex,300.0,41,False,0,ATTACH,39000.0,0,ATTACH,39000.0,0.0,False,0,ATTACH,True,LOSS,
29,28,7,0,MAIN,2,Snover,1,Mega Abomasnow ex,300.0,41,False,0,ATTACK_1044,18104.4,0,ATTACK_1044,18104.4,0.0,False,0,ATTACK_1044,True,LOSS,
30,1,0,1,SETUP_ACTIVE_POKEMON,1,NONE,0,NONE,0.0,53,False,0,CARD,10000.0,0,CARD,10000.0,0.0,False,0,CARD,True,WIN,
30,3,1,1,MAIN,6,Snover,0,Kyogre,150.0,46,False,0,ATTACH,39000.0,0,ATTACH,39000.0,0.0,False,0,ATTACH,True,WIN,
30,4,1,1,MAIN,1,Snover,1,Kyogre,150.0,46,False,0,END,0.0,0,END,0.0,0.0,False,0,END,True,WIN,
30,7,3,1,MAIN,9,Snover,1,Kyogre,150.0,45,False,0,EVOLVE,70500.0,0,EVOLVE,70500.0,0.0,False,0,EVOLVE,True,WIN,
30,8,3,1,MAIN,7,Mega Abomasnow ex,1,Kyogre,150.0,45,False,1,ATTACH,39700.0,1,ATTACH,39700.0,0.0,False,1,ATTACH,True,WIN,
30,9,3,1,MAIN,5,Mega Abomasnow ex,1,Kyogre,150.0,42,False,0,ATTACH,39700.0,0,ATTACH,39700.0,0.0,False,0,ATTACH,True,WIN,
30,10,3,1,MAIN,2,Mega Abomasnow ex,2,Kyogre,150.0,42,False,0,ATTACK_1046,18104.6,0,ATTACK_1046,18104.6,0.0,False,0,ATTACK_1046,True,WIN,
30,11,3,1,TO_HAND,6,Mega Abomasnow ex,2,NONE,0.0,36,False,4,CARD,10000.0,4,CARD,10000.0,0.0,False,4,CARD,True,WIN,
31,0,0,0,IS_FIRST,2,NONE,0,NONE,0.0,60,False,1,NO,5000.0,1,NO,5000.0,0.0,False,1,NO,True,LOSS,
31,1,0,0,SETUP_ACTIVE_POKEMON,1,NONE,0,NONE,0.0,53,False,0,CARD,10000.0,0,CARD,10000.0,0.0,False,0,CARD,True,LOSS,
31,3,1,0,MAIN,7,Kyogre,0,Snover,90.0,46,False,0,ATTACH,39000.0,0,ATTACH,39000.0,0.0,False,0,ATTACH,True,LOSS,
31,4,1,0,MAIN,1,Kyogre,1,Snover,90.0,46,False,0,END,0.0,0,END,0.0,0.0,False,0,END,True,LOSS,
31,7,3,0,MAIN,9,Kyogre,1,Snover,90.0,45,False,0,ATTACH,39700.0,0,ATTACH,39700.0,0.0,False,0,ATTACH,True,LOSS,
31,8,3,0,MAIN,3,Kyogre,2,Snover,90.0,45,False,1,ATTACK_1042,18104.2,1,ATTACK_1042,18104.2,0.0,False,1,ATTACK_1042,True,LOSS,
31,9,3,0,ATTACH_TO,2,Kyogre,2,Snover,90.0,39,False,0,CARD,5000.0,0,CARD,5000.0,0.0,False,0,CARD,True,LOSS,
31,10,3,0,MAIN,2,Kyogre,2,Snover,90.0,45,False,0,ATTACK_1042,18104.2,0,ATTACK_1042,18104.2,0.0,False,0,ATTACK_1042,True,LOSS,
32,1,0,1,SETUP_ACTIVE_POKEMON,1,NONE,0,NONE,0.0,53,False,0,CARD,10000.0,0,CARD,10000.0,0.0,False,0,CARD,True,WIN,
32,3,0,1,DRAW_COUNT,4,NONE,0,NONE,0.0,47,False,3,NUMBER,3.0,3,NUMBER,3.0,0.0,False,3,NUMBER,True,WIN,
32,5,1,1,MAIN,7,Snover,0,Snover,90.0,46,False,0,ATTACH,39000.0,0,ATTACH,39000.0,0.0,False,0,ATTACH,True,WIN,
32,6,1,1,MAIN,2,Snover,1,Snover,90.0,46,False,0,PLAY,12000.0,0,PLAY,12000.0,0.0,False,0,PLAY,True,WIN,
32,7,1,1,TO_HAND,2,Snover,1,Snover,90.0,46,False,0,CARD,1000.0,0,CARD,1000.0,0.0,False,0,CARD,True,WIN,
32,8,1,1,MAIN,1,Snover,1,Snover,90.0,46,False,0,END,0.0,0,END,0.0,0.0,False,0,END,True,WIN,
32,11,3,1,MAIN,8,Snover,1,Snover,90.0,45,False,2,EVOLVE,70500.0,2,EVOLVE,70500.0,0.0,False,2,EVOLVE,True,WIN,
32,12,3,1,MAIN,4,Snover,2,Snover,90.0,45,False,0,EVOLVE,71000.0,0,EVOLVE,71000.0,0.0,False,0,EVOLVE,True,WIN,
32,13,3,1,MAIN,2,Mega Abomasnow ex,2,Snover,90.0,45,False,0,ATTACK_1046,18104.6,0,ATTACK_1046,18104.6,0.0,False,0,ATTACK_1046,True,WIN,
32,14,3,1,TO_HAND,6,Mega Abomasnow ex,2,NONE,0.0,39,False,0,CARD,5000.0,0,CARD,5000.0,0.0,False,0,CARD,True,WIN,
32,18,5,1,MAIN,8,Mega Abomasnow ex,2,Kyogre,150.0,38,False,0,ATTACH,40400.0,0,ATTACH,40400.0,0.0,False,0,ATTACH,True,WIN,
32,19,5,1,MAIN,4,Mega Abomasnow ex,3,Kyogre,150.0,38,True,2,ATTACK_1047,18104.7,2,ATTACK_1047,28104.7,0.0,False,2,ATTACK_1047,True,WIN,
32,20,5,1,ATTACH_TO,4,Mega Abomasnow ex,3,Kyogre,150.0,32,False,0,CARD,5000.0,0,CARD,5000.0,0.0,False,0,CARD,True,WIN,
32,21,5,1,MAIN,3,Mega Abomasnow ex,3,Kyogre,150.0,38,True,1,ATTACK_1047,18104.7,1,ATTACK_1047,28104.7,0.0,False,1,ATTACK_1047,True,WIN,
32,22,5,1,TO_HAND,5,Mega Abomasnow ex,3,NONE,0.0,32,False,0,CARD,5000.0,0,CARD,5000.0,0.0,False,0,CARD,True,WIN,
33,0,0,0,IS_FIRST,2,NONE,0,NONE,0.0,60,False,1,NO,5000.0,1,NO,5000.0,0.0,False,1,NO,True,WIN,
33,2,0,0,SETUP_ACTIVE_POKEMON,1,NONE,0,NONE,0.0,53,False,0,CARD,10000.0,0,CARD,10000.0,0.0,False,0,CARD,True,WIN,
33,4,1,0,MAIN,5,Snover,0,Kyogre,150.0,46,False,0,ATTACH,39000.0,0,ATTACH,39000.0,0.0,False,0,ATTACH,True,WIN,
33,5,1,0,MAIN,2,Snover,1,Kyogre,150.0,46,False,0,PLAY,12000.0,0,PLAY,12000.0,0.0,False,0,PLAY,True,WIN,
33,6,1,0,TO_HAND,3,Snover,1,Kyogre,150.0,46,False,0,CARD,1000.0,0,CARD,1000.0,0.0,False,0,CARD,True,WIN,
33,7,1,0,MAIN,1,Snover,1,Kyogre,150.0,46,False,0,END,0.0,0,END,0.0,0.0,False,0,END,True,WIN,
33,10,3,0,MAIN,8,Snover,1,Kyogre,150.0,45,False,2,EVOLVE,70500.0,2,EVOLVE,70500.0,0.0,False,2,EVOLVE,True,WIN,
33,11,3,0,MAIN,6,Snover,2,Kyogre,150.0,45,False,1,EVOLVE,71000.0,1,EVOLVE,71000.0,0.0,False,1,EVOLVE,True,WIN,
33,12,3,0,ATTACH_TO,2,Snover,2,Kyogre,150.0,39,False,0,CARD,10000.0,0,CARD,10000.0,0.0,False,0,CARD,True,WIN,
33,13,3,0,MAIN,4,Snover,2,Kyogre,150.0,45,False,0,EVOLVE,71000.0,0,EVOLVE,71000.0,0.0,False,0,EVOLVE,True,WIN,
33,14,3,0,MAIN,2,Mega Abomasnow ex,2,Kyogre,150.0,45,False,0,ATTACK_1046,18104.6,0,ATTACK_1046,18104.6,0.0,False,0,ATTACK_1046,True,WIN,
33,15,3,0,TO_HAND,6,Mega Abomasnow ex,2,NONE,0.0,39,False,5,CARD,10000.0,5,CARD,10000.0,0.0,False,5,CARD,True,WIN,
34,1,0,1,SETUP_ACTIVE_POKEMON,1,NONE,0,NONE,0.0,53,False,0,CARD,10000.0,0,CARD,10000.0,0.0,False,0,CARD,True,WIN,
34,3,1,1,MAIN,7,Snover,0,Snover,90.0,46,False,0,ATTACH,39000.0,0,ATTACH,39000.0,0.0,False,0,ATTACH,True,WIN,
34,4,1,1,MAIN,2,Snover,1,Snover,90.0,46,False,0,PLAY,12000.0,0,PLAY,12000.0,0.0,False,0,PLAY,True,WIN,
34,5,1,1,TO_HAND,4,Snover,1,Snover,90.0,46,False,0,CARD,1000.0,0,CARD,1000.0,0.0,False,0,CARD,True,WIN,
34,6,1,1,MAIN,1,Snover,1,Snover,90.0,46,False,0,END,0.0,0,END,0.0,0.0,False,0,END,True,WIN,
34,9,3,1,MAIN,8,Snover,1,Snover,90.0,45,False,0,ATTACH,39700.0,0,ATTACH,39700.0,0.0,False,0,ATTACH,True,WIN,
34,10,3,1,MAIN,5,Snover,2,Snover,90.0,45,False,3,ATTACK_1045,18104.5,3,ATTACK_1045,18104.5,0.0,False,3,ATTACK_1045,True,WIN,
34,11,3,1,MAIN,6,Snover,2,Snover,90.0,41,False,0,EVOLVE,71000.0,0,EVOLVE,71000.0,0.0,False,0,EVOLVE,True,WIN,
34,12,3,1,MAIN,3,Mega Abomasnow ex,2,Snover,90.0,41,False,1,ATTACK_1046,18104.6,1,ATTACK_1046,18104.6,0.0,False,1,ATTACK_1046,True,WIN,
34,13,3,1,MAIN,2,Mega Abomasnow ex,2,Snover,90.0,41,False,0,ATTACK_1046,18104.6,0,ATTACK_1046,18104.6,0.0,False,0,ATTACK_1046,True,WIN,
34,14,3,1,TO_HAND,6,Mega Abomasnow ex,2,NONE,0.0,35,False,4,CARD,10000.0,4,CARD,10000.0,0.0,False,4,CARD,True,WIN,
35,0,0,0,IS_FIRST,2,NONE,0,NONE,0.0,60,False,1,NO,5000.0,1,NO,5000.0,0.0,False,1,NO,True,LOSS,
35,2,0,0,SETUP_ACTIVE_POKEMON,1,NONE,0,NONE,0.0,53,False,0,CARD,10000.0,0,CARD,10000.0,0.0,False,0,CARD,True,LOSS,
35,5,1,0,MAIN,8,Snover,0,Snover,90.0,46,False,0,ATTACH,39000.0,0,ATTACH,39000.0,0.0,False,0,ATTACH,True,LOSS,
35,6,1,0,MAIN,3,Snover,1,Snover,90.0,46,False,0,PLAY,12000.0,0,PLAY,12000.0,0.0,False,0,PLAY,True,LOSS,
35,7,1,0,TO_HAND,3,Snover,1,Snover,90.0,46,False,0,CARD,1000.0,0,CARD,1000.0,0.0,False,0,CARD,True,LOSS,
35,8,1,0,MAIN,2,Snover,1,Snover,90.0,46,False,0,PLAY,12000.0,0,PLAY,12000.0,0.0,False,0,PLAY,True,LOSS,
35,9,1,0,TO_HAND,3,Snover,1,Snover,90.0,46,False,0,CARD,1000.0,0,CARD,1000.0,0.0,False,0,CARD,True,LOSS,
35,10,1,0,MAIN,1,Snover,1,Snover,90.0,46,False,0,END,0.0,0,END,0.0,0.0,False,0,END,True,LOSS,
35,13,3,0,MAIN,7,Snover,1,Snover,90.0,45,False,0,ATTACH,39700.0,0,ATTACH,39700.0,0.0,False,0,ATTACH,True,LOSS,
35,14,3,0,MAIN,4,Snover,2,Snover,90.0,45,False,2,ATTACK_1045,18104.5,2,ATTACK_1045,18104.5,0.0,False,2,ATTACK_1045,True,LOSS,
35,15,3,0,TO_HAND,3,Snover,2,Snover,90.0,45,False,0,CARD,1000.0,0,CARD,1000.0,0.0,False,0,CARD,True,LOSS,
35,16,3,0,MAIN,3,Snover,2,Snover,90.0,45,False,1,ATTACK_1045,18104.5,1,ATTACK_1045,18104.5,0.0,False,1,ATTACK_1045,True,LOSS,
35,19,5,0,MAIN,7,Snover,2,Snover,80.0,44,False,0,ATTACH,40400.0,0,ATTACH,40400.0,0.0,False,0,ATTACH,True,LOSS,
35,20,5,0,MAIN,3,Snover,3,Snover,80.0,44,False,1,ATTACK_1045,18104.5,1,ATTACK_1045,18104.5,0.0,False,1,ATTACK_1045,True,LOSS,
35,23,7,0,MAIN,7,Snover,3,Snover,70.0,43,False,0,ATTACH,41100.0,0,ATTACH,41100.0,0.0,False,0,ATTACH,True,LOSS,
35,24,7,0,MAIN,4,Snover,4,Snover,70.0,43,False,2,ATTACK_1045,18104.5,2,ATTACK_1045,18104.5,0.0,False,2,ATTACK_1045,True,LOSS,
35,25,7,0,MAIN,4,Snover,4,Snover,70.0,37,False,2,ATTACK_1045,18104.5,2,ATTACK_1045,18104.5,0.0,False,2,ATTACK_1045,True,LOSS,
35,26,7,0,MAIN,4,Snover,4,Snover,70.0,37,False,2,RETREAT,30000.0,2,RETREAT,30000.0,0.0,False,2,RETREAT,True,LOSS,
35,30,8,0,TO_ACTIVE,1,NONE,0,Snover,60.0,37,False,0,CARD,5000.0,0,CARD,5000.0,0.0,False,0,CARD,True,LOSS,
35,31,9,0,MAIN,9,Kyogre,0,Snover,60.0,36,False,0,ATTACH,39000.0,0,ATTACH,39000.0,0.0,False,0,ATTACH,True,LOSS,
35,32,9,0,MAIN,4,Kyogre,1,Snover,60.0,36,False,2,ATTACK_1042,18104.2,2,ATTACK_1042,18104.2,0.0,False,2,ATTACK_1042,True,LOSS,
35,33,9,0,ATTACH_TO,4,Kyogre,1,Snover,60.0,30,False,0,CARD,5000.0,0,CARD,5000.0,0.0,False,0,CARD,True,LOSS,
35,34,9,0,MAIN,3,Kyogre,1,Snover,60.0,36,False,1,ATTACK_1042,18104.2,1,ATTACK_1042,18104.2,0.0,False,1,ATTACK_1042,True,LOSS,
35,35,9,0,MAIN,2,Kyogre,1,Snover,60.0,36,False,0,ATTACK_1042,18104.2,0,ATTACK_1042,18104.2,0.0,False,0,ATTACK_1042,True,LOSS,
35,36,9,0,TO_HAND,6,Kyogre,1,NONE,0.0,40,False,0,CARD,5000.0,0,CARD,5000.0,0.0,False,0,CARD,True,LOSS,
35,43,11,0,MAIN,15,Kyogre,1,Mega Abomasnow ex,350.0,39,False,0,ATTACH,39700.0,0,ATTACH,39700.0,0.0,False,0,ATTACH,True,LOSS,
35,44,11,0,MAIN,3,Kyogre,2,Mega Abomasnow ex,350.0,39,False,1,ATTACK_1042,18104.2,1,ATTACK_1042,18104.2,0.0,False,1,ATTACK_1042,True,LOSS,
35,45,11,0,TO_HAND,3,Kyogre,2,Mega Abomasnow ex,350.0,39,False,0,CARD,5000.0,0,CARD,5000.0,0.0,False,0,CARD,True,LOSS,
35,46,11,0,MAIN,2,Kyogre,2,Mega Abomasnow ex,350.0,39,False,0,ATTACK_1042,18104.2,0,ATTACK_1042,18104.2,0.0,False,0,ATTACK_1042,True,LOSS,
35,50,12,0,TO_ACTIVE,1,NONE,0,Mega Abomasnow ex,350.0,39,False,0,CARD,5000.0,0,CARD,5000.0,0.0,False,0,CARD,True,LOSS,
35,51,13,0,MAIN,7,Snover,0,Mega Abomasnow ex,350.0,38,False,0,ATTACH,39000.0,0,ATTACH,39000.0,0.0,False,0,ATTACH,True,LOSS,
35,52,13,0,MAIN,2,Snover,1,Mega Abomasnow ex,350.0,38,False,0,ATTACK_1044,18104.4,0,ATTACK_1044,18104.4,0.0,False,0,ATTACK_1044,True,LOSS,
36,2,0,1,SETUP_ACTIVE_POKEMON,1,NONE,0,NONE,0.0,53,False,0,CARD,10000.0,0,CARD,10000.0,0.0,False,0,CARD,True,LOSS,
36,5,1,1,MAIN,7,Kyogre,0,Snover,90.0,46,False,0,ATTACH,39000.0,0,ATTACH,39000.0,0.0,False,0,ATTACH,True,LOSS,
36,6,1,1,MAIN,1,Kyogre,1,Snover,90.0,46,False,0,END,0.0,0,END,0.0,0.0,False,0,END,True,LOSS,
36,9,3,1,MAIN,8,Kyogre,1,Snover,90.0,45,False,0,ATTACH,39700.0,0,ATTACH,39700.0,0.0,False,0,ATTACH,True,LOSS,
36,10,3,1,MAIN,3,Kyogre,2,Snover,90.0,45,False,1,ATTACK_1042,18104.2,1,ATTACK_1042,18104.2,0.0,False,1,ATTACK_1042,True,LOSS,
36,11,3,1,TO_HAND,2,Kyogre,2,Snover,90.0,45,False,0,CARD,1000.0,0,CARD,1000.0,0.0,False,0,CARD,True,LOSS,
36,12,3,1,MAIN,2,Kyogre,2,Snover,90.0,45,False,0,ATTACK_1042,18104.2,0,ATTACK_1042,18104.2,0.0,False,0,ATTACK_1042,True,LOSS,
36,15,5,1,MAIN,7,Kyogre,2,Snover,90.0,44,False,0,ATTACH,40400.0,0,ATTACH,40400.0,0.0,False,0,ATTACH,True,LOSS,
36,16,5,1,MAIN,3,Kyogre,3,Snover,90.0,44,False,1,ATTACK_1043,18104.3,1,ATTACK_1043,18104.3,0.0,False,1,ATTACK_1043,True,LOSS,
36,19,7,1,MAIN,8,Kyogre,3,Snover,90.0,43,False,0,ATTACH,41100.0,0,ATTACH,41100.0,0.0,False,0,ATTACH,True,LOSS,
36,20,7,1,MAIN,3,Kyogre,4,Snover,90.0,43,False,1,ATTACK_1043,18104.3,1,ATTACK_1043,18104.3,0.0,False,1,ATTACK_1043,True,LOSS,
36,23,9,1,MAIN,8,Kyogre,4,Snover,90.0,42,False,0,ATTACH,41800.0,0,ATTACH,41800.0,0.0,False,0,ATTACH,True,LOSS,
36,24,9,1,MAIN,3,Kyogre,5,Snover,90.0,42,False,1,ATTACK_1043,18104.3,1,ATTACK_1043,18104.3,0.0,False,1,ATTACK_1043,True,LOSS,
36,27,11,1,MAIN,8,Kyogre,5,Snover,90.0,41,False,0,ATTACH,41800.0,0,ATTACH,41800.0,0.0,False,0,ATTACH,True,LOSS,
36,28,11,1,MAIN,3,Kyogre,6,Snover,90.0,41,False,1,ATTACK_1043,18104.3,1,ATTACK_1043,18104.3,0.0,False,1,ATTACK_1043,True,LOSS,
37,0,0,0,IS_FIRST,2,NONE,0,NONE,0.0,60,False,1,NO,5000.0,1,NO,5000.0,0.0,False,1,NO,True,LOSS,
37,2,0,0,SETUP_ACTIVE_POKEMON,1,NONE,0,NONE,0.0,53,False,0,CARD,10000.0,0,CARD,10000.0,0.0,False,0,CARD,True,LOSS,
37,4,1,0,MAIN,4,Kyogre,0,Snover,90.0,46,False,0,ATTACH,39000.0,0,ATTACH,39000.0,0.0,False,0,ATTACH,True,LOSS,
37,5,1,0,MAIN,1,Kyogre,1,Snover,90.0,46,False,0,END,0.0,0,END,0.0,0.0,False,0,END,True,LOSS,
37,8,3,0,MAIN,8,Kyogre,1,Snover,90.0,45,False,0,ATTACH,39700.0,0,ATTACH,39700.0,0.0,False,0,ATTACH,True,LOSS,
37,9,3,0,MAIN,6,Kyogre,2,Snover,90.0,45,False,4,ATTACK_1042,18104.2,4,ATTACK_1042,18104.2,0.0,False,4,ATTACK_1042,True,LOSS,
37,10,3,0,ATTACH_TO,4,Kyogre,2,Snover,90.0,39,False,0,CARD,5000.0,0,CARD,5000.0,0.0,False,0,CARD,True,LOSS,
37,11,3,0,MAIN,2,Kyogre,2,Snover,90.0,45,False,0,ATTACK_1042,18104.2,0,ATTACK_1042,18104.2,0.0,False,0,ATTACK_1042,True,LOSS,
37,14,5,0,MAIN,7,Kyogre,2,Snover,90.0,44,False,0,ATTACH,40400.0,0,ATTACH,40400.0,0.0,False,0,ATTACH,True,LOSS,
37,15,5,0,MAIN,7,Kyogre,3,Snover,90.0,44,False,5,ATTACK_1043,18104.3,5,ATTACK_1043,18104.3,0.0,False,5,ATTACK_1043,True,LOSS,
37,16,5,0,MAIN,5,Kyogre,3,Snover,90.0,40,False,3,ATTACK_1043,18104.3,3,ATTACK_1043,18104.3,0.0,False,3,ATTACK_1043,True,LOSS,
37,17,5,0,TO_HAND,3,Kyogre,3,Snover,90.0,40,False,0,CARD,1000.0,0,CARD,1000.0,0.0,False,0,CARD,True,LOSS,
37,18,5,0,MAIN,4,Kyogre,3,Snover,90.0,40,False,2,ATTACK_1043,18104.3,2,ATTACK_1043,18104.3,0.0,False,2,ATTACK_1043,True,LOSS,
37,19,5,0,TO_HAND,3,Kyogre,3,Snover,90.0,40,False,0,CARD,5000.0,0,CARD,5000.0,0.0,False,0,CARD,True,LOSS,
37,20,5,0,MAIN,3,Kyogre,3,Snover,90.0,40,False,1,ATTACK_1043,18104.3,1,ATTACK_1043,18104.3,0.0,False,1,ATTACK_1043,True,LOSS,
38,2,0,1,SETUP_ACTIVE_POKEMON,1,NONE,0,NONE,0.0,53,False,0,CARD,10000.0,0,CARD,10000.0,0.0,False,0,CARD,True,WIN,
38,4,1,1,MAIN,7,Snover,0,Kyogre,150.0,46,False,0,ATTACH,39000.0,0,ATTACH,39000.0,0.0,False,0,ATTACH,True,WIN,
38,5,1,1,MAIN,1,Snover,1,Kyogre,150.0,46,False,0,END,0.0,0,END,0.0,0.0,False,0,END,True,WIN,
38,9,3,1,MAIN,9,Snover,1,Kyogre,150.0,45,False,1,EVOLVE,70500.0,1,EVOLVE,70500.0,0.0,False,1,EVOLVE,True,WIN,
38,10,3,1,MAIN,4,Snover,2,Kyogre,150.0,45,False,0,EVOLVE,71000.0,0,EVOLVE,71000.0,0.0,False,0,EVOLVE,True,WIN,
38,11,3,1,MAIN,2,Mega Abomasnow ex,2,Kyogre,150.0,45,False,0,ATTACK_1046,18104.6,0,ATTACK_1046,18104.6,0.0,False,0,ATTACK_1046,True,WIN,
38,12,3,1,TO_HAND,6,Mega Abomasnow ex,2,NONE,0.0,39,False,0,CARD,5000.0,0,CARD,5000.0,0.0,False,0,CARD,True,WIN,
39,0,0,0,IS_FIRST,2,NONE,0,NONE,0.0,60,False,1,NO,5000.0,1,NO,5000.0,0.0,False,1,NO,True,LOSS,
39,2,0,0,SETUP_ACTIVE_POKEMON,1,NONE,0,NONE,0.0,53,False,0,CARD,10000.0,0,CARD,10000.0,0.0,False,0,CARD,True,LOSS,
39,5,1,0,MAIN,5,Snover,0,Snover,90.0,46,False,0,ATTACH,39000.0,0,ATTACH,39000.0,0.0,False,0,ATTACH,True,LOSS,
39,6,1,0,MAIN,1,Snover,1,Snover,90.0,46,False,0,END,0.0,0,END,0.0,0.0,False,0,END,True,LOSS,
39,9,3,0,MAIN,9,Snover,1,Snover,90.0,45,False,0,EVOLVE,70500.0,0,EVOLVE,70500.0,0.0,False,0,EVOLVE,True,LOSS,
39,10,3,0,MAIN,7,Mega Abomasnow ex,1,Snover,90.0,45,False,2,ATTACH,39700.0,2,ATTACH,39700.0,0.0,False,2,ATTACH,True,LOSS,
39,11,3,0,ATTACH_TO,5,Mega Abomasnow ex,1,Snover,90.0,39,False,0,CARD,5000.0,0,CARD,5000.0,0.0,False,0,CARD,True,LOSS,
39,12,3,0,MAIN,5,Mega Abomasnow ex,1,Snover,90.0,45,False,0,ATTACH,39700.0,0,ATTACH,39700.0,0.0,False,0,ATTACH,True,LOSS,
39,13,3,0,MAIN,2,Mega Abomasnow ex,2,Snover,90.0,45,False,0,ATTACK_1046,18104.6,0,ATTACK_1046,18104.6,0.0,False,0,ATTACK_1046,True,LOSS,
39,14,3,0,TO_HAND,6,Mega Abomasnow ex,2,NONE,0.0,39,False,0,CARD,5000.0,0,CARD,5000.0,0.0,False,0,CARD,True,LOSS,
39,18,5,0,MAIN,8,Mega Abomasnow ex,2,Kyogre,150.0,38,False,1,ATTACH,40400.0,1,ATTACH,40400.0,0.0,False,1,ATTACH,True,LOSS,
39,19,5,0,TO_HAND,3,Mega Abomasnow ex,2,Kyogre,150.0,38,False,0,CARD,1000.0,0,CARD,1000.0,0.0,False,0,CARD,True,LOSS,
39,20,5,0,MAIN,7,Mega Abomasnow ex,2,Kyogre,150.0,38,False,0,ATTACH,40400.0,0,ATTACH,40400.0,0.0,False,0,ATTACH,True,LOSS,
39,21,5,0,MAIN,3,Mega Abomasnow ex,3,Kyogre,150.0,38,True,1,ATTACK_1047,18104.7,1,ATTACK_1047,28104.7,0.0,False,1,ATTACK_1047,True,LOSS,
39,24,7,0,MAIN,8,Mega Abomasnow ex,3,Kyogre,150.0,31,True,0,ATTACH,41100.0,0,ATTACH,41100.0,0.0,False,0,ATTACH,True,LOSS,
39,25,7,0,MAIN,3,Mega Abomasnow ex,4,Kyogre,150.0,31,True,1,ATTACK_1047,18104.7,1,ATTACK_1047,28104.7,0.0,False,1,ATTACK_1047,True,LOSS,
39,26,7,0,TO_HAND,5,Mega Abomasnow ex,4,NONE,0.0,25,False,0,CARD,5000.0,0,CARD,5000.0,0.0,False,0,CARD,True,LOSS,
39,35,9,0,MAIN,9,Mega Abomasnow ex,4,Mega Abomasnow ex,350.0,24,True,0,ATTACH,41800.0,0,ATTACH,41800.0,0.0,False,0,ATTACH,True,LOSS,
39,36,9,0,MAIN,4,Mega Abomasnow ex,5,Mega Abomasnow ex,350.0,24,True,2,ATTACK_1047,18104.7,1,ATTACK_1046,28104.6,9999.899999999998,True,1,ATTACK_1046,True,LOSS,False
39,37,9,0,TO_HAND,2,Mega Abomasnow ex,5,Mega Abomasnow ex,350.0,24,False,0,CARD,5000.0,0,CARD,5000.0,0.0,False,0,CARD,True,LOSS,
39,38,9,0,MAIN,3,Mega Abomasnow ex,5,Mega Abomasnow ex,350.0,24,True,1,ATTACK_1047,18104.7,0,ATTACK_1046,28104.6,9999.899999999998,True,0,ATTACK_1046,True,LOSS,False
40,2,0,1,SETUP_ACTIVE_POKEMON,2,NONE,0,NONE,0.0,53,False,0,CARD,10000.0,0,CARD,10000.0,0.0,False,0,CARD,True,LOSS,
40,4,0,1,SETUP_BENCH_POKEMON,1,NONE,0,NONE,0.0,47,False,0,CARD,10000.0,0,CARD,10000.0,0.0,False,0,CARD,True,LOSS,
40,5,1,1,MAIN,7,Snover,0,Snover,90.0,46,False,0,ATTACH,39000.0,0,ATTACH,39000.0,0.0,False,0,ATTACH,True,LOSS,
40,6,1,1,MAIN,3,Snover,1,Snover,90.0,46,False,0,PLAY,12000.0,0,PLAY,12000.0,0.0,False,0,PLAY,True,LOSS,
40,7,1,1,TO_HAND,3,Snover,1,Snover,90.0,46,False,0,CARD,1000.0,0,CARD,1000.0,0.0,False,0,CARD,True,LOSS,
40,8,1,1,MAIN,2,Snover,1,Snover,90.0,46,False,0,PLAY,12000.0,0,PLAY,12000.0,0.0,False,0,PLAY,True,LOSS,
40,9,1,1,MAIN,1,Snover,1,Snover,90.0,46,False,0,END,0.0,0,END,0.0,0.0,False,0,END,True,LOSS,
40,12,3,1,MAIN,11,Snover,1,Snover,90.0,45,False,0,ATTACH,39700.0,0,ATTACH,39700.0,0.0,False,0,ATTACH,True,LOSS,
40,13,3,1,MAIN,4,Snover,2,Snover,90.0,45,False,2,ATTACK_1045,18104.5,2,ATTACK_1045,18104.5,0.0,False,2,ATTACK_1045,True,LOSS,
40,14,3,1,MAIN,3,Snover,2,Snover,90.0,40,False,1,ATTACK_1045,18104.5,1,ATTACK_1045,18104.5,0.0,False,1,ATTACK_1045,True,LOSS,
40,19,4,1,TO_ACTIVE,1,NONE,0,Mega Abomasnow ex,340.0,40,False,0,CARD,5000.0,0,CARD,5000.0,0.0,False,0,CARD,True,LOSS,
40,20,5,1,MAIN,10,Snover,0,Mega Abomasnow ex,340.0,39,False,0,ATTACH,39000.0,0,ATTACH,39000.0,0.0,False,0,ATTACH,True,LOSS,
40,21,5,1,MAIN,6,Snover,1,Mega Abomasnow ex,340.0,39,False,4,ATTACK_1044,18104.4,4,ATTACK_1044,18104.4,0.0,False,4,ATTACK_1044,True,LOSS,
40,22,5,1,MAIN,4,Snover,1,Mega Abomasnow ex,340.0,38,False,1,ATTACH,39700.0,1,ATTACH,39700.0,0.0,False,1,ATTACH,True,LOSS,
40,23,5,1,MAIN,4,Snover,1,Mega Abomasnow ex,340.0,38,False,0,ATTACH,39700.0,0,ATTACH,39700.0,0.0,False,0,ATTACH,True,LOSS,
40,24,5,1,MAIN,2,Snover,1,Mega Abomasnow ex,340.0,38,False,0,ATTACK_1044,18104.4,0,ATTACK_1044,18104.4,0.0,False,0,ATTACK_1044,True,LOSS,
40,28,6,1,TO_ACTIVE,1,NONE,0,Mega Abomasnow ex,280.0,38,False,0,CARD,5000.0,0,CARD,5000.0,0.0,False,0,CARD,True,LOSS,
40,29,7,1,MAIN,8,Kyogre,0,Mega Abomasnow ex,280.0,37,False,0,ATTACH,39000.0,0,ATTACH,39000.0,0.0,False,0,ATTACH,True,LOSS,
40,30,7,1,MAIN,2,Kyogre,1,Mega Abomasnow ex,280.0,37,False,0,ATTACK_1042,18104.2,0,ATTACK_1042,18104.2,0.0,False,0,ATTACK_1042,True,LOSS,
41,0,0,0,IS_FIRST,2,NONE,0,NONE,0.0,60,False,1,NO,5000.0,1,NO,5000.0,0.0,False,1,NO,True,LOSS,
41,2,0,0,SETUP_ACTIVE_POKEMON,1,NONE,0,NONE,0.0,53,False,0,CARD,10000.0,0,CARD,10000.0,0.0,False,0,CARD,True,LOSS,
41,5,1,0,MAIN,8,Snover,0,Kyogre,150.0,46,False,0,ATTACH,39000.0,0,ATTACH,39000.0,0.0,False,0,ATTACH,True,LOSS,
41,6,1,0,MAIN,2,Snover,1,Kyogre,150.0,46,False,0,PLAY,12000.0,0,PLAY,12000.0,0.0,False,0,PLAY,True,LOSS,
41,7,1,0,TO_HAND,2,Snover,1,Kyogre,150.0,46,False,0,CARD,1000.0,0,CARD,1000.0,0.0,False,0,CARD,True,LOSS,
41,8,1,0,MAIN,1,Snover,1,Kyogre,150.0,46,False,0,END,0.0,0,END,0.0,0.0,False,0,END,True,LOSS,
41,11,3,0,MAIN,8,Snover,1,Kyogre,150.0,45,False,0,ATTACH,39700.0,0,ATTACH,39700.0,0.0,False,0,ATTACH,True,LOSS,
41,12,3,0,MAIN,4,Snover,2,Kyogre,150.0,45,False,2,ATTACK_1045,18104.5,2,ATTACK_1045,18104.5,0.0,False,2,ATTACK_1045,True,LOSS,
41,13,3,0,MAIN,3,Snover,2,Kyogre,150.0,45,False,1,ATTACK_1045,18104.5,1,ATTACK_1045,18104.5,0.0,False,1,ATTACK_1045,True,LOSS,
41,17,5,0,MAIN,13,Snover,2,Kyogre,140.0,44,False,0,ATTACH,40400.0,0,ATTACH,40400.0,0.0,False,0,ATTACH,True,LOSS,
41,18,5,0,MAIN,4,Snover,3,Kyogre,140.0,44,False,1,ATTACK_1045,18104.5,1,ATTACK_1045,18104.5,0.0,False,1,ATTACK_1045,True,LOSS,
41,24,6,0,TO_ACTIVE,1,NONE,0,Kyogre,130.0,44,False,0,CARD,5000.0,0,CARD,5000.0,0.0,False,0,CARD,True,LOSS,
41,25,7,0,MAIN,6,Snover,0,Kyogre,130.0,43,False,0,ATTACH,39000.0,0,ATTACH,39000.0,0.0,False,0,ATTACH,True,LOSS,
41,26,7,0,MAIN,3,Snover,1,Kyogre,130.0,43,False,1,ATTACK_1044,18104.4,1,ATTACK_1044,18104.4,0.0,False,1,ATTACK_1044,True,LOSS,
41,27,7,0,ATTACH_TO,3,Snover,1,Kyogre,130.0,37,False,0,CARD,5000.0,0,CARD,5000.0,0.0,False,0,CARD,True,LOSS,
41,28,7,0,MAIN,2,Snover,1,Kyogre,130.0,43,False,0,ATTACK_1044,18104.4,0,ATTACK_1044,18104.4,0.0,False,0,ATTACK_1044,True,LOSS,
41,31,9,0,MAIN,6,Snover,1,Kyogre,120.0,42,False,0,ATTACH,39700.0,0,ATTACH,39700.0,0.0,False,0,ATTACH,True,LOSS,
41,32,9,0,MAIN,3,Snover,2,Kyogre,120.0,42,False,1,ATTACK_1045,18104.5,1,ATTACK_1045,18104.5,0.0,False,1,ATTACK_1045,True,LOSS,
42,1,0,1,SETUP_ACTIVE_POKEMON,2,NONE,0,NONE,0.0,53,False,0,CARD,10000.0,0,CARD,10000.0,0.0,False,0,CARD,True,LOSS,
42,3,0,1,SETUP_BENCH_POKEMON,1,NONE,0,NONE,0.0,47,False,0,CARD,10000.0,0,CARD,10000.0,0.0,False,0,CARD,True,LOSS,
42,5,1,1,MAIN,7,Kyogre,0,Snover,90.0,46,False,1,ATTACH,39000.0,1,ATTACH,39000.0,0.0,False,1,ATTACH,True,LOSS,
42,6,1,1,TO_HAND,4,Kyogre,0,Snover,90.0,46,False,0,CARD,5000.0,0,CARD,5000.0,0.0,False,0,CARD,True,LOSS,
42,7,1,1,MAIN,6,Kyogre,0,Snover,90.0,46,False,0,ATTACH,39000.0,0,ATTACH,39000.0,0.0,False,0,ATTACH,True,LOSS,
42,8,1,1,MAIN,3,Kyogre,1,Snover,90.0,46,False,0,PLAY,12000.0,0,PLAY,12000.0,0.0,False,0,PLAY,True,LOSS,
42,9,1,1,TO_HAND,4,Kyogre,1,Snover,90.0,46,False,0,CARD,1000.0,0,CARD,1000.0,0.0,False,0,CARD,True,LOSS,
42,10,1,1,MAIN,2,Kyogre,1,Snover,90.0,46,False,0,PLAY,12000.0,0,PLAY,12000.0,0.0,False,0,PLAY,True,LOSS,
42,11,1,1,MAIN,1,Kyogre,1,Snover,90.0,46,False,0,END,0.0,0,END,0.0,0.0,False,0,END,True,LOSS,
42,14,3,1,MAIN,9,Kyogre,1,Snover,90.0,45,False,1,ATTACH,39700.0,1,ATTACH,39700.0,0.0,False,1,ATTACH,True,LOSS,
42,15,3,1,ATTACH_TO,4,Kyogre,1,Snover,90.0,39,False,0,CARD,5000.0,0,CARD,5000.0,0.0,False,0,CARD,True,LOSS,
42,16,3,1,MAIN,8,Kyogre,1,Snover,90.0,45,False,0,ATTACH,39700.0,0,ATTACH,39700.0,0.0,False,0,ATTACH,True,LOSS,
42,17,3,1,MAIN,2,Kyogre,2,Snover,90.0,45,False,0,ATTACK_1042,18104.2,0,ATTACK_1042,18104.2,0.0,False,0,ATTACK_1042,True,LOSS,
42,20,5,1,MAIN,7,Kyogre,2,Snover,90.0,44,False,0,ATTACH,40400.0,0,ATTACH,40400.0,0.0,False,0,ATTACH,True,LOSS,
42,21,5,1,MAIN,5,Kyogre,3,Snover,90.0,44,False,2,ATTACK_1043,18104.3,2,ATTACK_1043,18104.3,0.0,False,2,ATTACK_1043,True,LOSS,
42,22,5,1,TO_HAND,4,Kyogre,3,Snover,90.0,44,False,0,CARD,5000.0,0,CARD,5000.0,0.0,False,0,CARD,True,LOSS,
42,23,5,1,MAIN,4,Kyogre,3,Snover,90.0,44,False,1,ATTACK_1043,18104.3,1,ATTACK_1043,18104.3,0.0,False,1,ATTACK_1043,True,LOSS,
42,26,7,1,MAIN,8,Kyogre,3,Snover,90.0,43,False,0,ATTACH,41100.0,0,ATTACH,41100.0,0.0,False,0,ATTACH,True,LOSS,
42,27,7,1,MAIN,4,Kyogre,4,Snover,90.0,43,False,1,ATTACK_1043,18104.3,1,ATTACK_1043,18104.3,0.0,False,1,ATTACK_1043,True,LOSS,
42,30,9,1,MAIN,8,Kyogre,4,Snover,90.0,42,False,0,ATTACH,41800.0,0,ATTACH,41800.0,0.0,False,0,ATTACH,True,LOSS,
42,31,9,1,MAIN,4,Kyogre,5,Snover,90.0,42,False,2,RETREAT,30000.0,2,RETREAT,30000.0,0.0,False,2,RETREAT,True,LOSS,
42,34,11,1,MAIN,8,Kyogre,5,Snover,90.0,41,False,0,ATTACH,41800.0,0,ATTACH,41800.0,0.0,False,0,ATTACH,True,LOSS,
42,35,11,1,MAIN,4,Kyogre,6,Snover,90.0,41,False,2,RETREAT,30000.0,2,RETREAT,30000.0,0.0,False,2,RETREAT,True,LOSS,
42,39,12,1,TO_ACTIVE,1,NONE,0,Snover,90.0,41,False,0,CARD,5000.0,0,CARD,5000.0,0.0,False,0,CARD,True,LOSS,
42,40,13,1,MAIN,3,Kyogre,0,Snover,90.0,40,False,0,ATTACH,39000.0,0,ATTACH,39000.0,0.0,False,0,ATTACH,True,LOSS,
42,41,13,1,MAIN,2,Kyogre,1,Snover,90.0,40,False,0,ATTACK_1042,18104.2,0,ATTACK_1042,18104.2,0.0,False,0,ATTACK_1042,True,LOSS,
42,42,13,1,TO_HAND,6,Kyogre,1,NONE,0.0,46,False,4,CARD,10000.0,4,CARD,10000.0,0.0,False,4,CARD,True,LOSS,
42,46,15,1,MAIN,5,Kyogre,1,Kyogre,150.0,45,False,0,ATTACH,39700.0,0,ATTACH,39700.0,0.0,False,0,ATTACH,True,LOSS,
42,47,15,1,MAIN,3,Kyogre,2,Kyogre,150.0,45,False,1,ATTACK_1042,18104.2,1,ATTACK_1042,18104.2,0.0,False,1,ATTACK_1042,True,LOSS,
42,48,15,1,MAIN,2,Kyogre,2,Kyogre,150.0,45,False,0,ATTACK_1042,18104.2,0,ATTACK_1042,18104.2,0.0,False,0,ATTACK_1042,True,LOSS,
42,50,17,1,MAIN,6,Kyogre,2,Kyogre,150.0,44,False,0,ATTACH,40400.0,0,ATTACH,40400.0,0.0,False,0,ATTACH,True,LOSS,
42,51,17,1,MAIN,4,Kyogre,3,Kyogre,150.0,44,False,2,RETREAT,30000.0,2,RETREAT,30000.0,0.0,False,2,RETREAT,True,LOSS,
42,53,19,1,MAIN,8,Kyogre,3,Kyogre,150.0,43,False,0,ATTACH,41100.0,0,ATTACH,41100.0,0.0,False,0,ATTACH,True,LOSS,
42,54,19,1,MAIN,4,Kyogre,4,Kyogre,150.0,43,False,2,RETREAT,30000.0,2,RETREAT,30000.0,0.0,False,2,RETREAT,True,LOSS,
42,57,21,1,MAIN,8,Kyogre,4,Kyogre,150.0,42,False,0,ATTACH,41800.0,0,ATTACH,41800.0,0.0,False,0,ATTACH,True,LOSS,
42,58,21,1,MAIN,4,Kyogre,5,Kyogre,150.0,42,False,2,RETREAT,30000.0,2,RETREAT,30000.0,0.0,False,2,RETREAT,True,LOSS,
42,60,23,1,MAIN,8,Kyogre,5,Kyogre,150.0,41,False,0,ATTACH,41800.0,0,ATTACH,41800.0,0.0,False,0,ATTACH,True,LOSS,
42,61,23,1,MAIN,4,Kyogre,6,Kyogre,150.0,41,False,2,RETREAT,30000.0,2,RETREAT,30000.0,0.0,False,2,RETREAT,True,LOSS,
42,64,25,1,MAIN,8,Kyogre,6,Kyogre,150.0,40,False,0,ATTACH,41800.0,0,ATTACH,41800.0,0.0,False,0,ATTACH,True,LOSS,
42,65,25,1,MAIN,4,Kyogre,7,Kyogre,150.0,40,False,2,RETREAT,30000.0,2,RETREAT,30000.0,0.0,False,2,RETREAT,True,LOSS,
42,71,26,1,TO_ACTIVE,1,NONE,0,Kyogre,150.0,40,False,0,CARD,5000.0,0,CARD,5000.0,0.0,False,0,CARD,True,LOSS,
42,72,27,1,MAIN,3,Snover,0,Kyogre,150.0,39,False,0,ATTACH,39000.0,0,ATTACH,39000.0,0.0,False,0,ATTACH,True,LOSS,
42,73,27,1,MAIN,3,Snover,1,Kyogre,150.0,39,False,1,ATTACK_1044,18104.4,1,ATTACK_1044,18104.4,0.0,False,1,ATTACK_1044,True,LOSS,
42,74,27,1,MAIN,2,Snover,1,Kyogre,150.0,39,False,0,ATTACK_1044,18104.4,0,ATTACK_1044,18104.4,0.0,False,0,ATTACK_1044,True,LOSS,
42,77,29,1,MAIN,4,Snover,1,Kyogre,140.0,38,False,0,EVOLVE,70500.0,0,EVOLVE,70500.0,0.0,False,0,EVOLVE,True,LOSS,
42,78,29,1,MAIN,1,Mega Abomasnow ex,1,Kyogre,140.0,38,False,0,END,0.0,0,END,0.0,0.0,False,0,END,True,LOSS,
42,83,31,1,MAIN,3,Mega Abomasnow ex,1,Kyogre,140.0,37,False,0,ATTACH,39700.0,0,ATTACH,39700.0,0.0,False,0,ATTACH,True,LOSS,
42,84,31,1,MAIN,2,Mega Abomasnow ex,2,Kyogre,140.0,37,False,0,ATTACK_1046,18104.6,0,ATTACK_1046,18104.6,0.0,False,0,ATTACK_1046,True,LOSS,
42,85,31,1,TO_HAND,5,Mega Abomasnow ex,2,NONE,0.0,31,False,4,CARD,10000.0,4,CARD,10000.0,0.0,False,4,CARD,True,LOSS,
42,94,33,1,MAIN,4,Mega Abomasnow ex,2,Mega Abomasnow ex,350.0,30,False,2,ATTACK_1046,18104.6,2,ATTACK_1046,18104.6,0.0,False,2,ATTACK_1046,True,LOSS,
42,95,33,1,MAIN,3,Mega Abomasnow ex,2,Mega Abomasnow ex,350.0,30,False,1,ATTACK_1046,18104.6,1,ATTACK_1046,18104.6,0.0,False,1,ATTACK_1046,True,LOSS,
42,96,33,1,TO_HAND,3,Mega Abomasnow ex,2,Mega Abomasnow ex,350.0,30,False,0,CARD,10000.0,0,CARD,10000.0,0.0,False,0,CARD,True,LOSS,
42,97,33,1,MAIN,2,Mega Abomasnow ex,2,Mega Abomasnow ex,350.0,30,False,0,ATTACK_1046,18104.6,0,ATTACK_1046,18104.6,0.0,False,0,ATTACK_1046,True,LOSS,
42,102,34,1,TO_ACTIVE,2,NONE,0,Mega Abomasnow ex,50.0,24,False,0,CARD,5000.0,0,CARD,5000.0,0.0,False,0,CARD,True,LOSS,
42,103,35,1,MAIN,2,Snover,0,Mega Abomasnow ex,50.0,23,False,0,PLAY,12000.0,0,PLAY,12000.0,0.0,False,0,PLAY,True,LOSS,
42,104,35,1,MAIN,11,Snover,0,Mega Abomasnow ex,50.0,17,False,0,ATTACH,39000.0,0,ATTACH,39000.0,0.0,False,0,ATTACH,True,LOSS,
42,105,35,1,MAIN,2,Snover,1,Mega Abomasnow ex,50.0,17,False,0,ATTACK_1044,18104.4,0,ATTACK_1044,18104.4,0.0,False,0,ATTACK_1044,True,LOSS,
43,0,0,0,IS_FIRST,2,NONE,0,NONE,0.0,60,False,1,NO,5000.0,1,NO,5000.0,0.0,False,1,NO,True,WIN,
43,1,0,0,SETUP_ACTIVE_POKEMON,1,NONE,0,NONE,0.0,53,False,0,CARD,10000.0,0,CARD,10000.0,0.0,False,0,CARD,True,WIN,
43,3,0,0,DRAW_COUNT,3,NONE,0,NONE,0.0,47,False,2,NUMBER,2.0,2,NUMBER,2.0,0.0,False,2,NUMBER,True,WIN,
43,4,1,0,MAIN,7,Snover,0,Snover,90.0,46,False,0,ATTACH,39000.0,0,ATTACH,39000.0,0.0,False,0,ATTACH,True,WIN,
43,5,1,0,MAIN,2,Snover,1,Snover,90.0,46,False,0,PLAY,12000.0,0,PLAY,12000.0,0.0,False,0,PLAY,True,WIN,
43,6,1,0,MAIN,1,Snover,1,Snover,90.0,46,False,0,END,0.0,0,END,0.0,0.0,False,0,END,True,WIN,
43,10,3,0,MAIN,12,Snover,1,Snover,90.0,45,False,9,EVOLVE,70500.0,9,EVOLVE,70500.0,0.0,False,9,EVOLVE,True,WIN,
43,11,3,0,MAIN,5,Snover,2,Snover,90.0,45,False,1,EVOLVE,71000.0,1,EVOLVE,71000.0,0.0,False,1,EVOLVE,True,WIN,
43,12,3,0,TO_HAND,1,Snover,2,Snover,90.0,45,False,0,CARD,1000.0,0,CARD,1000.0,0.0,False,0,CARD,True,WIN,
43,13,3,0,MAIN,4,Snover,2,Snover,90.0,45,False,0,EVOLVE,71000.0,0,EVOLVE,71000.0,0.0,False,0,EVOLVE,True,WIN,
43,14,3,0,MAIN,2,Mega Abomasnow ex,2,Snover,90.0,45,False,0,ATTACK_1046,18104.6,0,ATTACK_1046,18104.6,0.0,False,0,ATTACK_1046,True,WIN,
43,15,3,0,TO_HAND,6,Mega Abomasnow ex,2,NONE,0.0,39,False,0,CARD,5000.0,0,CARD,5000.0,0.0,False,0,CARD,True,WIN,
44,1,0,1,SETUP_ACTIVE_POKEMON,1,NONE,0,NONE,0.0,53,False,0,CARD,10000.0,0,CARD,10000.0,0.0,False,0,CARD,True,LOSS,
44,3,1,1,MAIN,6,Snover,0,Snover,90.0,46,False,0,ATTACH,39000.0,0,ATTACH,39000.0,0.0,False,0,ATTACH,True,LOSS,
44,4,1,1,MAIN,1,Snover,1,Snover,90.0,46,False,0,END,0.0,0,END,0.0,0.0,False,0,END,True,LOSS,
44,7,3,1,MAIN,9,Snover,1,Snover,90.0,45,False,1,ATTACH,39700.0,1,ATTACH,39700.0,0.0,False,1,ATTACH,True,LOSS,
44,8,3,1,ATTACH_TO,4,Snover,1,Snover,90.0,39,False,0,CARD,5000.0,0,CARD,5000.0,0.0,False,0,CARD,True,LOSS,
44,9,3,1,MAIN,7,Snover,1,Snover,90.0,45,False,0,ATTACH,39700.0,0,ATTACH,39700.0,0.0,False,0,ATTACH,True,LOSS,
44,10,3,1,MAIN,4,Snover,2,Snover,90.0,45,False,0,ATTACH,40400.0,0,ATTACH,40400.0,0.0,False,0,ATTACH,True,LOSS,
44,11,3,1,MAIN,3,Snover,2,Snover,90.0,45,False,1,ATTACK_1045,18104.5,1,ATTACK_1045,18104.5,0.0,False,1,ATTACK_1045,True,LOSS,
44,14,5,1,MAIN,8,Snover,2,Snover,80.0,44,False,0,ATTACH,40400.0,0,ATTACH,40400.0,0.0,False,0,ATTACH,True,LOSS,
44,15,5,1,MAIN,4,Snover,3,Snover,80.0,44,False,2,ATTACK_1045,18104.5,2,ATTACK_1045,18104.5,0.0,False,2,ATTACK_1045,True,LOSS,
44,16,5,1,ATTACH_TO,4,Snover,3,Snover,80.0,38,False,0,CARD,5000.0,0,CARD,5000.0,0.0,False,0,CARD,True,LOSS,
44,17,5,1,MAIN,3,Snover,3,Snover,80.0,44,False,1,ATTACK_1045,18104.5,1,ATTACK_1045,18104.5,0.0,False,1,ATTACK_1045,True,LOSS,
44,20,7,1,MAIN,7,Snover,3,Snover,70.0,43,False,0,ATTACH,41100.0,0,ATTACH,41100.0,0.0,False,0,ATTACH,True,LOSS,
44,21,7,1,MAIN,3,Snover,4,Snover,70.0,43,False,1,ATTACK_1045,18104.5,1,ATTACK_1045,18104.5,0.0,False,1,ATTACK_1045,True,LOSS,
45,0,0,0,IS_FIRST,2,NONE,0,NONE,0.0,60,False,1,NO,5000.0,1,NO,5000.0,0.0,False,1,NO,True,LOSS,
45,1,0,0,SETUP_ACTIVE_POKEMON,1,NONE,0,NONE,0.0,53,False,0,CARD,10000.0,0,CARD,10000.0,0.0,False,0,CARD,True,LOSS,
45,3,0,0,DRAW_COUNT,2,NONE,0,NONE,0.0,47,False,1,NUMBER,1.0,1,NUMBER,1.0,0.0,False,1,NUMBER,True,LOSS,
45,4,1,0,MAIN,6,Snover,0,Snover,90.0,46,False,0,ATTACH,39000.0,0,ATTACH,39000.0,0.0,False,0,ATTACH,True,LOSS,
45,5,1,0,MAIN,1,Snover,1,Snover,90.0,46,False,0,END,0.0,0,END,0.0,0.0,False,0,END,True,LOSS,
45,8,3,0,MAIN,9,Snover,1,Snover,90.0,45,False,2,ATTACH,39700.0,2,ATTACH,39700.0,0.0,False,2,ATTACH,True,LOSS,
45,9,3,0,ATTACH_TO,4,Snover,1,Snover,90.0,39,False,0,CARD,5000.0,0,CARD,5000.0,0.0,False,0,CARD,True,LOSS,
45,10,3,0,MAIN,7,Snover,1,Snover,90.0,45,False,0,ATTACH,39700.0,0,ATTACH,39700.0,0.0,False,0,ATTACH,True,LOSS,
45,11,3,0,MAIN,3,Snover,2,Snover,90.0,45,False,1,ATTACK_1045,18104.5,1,ATTACK_1045,18104.5,0.0,False,1,ATTACK_1045,True,LOSS,
45,14,5,0,MAIN,9,Snover,2,Snover,80.0,44,False,1,ATTACH,40400.0,1,ATTACH,40400.0,0.0,False,1,ATTACH,True,LOSS,
45,15,5,0,ATTACH_TO,1,Snover,2,Snover,80.0,38,False,0,CARD,5000.0,0,CARD,5000.0,0.0,False,0,CARD,True,LOSS,
45,16,5,0,MAIN,8,Snover,2,Snover,80.0,44,False,0,ATTACH,40400.0,0,ATTACH,40400.0,0.0,False,0,ATTACH,True,LOSS,
45,17,5,0,MAIN,3,Snover,3,Snover,80.0,44,False,1,ATTACK_1045,18104.5,1,ATTACK_1045,18104.5,0.0,False,1,ATTACK_1045,True,LOSS,
45,20,7,0,MAIN,8,Snover,3,Snover,70.0,43,False,0,ATTACH,41100.0,0,ATTACH,41100.0,0.0,False,0,ATTACH,True,LOSS,
45,21,7,0,MAIN,3,Snover,4,Snover,70.0,43,False,1,ATTACK_1045,18104.5,1,ATTACK_1045,18104.5,0.0,False,1,ATTACK_1045,True,LOSS,
46,2,0,1,SETUP_ACTIVE_POKEMON,3,NONE,0,NONE,0.0,53,False,0,CARD,10000.0,0,CARD,10000.0,0.0,False,0,CARD,True,LOSS,
46,4,0,1,SETUP_BENCH_POKEMON,2,NONE,0,NONE,0.0,47,False,0,CARD,10000.0,0,CARD,10000.0,0.0,False,0,CARD,True,LOSS,
46,5,1,1,MAIN,8,Snover,0,Snover,90.0,46,False,0,ATTACH,39000.0,0,ATTACH,39000.0,0.0,False,0,ATTACH,True,LOSS,
46,6,1,1,MAIN,4,Snover,1,Snover,90.0,46,False,0,PLAY,12000.0,0,PLAY,12000.0,0.0,False,0,PLAY,True,LOSS,
46,7,1,1,TO_HAND,4,Snover,1,Snover,90.0,46,False,0,CARD,1000.0,0,CARD,1000.0,0.0,False,0,CARD,True,LOSS,
46,8,1,1,MAIN,3,Snover,1,Snover,90.0,46,False,0,PLAY,12000.0,0,PLAY,12000.0,0.0,False,0,PLAY,True,LOSS,
46,9,1,1,MAIN,2,Snover,1,Snover,90.0,46,False,0,PLAY,12000.0,0,PLAY,12000.0,0.0,False,0,PLAY,True,LOSS,
46,10,1,1,MAIN,1,Snover,1,Snover,90.0,46,False,0,END,0.0,0,END,0.0,0.0,False,0,END,True,LOSS,
46,14,3,1,MAIN,12,Snover,1,Snover,90.0,45,False,0,ATTACH,39700.0,0,ATTACH,39700.0,0.0,False,0,ATTACH,True,LOSS,
46,15,3,1,MAIN,4,Snover,2,Snover,90.0,45,False,2,ATTACK_1045,18104.5,2,ATTACK_1045,18104.5,0.0,False,2,ATTACK_1045,True,LOSS,
46,16,3,1,TO_HAND,4,Snover,2,Snover,90.0,45,False,0,CARD,1000.0,0,CARD,1000.0,0.0,False,0,CARD,True,LOSS,
46,17,3,1,MAIN,3,Snover,2,Snover,90.0,45,False,1,ATTACK_1045,18104.5,1,ATTACK_1045,18104.5,0.0,False,1,ATTACK_1045,True,LOSS,
46,22,4,1,TO_ACTIVE,2,NONE,0,Mega Abomasnow ex,340.0,45,False,0,CARD,5000.0,0,CARD,5000.0,0.0,False,0,CARD,True,LOSS,
46,23,5,1,MAIN,7,Snover,0,Mega Abomasnow ex,340.0,44,False,0,ATTACH,39000.0,0,ATTACH,39000.0,0.0,False,0,ATTACH,True,LOSS,
46,24,5,1,MAIN,2,Snover,1,Mega Abomasnow ex,340.0,44,False,0,ATTACK_1044,18104.4,0,ATTACK_1044,18104.4,0.0,False,0,ATTACK_1044,True,LOSS,
46,28,6,1,TO_ACTIVE,1,NONE,0,Mega Abomasnow ex,330.0,44,False,0,CARD,5000.0,0,CARD,5000.0,0.0,False,0,CARD,True,LOSS,
46,29,7,1,MAIN,4,Kyogre,0,Mega Abomasnow ex,330.0,43,False,0,ATTACH,39000.0,0,ATTACH,39000.0,0.0,False,0,ATTACH,True,LOSS,
46,30,7,1,MAIN,2,Kyogre,1,Mega Abomasnow ex,330.0,43,False,0,ATTACK_1042,18104.2,0,ATTACK_1042,18104.2,0.0,False,0,ATTACK_1042,True,LOSS,
47,0,0,0,IS_FIRST,2,NONE,0,NONE,0.0,60,False,1,NO,5000.0,1,NO,5000.0,0.0,False,1,NO,True,WIN,
47,1,0,0,SETUP_ACTIVE_POKEMON,1,NONE,0,NONE,0.0,53,False,0,CARD,10000.0,0,CARD,10000.0,0.0,False,0,CARD,True,WIN,
47,3,0,0,DRAW_COUNT,2,NONE,0,NONE,0.0,47,False,1,NUMBER,1.0,1,NUMBER,1.0,0.0,False,1,NUMBER,True,WIN,
47,4,1,0,MAIN,7,Snover,0,Snover,90.0,46,False,0,ATTACH,39000.0,0,ATTACH,39000.0,0.0,False,0,ATTACH,True,WIN,
47,5,1,0,MAIN,2,Snover,1,Snover,90.0,46,False,0,PLAY,12000.0,0,PLAY,12000.0,0.0,False,0,PLAY,True,WIN,
47,6,1,0,TO_HAND,3,Snover,1,Snover,90.0,46,False,0,CARD,1000.0,0,CARD,1000.0,0.0,False,0,CARD,True,WIN,
47,7,1,0,MAIN,1,Snover,1,Snover,90.0,46,False,0,END,0.0,0,END,0.0,0.0,False,0,END,True,WIN,
47,10,3,0,MAIN,8,Snover,1,Snover,90.0,45,False,0,EVOLVE,70500.0,0,EVOLVE,70500.0,0.0,False,0,EVOLVE,True,WIN,
47,11,3,0,MAIN,6,Mega Abomasnow ex,1,Snover,90.0,45,False,0,ATTACH,39700.0,0,ATTACH,39700.0,0.0,False,0,ATTACH,True,WIN,
47,12,3,0,MAIN,3,Mega Abomasnow ex,2,Snover,90.0,45,False,1,ATTACK_1046,18104.6,1,ATTACK_1046,18104.6,0.0,False,1,ATTACK_1046,True,WIN,
47,13,3,0,ATTACH_TO,3,Mega Abomasnow ex,2,Snover,90.0,39,False,0,CARD,5000.0,0,CARD,5000.0,0.0,False,0,CARD,True,WIN,
47,14,3,0,MAIN,2,Mega Abomasnow ex,2,Snover,90.0,45,False,0,ATTACK_1046,18104.6,0,ATTACK_1046,18104.6,0.0,False,0,ATTACK_1046,True,WIN,
47,15,3,0,TO_HAND,6,Mega Abomasnow ex,2,NONE,0.0,39,False,0,CARD,5000.0,0,CARD,5000.0,0.0,False,0,CARD,True,WIN,
48,2,0,1,SETUP_ACTIVE_POKEMON,1,NONE,0,NONE,0.0,53,False,0,CARD,10000.0,0,CARD,10000.0,0.0,False,0,CARD,True,LOSS,
48,4,1,1,MAIN,7,Snover,0,Snover,90.0,46,False,0,ATTACH,39000.0,0,ATTACH,39000.0,0.0,False,0,ATTACH,True,LOSS,
48,5,1,1,MAIN,2,Snover,1,Snover,90.0,46,False,0,PLAY,12000.0,0,PLAY,12000.0,0.0,False,0,PLAY,True,LOSS,
48,6,1,1,TO_HAND,3,Snover,1,Snover,90.0,46,False,0,CARD,1000.0,0,CARD,1000.0,0.0,False,0,CARD,True,LOSS,
48,7,1,1,MAIN,1,Snover,1,Snover,90.0,46,False,0,END,0.0,0,END,0.0,0.0,False,0,END,True,LOSS,
48,10,3,1,MAIN,8,Snover,1,Snover,90.0,45,False,0,ATTACH,39700.0,0,ATTACH,39700.0,0.0,False,0,ATTACH,True,LOSS,
48,11,3,1,MAIN,4,Snover,2,Snover,90.0,45,False,2,ATTACK_1045,18104.5,2,ATTACK_1045,18104.5,0.0,False,2,ATTACK_1045,True,LOSS,
48,12,3,1,ATTACH_TO,4,Snover,2,Snover,90.0,39,False,0,CARD,5000.0,0,CARD,5000.0,0.0,False,0,CARD,True,LOSS,
48,13,3,1,MAIN,3,Snover,2,Snover,90.0,45,False,1,ATTACK_1045,18104.5,1,ATTACK_1045,18104.5,0.0,False,1,ATTACK_1045,True,LOSS,
49,0,0,0,IS_FIRST,2,NONE,0,NONE,0.0,60,False,1,NO,5000.0,1,NO,5000.0,0.0,False,1,NO,True,LOSS,
49,1,0,0,SETUP_ACTIVE_POKEMON,1,NONE,0,NONE,0.0,53,False,0,CARD,10000.0,0,CARD,10000.0,0.0,False,0,CARD,True,LOSS,
49,4,1,0,MAIN,7,Snover,0,Snover,90.0,46,False,0,ATTACH,39000.0,0,ATTACH,39000.0,0.0,False,0,ATTACH,True,LOSS,
49,5,1,0,MAIN,2,Snover,1,Snover,90.0,46,False,0,PLAY,12000.0,0,PLAY,12000.0,0.0,False,0,PLAY,True,LOSS,
49,6,1,0,TO_HAND,4,Snover,1,Snover,90.0,46,False,0,CARD,5000.0,0,CARD,5000.0,0.0,False,0,CARD,True,LOSS,
49,7,1,0,MAIN,1,Snover,1,Snover,90.0,46,False,0,END,0.0,0,END,0.0,0.0,False,0,END,True,LOSS,
49,10,3,0,MAIN,8,Snover,1,Snover,90.0,45,False,0,ATTACH,39700.0,0,ATTACH,39700.0,0.0,False,0,ATTACH,True,LOSS,
49,11,3,0,MAIN,4,Snover,2,Snover,90.0,45,False,2,ATTACK_1045,18104.5,2,ATTACK_1045,18104.5,0.0,False,2,ATTACK_1045,True,LOSS,
49,12,3,0,ATTACH_TO,2,Snover,2,Snover,90.0,39,False,0,CARD,5000.0,0,CARD,5000.0,0.0,False,0,CARD,True,LOSS,
49,13,3,0,MAIN,3,Snover,2,Snover,90.0,45,False,1,ATTACK_1045,18104.5,1,ATTACK_1045,18104.5,0.0,False,1,ATTACK_1045,True,LOSS,
50,2,0,1,SETUP_ACTIVE_POKEMON,1,NONE,0,NONE,0.0,53,False,0,CARD,10000.0,0,CARD,10000.0,0.0,False,0,CARD,True,LOSS,
50,5,1,1,MAIN,8,Snover,0,Snover,90.0,46,False,0,ATTACH,39000.0,0,ATTACH,39000.0,0.0,False,0,ATTACH,True,LOSS,
50,6,1,1,MAIN,2,Snover,1,Snover,90.0,46,False,0,ATTACH,39700.0,0,ATTACH,39700.0,0.0,False,0,ATTACH,True,LOSS,
50,7,1,1,MAIN,1,Snover,1,Snover,90.0,46,False,0,END,0.0,0,END,0.0,0.0,False,0,END,True,LOSS,
50,10,3,1,MAIN,8,Snover,1,Snover,90.0,45,False,0,ATTACH,39700.0,0,ATTACH,39700.0,0.0,False,0,ATTACH,True,LOSS,
50,11,3,1,MAIN,4,Snover,2,Snover,90.0,45,False,2,ATTACK_1045,18104.5,2,ATTACK_1045,18104.5,0.0,False,2,ATTACK_1045,True,LOSS,
50,12,3,1,ATTACH_TO,2,Snover,2,Snover,90.0,39,False,0,CARD,5000.0,0,CARD,5000.0,0.0,False,0,CARD,True,LOSS,
50,13,3,1,MAIN,3,Snover,2,Snover,90.0,45,False,1,ATTACK_1045,18104.5,1,ATTACK_1045,18104.5,0.0,False,1,ATTACK_1045,True,LOSS,
51,0,0,0,IS_FIRST,2,NONE,0,NONE,0.0,60,False,1,NO,5000.0,1,NO,5000.0,0.0,False,1,NO,True,LOSS,
51,2,0,0,SETUP_ACTIVE_POKEMON,1,NONE,0,NONE,0.0,53,False,0,CARD,10000.0,0,CARD,10000.0,0.0,False,0,CARD,True,LOSS,
51,5,1,0,MAIN,7,Snover,0,Snover,90.0,46,False,0,ATTACH,39000.0,0,ATTACH,39000.0,0.0,False,0,ATTACH,True,LOSS,
51,6,1,0,MAIN,2,Snover,1,Snover,90.0,46,False,0,PLAY,12000.0,0,PLAY,12000.0,0.0,False,0,PLAY,True,LOSS,
51,7,1,0,TO_HAND,4,Snover,1,Snover,90.0,46,False,0,CARD,1000.0,0,CARD,1000.0,0.0,False,0,CARD,True,LOSS,
51,8,1,0,MAIN,1,Snover,1,Snover,90.0,46,False,0,END,0.0,0,END,0.0,0.0,False,0,END,True,LOSS,
51,11,3,0,MAIN,8,Snover,1,Snover,90.0,45,False,0,ATTACH,39700.0,0,ATTACH,39700.0,0.0,False,0,ATTACH,True,LOSS,
51,12,3,0,MAIN,4,Snover,2,Snover,90.0,45,False,2,ATTACK_1045,18104.5,2,ATTACK_1045,18104.5,0.0,False,2,ATTACK_1045,True,LOSS,
51,13,3,0,ATTACH_TO,2,Snover,2,Snover,90.0,39,False,0,CARD,5000.0,0,CARD,5000.0,0.0,False,0,CARD,True,LOSS,
51,14,3,0,MAIN,3,Snover,2,Snover,90.0,45,False,1,ATTACK_1045,18104.5,1,ATTACK_1045,18104.5,0.0,False,1,ATTACK_1045,True,LOSS,
52,1,0,1,SETUP_ACTIVE_POKEMON,1,NONE,0,NONE,0.0,53,False,0,CARD,10000.0,0,CARD,10000.0,0.0,False,0,CARD,True,WIN,
52,3,0,1,DRAW_COUNT,2,NONE,0,NONE,0.0,47,False,1,NUMBER,1.0,1,NUMBER,1.0,0.0,False,1,NUMBER,True,WIN,
52,4,1,1,MAIN,8,Snover,0,Snover,90.0,46,False,0,ATTACH,39000.0,0,ATTACH,39000.0,0.0,False,0,ATTACH,True,WIN,
52,5,1,1,MAIN,1,Snover,1,Snover,90.0,46,False,0,END,0.0,0,END,0.0,0.0,False,0,END,True,WIN,
52,9,3,1,MAIN,9,Snover,1,Snover,90.0,45,False,0,ATTACH,39700.0,0,ATTACH,39700.0,0.0,False,0,ATTACH,True,WIN,
52,10,3,1,MAIN,4,Snover,2,Snover,90.0,45,False,2,ATTACK_1045,18104.5,2,ATTACK_1045,18104.5,0.0,False,2,ATTACK_1045,True,WIN,
52,11,3,1,MAIN,5,Snover,2,Snover,90.0,42,False,0,EVOLVE,71000.0,0,EVOLVE,71000.0,0.0,False,0,EVOLVE,True,WIN,
52,12,3,1,MAIN,2,Mega Abomasnow ex,2,Snover,90.0,42,False,0,ATTACK_1046,18104.6,0,ATTACK_1046,18104.6,0.0,False,0,ATTACK_1046,True,WIN,
52,13,3,1,TO_HAND,6,Mega Abomasnow ex,2,NONE,0.0,36,False,2,CARD,10000.0,2,CARD,10000.0,0.0,False,2,CARD,True,WIN,
53,0,0,0,IS_FIRST,2,NONE,0,NONE,0.0,60,False,1,NO,5000.0,1,NO,5000.0,0.0,False,1,NO,True,WIN,
53,1,0,0,SETUP_ACTIVE_POKEMON,1,NONE,0,NONE,0.0,53,False,0,CARD,10000.0,0,CARD,10000.0,0.0,False,0,CARD,True,WIN,
53,3,0,0,DRAW_COUNT,3,NONE,0,NONE,0.0,47,False,2,NUMBER,2.0,2,NUMBER,2.0,0.0,False,2,NUMBER,True,WIN,
53,5,1,0,MAIN,7,Snover,0,Snover,90.0,46,False,0,ATTACH,39000.0,0,ATTACH,39000.0,0.0,False,0,ATTACH,True,WIN,
53,6,1,0,MAIN,2,Snover,1,Snover,90.0,46,False,0,PLAY,12000.0,0,PLAY,12000.0,0.0,False,0,PLAY,True,WIN,
53,7,1,0,TO_HAND,3,Snover,1,Snover,90.0,46,False,0,CARD,1000.0,0,CARD,1000.0,0.0,False,0,CARD,True,WIN,
53,8,1,0,MAIN,1,Snover,1,Snover,90.0,46,False,0,END,0.0,0,END,0.0,0.0,False,0,END,True,WIN,
53,11,3,0,MAIN,8,Snover,1,Snover,90.0,45,False,0,EVOLVE,70500.0,0,EVOLVE,70500.0,0.0,False,0,EVOLVE,True,WIN,
53,12,3,0,MAIN,6,Mega Abomasnow ex,1,Snover,90.0,45,False,0,ATTACH,39700.0,0,ATTACH,39700.0,0.0,False,0,ATTACH,True,WIN,
53,13,3,0,MAIN,3,Mega Abomasnow ex,2,Snover,90.0,45,False,1,ATTACK_1046,18104.6,1,ATTACK_1046,18104.6,0.0,False,1,ATTACK_1046,True,WIN,
53,14,3,0,MAIN,2,Mega Abomasnow ex,2,Snover,90.0,45,False,0,ATTACK_1046,18104.6,0,ATTACK_1046,18104.6,0.0,False,0,ATTACK_1046,True,WIN,
53,15,3,0,TO_HAND,6,Mega Abomasnow ex,2,NONE,0.0,39,False,0,CARD,5000.0,0,CARD,5000.0,0.0,False,0,CARD,True,WIN,
53,19,5,0,MAIN,12,Mega Abomasnow ex,2,Snover,90.0,38,False,0,ATTACH,40400.0,0,ATTACH,40400.0,0.0,False,0,ATTACH,True,WIN,
53,20,5,0,MAIN,3,Mega Abomasnow ex,3,Snover,90.0,38,True,1,ATTACK_1047,18104.7,1,ATTACK_1047,28104.7,0.0,False,1,ATTACK_1047,True,WIN,
53,21,5,0,TO_HAND,5,Mega Abomasnow ex,3,NONE,0.0,32,False,0,CARD,5000.0,0,CARD,5000.0,0.0,False,0,CARD,True,WIN,
53,25,7,0,MAIN,14,Mega Abomasnow ex,3,Snover,90.0,31,True,0,ATTACH,41100.0,0,ATTACH,41100.0,0.0,False,0,ATTACH,True,WIN,
53,26,7,0,MAIN,5,Mega Abomasnow ex,4,Snover,90.0,31,True,2,ATTACK_1047,18104.7,2,ATTACK_1047,28104.7,0.0,False,2,ATTACK_1047,True,WIN,
53,27,7,0,TO_HAND,2,Mega Abomasnow ex,4,Snover,90.0,31,False,0,CARD,5000.0,0,CARD,5000.0,0.0,False,0,CARD,True,WIN,
53,28,7,0,MAIN,4,Mega Abomasnow ex,4,Snover,90.0,31,True,1,ATTACK_1047,18104.7,1,ATTACK_1047,28104.7,0.0,False,1,ATTACK_1047,True,WIN,
53,29,7,0,TO_HAND,4,Mega Abomasnow ex,4,NONE,0.0,25,False,0,CARD,5000.0,0,CARD,5000.0,0.0,False,0,CARD,True,WIN,
54,2,0,1,SETUP_ACTIVE_POKEMON,1,NONE,0,NONE,0.0,53,False,0,CARD,10000.0,0,CARD,10000.0,0.0,False,0,CARD,True,LOSS,
54,5,1,1,MAIN,6,Snover,0,Kyogre,150.0,46,False,0,ATTACH,39000.0,0,ATTACH,39000.0,0.0,False,0,ATTACH,True,LOSS,
54,6,1,1,MAIN,1,Snover,1,Kyogre,150.0,46,False,0,END,0.0,0,END,0.0,0.0,False,0,END,True,LOSS,
54,9,3,1,MAIN,9,Snover,1,Kyogre,150.0,45,False,4,EVOLVE,70500.0,4,EVOLVE,70500.0,0.0,False,4,EVOLVE,True,LOSS,
54,10,3,1,MAIN,6,Snover,2,Kyogre,150.0,45,False,1,EVOLVE,71000.0,1,EVOLVE,71000.0,0.0,False,1,EVOLVE,True,LOSS,
54,11,3,1,ATTACH_TO,3,Snover,2,Kyogre,150.0,39,False,0,CARD,5000.0,0,CARD,5000.0,0.0,False,0,CARD,True,LOSS,
54,12,3,1,MAIN,5,Snover,2,Kyogre,150.0,45,False,0,EVOLVE,71000.0,0,EVOLVE,71000.0,0.0,False,0,EVOLVE,True,LOSS,
54,13,3,1,MAIN,2,Mega Abomasnow ex,2,Kyogre,150.0,45,False,0,ATTACK_1046,18104.6,0,ATTACK_1046,18104.6,0.0,False,0,ATTACK_1046,True,LOSS,
54,14,3,1,TO_HAND,6,Mega Abomasnow ex,2,NONE,0.0,39,False,3,CARD,10000.0,3,CARD,10000.0,0.0,False,3,CARD,True,LOSS,
54,21,5,1,MAIN,7,Mega Abomasnow ex,2,Mega Abomasnow ex,350.0,38,False,0,ATTACH,40400.0,0,ATTACH,40400.0,0.0,False,0,ATTACH,True,LOSS,
54,22,5,1,MAIN,3,Mega Abomasnow ex,3,Mega Abomasnow ex,350.0,38,True,1,ATTACK_1047,18104.7,0,ATTACK_1046,28104.6,9999.899999999998,True,0,ATTACK_1046,True,LOSS,False
55,0,0,0,IS_FIRST,2,NONE,0,NONE,0.0,60,False,1,NO,5000.0,1,NO,5000.0,0.0,False,1,NO,True,LOSS,
55,2,0,0,SETUP_ACTIVE_POKEMON,1,NONE,0,NONE,0.0,53,False,0,CARD,10000.0,0,CARD,10000.0,0.0,False,0,CARD,True,LOSS,
55,5,1,0,MAIN,7,Snover,0,Snover,90.0,46,False,0,ATTACH,39000.0,0,ATTACH,39000.0,0.0,False,0,ATTACH,True,LOSS,
55,6,1,0,MAIN,1,Snover,1,Snover,90.0,46,False,0,END,0.0,0,END,0.0,0.0,False,0,END,True,LOSS,
55,9,3,0,MAIN,9,Snover,1,Snover,90.0,45,False,0,ATTACH,39700.0,0,ATTACH,39700.0,0.0,False,0,ATTACH,True,LOSS,
55,10,3,0,MAIN,4,Snover,2,Snover,90.0,45,False,2,ATTACK_1045,18104.5,2,ATTACK_1045,18104.5,0.0,False,2,ATTACK_1045,True,LOSS,
55,11,3,0,MAIN,4,Snover,2,Snover,90.0,42,False,2,ATTACK_1045,18104.5,2,ATTACK_1045,18104.5,0.0,False,2,ATTACK_1045,True,LOSS,
55,12,3,0,TO_HAND,4,Snover,2,Snover,90.0,42,False,0,CARD,1000.0,0,CARD,1000.0,0.0,False,0,CARD,True,LOSS,
55,13,3,0,MAIN,3,Snover,2,Snover,90.0,42,False,1,ATTACK_1045,18104.5,1,ATTACK_1045,18104.5,0.0,False,1,ATTACK_1045,True,LOSS,
56,1,0,1,SETUP_ACTIVE_POKEMON,1,NONE,0,NONE,0.0,53,False,0,CARD,10000.0,0,CARD,10000.0,0.0,False,0,CARD,True,LOSS,
56,3,1,1,MAIN,6,Snover,0,Kyogre,150.0,46,False,0,ATTACH,39000.0,0,ATTACH,39000.0,0.0,False,0,ATTACH,True,LOSS,
56,4,1,1,MAIN,5,Snover,0,Kyogre,150.0,46,False,1,ATTACH,39000.0,1,ATTACH,39000.0,0.0,False,1,ATTACH,True,LOSS,
56,5,1,1,TO_HAND,2,Snover,0,Kyogre,150.0,46,False,0,CARD,1000.0,0,CARD,1000.0,0.0,False,0,CARD,True,LOSS,
56,6,1,1,MAIN,4,Snover,0,Kyogre,150.0,46,False,0,ATTACH,39000.0,0,ATTACH,39000.0,0.0,False,0,ATTACH,True,LOSS,
56,7,1,1,MAIN,1,Snover,1,Kyogre,150.0,46,False,0,END,0.0,0,END,0.0,0.0,False,0,END,True,LOSS,
56,10,3,1,MAIN,7,Snover,1,Kyogre,150.0,45,False,2,EVOLVE,70500.0,2,EVOLVE,70500.0,0.0,False,2,EVOLVE,True,LOSS,
56,11,3,1,MAIN,8,Snover,1,Kyogre,150.0,41,False,0,ATTACH,39700.0,0,ATTACH,39700.0,0.0,False,0,ATTACH,True,LOSS,
56,12,3,1,MAIN,4,Snover,2,Kyogre,150.0,41,False,2,ATTACK_1045,18104.5,2,ATTACK_1045,18104.5,0.0,False,2,ATTACK_1045,True,LOSS,
56,13,3,1,MAIN,3,Snover,2,Kyogre,150.0,41,False,1,ATTACK_1045,18104.5,1,ATTACK_1045,18104.5,0.0,False,1,ATTACK_1045,True,LOSS,
56,16,5,1,MAIN,15,Snover,2,Kyogre,140.0,40,False,2,ATTACH,40400.0,2,ATTACH,40400.0,0.0,False,2,ATTACH,True,LOSS,
56,17,5,1,ATTACH_TO,4,Snover,2,Kyogre,140.0,34,False,0,CARD,5000.0,0,CARD,5000.0,0.0,False,0,CARD,True,LOSS,
56,18,5,1,MAIN,13,Snover,2,Kyogre,140.0,40,False,0,ATTACH,40400.0,0,ATTACH,40400.0,0.0,False,0,ATTACH,True,LOSS,
56,19,5,1,MAIN,4,Snover,3,Kyogre,140.0,40,False,1,ATTACK_1045,18104.5,1,ATTACK_1045,18104.5,0.0,False,1,ATTACK_1045,True,LOSS,
56,26,6,1,TO_ACTIVE,1,NONE,0,Kyogre,130.0,40,False,0,CARD,5000.0,0,CARD,5000.0,0.0,False,0,CARD,True,LOSS,
56,27,7,1,MAIN,7,Kyogre,0,Kyogre,130.0,39,False,1,ATTACH,39000.0,1,ATTACH,39000.0,0.0,False,1,ATTACH,True,LOSS,
56,28,7,1,ATTACH_TO,4,Kyogre,0,Kyogre,130.0,33,False,0,CARD,5000.0,0,CARD,5000.0,0.0,False,0,CARD,True,LOSS,
56,29,7,1,MAIN,6,Kyogre,0,Kyogre,130.0,39,False,0,ATTACH,39000.0,0,ATTACH,39000.0,0.0,False,0,ATTACH,True,LOSS,
56,30,7,1,MAIN,2,Kyogre,1,Kyogre,130.0,39,False,0,ATTACK_1042,18104.2,0,ATTACK_1042,18104.2,0.0,False,0,ATTACK_1042,True,LOSS,
56,33,9,1,MAIN,7,Kyogre,1,Kyogre,70.0,41,False,0,ATTACH,39700.0,0,ATTACH,39700.0,0.0,False,0,ATTACH,True,LOSS,
56,34,9,1,MAIN,2,Kyogre,2,Kyogre,70.0,41,False,0,ATTACK_1042,18104.2,0,ATTACK_1042,18104.2,0.0,False,0,ATTACK_1042,True,LOSS,
57,0,0,0,IS_FIRST,2,NONE,0,NONE,0.0,60,False,1,NO,5000.0,1,NO,5000.0,0.0,False,1,NO,True,LOSS,
57,2,0,0,SETUP_ACTIVE_POKEMON,2,NONE,0,NONE,0.0,53,False,0,CARD,10000.0,0,CARD,10000.0,0.0,False,0,CARD,True,LOSS,
57,4,0,0,SETUP_BENCH_POKEMON,1,NONE,0,NONE,0.0,47,False,0,CARD,10000.0,0,CARD,10000.0,0.0,False,0,CARD,True,LOSS,
57,6,1,0,MAIN,6,Kyogre,0,Snover,90.0,46,False,0,ATTACH,39000.0,0,ATTACH,39000.0,0.0,False,0,ATTACH,True,LOSS,
57,7,1,0,MAIN,2,Kyogre,1,Snover,90.0,46,False,0,PLAY,12000.0,0,PLAY,12000.0,0.0,False,0,PLAY,True,LOSS,
57,8,1,0,MAIN,1,Kyogre,1,Snover,90.0,46,False,0,END,0.0,0,END,0.0,0.0,False,0,END,True,LOSS,
57,11,3,0,MAIN,11,Kyogre,1,Snover,90.0,45,False,0,ATTACH,39700.0,0,ATTACH,39700.0,0.0,False,0,ATTACH,True,LOSS,
57,12,3,0,MAIN,3,Kyogre,2,Snover,90.0,45,False,1,ATTACK_1042,18104.2,1,ATTACK_1042,18104.2,0.0,False,1,ATTACK_1042,True,LOSS,
57,13,3,0,MAIN,2,Kyogre,2,Snover,90.0,41,False,0,ATTACK_1042,18104.2,0,ATTACK_1042,18104.2,0.0,False,0,ATTACK_1042,True,LOSS,
57,18,4,0,TO_ACTIVE,1,NONE,0,Mega Abomasnow ex,350.0,41,False,0,CARD,5000.0,0,CARD,5000.0,0.0,False,0,CARD,True,LOSS,
57,19,5,0,MAIN,10,Kyogre,0,Mega Abomasnow ex,350.0,40,False,0,ATTACH,39000.0,0,ATTACH,39000.0,0.0,False,0,ATTACH,True,LOSS,
57,20,5,0,MAIN,5,Kyogre,1,Mega Abomasnow ex,350.0,40,False,3,ATTACK_1042,18104.2,3,ATTACK_1042,18104.2,0.0,False,3,ATTACK_1042,True,LOSS,
57,21,5,0,ATTACH_TO,5,Kyogre,1,Mega Abomasnow ex,350.0,34,False,0,CARD,5000.0,0,CARD,5000.0,0.0,False,0,CARD,True,LOSS,
57,22,5,0,MAIN,3,Kyogre,1,Mega Abomasnow ex,350.0,40,False,1,ATTACK_1042,18104.2,1,ATTACK_1042,18104.2,0.0,False,1,ATTACK_1042,True,LOSS,
57,23,5,0,TO_HAND,4,Kyogre,1,Mega Abomasnow ex,350.0,40,False,0,CARD,5000.0,0,CARD,5000.0,0.0,False,0,CARD,True,LOSS,
57,24,5,0,MAIN,2,Kyogre,1,Mega Abomasnow ex,350.0,40,False,0,ATTACK_1042,18104.2,0,ATTACK_1042,18104.2,0.0,False,0,ATTACK_1042,True,LOSS,
58,1,0,1,SETUP_ACTIVE_POKEMON,1,NONE,0,NONE,0.0,53,False,0,CARD,10000.0,0,CARD,10000.0,0.0,False,0,CARD,True,WIN,
58,3,0,1,DRAW_COUNT,4,NONE,0,NONE,0.0,47,False,3,NUMBER,3.0,3,NUMBER,3.0,0.0,False,3,NUMBER,True,WIN,
58,4,1,1,MAIN,6,Kyogre,0,Snover,90.0,46,False,0,ATTACH,39000.0,0,ATTACH,39000.0,0.0,False,0,ATTACH,True,WIN,
58,5,1,1,MAIN,1,Kyogre,1,Snover,90.0,46,False,0,END,0.0,0,END,0.0,0.0,False,0,END,True,WIN,
58,8,3,1,MAIN,8,Kyogre,1,Snover,90.0,45,False,0,ATTACH,39700.0,0,ATTACH,39700.0,0.0,False,0,ATTACH,True,WIN,
58,9,3,1,MAIN,4,Kyogre,2,Snover,90.0,45,False,2,ATTACK_1042,18104.2,2,ATTACK_1042,18104.2,0.0,False,2,ATTACK_1042,True,WIN,
58,10,3,1,TO_HAND,3,Kyogre,2,Snover,90.0,45,False,0,CARD,1000.0,0,CARD,1000.0,0.0,False,0,CARD,True,WIN,
58,11,3,1,MAIN,2,Kyogre,2,Snover,90.0,45,False,0,ATTACK_1042,18104.2,0,ATTACK_1042,18104.2,0.0,False,0,ATTACK_1042,True,WIN,
58,14,5,1,MAIN,7,Kyogre,2,Snover,90.0,44,False,0,ATTACH,40400.0,0,ATTACH,40400.0,0.0,False,0,ATTACH,True,WIN,
58,15,5,1,MAIN,4,Kyogre,3,Snover,90.0,44,False,2,ATTACK_1043,18104.3,2,ATTACK_1043,18104.3,0.0,False,2,ATTACK_1043,True,WIN,
58,16,5,1,ATTACH_TO,2,Kyogre,3,Snover,90.0,38,False,0,CARD,1000.0,0,CARD,1000.0,0.0,False,0,CARD,True,WIN,
58,17,5,1,MAIN,3,Kyogre,3,Snover,90.0,44,False,1,ATTACK_1043,18104.3,1,ATTACK_1043,18104.3,0.0,False,1,ATTACK_1043,True,WIN,
58,20,7,1,MAIN,7,Kyogre,3,Snover,90.0,43,False,0,ATTACH,41100.0,0,ATTACH,41100.0,0.0,False,0,ATTACH,True,WIN,
58,21,7,1,MAIN,3,Kyogre,4,Snover,90.0,43,False,1,ATTACK_1043,18104.3,1,ATTACK_1043,18104.3,0.0,False,1,ATTACK_1043,True,WIN,
58,24,9,1,MAIN,7,Kyogre,4,Snover,90.0,42,False,0,ATTACH,41800.0,0,ATTACH,41800.0,0.0,False,0,ATTACH,True,WIN,
58,25,9,1,MAIN,4,Kyogre,5,Snover,90.0,42,False,2,ATTACK_1043,18104.3,2,ATTACK_1043,18104.3,0.0,False,2,ATTACK_1043,True,WIN,
58,26,9,1,MAIN,4,Kyogre,5,Snover,90.0,42,False,2,RETREAT,30000.0,2,RETREAT,30000.0,0.0,False,2,RETREAT,True,WIN,
58,29,11,1,MAIN,11,Kyogre,5,Snover,90.0,41,False,0,EVOLVE,70000.0,0,EVOLVE,70000.0,0.0,False,0,EVOLVE,True,WIN,
58,30,11,1,MAIN,10,Kyogre,5,Snover,90.0,41,False,0,ATTACH,41800.0,0,ATTACH,41800.0,0.0,False,0,ATTACH,True,WIN,
58,31,11,1,MAIN,4,Kyogre,6,Snover,90.0,41,False,2,RETREAT,30000.0,2,RETREAT,30000.0,0.0,False,2,RETREAT,True,WIN,
58,35,12,1,TO_ACTIVE,1,NONE,0,Snover,90.0,41,False,0,CARD,5000.0,0,CARD,5000.0,0.0,False,0,CARD,True,WIN,
58,36,13,1,MAIN,4,Mega Abomasnow ex,0,Snover,90.0,40,False,0,ATTACH,39000.0,0,ATTACH,39000.0,0.0,False,0,ATTACH,True,WIN,
58,37,13,1,MAIN,2,Mega Abomasnow ex,1,Snover,90.0,40,False,0,PLAY,12000.0,0,PLAY,12000.0,0.0,False,0,PLAY,True,WIN,
58,38,13,1,MAIN,1,Mega Abomasnow ex,1,Snover,90.0,40,False,0,END,0.0,0,END,0.0,0.0,False,0,END,True,WIN,
58,41,15,1,MAIN,4,Mega Abomasnow ex,1,Snover,90.0,39,False,0,ATTACH,39700.0,0,ATTACH,39700.0,0.0,False,0,ATTACH,True,WIN,
58,42,15,1,MAIN,3,Mega Abomasnow ex,2,Snover,90.0,39,False,1,ATTACK_1046,18104.6,1,ATTACK_1046,18104.6,0.0,False,1,ATTACK_1046,True,WIN,
58,43,15,1,ATTACH_TO,4,Mega Abomasnow ex,2,Snover,90.0,33,False,1,CARD,10000.0,1,CARD,10000.0,0.0,False,1,CARD,True,WIN,
58,44,15,1,MAIN,2,Mega Abomasnow ex,2,Snover,90.0,39,False,0,ATTACK_1046,18104.6,0,ATTACK_1046,18104.6,0.0,False,0,ATTACK_1046,True,WIN,
58,45,15,1,TO_HAND,6,Mega Abomasnow ex,2,NONE,0.0,33,False,2,CARD,10000.0,2,CARD,10000.0,0.0,False,2,CARD,True,WIN,
59,0,0,0,IS_FIRST,2,NONE,0,NONE,0.0,60,False,1,NO,5000.0,1,NO,5000.0,0.0,False,1,NO,True,LOSS,
59,1,0,0,SETUP_ACTIVE_POKEMON,2,NONE,0,NONE,0.0,53,False,0,CARD,10000.0,0,CARD,10000.0,0.0,False,0,CARD,True,LOSS,
59,3,0,0,DRAW_COUNT,2,NONE,0,NONE,0.0,47,False,1,NUMBER,1.0,1,NUMBER,1.0,0.0,False,1,NUMBER,True,LOSS,
59,4,0,0,SETUP_BENCH_POKEMON,1,NONE,0,NONE,0.0,47,False,0,CARD,10000.0,0,CARD,10000.0,0.0,False,0,CARD,True,LOSS,
59,5,1,0,MAIN,8,Kyogre,0,Snover,90.0,46,False,0,ATTACH,39000.0,0,ATTACH,39000.0,0.0,False,0,ATTACH,True,LOSS,
59,6,1,0,MAIN,3,Kyogre,1,Snover,90.0,46,False,0,PLAY,12000.0,0,PLAY,12000.0,0.0,False,0,PLAY,True,LOSS,
59,7,1,0,TO_HAND,3,Kyogre,1,Snover,90.0,46,False,0,CARD,1000.0,0,CARD,1000.0,0.0,False,0,CARD,True,LOSS,
59,8,1,0,MAIN,2,Kyogre,1,Snover,90.0,46,False,0,PLAY,12000.0,0,PLAY,12000.0,0.0,False,0,PLAY,True,LOSS,
59,9,1,0,MAIN,1,Kyogre,1,Snover,90.0,46,False,0,END,0.0,0,END,0.0,0.0,False,0,END,True,LOSS,
59,12,3,0,MAIN,12,Kyogre,1,Snover,90.0,45,False,0,ATTACH,39700.0,0,ATTACH,39700.0,0.0,False,0,ATTACH,True,LOSS,
59,13,3,0,MAIN,2,Kyogre,2,Snover,90.0,45,False,0,ATTACK_1042,18104.2,0,ATTACK_1042,18104.2,0.0,False,0,ATTACK_1042,True,LOSS,
59,18,4,0,TO_ACTIVE,1,NONE,0,Mega Abomasnow ex,350.0,45,False,0,CARD,5000.0,0,CARD,5000.0,0.0,False,0,CARD,True,LOSS,
59,19,5,0,MAIN,6,Snover,0,Mega Abomasnow ex,350.0,44,False,0,ATTACH,39000.0,0,ATTACH,39000.0,0.0,False,0,ATTACH,True,LOSS,
59,20,5,0,MAIN,2,Snover,1,Mega Abomasnow ex,350.0,44,False,0,ATTACK_1044,18104.4,0,ATTACK_1044,18104.4,0.0,False,0,ATTACK_1044,True,LOSS,
60,2,0,1,SETUP_ACTIVE_POKEMON,1,NONE,0,NONE,0.0,53,False,0,CARD,10000.0,0,CARD,10000.0,0.0,False,0,CARD,True,LOSS,
60,4,1,1,MAIN,8,Kyogre,0,Snover,90.0,46,False,0,ATTACH,39000.0,0,ATTACH,39000.0,0.0,False,0,ATTACH,True,LOSS,
60,5,1,1,MAIN,3,Kyogre,1,Snover,90.0,46,False,1,ATTACH,39700.0,1,ATTACH,39700.0,0.0,False,1,ATTACH,True,LOSS,
60,6,1,1,TO_HAND,4,Kyogre,1,Snover,90.0,46,False,0,CARD,5000.0,0,CARD,5000.0,0.0,False,0,CARD,True,LOSS,
60,7,1,1,MAIN,2,Kyogre,1,Snover,90.0,46,False,0,ATTACH,39700.0,0,ATTACH,39700.0,0.0,False,0,ATTACH,True,LOSS,
60,8,1,1,MAIN,1,Kyogre,1,Snover,90.0,46,False,0,END,0.0,0,END,0.0,0.0,False,0,END,True,LOSS,
60,11,3,1,MAIN,7,Kyogre,1,Snover,90.0,45,False,0,ATTACH,39700.0,0,ATTACH,39700.0,0.0,False,0,ATTACH,True,LOSS,
60,12,3,1,MAIN,2,Kyogre,2,Snover,90.0,45,False,0,ATTACK_1042,18104.2,0,ATTACK_1042,18104.2,0.0,False,0,ATTACK_1042,True,LOSS,
61,0,0,0,IS_FIRST,2,NONE,0,NONE,0.0,60,False,1,NO,5000.0,1,NO,5000.0,0.0,False,1,NO,True,LOSS,
61,2,0,0,SETUP_ACTIVE_POKEMON,1,NONE,0,NONE,0.0,53,False,0,CARD,10000.0,0,CARD,10000.0,0.0,False,0,CARD,True,LOSS,
61,4,1,0,MAIN,8,Kyogre,0,Snover,90.0,46,False,0,ATTACH,39000.0,0,ATTACH,39000.0,0.0,False,0,ATTACH,True,LOSS,
61,5,1,0,MAIN,2,Kyogre,1,Snover,90.0,46,False,0,PLAY,12000.0,0,PLAY,12000.0,0.0,False,0,PLAY,True,LOSS,
61,6,1,0,TO_HAND,4,Kyogre,1,Snover,90.0,46,False,0,CARD,1000.0,0,CARD,1000.0,0.0,False,0,CARD,True,LOSS,
61,7,1,0,MAIN,1,Kyogre,1,Snover,90.0,46,False,0,END,0.0,0,END,0.0,0.0,False,0,END,True,LOSS,
61,10,3,0,MAIN,8,Kyogre,1,Snover,90.0,45,False,0,ATTACH,39700.0,0,ATTACH,39700.0,0.0,False,0,ATTACH,True,LOSS,
61,11,3,0,MAIN,2,Kyogre,2,Snover,90.0,45,False,0,ATTACK_1042,18104.2,0,ATTACK_1042,18104.2,0.0,False,0,ATTACK_1042,True,LOSS,
61,14,5,0,MAIN,8,Kyogre,2,Snover,90.0,44,False,0,ATTACH,40400.0,0,ATTACH,40400.0,0.0,False,0,ATTACH,True,LOSS,
61,15,5,0,MAIN,4,Kyogre,3,Snover,90.0,44,False,2,ATTACK_1043,18104.3,2,ATTACK_1043,18104.3,0.0,False,2,ATTACK_1043,True,LOSS,
61,16,5,0,TO_HAND,4,Kyogre,3,Snover,90.0,44,False,0,CARD,1000.0,0,CARD,1000.0,0.0,False,0,CARD,True,LOSS,
61,17,5,0,MAIN,3,Kyogre,3,Snover,90.0,44,False,1,ATTACK_1043,18104.3,1,ATTACK_1043,18104.3,0.0,False,1,ATTACK_1043,True,LOSS,
61,20,7,0,MAIN,8,Kyogre,3,Snover,90.0,43,False,0,ATTACH,41100.0,0,ATTACH,41100.0,0.0,False,0,ATTACH,True,LOSS,
61,21,7,0,MAIN,3,Kyogre,4,Snover,90.0,43,False,1,ATTACK_1043,18104.3,1,ATTACK_1043,18104.3,0.0,False,1,ATTACK_1043,True,LOSS,
61,24,9,0,MAIN,8,Kyogre,4,Snover,90.0,42,False,0,ATTACH,41800.0,0,ATTACH,41800.0,0.0,False,0,ATTACH,True,LOSS,
61,25,9,0,MAIN,4,Kyogre,5,Snover,90.0,42,False,2,ATTACK_1043,18104.3,2,ATTACK_1043,18104.3,0.0,False,2,ATTACK_1043,True,LOSS,
61,26,9,0,TO_HAND,4,Kyogre,5,Snover,90.0,42,False,0,CARD,5000.0,0,CARD,5000.0,0.0,False,0,CARD,True,LOSS,
61,27,9,0,MAIN,3,Kyogre,5,Snover,90.0,42,False,1,ATTACK_1043,18104.3,1,ATTACK_1043,18104.3,0.0,False,1,ATTACK_1043,True,LOSS,
61,30,11,0,MAIN,7,Kyogre,5,Snover,90.0,41,False,0,ATTACH,41800.0,0,ATTACH,41800.0,0.0,False,0,ATTACH,True,LOSS,
61,31,11,0,MAIN,3,Kyogre,6,Snover,90.0,41,False,1,ATTACK_1043,18104.3,1,ATTACK_1043,18104.3,0.0,False,1,ATTACK_1043,True,LOSS,
62,2,0,1,SETUP_ACTIVE_POKEMON,1,NONE,0,NONE,0.0,53,False,0,CARD,10000.0,0,CARD,10000.0,0.0,False,0,CARD,True,LOSS,
62,5,1,1,MAIN,5,Snover,0,Kyogre,150.0,46,False,0,ATTACH,39000.0,0,ATTACH,39000.0,0.0,False,0,ATTACH,True,LOSS,
62,6,1,1,MAIN,2,Snover,1,Kyogre,150.0,46,False,0,PLAY,12000.0,0,PLAY,12000.0,0.0,False,0,PLAY,True,LOSS,
62,7,1,1,MAIN,1,Snover,1,Kyogre,150.0,46,False,0,END,0.0,0,END,0.0,0.0,False,0,END,True,LOSS,
62,10,3,1,MAIN,11,Snover,1,Kyogre,150.0,45,False,0,ATTACH,39700.0,0,ATTACH,39700.0,0.0,False,0,ATTACH,True,LOSS,
62,11,3,1,MAIN,6,Snover,2,Kyogre,150.0,45,False,4,ATTACK_1045,18104.5,4,ATTACK_1045,18104.5,0.0,False,4,ATTACK_1045,True,LOSS,
62,12,3,1,MAIN,4,Snover,2,Kyogre,150.0,41,False,2,ATTACK_1045,18104.5,2,ATTACK_1045,18104.5,0.0,False,2,ATTACK_1045,True,LOSS,
62,13,3,1,MAIN,3,Snover,2,Kyogre,150.0,41,False,1,ATTACK_1045,18104.5,1,ATTACK_1045,18104.5,0.0,False,1,ATTACK_1045,True,LOSS,
62,17,5,1,MAIN,23,Snover,2,Kyogre,140.0,40,False,0,ATTACH,40400.0,0,ATTACH,40400.0,0.0,False,0,ATTACH,True,LOSS,
62,18,5,1,MAIN,6,Snover,3,Kyogre,140.0,40,False,3,ATTACK_1045,18104.5,3,ATTACK_1045,18104.5,0.0,False,3,ATTACK_1045,True,LOSS,
62,19,5,1,MAIN,6,Snover,3,Kyogre,140.0,38,False,3,ATTACK_1045,18104.5,3,ATTACK_1045,18104.5,0.0,False,3,ATTACK_1045,True,LOSS,
62,20,5,1,MAIN,5,Snover,3,Kyogre,140.0,38,False,2,ATTACK_1045,18104.5,2,ATTACK_1045,18104.5,0.0,False,2,ATTACK_1045,True,LOSS,
62,21,5,1,MAIN,4,Snover,3,Kyogre,140.0,38,False,1,ATTACK_1045,18104.5,1,ATTACK_1045,18104.5,0.0,False,1,ATTACK_1045,True,LOSS,
62,27,6,1,TO_ACTIVE,4,NONE,0,Kyogre,130.0,38,False,0,CARD,5000.0,0,CARD,5000.0,0.0,False,0,CARD,True,LOSS,
62,28,7,1,MAIN,20,Snover,0,Kyogre,130.0,37,False,1,ATTACH,39000.0,1,ATTACH,39000.0,0.0,False,1,ATTACH,True,LOSS,
62,29,7,1,ATTACH_TO,4,Snover,0,Kyogre,130.0,31,False,0,CARD,5000.0,0,CARD,5000.0,0.0,False,0,CARD,True,LOSS,
62,30,7,1,MAIN,17,Snover,0,Kyogre,130.0,37,False,0,ATTACH,39000.0,0,ATTACH,39000.0,0.0,False,0,ATTACH,True,LOSS,
62,31,7,1,MAIN,2,Snover,1,Kyogre,130.0,37,False,0,ATTACK_1044,18104.4,0,ATTACK_1044,18104.4,0.0,False,0,ATTACK_1044,True,LOSS,
62,34,9,1,MAIN,20,Snover,1,Kyogre,120.0,36,False,0,ATTACH,39700.0,0,ATTACH,39700.0,0.0,False,0,ATTACH,True,LOSS,
62,35,9,1,MAIN,5,Snover,2,Kyogre,120.0,36,False,3,ATTACK_1045,18104.5,3,ATTACK_1045,18104.5,0.0,False,3,ATTACK_1045,True,LOSS,
62,36,9,1,ATTACH_TO,3,Snover,2,Kyogre,120.0,30,False,0,CARD,5000.0,0,CARD,5000.0,0.0,False,0,CARD,True,LOSS,
62,37,9,1,MAIN,3,Snover,2,Kyogre,120.0,36,False,1,ATTACK_1045,18104.5,1,ATTACK_1045,18104.5,0.0,False,1,ATTACK_1045,True,LOSS,
62,43,10,1,TO_ACTIVE,3,NONE,0,Kyogre,110.0,36,False,0,CARD,5000.0,0,CARD,5000.0,0.0,False,0,CARD,True,LOSS,
62,44,11,1,MAIN,14,Snover,0,Kyogre,110.0,35,False,0,ATTACH,39000.0,0,ATTACH,39000.0,0.0,False,0,ATTACH,True,LOSS,
62,45,11,1,MAIN,3,Snover,1,Kyogre,110.0,35,False,1,ATTACK_1044,18104.4,1,ATTACK_1044,18104.4,0.0,False,1,ATTACK_1044,True,LOSS,
62,46,11,1,ATTACH_TO,4,Snover,1,Kyogre,110.0,29,False,0,CARD,5000.0,0,CARD,5000.0,0.0,False,0,CARD,True,LOSS,
62,47,11,1,MAIN,2,Snover,1,Kyogre,110.0,35,False,0,ATTACK_1044,18104.4,0,ATTACK_1044,18104.4,0.0,False,0,ATTACK_1044,True,LOSS,
62,50,13,1,MAIN,14,Snover,1,Kyogre,100.0,34,False,0,ATTACH,39700.0,0,ATTACH,39700.0,0.0,False,0,ATTACH,True,LOSS,
62,51,13,1,MAIN,6,Snover,2,Kyogre,100.0,34,False,0,ATTACH,40400.0,0,ATTACH,40400.0,0.0,False,0,ATTACH,True,LOSS,
62,52,13,1,MAIN,3,Snover,2,Kyogre,100.0,34,False,1,ATTACK_1045,18104.5,1,ATTACK_1045,18104.5,0.0,False,1,ATTACK_1045,True,LOSS,
62,58,14,1,TO_ACTIVE,2,NONE,0,Kyogre,90.0,34,False,0,CARD,5000.0,0,CARD,5000.0,0.0,False,0,CARD,True,LOSS,
62,59,15,1,MAIN,7,Snover,0,Kyogre,90.0,33,False,0,ATTACH,39000.0,0,ATTACH,39000.0,0.0,False,0,ATTACH,True,LOSS,
62,60,15,1,MAIN,2,Snover,1,Kyogre,90.0,33,False,0,ATTACK_1044,18104.4,0,ATTACK_1044,18104.4,0.0,False,0,ATTACK_1044,True,LOSS,
62,63,17,1,MAIN,8,Snover,1,Kyogre,80.0,32,False,0,ATTACH,39700.0,0,ATTACH,39700.0,0.0,False,0,ATTACH,True,LOSS,
62,64,17,1,MAIN,3,Snover,2,Kyogre,80.0,32,False,1,ATTACK_1045,18104.5,1,ATTACK_1045,18104.5,0.0,False,1,ATTACK_1045,True,LOSS,
62,70,18,1,TO_ACTIVE,1,NONE,0,Kyogre,70.0,32,False,0,CARD,5000.0,0,CARD,5000.0,0.0,False,0,CARD,True,LOSS,
62,71,19,1,MAIN,4,Kyogre,0,Kyogre,70.0,31,False,0,ATTACH,39000.0,0,ATTACH,39000.0,0.0,False,0,ATTACH,True,LOSS,
62,72,19,1,MAIN,2,Kyogre,1,Kyogre,70.0,31,False,0,ATTACK_1042,18104.2,0,ATTACK_1042,18104.2,0.0,False,0,ATTACK_1042,True,LOSS,
62,73,19,1,TO_HAND,6,Kyogre,1,NONE,0.0,40,False,2,CARD,10000.0,2,CARD,10000.0,0.0,False,2,CARD,True,LOSS,
62,80,21,1,MAIN,6,Kyogre,1,Mega Abomasnow ex,350.0,39,False,0,ATTACH,39700.0,0,ATTACH,39700.0,0.0,False,0,ATTACH,True,LOSS,
62,81,21,1,MAIN,2,Kyogre,2,Mega Abomasnow ex,350.0,39,False,0,ATTACK_1042,18104.2,0,ATTACK_1042,18104.2,0.0,False,0,ATTACK_1042,True,LOSS,
63,0,0,0,IS_FIRST,2,NONE,0,NONE,0.0,60,False,1,NO,5000.0,1,NO,5000.0,0.0,False,1,NO,True,WIN,
63,1,0,0,SETUP_ACTIVE_POKEMON,1,NONE,0,NONE,0.0,53,False,0,CARD,10000.0,0,CARD,10000.0,0.0,False,0,CARD,True,WIN,
63,3,1,0,MAIN,6,Snover,0,Snover,90.0,46,False,1,ATTACH,39000.0,1,ATTACH,39000.0,0.0,False,1,ATTACH,True,WIN,
63,4,1,0,TO_HAND,4,Snover,0,Snover,90.0,46,False,0,CARD,1000.0,0,CARD,1000.0,0.0,False,0,CARD,True,WIN,
63,5,1,0,MAIN,5,Snover,0,Snover,90.0,46,False,0,ATTACH,39000.0,0,ATTACH,39000.0,0.0,False,0,ATTACH,True,WIN,
63,6,1,0,MAIN,1,Snover,1,Snover,90.0,46,False,0,END,0.0,0,END,0.0,0.0,False,0,END,True,WIN,
63,9,3,0,MAIN,8,Snover,1,Snover,90.0,45,False,1,ATTACH,39700.0,1,ATTACH,39700.0,0.0,False,1,ATTACH,True,WIN,
63,10,3,0,ATTACH_TO,5,Snover,1,Snover,90.0,39,False,0,CARD,5000.0,0,CARD,5000.0,0.0,False,0,CARD,True,WIN,
63,11,3,0,MAIN,6,Snover,1,Snover,90.0,45,False,0,ATTACH,39700.0,0,ATTACH,39700.0,0.0,False,0,ATTACH,True,WIN,
63,12,3,0,MAIN,3,Snover,2,Snover,90.0,45,False,1,ATTACK_1045,18104.5,1,ATTACK_1045,18104.5,0.0,False,1,ATTACK_1045,True,WIN,
63,15,5,0,MAIN,8,Snover,2,Snover,80.0,44,False,4,EVOLVE,71000.0,4,EVOLVE,71000.0,0.0,False,4,EVOLVE,True,WIN,
63,16,5,0,MAIN,5,Snover,3,Snover,80.0,44,False,1,EVOLVE,71500.0,1,EVOLVE,71500.0,0.0,False,1,EVOLVE,True,WIN,
63,17,5,0,TO_HAND,3,Snover,3,Snover,80.0,44,False,1,CARD,10000.0,1,CARD,10000.0,0.0,False,1,CARD,True,WIN,
63,18,5,0,MAIN,4,Snover,3,Snover,80.0,44,False,0,EVOLVE,71500.0,0,EVOLVE,71500.0,0.0,False,0,EVOLVE,True,WIN,
63,19,5,0,MAIN,3,Mega Abomasnow ex,3,Snover,80.0,44,True,1,ATTACK_1047,18104.7,1,ATTACK_1047,28104.7,0.0,False,1,ATTACK_1047,True,WIN,
63,20,5,0,TO_HAND,6,Mega Abomasnow ex,3,NONE,0.0,38,False,5,CARD,10000.0,5,CARD,10000.0,0.0,False,5,CARD,True,WIN,
64,1,0,1,SETUP_ACTIVE_POKEMON,1,NONE,0,NONE,0.0,53,False,0,CARD,10000.0,0,CARD,10000.0,0.0,False,0,CARD,True,WIN,
64,3,1,1,MAIN,5,Snover,0,Snover,90.0,46,False,0,ATTACH,39000.0,0,ATTACH,39000.0,0.0,False,0,ATTACH,True,WIN,
64,4,1,1,MAIN,1,Snover,1,Snover,90.0,46,False,0,END,0.0,0,END,0.0,0.0,False,0,END,True,WIN,
64,8,3,1,MAIN,9,Snover,1,Snover,90.0,45,False,5,EVOLVE,70500.0,5,EVOLVE,70500.0,0.0,False,5,EVOLVE,True,WIN,
64,9,3,1,TO_HAND,3,Snover,1,Snover,90.0,45,False,0,CARD,1000.0,0,CARD,1000.0,0.0,False,0,CARD,True,WIN,
64,10,3,1,MAIN,7,Snover,1,Snover,90.0,45,False,3,EVOLVE,70500.0,3,EVOLVE,70500.0,0.0,False,3,EVOLVE,True,WIN,
64,11,3,1,MAIN,4,Snover,2,Snover,90.0,45,False,0,EVOLVE,71000.0,0,EVOLVE,71000.0,0.0,False,0,EVOLVE,True,WIN,
64,12,3,1,MAIN,2,Mega Abomasnow ex,2,Snover,90.0,45,False,0,ATTACK_1046,18104.6,0,ATTACK_1046,18104.6,0.0,False,0,ATTACK_1046,True,WIN,
64,13,3,1,TO_HAND,6,Mega Abomasnow ex,2,NONE,0.0,39,False,0,CARD,5000.0,0,CARD,5000.0,0.0,False,0,CARD,True,WIN,
65,0,0,0,IS_FIRST,2,NONE,0,NONE,0.0,60,False,1,NO,5000.0,1,NO,5000.0,0.0,False,1,NO,True,WIN,
65,1,0,0,SETUP_ACTIVE_POKEMON,1,NONE,0,NONE,0.0,53,False,0,CARD,10000.0,0,CARD,10000.0,0.0,False,0,CARD,True,WIN,
65,3,0,0,DRAW_COUNT,5,NONE,0,NONE,0.0,47,False,4,NUMBER,4.0,4,NUMBER,4.0,0.0,False,4,NUMBER,True,WIN,
65,4,1,0,MAIN,6,Snover,0,Kyogre,150.0,46,False,1,ATTACH,39000.0,1,ATTACH,39000.0,0.0,False,1,ATTACH,True,WIN,
65,5,1,0,TO_HAND,3,Snover,0,Kyogre,150.0,46,False,0,CARD,1000.0,0,CARD,1000.0,0.0,False,0,CARD,True,WIN,
65,6,1,0,MAIN,5,Snover,0,Kyogre,150.0,46,False,0,ATTACH,39000.0,0,ATTACH,39000.0,0.0,False,0,ATTACH,True,WIN,
65,7,1,0,MAIN,1,Snover,1,Kyogre,150.0,46,False,0,END,0.0,0,END,0.0,0.0,False,0,END,True,WIN,
65,10,3,0,MAIN,8,Snover,1,Kyogre,150.0,45,False,1,EVOLVE,70500.0,1,EVOLVE,70500.0,0.0,False,1,EVOLVE,True,WIN,
65,11,3,0,ATTACH_TO,6,Snover,1,Kyogre,150.0,39,False,0,CARD,10000.0,0,CARD,10000.0,0.0,False,0,CARD,True,WIN,
65,12,3,0,MAIN,7,Snover,1,Kyogre,150.0,45,False,0,EVOLVE,70500.0,0,EVOLVE,70500.0,0.0,False,0,EVOLVE,True,WIN,
65,13,3,0,MAIN,5,Mega Abomasnow ex,1,Kyogre,150.0,45,False,0,ATTACH,39700.0,0,ATTACH,39700.0,0.0,False,0,ATTACH,True,WIN,
65,14,3,0,MAIN,3,Mega Abomasnow ex,2,Kyogre,150.0,45,False,1,ATTACK_1046,18104.6,1,ATTACK_1046,18104.6,0.0,False,1,ATTACK_1046,True,WIN,
65,15,3,0,TO_HAND,3,Mega Abomasnow ex,2,Kyogre,150.0,45,False,0,CARD,1000.0,0,CARD,1000.0,0.0,False,0,CARD,True,WIN,
65,16,3,0,MAIN,2,Mega Abomasnow ex,2,Kyogre,150.0,45,False,0,ATTACK_1046,18104.6,0,ATTACK_1046,18104.6,0.0,False,0,ATTACK_1046,True,WIN,
65,17,3,0,TO_HAND,6,Mega Abomasnow ex,2,NONE,0.0,39,False,3,CARD,10000.0,3,CARD,10000.0,0.0,False,3,CARD,True,WIN,
66,1,0,1,SETUP_ACTIVE_POKEMON,1,NONE,0,NONE,0.0,53,False,0,CARD,10000.0,0,CARD,10000.0,0.0,False,0,CARD,True,LOSS,
66,3,1,1,MAIN,6,Snover,0,Snover,90.0,46,False,0,ATTACH,39000.0,0,ATTACH,39000.0,0.0,False,0,ATTACH,True,LOSS,
66,4,1,1,MAIN,2,Snover,1,Snover,90.0,46,False,0,PLAY,12000.0,0,PLAY,12000.0,0.0,False,0,PLAY,True,LOSS,
66,5,1,1,TO_HAND,4,Snover,1,Snover,90.0,46,False,0,CARD,5000.0,0,CARD,5000.0,0.0,False,0,CARD,True,LOSS,
66,6,1,1,MAIN,1,Snover,1,Snover,90.0,46,False,0,END,0.0,0,END,0.0,0.0,False,0,END,True,LOSS,
66,9,3,1,MAIN,8,Snover,1,Snover,90.0,45,False,0,ATTACH,39700.0,0,ATTACH,39700.0,0.0,False,0,ATTACH,True,LOSS,
66,10,3,1,MAIN,6,Snover,2,Snover,90.0,45,False,4,ATTACK_1045,18104.5,4,ATTACK_1045,18104.5,0.0,False,4,ATTACK_1045,True,LOSS,
66,11,3,1,ATTACH_TO,5,Snover,2,Snover,90.0,39,False,0,CARD,5000.0,0,CARD,5000.0,0.0,False,0,CARD,True,LOSS,
66,12,3,1,MAIN,4,Snover,2,Snover,90.0,45,False,2,ATTACK_1045,18104.5,2,ATTACK_1045,18104.5,0.0,False,2,ATTACK_1045,True,LOSS,
66,13,3,1,TO_HAND,4,Snover,2,Snover,90.0,45,False,0,CARD,5000.0,0,CARD,5000.0,0.0,False,0,CARD,True,LOSS,
66,14,3,1,MAIN,3,Snover,2,Snover,90.0,45,False,1,ATTACK_1045,18104.5,1,ATTACK_1045,18104.5,0.0,False,1,ATTACK_1045,True,LOSS,
67,0,0,0,IS_FIRST,2,NONE,0,NONE,0.0,60,False,1,NO,5000.0,1,NO,5000.0,0.0,False,1,NO,True,LOSS,
67,1,0,0,SETUP_ACTIVE_POKEMON,1,NONE,0,NONE,0.0,53,False,0,CARD,10000.0,0,CARD,10000.0,0.0,False,0,CARD,True,LOSS,
67,4,1,0,MAIN,6,Snover,0,Snover,90.0,46,False,0,ATTACH,39000.0,0,ATTACH,39000.0,0.0,False,0,ATTACH,True,LOSS,
67,5,1,0,MAIN,1,Snover,1,Snover,90.0,46,False,0,END,0.0,0,END,0.0,0.0,False,0,END,True,LOSS,
67,8,3,0,MAIN,9,Snover,1,Snover,90.0,45,False,3,EVOLVE,70500.0,3,EVOLVE,70500.0,0.0,False,3,EVOLVE,True,LOSS,
67,9,3,0,MAIN,5,Snover,2,Snover,90.0,45,False,1,EVOLVE,71000.0,1,EVOLVE,71000.0,0.0,False,1,EVOLVE,True,LOSS,
67,10,3,0,MAIN,6,Snover,2,Snover,90.0,42,False,1,ATTACH,40400.0,1,ATTACH,40400.0,0.0,False,1,ATTACH,True,LOSS,
67,11,3,0,TO_HAND,4,Snover,2,Snover,90.0,42,False,0,CARD,5000.0,0,CARD,5000.0,0.0,False,0,CARD,True,LOSS,
67,12,3,0,MAIN,5,Snover,2,Snover,90.0,42,False,0,ATTACH,40400.0,0,ATTACH,40400.0,0.0,False,0,ATTACH,True,LOSS,
67,13,3,0,MAIN,4,Snover,2,Snover,90.0,42,False,2,ATTACK_1045,18104.5,2,ATTACK_1045,18104.5,0.0,False,2,ATTACK_1045,True,LOSS,
67,14,3,0,TO_HAND,4,Snover,2,Snover,90.0,42,False,0,CARD,5000.0,0,CARD,5000.0,0.0,False,0,CARD,True,LOSS,
67,15,3,0,MAIN,3,Snover,2,Snover,90.0,42,False,1,ATTACK_1045,18104.5,1,ATTACK_1045,18104.5,0.0,False,1,ATTACK_1045,True,LOSS,
68,1,0,1,SETUP_ACTIVE_POKEMON,1,NONE,0,NONE,0.0,53,False,0,CARD,10000.0,0,CARD,10000.0,0.0,False,0,CARD,True,LOSS,
68,4,1,1,MAIN,6,Snover,0,Snover,90.0,46,False,0,ATTACH,39000.0,0,ATTACH,39000.0,0.0,False,0,ATTACH,True,LOSS,
68,5,1,1,MAIN,1,Snover,1,Snover,90.0,46,False,0,END,0.0,0,END,0.0,0.0,False,0,END,True,LOSS,
68,8,3,1,MAIN,9,Snover,1,Snover,90.0,45,False,0,ATTACH,39700.0,0,ATTACH,39700.0,0.0,False,0,ATTACH,True,LOSS,
68,9,3,1,MAIN,5,Snover,2,Snover,90.0,45,False,3,ATTACK_1045,18104.5,3,ATTACK_1045,18104.5,0.0,False,3,ATTACK_1045,True,LOSS,
68,10,3,1,ATTACH_TO,2,Snover,2,Snover,90.0,39,False,0,CARD,5000.0,0,CARD,5000.0,0.0,False,0,CARD,True,LOSS,
68,11,3,1,MAIN,3,Snover,2,Snover,90.0,45,False,1,ATTACK_1045,18104.5,1,ATTACK_1045,18104.5,0.0,False,1,ATTACK_1045,True,LOSS,
69,0,0,0,IS_FIRST,2,NONE,0,NONE,0.0,60,False,1,NO,5000.0,1,NO,5000.0,0.0,False,1,NO,True,WIN,
69,2,0,0,SETUP_ACTIVE_POKEMON,1,NONE,0,NONE,0.0,53,False,0,CARD,10000.0,0,CARD,10000.0,0.0,False,0,CARD,True,WIN,
69,4,1,0,MAIN,7,Kyogre,0,Snover,90.0,46,False,0,ATTACH,39000.0,0,ATTACH,39000.0,0.0,False,0,ATTACH,True,WIN,
69,5,1,0,MAIN,2,Kyogre,1,Snover,90.0,46,False,0,PLAY,12000.0,0,PLAY,12000.0,0.0,False,0,PLAY,True,WIN,
69,6,1,0,TO_HAND,3,Kyogre,1,Snover,90.0,46,False,0,CARD,1000.0,0,CARD,1000.0,0.0,False,0,CARD,True,WIN,
69,7,1,0,MAIN,1,Kyogre,1,Snover,90.0,46,False,0,END,0.0,0,END,0.0,0.0,False,0,END,True,WIN,
69,10,3,0,MAIN,7,Kyogre,1,Snover,90.0,45,False,0,ATTACH,39700.0,0,ATTACH,39700.0,0.0,False,0,ATTACH,True,WIN,
69,11,3,0,MAIN,2,Kyogre,2,Snover,90.0,45,False,0,ATTACK_1042,18104.2,0,ATTACK_1042,18104.2,0.0,False,0,ATTACK_1042,True,WIN,
69,14,5,0,MAIN,7,Kyogre,2,Snover,90.0,44,False,0,ATTACH,40400.0,0,ATTACH,40400.0,0.0,False,0,ATTACH,True,WIN,
69,15,5,0,MAIN,3,Kyogre,3,Snover,90.0,44,False,1,ATTACK_1043,18104.3,1,ATTACK_1043,18104.3,0.0,False,1,ATTACK_1043,True,WIN,
69,18,7,0,MAIN,8,Kyogre,3,Snover,90.0,43,False,0,ATTACH,41100.0,0,ATTACH,41100.0,0.0,False,0,ATTACH,True,WIN,
69,19,7,0,MAIN,3,Kyogre,4,Snover,90.0,43,False,1,ATTACK_1043,18104.3,1,ATTACK_1043,18104.3,0.0,False,1,ATTACK_1043,True,WIN,
69,22,9,0,MAIN,8,Kyogre,4,Snover,90.0,42,False,0,ATTACH,41800.0,0,ATTACH,41800.0,0.0,False,0,ATTACH,True,WIN,
69,23,9,0,MAIN,4,Kyogre,5,Snover,90.0,42,False,2,ATTACK_1043,18104.3,2,ATTACK_1043,18104.3,0.0,False,2,ATTACK_1043,True,WIN,
69,24,9,0,MAIN,4,Kyogre,5,Snover,90.0,42,False,2,RETREAT,30000.0,2,RETREAT,30000.0,0.0,False,2,RETREAT,True,WIN,
69,27,11,0,MAIN,13,Kyogre,5,Snover,90.0,41,False,0,EVOLVE,70000.0,0,EVOLVE,70000.0,0.0,False,0,EVOLVE,True,WIN,
69,28,11,0,MAIN,12,Kyogre,5,Snover,90.0,41,False,0,ATTACH,41800.0,0,ATTACH,41800.0,0.0,False,0,ATTACH,True,WIN,
69,29,11,0,MAIN,4,Kyogre,6,Snover,90.0,41,False,2,RETREAT,30000.0,2,RETREAT,30000.0,0.0,False,2,RETREAT,True,WIN,
69,33,12,0,TO_ACTIVE,1,NONE,0,Snover,90.0,41,False,0,CARD,5000.0,0,CARD,5000.0,0.0,False,0,CARD,True,WIN,
69,34,13,0,MAIN,5,Mega Abomasnow ex,0,Snover,90.0,40,False,0,ATTACH,39000.0,0,ATTACH,39000.0,0.0,False,0,ATTACH,True,WIN,
69,35,13,0,MAIN,1,Mega Abomasnow ex,1,Snover,90.0,40,False,0,END,0.0,0,END,0.0,0.0,False,0,END,True,WIN,
69,38,15,0,MAIN,5,Mega Abomasnow ex,1,Snover,90.0,39,False,0,ATTACH,39700.0,0,ATTACH,39700.0,0.0,False,0,ATTACH,True,WIN,
69,39,15,0,MAIN,2,Mega Abomasnow ex,2,Snover,90.0,39,False,0,ATTACK_1046,18104.6,0,ATTACK_1046,18104.6,0.0,False,0,ATTACK_1046,True,WIN,
69,40,15,0,TO_HAND,6,Mega Abomasnow ex,2,NONE,0.0,33,False,0,CARD,5000.0,0,CARD,5000.0,0.0,False,0,CARD,True,WIN,
70,1,0,1,SETUP_ACTIVE_POKEMON,3,NONE,0,NONE,0.0,53,False,0,CARD,10000.0,0,CARD,10000.0,0.0,False,0,CARD,True,WIN,
70,3,0,1,DRAW_COUNT,2,NONE,0,NONE,0.0,47,False,1,NUMBER,1.0,1,NUMBER,1.0,0.0,False,1,NUMBER,True,WIN,
70,4,0,1,SETUP_BENCH_POKEMON,2,NONE,0,NONE,0.0,47,False,0,CARD,10000.0,0,CARD,10000.0,0.0,False,0,CARD,True,WIN,
70,5,1,1,MAIN,7,Snover,0,Snover,90.0,46,False,0,ATTACH,39000.0,0,ATTACH,39000.0,0.0,False,0,ATTACH,True,WIN,
70,6,1,1,MAIN,3,Snover,1,Snover,90.0,46,False,0,PLAY,12000.0,0,PLAY,12000.0,0.0,False,0,PLAY,True,WIN,
70,7,1,1,MAIN,2,Snover,1,Snover,90.0,46,False,0,PLAY,12000.0,0,PLAY,12000.0,0.0,False,0,PLAY,True,WIN,
70,8,1,1,MAIN,1,Snover,1,Snover,90.0,46,False,0,END,0.0,0,END,0.0,0.0,False,0,END,True,WIN,
70,11,3,1,MAIN,13,Snover,1,Snover,90.0,45,False,0,ATTACH,39700.0,0,ATTACH,39700.0,0.0,False,0,ATTACH,True,WIN,
70,12,3,1,MAIN,5,Snover,2,Snover,90.0,45,False,3,ATTACK_1045,18104.5,3,ATTACK_1045,18104.5,0.0,False,3,ATTACK_1045,True,WIN,
70,13,3,1,ATTACH_TO,3,Snover,2,Snover,90.0,39,False,0,CARD,5000.0,0,CARD,5000.0,0.0,False,0,CARD,True,WIN,
70,14,3,1,MAIN,3,Snover,2,Snover,90.0,45,False,1,ATTACK_1045,18104.5,1,ATTACK_1045,18104.5,0.0,False,1,ATTACK_1045,True,WIN,
70,19,4,1,TO_ACTIVE,2,NONE,0,Mega Abomasnow ex,340.0,45,False,0,CARD,5000.0,0,CARD,5000.0,0.0,False,0,CARD,True,WIN,
70,20,5,1,MAIN,7,Snover,0,Mega Abomasnow ex,340.0,44,False,0,ATTACH,39000.0,0,ATTACH,39000.0,0.0,False,0,ATTACH,True,WIN,
70,21,5,1,MAIN,4,Snover,1,Mega Abomasnow ex,340.0,44,False,2,ATTACK_1044,18104.4,2,ATTACK_1044,18104.4,0.0,False,2,ATTACK_1044,True,WIN,
70,22,5,1,TO_HAND,4,Snover,1,Mega Abomasnow ex,340.0,44,False,0,CARD,5000.0,0,CARD,5000.0,0.0,False,0,CARD,True,WIN,
70,23,5,1,MAIN,2,Snover,1,Mega Abomasnow ex,340.0,44,False,0,ATTACK_1044,18104.4,0,ATTACK_1044,18104.4,0.0,False,0,ATTACK_1044,True,WIN,
70,27,6,1,TO_ACTIVE,1,NONE,0,Mega Abomasnow ex,330.0,44,False,0,CARD,5000.0,0,CARD,5000.0,0.0,False,0,CARD,True,WIN,
70,28,7,1,MAIN,4,Snover,0,Mega Abomasnow ex,330.0,43,False,2,EVOLVE,70000.0,2,EVOLVE,70000.0,0.0,False,2,EVOLVE,True,WIN,
70,29,7,1,MAIN,4,Snover,1,Mega Abomasnow ex,330.0,43,False,1,EVOLVE,70500.0,1,EVOLVE,70500.0,0.0,False,1,EVOLVE,True,WIN,
70,30,7,1,MAIN,5,Snover,1,Mega Abomasnow ex,330.0,36,False,0,EVOLVE,70500.0,0,EVOLVE,70500.0,0.0,False,0,EVOLVE,True,WIN,
70,31,7,1,MAIN,2,Mega Abomasnow ex,1,Mega Abomasnow ex,330.0,36,False,0,ATTACH,39700.0,0,ATTACH,39700.0,0.0,False,0,ATTACH,True,WIN,
70,32,7,1,MAIN,1,Mega Abomasnow ex,1,Mega Abomasnow ex,330.0,36,False,0,END,0.0,0,END,0.0,0.0,False,0,END,True,WIN,
70,35,9,1,MAIN,7,Mega Abomasnow ex,1,Mega Abomasnow ex,330.0,35,False,0,ATTACH,39700.0,0,ATTACH,39700.0,0.0,False,0,ATTACH,True,WIN,
70,36,9,1,MAIN,2,Mega Abomasnow ex,2,Mega Abomasnow ex,330.0,35,False,0,ATTACK_1046,18104.6,0,ATTACK_1046,18104.6,0.0,False,0,ATTACK_1046,True,WIN,
70,37,9,1,TO_HAND,6,Mega Abomasnow ex,2,NONE,0.0,29,False,0,CARD,10000.0,0,CARD,10000.0,0.0,False,0,CARD,True,WIN,
71,0,0,0,IS_FIRST,2,NONE,0,NONE,0.0,60,False,1,NO,5000.0,1,NO,5000.0,0.0,False,1,NO,True,WIN,
71,1,0,0,SETUP_ACTIVE_POKEMON,1,NONE,0,NONE,0.0,53,False,0,CARD,10000.0,0,CARD,10000.0,0.0,False,0,CARD,True,WIN,
71,3,0,0,DRAW_COUNT,3,NONE,0,NONE,0.0,47,False,2,NUMBER,2.0,2,NUMBER,2.0,0.0,False,2,NUMBER,True,WIN,
71,4,1,0,MAIN,5,Snover,0,Kyogre,150.0,46,False,0,ATTACH,39000.0,0,ATTACH,39000.0,0.0,False,0,ATTACH,True,WIN,
71,5,1,0,MAIN,1,Snover,1,Kyogre,150.0,46,False,0,END,0.0,0,END,0.0,0.0,False,0,END,True,WIN,
71,8,3,0,MAIN,9,Snover,1,Kyogre,150.0,45,False,2,EVOLVE,70500.0,2,EVOLVE,70500.0,0.0,False,2,EVOLVE,True,WIN,
71,9,3,0,MAIN,6,Snover,2,Kyogre,150.0,45,False,0,EVOLVE,71000.0,0,EVOLVE,71000.0,0.0,False,0,EVOLVE,True,WIN,
71,10,3,0,MAIN,4,Mega Abomasnow ex,2,Kyogre,150.0,45,False,2,ATTACK_1046,18104.6,2,ATTACK_1046,18104.6,0.0,False,2,ATTACK_1046,True,WIN,
71,11,3,0,MAIN,3,Mega Abomasnow ex,2,Kyogre,150.0,41,False,1,ATTACK_1046,18104.6,1,ATTACK_1046,18104.6,0.0,False,1,ATTACK_1046,True,WIN,
71,12,3,0,TO_HAND,3,Mega Abomasnow ex,2,Kyogre,150.0,41,False,0,CARD,1000.0,0,CARD,1000.0,0.0,False,0,CARD,True,WIN,
71,13,3,0,MAIN,2,Mega Abomasnow ex,2,Kyogre,150.0,41,False,0,ATTACK_1046,18104.6,0,ATTACK_1046,18104.6,0.0,False,0,ATTACK_1046,True,WIN,
71,14,3,0,TO_HAND,6,Mega Abomasnow ex,2,NONE,0.0,35,False,0,CARD,5000.0,0,CARD,5000.0,0.0,False,0,CARD,True,WIN,
72,1,0,1,SETUP_ACTIVE_POKEMON,1,NONE,0,NONE,0.0,53,False,0,CARD,10000.0,0,CARD,10000.0,0.0,False,0,CARD,True,WIN,
72,3,0,1,DRAW_COUNT,3,NONE,0,NONE,0.0,47,False,2,NUMBER,2.0,2,NUMBER,2.0,0.0,False,2,NUMBER,True,WIN,
72,4,1,1,MAIN,6,Snover,0,Snover,90.0,46,False,0,ATTACH,39000.0,0,ATTACH,39000.0,0.0,False,0,ATTACH,True,WIN,
72,5,1,1,MAIN,2,Snover,1,Snover,90.0,46,False,0,PLAY,12000.0,0,PLAY,12000.0,0.0,False,0,PLAY,True,WIN,
72,6,1,1,TO_HAND,3,Snover,1,Snover,90.0,46,False,0,CARD,1000.0,0,CARD,1000.0,0.0,False,0,CARD,True,WIN,
72,7,1,1,MAIN,1,Snover,1,Snover,90.0,46,False,0,END,0.0,0,END,0.0,0.0,False,0,END,True,WIN,
72,10,3,1,MAIN,8,Snover,1,Snover,90.0,45,False,3,EVOLVE,70500.0,3,EVOLVE,70500.0,0.0,False,3,EVOLVE,True,WIN,
72,11,3,1,ATTACH_TO,5,Snover,1,Snover,90.0,39,False,2,CARD,10000.0,2,CARD,10000.0,0.0,False,2,CARD,True,WIN,
72,12,3,1,MAIN,7,Snover,1,Snover,90.0,45,False,2,EVOLVE,70500.0,2,EVOLVE,70500.0,0.0,False,2,EVOLVE,True,WIN,
72,13,3,1,MAIN,4,Snover,2,Snover,90.0,45,False,0,EVOLVE,71000.0,0,EVOLVE,71000.0,0.0,False,0,EVOLVE,True,WIN,
72,14,3,1,MAIN,2,Mega Abomasnow ex,2,Snover,90.0,45,False,0,ATTACK_1046,18104.6,0,ATTACK_1046,18104.6,0.0,False,0,ATTACK_1046,True,WIN,
72,15,3,1,TO_HAND,6,Mega Abomasnow ex,2,NONE,0.0,39,False,5,CARD,10000.0,5,CARD,10000.0,0.0,False,5,CARD,True,WIN,
73,0,0,0,IS_FIRST,2,NONE,0,NONE,0.0,60,False,1,NO,5000.0,1,NO,5000.0,0.0,False,1,NO,True,LOSS,
73,2,0,0,SETUP_ACTIVE_POKEMON,1,NONE,0,NONE,0.0,53,False,0,CARD,10000.0,0,CARD,10000.0,0.0,False,0,CARD,True,LOSS,
73,5,1,0,MAIN,7,Snover,0,Snover,90.0,46,False,0,ATTACH,39000.0,0,ATTACH,39000.0,0.0,False,0,ATTACH,True,LOSS,
73,6,1,0,MAIN,1,Snover,1,Snover,90.0,46,False,0,END,0.0,0,END,0.0,0.0,False,0,END,True,LOSS,
73,9,3,0,MAIN,9,Snover,1,Snover,90.0,45,False,0,ATTACH,39700.0,0,ATTACH,39700.0,0.0,False,0,ATTACH,True,LOSS,
73,10,3,0,MAIN,4,Snover,2,Snover,90.0,45,False,2,ATTACK_1045,18104.5,2,ATTACK_1045,18104.5,0.0,False,2,ATTACK_1045,True,LOSS,
73,11,3,0,ATTACH_TO,3,Snover,2,Snover,90.0,39,False,0,CARD,5000.0,0,CARD,5000.0,0.0,False,0,CARD,True,LOSS,
73,12,3,0,MAIN,3,Snover,2,Snover,90.0,45,False,1,ATTACK_1045,18104.5,1,ATTACK_1045,18104.5,0.0,False,1,ATTACK_1045,True,LOSS,
74,1,0,1,SETUP_ACTIVE_POKEMON,2,NONE,0,NONE,0.0,53,False,0,CARD,10000.0,0,CARD,10000.0,0.0,False,0,CARD,True,LOSS,
74,3,0,1,SETUP_BENCH_POKEMON,1,NONE,0,NONE,0.0,47,False,0,CARD,10000.0,0,CARD,10000.0,0.0,False,0,CARD,True,LOSS,
74,5,1,1,MAIN,6,Kyogre,0,Snover,90.0,46,False,0,ATTACH,39000.0,0,ATTACH,39000.0,0.0,False,0,ATTACH,True,LOSS,
74,6,1,1,MAIN,2,Kyogre,1,Snover,90.0,46,False,0,PLAY,12000.0,0,PLAY,12000.0,0.0,False,0,PLAY,True,LOSS,
74,7,1,1,MAIN,1,Kyogre,1,Snover,90.0,46,False,0,END,0.0,0,END,0.0,0.0,False,0,END,True,LOSS,
74,11,3,1,MAIN,10,Kyogre,1,Snover,90.0,45,False,0,ATTACH,39700.0,0,ATTACH,39700.0,0.0,False,0,ATTACH,True,LOSS,
74,12,3,1,MAIN,4,Kyogre,2,Snover,90.0,45,False,2,ATTACK_1042,18104.2,2,ATTACK_1042,18104.2,0.0,False,2,ATTACK_1042,True,LOSS,
74,13,3,1,ATTACH_TO,3,Kyogre,2,Snover,90.0,39,False,1,CARD,10000.0,1,CARD,10000.0,0.0,False,1,CARD,True,LOSS,
74,14,3,1,MAIN,2,Kyogre,2,Snover,90.0,45,False,0,ATTACK_1042,18104.2,0,ATTACK_1042,18104.2,0.0,False,0,ATTACK_1042,True,LOSS,
74,17,5,1,MAIN,7,Kyogre,2,Snover,90.0,44,False,0,ATTACH,40400.0,0,ATTACH,40400.0,0.0,False,0,ATTACH,True,LOSS,
74,18,5,1,MAIN,5,Kyogre,3,Snover,90.0,44,False,2,ATTACK_1043,18104.3,2,ATTACK_1043,18104.3,0.0,False,2,ATTACK_1043,True,LOSS,
74,19,5,1,MAIN,7,Kyogre,3,Snover,90.0,39,False,4,ATTACK_1043,18104.3,4,ATTACK_1043,18104.3,0.0,False,4,ATTACK_1043,True,LOSS,
74,20,5,1,TO_HAND,4,Kyogre,3,Snover,90.0,39,False,0,CARD,1000.0,0,CARD,1000.0,0.0,False,0,CARD,True,LOSS,
74,21,5,1,MAIN,6,Kyogre,3,Snover,90.0,39,False,3,ATTACK_1043,18104.3,3,ATTACK_1043,18104.3,0.0,False,3,ATTACK_1043,True,LOSS,
74,22,5,1,TO_HAND,4,Kyogre,3,Snover,90.0,39,False,0,CARD,10000.0,0,CARD,10000.0,0.0,False,0,CARD,True,LOSS,
74,23,5,1,MAIN,5,Kyogre,3,Snover,90.0,39,False,2,ATTACK_1043,18104.3,2,ATTACK_1043,18104.3,0.0,False,2,ATTACK_1043,True,LOSS,
74,24,5,1,MAIN,4,Kyogre,3,Snover,90.0,39,False,1,ATTACK_1043,18104.3,1,ATTACK_1043,18104.3,0.0,False,1,ATTACK_1043,True,LOSS,
74,27,7,1,MAIN,18,Kyogre,3,Snover,90.0,38,False,0,ATTACH,41100.0,0,ATTACH,41100.0,0.0,False,0,ATTACH,True,LOSS,
74,28,7,1,MAIN,6,Kyogre,4,Snover,90.0,38,False,3,ATTACK_1043,18104.3,3,ATTACK_1043,18104.3,0.0,False,3,ATTACK_1043,True,LOSS,
74,29,7,1,ATTACH_TO,4,Kyogre,4,Snover,90.0,32,False,0,CARD,5000.0,0,CARD,5000.0,0.0,False,0,CARD,True,LOSS,
74,30,7,1,MAIN,4,Kyogre,4,Snover,90.0,38,False,1,ATTACK_1043,18104.3,1,ATTACK_1043,18104.3,0.0,False,1,ATTACK_1043,True,LOSS,
74,33,9,1,MAIN,17,Kyogre,4,Snover,90.0,37,False,0,ATTACH,41800.0,0,ATTACH,41800.0,0.0,False,0,ATTACH,True,LOSS,
74,34,9,1,MAIN,5,Kyogre,5,Snover,90.0,37,False,3,RETREAT,30000.0,3,RETREAT,30000.0,0.0,False,3,RETREAT,True,LOSS,
74,35,9,1,TO_HAND,4,Kyogre,5,Snover,90.0,37,False,0,CARD,1000.0,0,CARD,1000.0,0.0,False,0,CARD,True,LOSS,
74,36,9,1,MAIN,4,Kyogre,5,Snover,90.0,37,False,2,RETREAT,30000.0,2,RETREAT,30000.0,0.0,False,2,RETREAT,True,LOSS,
74,41,10,1,TO_ACTIVE,2,NONE,0,Mega Abomasnow ex,350.0,37,False,0,CARD,5000.0,0,CARD,5000.0,0.0,False,0,CARD,True,LOSS,
74,42,11,1,MAIN,9,Kyogre,0,Mega Abomasnow ex,350.0,36,False,0,ATTACH,39000.0,0,ATTACH,39000.0,0.0,False,0,ATTACH,True,LOSS,
74,43,11,1,MAIN,2,Kyogre,1,Mega Abomasnow ex,350.0,36,False,0,ATTACK_1042,18104.2,0,ATTACK_1042,18104.2,0.0,False,0,ATTACK_1042,True,LOSS,
74,46,12,1,TO_ACTIVE,1,NONE,0,Mega Abomasnow ex,280.0,41,False,0,CARD,5000.0,0,CARD,5000.0,0.0,False,0,CARD,True,LOSS,
74,47,13,1,MAIN,5,Snover,0,Mega Abomasnow ex,280.0,40,False,0,ATTACH,39000.0,0,ATTACH,39000.0,0.0,False,0,ATTACH,True,LOSS,
74,48,13,1,MAIN,2,Snover,1,Mega Abomasnow ex,280.0,40,False,0,ATTACK_1044,18104.4,0,ATTACK_1044,18104.4,0.0,False,0,ATTACK_1044,True,LOSS,
75,0,0,0,IS_FIRST,2,NONE,0,NONE,0.0,60,False,1,NO,5000.0,1,NO,5000.0,0.0,False,1,NO,True,LOSS,
75,1,0,0,SETUP_ACTIVE_POKEMON,1,NONE,0,NONE,0.0,53,False,0,CARD,10000.0,0,CARD,10000.0,0.0,False,0,CARD,True,LOSS,
75,3,0,0,DRAW_COUNT,6,NONE,0,NONE,0.0,47,False,5,NUMBER,5.0,5,NUMBER,5.0,0.0,False,5,NUMBER,True,LOSS,
75,4,1,0,MAIN,7,Snover,0,Kyogre,150.0,46,False,0,ATTACH,39000.0,0,ATTACH,39000.0,0.0,False,0,ATTACH,True,LOSS,
75,5,1,0,MAIN,2,Snover,1,Kyogre,150.0,46,False,0,PLAY,12000.0,0,PLAY,12000.0,0.0,False,0,PLAY,True,LOSS,
75,6,1,0,TO_HAND,4,Snover,1,Kyogre,150.0,46,False,0,CARD,5000.0,0,CARD,5000.0,0.0,False,0,CARD,True,LOSS,
75,7,1,0,MAIN,1,Snover,1,Kyogre,150.0,46,False,0,END,0.0,0,END,0.0,0.0,False,0,END,True,LOSS,
75,10,3,0,MAIN,8,Snover,1,Kyogre,150.0,45,False,1,ATTACH,39700.0,1,ATTACH,39700.0,0.0,False,1,ATTACH,True,LOSS,
75,11,3,0,ATTACH_TO,4,Snover,1,Kyogre,150.0,39,False,0,CARD,5000.0,0,CARD,5000.0,0.0,False,0,CARD,True,LOSS,
75,12,3,0,MAIN,6,Snover,1,Kyogre,150.0,45,False,0,ATTACH,39700.0,0,ATTACH,39700.0,0.0,False,0,ATTACH,True,LOSS,
75,13,3,0,MAIN,3,Snover,2,Kyogre,150.0,45,False,1,ATTACK_1045,18104.5,1,ATTACK_1045,18104.5,0.0,False,1,ATTACK_1045,True,LOSS,
75,16,5,0,MAIN,8,Snover,2,Kyogre,140.0,44,False,0,ATTACH,40400.0,0,ATTACH,40400.0,0.0,False,0,ATTACH,True,LOSS,
75,17,5,0,MAIN,4,Snover,3,Kyogre,140.0,44,False,2,ATTACK_1045,18104.5,2,ATTACK_1045,18104.5,0.0,False,2,ATTACK_1045,True,LOSS,
75,18,5,0,TO_HAND,4,Snover,3,Kyogre,140.0,44,False,0,CARD,1000.0,0,CARD,1000.0,0.0,False,0,CARD,True,LOSS,
75,19,5,0,MAIN,3,Snover,3,Kyogre,140.0,44,False,1,ATTACK_1045,18104.5,1,ATTACK_1045,18104.5,0.0,False,1,ATTACK_1045,True,LOSS,
76,2,0,1,SETUP_ACTIVE_POKEMON,1,NONE,0,NONE,0.0,53,False,0,CARD,10000.0,0,CARD,10000.0,0.0,False,0,CARD,True,LOSS,
76,4,1,1,MAIN,5,Kyogre,0,Kyogre,150.0,46,False,0,ATTACH,39000.0,0,ATTACH,39000.0,0.0,False,0,ATTACH,True,LOSS,
76,5,1,1,MAIN,1,Kyogre,1,Kyogre,150.0,46,False,0,END,0.0,0,END,0.0,0.0,False,0,END,True,LOSS,
76,8,3,1,MAIN,8,Kyogre,1,Kyogre,150.0,45,False,0,ATTACH,39700.0,0,ATTACH,39700.0,0.0,False,0,ATTACH,True,LOSS,
76,9,3,1,MAIN,4,Kyogre,2,Kyogre,150.0,45,False,2,ATTACK_1042,18104.2,2,ATTACK_1042,18104.2,0.0,False,2,ATTACK_1042,True,LOSS,
76,10,3,1,ATTACH_TO,4,Kyogre,2,Kyogre,150.0,39,False,0,CARD,10000.0,0,CARD,10000.0,0.0,False,0,CARD,True,LOSS,
76,11,3,1,MAIN,2,Kyogre,2,Kyogre,150.0,45,False,0,ATTACK_1042,18104.2,0,ATTACK_1042,18104.2,0.0,False,0,ATTACK_1042,True,LOSS,
76,14,5,1,MAIN,7,Kyogre,2,Kyogre,150.0,44,False,0,ATTACH,40400.0,0,ATTACH,40400.0,0.0,False,0,ATTACH,True,LOSS,
76,15,5,1,MAIN,4,Kyogre,3,Kyogre,150.0,44,False,2,ATTACK_1043,18104.3,2,ATTACK_1043,18104.3,0.0,False,2,ATTACK_1043,True,LOSS,
76,16,5,1,MAIN,4,Kyogre,3,Kyogre,150.0,40,False,2,ATTACK_1043,18104.3,2,ATTACK_1043,18104.3,0.0,False,2,ATTACK_1043,True,LOSS,
76,17,5,1,MAIN,4,Kyogre,3,Kyogre,150.0,40,False,1,ATTACK_1043,18104.3,1,ATTACK_1043,18104.3,0.0,False,1,ATTACK_1043,True,LOSS,
76,22,7,1,MAIN,17,Kyogre,3,Kyogre,150.0,39,False,1,ATTACH,41100.0,1,ATTACH,41100.0,0.0,False,1,ATTACH,True,LOSS,
76,23,7,1,ATTACH_TO,3,Kyogre,3,Kyogre,150.0,33,False,0,CARD,5000.0,0,CARD,5000.0,0.0,False,0,CARD,True,LOSS,
76,24,7,1,MAIN,14,Kyogre,3,Kyogre,150.0,39,False,0,ATTACH,41100.0,0,ATTACH,41100.0,0.0,False,0,ATTACH,True,LOSS,
76,25,7,1,MAIN,4,Kyogre,4,Kyogre,150.0,39,False,2,RETREAT,30000.0,2,RETREAT,30000.0,0.0,False,2,RETREAT,True,LOSS,
76,29,8,1,TO_ACTIVE,1,NONE,0,Kyogre,150.0,39,False,0,CARD,5000.0,0,CARD,5000.0,0.0,False,0,CARD,True,LOSS,
76,30,9,1,MAIN,8,Snover,0,Kyogre,150.0,38,False,0,ATTACH,39000.0,0,ATTACH,39000.0,0.0,False,0,ATTACH,True,LOSS,
76,31,9,1,MAIN,4,Snover,1,Kyogre,150.0,38,False,2,ATTACK_1044,18104.4,2,ATTACK_1044,18104.4,0.0,False,2,ATTACK_1044,True,LOSS,
76,32,9,1,TO_HAND,3,Snover,1,Kyogre,150.0,38,False,0,CARD,5000.0,0,CARD,5000.0,0.0,False,0,CARD,True,LOSS,
76,33,9,1,MAIN,2,Snover,1,Kyogre,150.0,38,False,0,ATTACK_1044,18104.4,0,ATTACK_1044,18104.4,0.0,False,0,ATTACK_1044,True,LOSS,
77,0,0,0,IS_FIRST,2,NONE,0,NONE,0.0,60,False,1,NO,5000.0,1,NO,5000.0,0.0,False,1,NO,True,WIN,
77,2,0,0,SETUP_ACTIVE_POKEMON,2,NONE,0,NONE,0.0,53,False,0,CARD,10000.0,0,CARD,10000.0,0.0,False,0,CARD,True,WIN,
77,4,0,0,SETUP_BENCH_POKEMON,1,NONE,0,NONE,0.0,47,False,0,CARD,10000.0,0,CARD,10000.0,0.0,False,0,CARD,True,WIN,
77,6,1,0,MAIN,6,Snover,0,Snover,90.0,46,False,0,ATTACH,39000.0,0,ATTACH,39000.0,0.0,False,0,ATTACH,True,WIN,
77,7,1,0,MAIN,3,Snover,1,Snover,90.0,46,False,0,PLAY,12000.0,0,PLAY,12000.0,0.0,False,0,PLAY,True,WIN,
77,8,1,0,MAIN,2,Snover,1,Snover,90.0,46,False,0,PLAY,12000.0,0,PLAY,12000.0,0.0,False,0,PLAY,True,WIN,
77,9,1,0,TO_HAND,3,Snover,1,Snover,90.0,46,False,0,CARD,1000.0,0,CARD,1000.0,0.0,False,0,CARD,True,WIN,
77,10,1,0,MAIN,1,Snover,1,Snover,90.0,46,False,0,END,0.0,0,END,0.0,0.0,False,0,END,True,WIN,
77,13,3,0,MAIN,9,Snover,1,Snover,90.0,45,False,2,ATTACH,39700.0,2,ATTACH,39700.0,0.0,False,2,ATTACH,True,WIN,
77,14,3,0,TO_HAND,3,Snover,1,Snover,90.0,45,False,0,CARD,5000.0,0,CARD,5000.0,0.0,False,0,CARD,True,WIN,
77,15,3,0,MAIN,7,Snover,1,Snover,90.0,45,False,0,ATTACH,39700.0,0,ATTACH,39700.0,0.0,False,0,ATTACH,True,WIN,
77,16,3,0,MAIN,4,Snover,2,Snover,90.0,45,False,2,ATTACK_1045,18104.5,2,ATTACK_1045,18104.5,0.0,False,2,ATTACK_1045,True,WIN,
77,17,3,0,TO_HAND,3,Snover,2,Snover,90.0,45,False,0,CARD,1000.0,0,CARD,1000.0,0.0,False,0,CARD,True,WIN,
77,18,3,0,MAIN,3,Snover,2,Snover,90.0,45,False,1,ATTACK_1045,18104.5,1,ATTACK_1045,18104.5,0.0,False,1,ATTACK_1045,True,WIN,
77,21,5,0,MAIN,7,Snover,2,Snover,80.0,44,False,1,ATTACH,40400.0,1,ATTACH,40400.0,0.0,False,1,ATTACH,True,WIN,
77,22,5,0,ATTACH_TO,3,Snover,2,Snover,80.0,38,False,0,CARD,1000.0,0,CARD,1000.0,0.0,False,0,CARD,True,WIN,
77,23,5,0,MAIN,6,Snover,2,Snover,80.0,44,False,0,ATTACH,40400.0,0,ATTACH,40400.0,0.0,False,0,ATTACH,True,WIN,
77,24,5,0,MAIN,5,Snover,3,Snover,80.0,44,False,2,ATTACK_1045,18104.5,2,ATTACK_1045,18104.5,0.0,False,2,ATTACK_1045,True,WIN,
77,25,5,0,MAIN,4,Snover,3,Snover,80.0,44,False,1,ATTACK_1045,18104.5,1,ATTACK_1045,18104.5,0.0,False,1,ATTACK_1045,True,WIN,
77,28,7,0,MAIN,7,Snover,3,Snover,70.0,43,False,0,ATTACH,41100.0,0,ATTACH,41100.0,0.0,False,0,ATTACH,True,WIN,
77,29,7,0,MAIN,4,Snover,4,Snover,70.0,43,False,2,RETREAT,30000.0,2,RETREAT,30000.0,0.0,False,2,RETREAT,True,WIN,
77,33,8,0,TO_ACTIVE,2,NONE,0,Snover,60.0,43,False,0,CARD,5000.0,0,CARD,5000.0,0.0,False,0,CARD,True,WIN,
77,34,9,0,MAIN,2,Kyogre,0,Snover,60.0,42,False,0,EVOLVE,70000.0,0,EVOLVE,70000.0,0.0,False,0,EVOLVE,True,WIN,
77,35,9,0,MAIN,1,Kyogre,0,Snover,60.0,42,False,0,END,0.0,0,END,0.0,0.0,False,0,END,True,WIN,
77,39,11,0,MAIN,3,Kyogre,0,Snover,60.0,41,False,0,ATTACH,39000.0,0,ATTACH,39000.0,0.0,False,0,ATTACH,True,WIN,
77,40,11,0,MAIN,2,Kyogre,1,Snover,60.0,41,False,0,ATTACK_1042,18104.2,0,ATTACK_1042,18104.2,0.0,False,0,ATTACK_1042,True,WIN,
77,41,11,0,TO_HAND,6,Kyogre,1,NONE,0.0,45,False,4,CARD,10000.0,4,CARD,10000.0,0.0,False,4,CARD,True,WIN,
77,45,13,0,MAIN,5,Kyogre,1,Kyogre,150.0,44,False,1,ATTACH,39700.0,1,ATTACH,39700.0,0.0,False,1,ATTACH,True,WIN,
77,46,13,0,MAIN,10,Kyogre,1,Kyogre,150.0,39,False,0,ATTACH,39700.0,0,ATTACH,39700.0,0.0,False,0,ATTACH,True,WIN,
77,47,13,0,MAIN,8,Kyogre,1,Kyogre,150.0,39,False,0,ATTACH,39700.0,0,ATTACH,39700.0,0.0,False,0,ATTACH,True,WIN,
77,48,13,0,MAIN,2,Kyogre,2,Kyogre,150.0,39,False,0,ATTACK_1042,18104.2,0,ATTACK_1042,18104.2,0.0,False,0,ATTACK_1042,True,WIN,
77,51,15,0,MAIN,9,Kyogre,2,Kyogre,150.0,38,False,1,ATTACH,40400.0,1,ATTACH,40400.0,0.0,False,1,ATTACH,True,WIN,
77,52,15,0,MAIN,10,Kyogre,2,Kyogre,150.0,36,False,0,ATTACH,40400.0,0,ATTACH,40400.0,0.0,False,0,ATTACH,True,WIN,
77,53,15,0,MAIN,4,Kyogre,3,Kyogre,150.0,36,False,2,RETREAT,30000.0,2,RETREAT,30000.0,0.0,False,2,RETREAT,True,WIN,
77,59,16,0,TO_ACTIVE,1,NONE,0,Kyogre,150.0,36,False,0,CARD,5000.0,0,CARD,5000.0,0.0,False,0,CARD,True,WIN,
77,60,17,0,MAIN,6,Mega Abomasnow ex,0,Kyogre,150.0,35,False,0,ATTACH,39000.0,0,ATTACH,39000.0,0.0,False,0,ATTACH,True,WIN,
77,61,17,0,MAIN,3,Mega Abomasnow ex,1,Kyogre,150.0,35,False,0,PLAY,12000.0,0,PLAY,12000.0,0.0,False,0,PLAY,True,WIN,
77,62,17,0,TO_HAND,1,Mega Abomasnow ex,1,Kyogre,150.0,35,False,0,CARD,5000.0,0,CARD,5000.0,0.0,False,0,CARD,True,WIN,
77,63,17,0,MAIN,1,Mega Abomasnow ex,1,Kyogre,150.0,35,False,0,END,0.0,0,END,0.0,0.0,False,0,END,True,WIN,
77,66,19,0,MAIN,5,Mega Abomasnow ex,1,Kyogre,150.0,34,False,0,ATTACH,39700.0,0,ATTACH,39700.0,0.0,False,0,ATTACH,True,WIN,
77,67,19,0,MAIN,3,Mega Abomasnow ex,2,Kyogre,150.0,34,False,1,ATTACK_1046,18104.6,1,ATTACK_1046,18104.6,0.0,False,1,ATTACK_1046,True,WIN,
77,68,19,0,MAIN,2,Mega Abomasnow ex,2,Kyogre,150.0,31,False,0,ATTACK_1046,18104.6,0,ATTACK_1046,18104.6,0.0,False,0,ATTACK_1046,True,WIN,
77,69,19,0,TO_HAND,5,Mega Abomasnow ex,2,NONE,0.0,25,False,0,CARD,5000.0,0,CARD,5000.0,0.0,False,0,CARD,True,WIN,
78,2,0,1,SETUP_ACTIVE_POKEMON,1,NONE,0,NONE,0.0,53,False,0,CARD,10000.0,0,CARD,10000.0,0.0,False,0,CARD,True,WIN,
78,4,1,1,MAIN,6,Snover,0,Snover,90.0,46,False,0,ATTACH,39000.0,0,ATTACH,39000.0,0.0,False,0,ATTACH,True,WIN,
78,5,1,1,MAIN,1,Snover,1,Snover,90.0,46,False,0,END,0.0,0,END,0.0,0.0,False,0,END,True,WIN,
78,8,3,1,MAIN,9,Snover,1,Snover,90.0,45,False,5,EVOLVE,70500.0,5,EVOLVE,70500.0,0.0,False,5,EVOLVE,True,WIN,
78,9,3,1,MAIN,6,Snover,2,Snover,90.0,45,False,1,EVOLVE,71000.0,1,EVOLVE,71000.0,0.0,False,1,EVOLVE,True,WIN,
78,10,3,1,MAIN,5,Snover,2,Snover,90.0,42,False,3,ATTACK_1045,18104.5,3,ATTACK_1045,18104.5,0.0,False,3,ATTACK_1045,True,WIN,
78,11,3,1,MAIN,4,Snover,2,Snover,90.0,42,False,2,ATTACK_1045,18104.5,2,ATTACK_1045,18104.5,0.0,False,2,ATTACK_1045,True,WIN,
78,12,3,1,TO_HAND,3,Snover,2,Snover,90.0,42,False,0,CARD,1000.0,0,CARD,1000.0,0.0,False,0,CARD,True,WIN,
78,13,3,1,MAIN,3,Snover,2,Snover,90.0,42,False,1,ATTACK_1045,18104.5,1,ATTACK_1045,18104.5,0.0,False,1,ATTACK_1045,True,WIN,
78,16,5,1,MAIN,15,Snover,2,Snover,80.0,41,False,1,ATTACH,40400.0,1,ATTACH,40400.0,0.0,False,1,ATTACH,True,WIN,
78,17,5,1,TO_HAND,3,Snover,2,Snover,80.0,41,False,0,CARD,5000.0,0,CARD,5000.0,0.0,False,0,CARD,True,WIN,
78,18,5,1,MAIN,13,Snover,2,Snover,80.0,41,False,0,ATTACH,40400.0,0,ATTACH,40400.0,0.0,False,0,ATTACH,True,WIN,
78,19,5,1,MAIN,4,Snover,3,Snover,80.0,41,False,1,ATTACK_1045,18104.5,1,ATTACK_1045,18104.5,0.0,False,1,ATTACK_1045,True,WIN,
78,22,7,1,MAIN,14,Snover,3,Snover,70.0,40,False,1,ATTACH,41100.0,1,ATTACH,41100.0,0.0,False,1,ATTACH,True,WIN,
78,23,7,1,TO_HAND,3,Snover,3,Snover,70.0,40,False,0,CARD,1000.0,0,CARD,1000.0,0.0,False,0,CARD,True,WIN,
78,24,7,1,MAIN,12,Snover,3,Snover,70.0,40,False,0,ATTACH,41100.0,0,ATTACH,41100.0,0.0,False,0,ATTACH,True,WIN,
78,25,7,1,MAIN,4,Snover,4,Snover,70.0,40,False,2,RETREAT,30000.0,2,RETREAT,30000.0,0.0,False,2,RETREAT,True,WIN,
78,29,8,1,TO_ACTIVE,1,NONE,0,Snover,60.0,40,False,0,CARD,5000.0,0,CARD,5000.0,0.0,False,0,CARD,True,WIN,
78,30,9,1,MAIN,6,Snover,0,Snover,60.0,39,False,0,ATTACH,39000.0,0,ATTACH,39000.0,0.0,False,0,ATTACH,True,WIN,
78,31,9,1,MAIN,3,Snover,1,Snover,60.0,39,False,1,ATTACK_1044,18104.4,1,ATTACK_1044,18104.4,0.0,False,1,ATTACK_1044,True,WIN,
78,32,9,1,MAIN,4,Snover,1,Snover,60.0,34,False,1,EVOLVE,70500.0,1,EVOLVE,70500.0,0.0,False,1,EVOLVE,True,WIN,
78,33,9,1,MAIN,3,Snover,1,Snover,60.0,34,False,0,EVOLVE,70500.0,0,EVOLVE,70500.0,0.0,False,0,EVOLVE,True,WIN,
78,34,9,1,MAIN,1,Mega Abomasnow ex,1,Snover,60.0,34,False,0,END,0.0,0,END,0.0,0.0,False,0,END,True,WIN,
78,37,11,1,MAIN,8,Mega Abomasnow ex,1,Snover,60.0,33,False,0,ATTACH,39700.0,0,ATTACH,39700.0,0.0,False,0,ATTACH,True,WIN,
78,38,11,1,MAIN,2,Mega Abomasnow ex,2,Snover,60.0,33,False,0,ATTACK_1046,18104.6,0,ATTACK_1046,18104.6,0.0,False,0,ATTACK_1046,True,WIN,
78,39,11,1,TO_HAND,6,Mega Abomasnow ex,2,NONE,0.0,27,False,0,CARD,5000.0,0,CARD,5000.0,0.0,False,0,CARD,True,WIN,
79,0,0,0,IS_FIRST,2,NONE,0,NONE,0.0,60,False,1,NO,5000.0,1,NO,5000.0,0.0,False,1,NO,True,LOSS,
79,1,0,0,SETUP_ACTIVE_POKEMON,1,NONE,0,NONE,0.0,53,False,0,CARD,10000.0,0,CARD,10000.0,0.0,False,0,CARD,True,LOSS,
79,4,1,0,MAIN,5,Kyogre,0,Kyogre,150.0,46,False,0,ATTACH,39000.0,0,ATTACH,39000.0,0.0,False,0,ATTACH,True,LOSS,
79,5,1,0,MAIN,2,Kyogre,1,Kyogre,150.0,46,False,0,PLAY,12000.0,0,PLAY,12000.0,0.0,False,0,PLAY,True,LOSS,
79,6,1,0,TO_HAND,3,Kyogre,1,Kyogre,150.0,46,False,0,CARD,1000.0,0,CARD,1000.0,0.0,False,0,CARD,True,LOSS,
79,7,1,0,MAIN,1,Kyogre,1,Kyogre,150.0,46,False,0,END,0.0,0,END,0.0,0.0,False,0,END,True,LOSS,
79,10,3,0,MAIN,8,Kyogre,1,Kyogre,150.0,45,False,0,ATTACH,39700.0,0,ATTACH,39700.0,0.0,False,0,ATTACH,True,LOSS,
79,11,3,0,MAIN,5,Kyogre,2,Kyogre,150.0,45,False,3,ATTACK_1042,18104.2,3,ATTACK_1042,18104.2,0.0,False,3,ATTACK_1042,True,LOSS,
79,12,3,0,MAIN,2,Kyogre,2,Kyogre,150.0,41,False,0,ATTACK_1042,18104.2,0,ATTACK_1042,18104.2,0.0,False,0,ATTACK_1042,True,LOSS,
79,15,5,0,MAIN,10,Kyogre,2,Kyogre,150.0,40,False,0,ATTACH,40400.0,0,ATTACH,40400.0,0.0,False,0,ATTACH,True,LOSS,
79,16,5,0,MAIN,4,Kyogre,3,Kyogre,150.0,40,False,2,ATTACK_1043,18104.3,2,ATTACK_1043,18104.3,0.0,False,2,ATTACK_1043,True,LOSS,
79,17,5,0,ATTACH_TO,3,Kyogre,3,Kyogre,150.0,34,False,2,CARD,10000.0,2,CARD,10000.0,0.0,False,2,CARD,True,LOSS,
79,18,5,0,MAIN,3,Kyogre,3,Kyogre,150.0,40,False,1,ATTACK_1043,18104.3,1,ATTACK_1043,18104.3,0.0,False,1,ATTACK_1043,True,LOSS,
79,23,7,0,MAIN,10,Kyogre,3,Kyogre,150.0,39,False,0,ATTACH,41100.0,0,ATTACH,41100.0,0.0,False,0,ATTACH,True,LOSS,
79,24,7,0,MAIN,3,Kyogre,4,Kyogre,150.0,39,False,1,ATTACK_1043,18104.3,1,ATTACK_1043,18104.3,0.0,False,1,ATTACK_1043,True,LOSS,
80,2,0,1,SETUP_ACTIVE_POKEMON,2,NONE,0,NONE,0.0,53,False,0,CARD,10000.0,0,CARD,10000.0,0.0,False,0,CARD,True,LOSS,
80,4,0,1,SETUP_BENCH_POKEMON,1,NONE,0,NONE,0.0,47,False,0,CARD,10000.0,0,CARD,10000.0,0.0,False,0,CARD,True,LOSS,
80,6,1,1,MAIN,6,Kyogre,0,Snover,90.0,46,False,0,ATTACH,39000.0,0,ATTACH,39000.0,0.0,False,0,ATTACH,True,LOSS,
80,7,1,1,MAIN,3,Kyogre,1,Snover,90.0,46,False,0,PLAY,12000.0,0,PLAY,12000.0,0.0,False,0,PLAY,True,LOSS,
80,8,1,1,MAIN,2,Kyogre,1,Snover,90.0,46,False,0,PLAY,12000.0,0,PLAY,12000.0,0.0,False,0,PLAY,True,LOSS,
80,9,1,1,MAIN,1,Kyogre,1,Snover,90.0,46,False,0,END,0.0,0,END,0.0,0.0,False,0,END,True,LOSS,
80,13,3,1,MAIN,11,Kyogre,1,Snover,90.0,45,False,0,ATTACH,39700.0,0,ATTACH,39700.0,0.0,False,0,ATTACH,True,LOSS,
80,14,3,1,MAIN,5,Kyogre,2,Snover,90.0,45,False,3,ATTACK_1042,18104.2,3,ATTACK_1042,18104.2,0.0,False,3,ATTACK_1042,True,LOSS,
80,15,3,1,TO_HAND,3,Kyogre,2,Snover,90.0,45,False,0,CARD,1000.0,0,CARD,1000.0,0.0,False,0,CARD,True,LOSS,
80,16,3,1,MAIN,2,Kyogre,2,Snover,90.0,45,False,0,ATTACK_1042,18104.2,0,ATTACK_1042,18104.2,0.0,False,0,ATTACK_1042,True,LOSS,
80,21,4,1,TO_ACTIVE,2,NONE,0,Mega Abomasnow ex,350.0,45,False,0,CARD,5000.0,0,CARD,5000.0,0.0,False,0,CARD,True,LOSS,
80,22,5,1,MAIN,7,Kyogre,0,Mega Abomasnow ex,350.0,44,False,0,ATTACH,39000.0,0,ATTACH,39000.0,0.0,False,0,ATTACH,True,LOSS,
80,23,5,1,MAIN,4,Kyogre,1,Mega Abomasnow ex,350.0,44,False,2,ATTACK_1042,18104.2,2,ATTACK_1042,18104.2,0.0,False,2,ATTACK_1042,True,LOSS,
80,24,5,1,TO_HAND,3,Kyogre,1,Mega Abomasnow ex,350.0,44,False,0,CARD,5000.0,0,CARD,5000.0,0.0,False,0,CARD,True,LOSS,
80,25,5,1,MAIN,2,Kyogre,1,Mega Abomasnow ex,350.0,44,False,0,ATTACK_1042,18104.2,0,ATTACK_1042,18104.2,0.0,False,0,ATTACK_1042,True,LOSS,
80,29,6,1,TO_ACTIVE,1,NONE,0,Mega Abomasnow ex,310.0,46,False,0,CARD,5000.0,0,CARD,5000.0,0.0,False,0,CARD,True,LOSS,
80,30,7,1,MAIN,4,Snover,0,Mega Abomasnow ex,310.0,45,False,1,ATTACH,39000.0,1,ATTACH,39000.0,0.0,False,1,ATTACH,True,LOSS,
80,31,7,1,ATTACH_TO,1,Snover,0,Mega Abomasnow ex,310.0,39,False,0,CARD,5000.0,0,CARD,5000.0,0.0,False,0,CARD,True,LOSS,
80,32,7,1,MAIN,2,Snover,0,Mega Abomasnow ex,310.0,45,False,0,ATTACH,39000.0,0,ATTACH,39000.0,0.0,False,0,ATTACH,True,LOSS,
80,33,7,1,MAIN,2,Snover,1,Mega Abomasnow ex,310.0,45,False,0,ATTACK_1044,18104.4,0,ATTACK_1044,18104.4,0.0,False,0,ATTACK_1044,True,LOSS,
81,0,0,0,IS_FIRST,2,NONE,0,NONE,0.0,60,False,1,NO,5000.0,1,NO,5000.0,0.0,False,1,NO,True,WIN,
81,1,0,0,SETUP_ACTIVE_POKEMON,1,NONE,0,NONE,0.0,53,False,0,CARD,10000.0,0,CARD,10000.0,0.0,False,0,CARD,True,WIN,
81,3,1,0,MAIN,5,Snover,0,Kyogre,150.0,46,False,1,ATTACH,39000.0,1,ATTACH,39000.0,0.0,False,1,ATTACH,True,WIN,
81,4,1,0,TO_HAND,3,Snover,0,Kyogre,150.0,46,False,0,CARD,1000.0,0,CARD,1000.0,0.0,False,0,CARD,True,WIN,
81,5,1,0,MAIN,4,Snover,0,Kyogre,150.0,46,False,0,ATTACH,39000.0,0,ATTACH,39000.0,0.0,False,0,ATTACH,True,WIN,
81,6,1,0,MAIN,3,Snover,1,Kyogre,150.0,46,False,0,ATTACH,39700.0,0,ATTACH,39700.0,0.0,False,0,ATTACH,True,WIN,
81,7,1,0,MAIN,2,Snover,1,Kyogre,150.0,46,False,0,PLAY,12000.0,0,PLAY,12000.0,0.0,False,0,PLAY,True,WIN,
81,8,1,0,MAIN,1,Snover,1,Kyogre,150.0,46,False,0,END,0.0,0,END,0.0,0.0,False,0,END,True,WIN,
81,11,3,0,MAIN,7,Snover,1,Kyogre,150.0,45,False,1,EVOLVE,70500.0,1,EVOLVE,70500.0,0.0,False,1,EVOLVE,True,WIN,
81,12,3,0,ATTACH_TO,4,Snover,1,Kyogre,150.0,39,False,0,CARD,5000.0,0,CARD,5000.0,0.0,False,0,CARD,True,WIN,
81,13,3,0,MAIN,5,Snover,1,Kyogre,150.0,45,False,0,EVOLVE,70500.0,0,EVOLVE,70500.0,0.0,False,0,EVOLVE,True,WIN,
81,14,3,0,MAIN,3,Mega Abomasnow ex,1,Kyogre,150.0,45,False,0,ATTACH,39700.0,0,ATTACH,39700.0,0.0,False,0,ATTACH,True,WIN,
81,15,3,0,MAIN,2,Mega Abomasnow ex,2,Kyogre,150.0,45,False,0,ATTACK_1046,18104.6,0,ATTACK_1046,18104.6,0.0,False,0,ATTACK_1046,True,WIN,
81,16,3,0,TO_HAND,6,Mega Abomasnow ex,2,NONE,0.0,39,False,2,CARD,10000.0,2,CARD,10000.0,0.0,False,2,CARD,True,WIN,
82,2,0,1,SETUP_ACTIVE_POKEMON,1,NONE,0,NONE,0.0,53,False,0,CARD,10000.0,0,CARD,10000.0,0.0,False,0,CARD,True,LOSS,
82,4,1,1,MAIN,7,Kyogre,0,Snover,90.0,46,False,0,ATTACH,39000.0,0,ATTACH,39000.0,0.0,False,0,ATTACH,True,LOSS,
82,5,1,1,MAIN,1,Kyogre,1,Snover,90.0,46,False,0,END,0.0,0,END,0.0,0.0,False,0,END,True,LOSS,
82,9,3,1,MAIN,9,Kyogre,1,Snover,90.0,45,False,0,ATTACH,39700.0,0,ATTACH,39700.0,0.0,False,0,ATTACH,True,LOSS,
82,10,3,1,MAIN,4,Kyogre,2,Snover,90.0,45,False,2,ATTACK_1042,18104.2,2,ATTACK_1042,18104.2,0.0,False,2,ATTACK_1042,True,LOSS,
82,11,3,1,ATTACH_TO,2,Kyogre,2,Snover,90.0,39,False,0,CARD,5000.0,0,CARD,5000.0,0.0,False,0,CARD,True,LOSS,
82,12,3,1,MAIN,3,Kyogre,2,Snover,90.0,45,False,1,ATTACK_1042,18104.2,1,ATTACK_1042,18104.2,0.0,False,1,ATTACK_1042,True,LOSS,
82,13,3,1,MAIN,2,Kyogre,2,Snover,90.0,45,False,0,ATTACK_1042,18104.2,0,ATTACK_1042,18104.2,0.0,False,0,ATTACK_1042,True,LOSS,
82,18,4,1,TO_ACTIVE,1,NONE,0,Mega Abomasnow ex,350.0,45,False,0,CARD,5000.0,0,CARD,5000.0,0.0,False,0,CARD,True,LOSS,
82,19,5,1,MAIN,6,Snover,0,Mega Abomasnow ex,350.0,44,False,0,ATTACH,39000.0,0,ATTACH,39000.0,0.0,False,0,ATTACH,True,LOSS,
82,20,5,1,MAIN,2,Snover,1,Mega Abomasnow ex,350.0,44,False,0,ATTACK_1044,18104.4,0,ATTACK_1044,18104.4,0.0,False,0,ATTACK_1044,True,LOSS,
83,0,0,0,IS_FIRST,2,NONE,0,NONE,0.0,60,False,1,NO,5000.0,1,NO,5000.0,0.0,False,1,NO,True,LOSS,
83,2,0,0,SETUP_ACTIVE_POKEMON,3,NONE,0,NONE,0.0,53,False,0,CARD,10000.0,0,CARD,10000.0,0.0,False,0,CARD,True,LOSS,
83,4,0,0,SETUP_BENCH_POKEMON,2,NONE,0,NONE,0.0,47,False,0,CARD,10000.0,0,CARD,10000.0,0.0,False,0,CARD,True,LOSS,
83,5,1,0,MAIN,8,Kyogre,0,Snover,90.0,46,False,1,ATTACH,39000.0,1,ATTACH,39000.0,0.0,False,1,ATTACH,True,LOSS,
83,6,1,0,MAIN,10,Kyogre,0,Snover,90.0,46,False,0,ATTACH,39000.0,0,ATTACH,39000.0,0.0,False,0,ATTACH,True,LOSS,
83,7,1,0,MAIN,4,Kyogre,1,Snover,90.0,46,False,0,PLAY,12000.0,0,PLAY,12000.0,0.0,False,0,PLAY,True,LOSS,
83,8,1,0,MAIN,3,Kyogre,1,Snover,90.0,46,False,0,PLAY,12000.0,0,PLAY,12000.0,0.0,False,0,PLAY,True,LOSS,
83,9,1,0,TO_HAND,3,Kyogre,1,Snover,90.0,46,False,0,CARD,5000.0,0,CARD,5000.0,0.0,False,0,CARD,True,LOSS,
83,10,1,0,MAIN,2,Kyogre,1,Snover,90.0,46,False,0,PLAY,12000.0,0,PLAY,12000.0,0.0,False,0,PLAY,True,LOSS,
83,11,1,0,TO_HAND,3,Kyogre,1,Snover,90.0,46,False,0,CARD,1000.0,0,CARD,1000.0,0.0,False,0,CARD,True,LOSS,
83,12,1,0,MAIN,1,Kyogre,1,Snover,90.0,46,False,0,END,0.0,0,END,0.0,0.0,False,0,END,True,LOSS,
83,15,3,0,MAIN,9,Kyogre,1,Snover,90.0,45,False,0,ATTACH,39700.0,0,ATTACH,39700.0,0.0,False,0,ATTACH,True,LOSS,
83,16,3,0,MAIN,3,Kyogre,2,Snover,90.0,45,False,1,ATTACK_1042,18104.2,1,ATTACK_1042,18104.2,0.0,False,1,ATTACK_1042,True,LOSS,
83,17,3,0,TO_HAND,3,Kyogre,2,Snover,90.0,45,False,0,CARD,1000.0,0,CARD,1000.0,0.0,False,0,CARD,True,LOSS,
83,18,3,0,MAIN,2,Kyogre,2,Snover,90.0,45,False,0,ATTACK_1042,18104.2,0,ATTACK_1042,18104.2,0.0,False,0,ATTACK_1042,True,LOSS,
83,23,4,0,TO_ACTIVE,2,NONE,0,Mega Abomasnow ex,350.0,45,False,0,CARD,5000.0,0,CARD,5000.0,0.0,False,0,CARD,True,LOSS,
83,24,5,0,MAIN,5,Snover,0,Mega Abomasnow ex,350.0,44,False,0,ATTACH,39000.0,0,ATTACH,39000.0,0.0,False,0,ATTACH,True,LOSS,
83,25,5,0,MAIN,2,Snover,1,Mega Abomasnow ex,350.0,44,False,0,ATTACK_1044,18104.4,0,ATTACK_1044,18104.4,0.0,False,0,ATTACK_1044,True,LOSS,
83,29,6,0,TO_ACTIVE,1,NONE,0,Mega Abomasnow ex,340.0,44,False,0,CARD,5000.0,0,CARD,5000.0,0.0,False,0,CARD,True,LOSS,
83,30,7,0,MAIN,3,Kyogre,0,Mega Abomasnow ex,340.0,43,False,0,ATTACH,39000.0,0,ATTACH,39000.0,0.0,False,0,ATTACH,True,LOSS,
83,31,7,0,MAIN,3,Kyogre,1,Mega Abomasnow ex,340.0,43,False,1,ATTACK_1042,18104.2,1,ATTACK_1042,18104.2,0.0,False,1,ATTACK_1042,True,LOSS,
83,32,7,0,TO_HAND,3,Kyogre,1,Mega Abomasnow ex,340.0,43,False,0,CARD,5000.0,0,CARD,5000.0,0.0,False,0,CARD,True,LOSS,
83,33,7,0,MAIN,2,Kyogre,1,Mega Abomasnow ex,340.0,43,False,0,ATTACK_1042,18104.2,0,ATTACK_1042,18104.2,0.0,False,0,ATTACK_1042,True,LOSS,
84,1,0,1,SETUP_ACTIVE_POKEMON,1,NONE,0,NONE,0.0,53,False,0,CARD,10000.0,0,CARD,10000.0,0.0,False,0,CARD,True,LOSS,
84,3,1,1,MAIN,6,Snover,0,Kyogre,150.0,46,False,0,ATTACH,39000.0,0,ATTACH,39000.0,0.0,False,0,ATTACH,True,LOSS,
84,4,1,1,MAIN,1,Snover,1,Kyogre,150.0,46,False,0,END,0.0,0,END,0.0,0.0,False,0,END,True,LOSS,
84,7,3,1,MAIN,9,Snover,1,Kyogre,150.0,45,False,0,ATTACH,39700.0,0,ATTACH,39700.0,0.0,False,0,ATTACH,True,LOSS,
84,8,3,1,MAIN,6,Snover,2,Kyogre,150.0,45,False,4,ATTACK_1045,18104.5,4,ATTACK_1045,18104.5,0.0,False,4,ATTACK_1045,True,LOSS,
84,9,3,1,ATTACH_TO,6,Snover,2,Kyogre,150.0,39,False,4,CARD,10000.0,4,CARD,10000.0,0.0,False,4,CARD,True,LOSS,
84,10,3,1,MAIN,4,Snover,2,Kyogre,150.0,45,False,2,ATTACK_1045,18104.5,2,ATTACK_1045,18104.5,0.0,False,2,ATTACK_1045,True,LOSS,
84,11,3,1,MAIN,3,Snover,2,Kyogre,150.0,45,False,1,ATTACK_1045,18104.5,1,ATTACK_1045,18104.5,0.0,False,1,ATTACK_1045,True,LOSS,
84,14,5,1,MAIN,12,Snover,2,Kyogre,140.0,44,False,0,ATTACH,40400.0,0,ATTACH,40400.0,0.0,False,0,ATTACH,True,LOSS,
84,15,5,1,MAIN,5,Snover,3,Kyogre,140.0,44,False,2,ATTACK_1045,18104.5,2,ATTACK_1045,18104.5,0.0,False,2,ATTACK_1045,True,LOSS,
84,16,5,1,TO_HAND,2,Snover,3,Kyogre,140.0,44,False,0,CARD,5000.0,0,CARD,5000.0,0.0,False,0,CARD,True,LOSS,
84,17,5,1,MAIN,4,Snover,3,Kyogre,140.0,44,False,1,ATTACK_1045,18104.5,1,ATTACK_1045,18104.5,0.0,False,1,ATTACK_1045,True,LOSS,
84,23,6,1,TO_ACTIVE,1,NONE,0,Kyogre,130.0,44,False,0,CARD,5000.0,0,CARD,5000.0,0.0,False,0,CARD,True,LOSS,
84,24,7,1,MAIN,5,Snover,0,Kyogre,130.0,43,False,0,ATTACH,39000.0,0,ATTACH,39000.0,0.0,False,0,ATTACH,True,LOSS,
84,25,7,1,MAIN,2,Snover,1,Kyogre,130.0,43,False,0,ATTACK_1044,18104.4,0,ATTACK_1044,18104.4,0.0,False,0,ATTACK_1044,True,LOSS,
84,28,9,1,MAIN,6,Snover,1,Kyogre,120.0,42,False,0,ATTACH,39700.0,0,ATTACH,39700.0,0.0,False,0,ATTACH,True,LOSS,
84,29,9,1,MAIN,3,Snover,2,Kyogre,120.0,42,False,1,ATTACK_1045,18104.5,1,ATTACK_1045,18104.5,0.0,False,1,ATTACK_1045,True,LOSS,
85,0,0,0,IS_FIRST,2,NONE,0,NONE,0.0,60,False,1,NO,5000.0,1,NO,5000.0,0.0,False,1,NO,True,WIN,
85,2,0,0,SETUP_ACTIVE_POKEMON,2,NONE,0,NONE,0.0,53,False,0,CARD,10000.0,0,CARD,10000.0,0.0,False,0,CARD,True,WIN,
85,4,0,0,SETUP_BENCH_POKEMON,1,NONE,0,NONE,0.0,47,False,0,CARD,10000.0,0,CARD,10000.0,0.0,False,0,CARD,True,WIN,
85,6,1,0,MAIN,7,Snover,0,Snover,90.0,46,False,0,ATTACH,39000.0,0,ATTACH,39000.0,0.0,False,0,ATTACH,True,WIN,
85,7,1,0,MAIN,2,Snover,1,Snover,90.0,46,False,0,PLAY,12000.0,0,PLAY,12000.0,0.0,False,0,PLAY,True,WIN,
85,8,1,0,MAIN,1,Snover,1,Snover,90.0,46,False,0,END,0.0,0,END,0.0,0.0,False,0,END,True,WIN,
85,11,3,0,MAIN,13,Snover,1,Snover,90.0,45,False,9,EVOLVE,70500.0,9,EVOLVE,70500.0,0.0,False,9,EVOLVE,True,WIN,
85,12,3,0,MAIN,6,Snover,2,Snover,90.0,45,False,1,EVOLVE,71000.0,1,EVOLVE,71000.0,0.0,False,1,EVOLVE,True,WIN,
85,13,3,0,MAIN,7,Snover,2,Snover,90.0,41,False,2,EVOLVE,71000.0,2,EVOLVE,71000.0,0.0,False,2,EVOLVE,True,WIN,
85,14,3,0,MAIN,5,Snover,2,Snover,90.0,41,False,0,EVOLVE,71000.0,0,EVOLVE,71000.0,0.0,False,0,EVOLVE,True,WIN,
85,15,3,0,MAIN,2,Mega Abomasnow ex,2,Snover,90.0,41,False,0,ATTACK_1046,18104.6,0,ATTACK_1046,18104.6,0.0,False,0,ATTACK_1046,True,WIN,
85,16,3,0,TO_HAND,6,Mega Abomasnow ex,2,NONE,0.0,35,False,0,CARD,5000.0,0,CARD,5000.0,0.0,False,0,CARD,True,WIN,
85,20,5,0,MAIN,17,Mega Abomasnow ex,2,Snover,90.0,34,False,0,ATTACH,40400.0,0,ATTACH,40400.0,0.0,False,0,ATTACH,True,WIN,
85,21,5,0,MAIN,4,Mega Abomasnow ex,3,Snover,90.0,34,True,2,ATTACK_1047,18104.7,2,ATTACK_1047,28104.7,0.0,False,2,ATTACK_1047,True,WIN,
85,22,5,0,MAIN,5,Mega Abomasnow ex,3,Snover,90.0,34,True,0,EVOLVE,70000.0,0,EVOLVE,70000.0,0.0,False,0,EVOLVE,True,WIN,
85,23,5,0,MAIN,4,Mega Abomasnow ex,3,Snover,90.0,34,True,2,ATTACK_1047,18104.7,2,ATTACK_1047,28104.7,0.0,False,2,ATTACK_1047,True,WIN,
85,24,5,0,TO_HAND,2,Mega Abomasnow ex,3,Snover,90.0,34,False,0,CARD,5000.0,0,CARD,5000.0,0.0,False,0,CARD,True,WIN,
85,25,5,0,MAIN,3,Mega Abomasnow ex,3,Snover,90.0,34,True,1,ATTACK_1047,18104.7,1,ATTACK_1047,28104.7,0.0,False,1,ATTACK_1047,True,WIN,
85,26,5,0,TO_HAND,5,Mega Abomasnow ex,3,NONE,0.0,28,False,0,CARD,5000.0,0,CARD,5000.0,0.0,False,0,CARD,True,WIN,
85,30,7,0,MAIN,15,Mega Abomasnow ex,3,Kyogre,150.0,27,True,0,ATTACH,41100.0,0,ATTACH,41100.0,0.0,False,0,ATTACH,True,WIN,
85,31,7,0,MAIN,4,Mega Abomasnow ex,4,Kyogre,150.0,27,True,1,ATTACK_1047,18104.7,1,ATTACK_1047,28104.7,0.0,False,1,ATTACK_1047,True,WIN,
85,32,7,0,TO_HAND,4,Mega Abomasnow ex,4,NONE,0.0,21,False,0,CARD,5000.0,0,CARD,5000.0,0.0,False,0,CARD,True,WIN,
86,2,0,1,SETUP_ACTIVE_POKEMON,2,NONE,0,NONE,0.0,53,False,0,CARD,10000.0,0,CARD,10000.0,0.0,False,0,CARD,True,WIN,
86,4,0,1,SETUP_BENCH_POKEMON,1,NONE,0,NONE,0.0,47,False,0,CARD,10000.0,0,CARD,10000.0,0.0,False,0,CARD,True,WIN,
86,5,1,1,MAIN,7,Kyogre,0,Kyogre,150.0,46,False,0,ATTACH,39000.0,0,ATTACH,39000.0,0.0,False,0,ATTACH,True,WIN,
86,6,1,1,MAIN,2,Kyogre,1,Kyogre,150.0,46,False,0,PLAY,12000.0,0,PLAY,12000.0,0.0,False,0,PLAY,True,WIN,
86,7,1,1,MAIN,1,Kyogre,1,Kyogre,150.0,46,False,0,END,0.0,0,END,0.0,0.0,False,0,END,True,WIN,
86,10,3,1,MAIN,13,Kyogre,1,Kyogre,150.0,45,False,6,EVOLVE,70000.0,6,EVOLVE,70000.0,0.0,False,6,EVOLVE,True,WIN,
86,11,3,1,MAIN,3,Kyogre,2,Kyogre,150.0,45,False,0,EVOLVE,70000.0,0,EVOLVE,70000.0,0.0,False,0,EVOLVE,True,WIN,
86,12,3,1,MAIN,2,Kyogre,2,Kyogre,150.0,45,False,0,ATTACK_1042,18104.2,0,ATTACK_1042,18104.2,0.0,False,0,ATTACK_1042,True,WIN,
86,15,5,1,MAIN,12,Kyogre,2,Kyogre,150.0,44,False,0,ATTACH,40400.0,0,ATTACH,40400.0,0.0,False,0,ATTACH,True,WIN,
86,16,5,1,MAIN,4,Kyogre,3,Kyogre,150.0,44,False,1,ATTACK_1043,18104.3,1,ATTACK_1043,18104.3,0.0,False,1,ATTACK_1043,True,WIN,
86,21,7,1,MAIN,13,Kyogre,3,Kyogre,150.0,43,False,0,ATTACH,41100.0,0,ATTACH,41100.0,0.0,False,0,ATTACH,True,WIN,
86,22,7,1,MAIN,5,Kyogre,4,Kyogre,150.0,43,False,3,RETREAT,30000.0,3,RETREAT,30000.0,0.0,False,3,RETREAT,True,WIN,
86,23,7,1,MAIN,5,Kyogre,4,Kyogre,150.0,38,False,3,RETREAT,30000.0,3,RETREAT,30000.0,0.0,False,3,RETREAT,True,WIN,
86,24,7,1,TO_HAND,1,Kyogre,4,Kyogre,150.0,38,False,0,CARD,1000.0,0,CARD,1000.0,0.0,False,0,CARD,True,WIN,
86,25,7,1,MAIN,4,Kyogre,4,Kyogre,150.0,38,False,2,RETREAT,30000.0,2,RETREAT,30000.0,0.0,False,2,RETREAT,True,WIN,
86,29,8,1,TO_ACTIVE,1,NONE,0,Kyogre,150.0,38,False,0,CARD,5000.0,0,CARD,5000.0,0.0,False,0,CARD,True,WIN,
86,30,9,1,MAIN,8,Mega Abomasnow ex,0,Kyogre,150.0,37,False,0,ATTACH,39000.0,0,ATTACH,39000.0,0.0,False,0,ATTACH,True,WIN,
86,31,9,1,MAIN,2,Mega Abomasnow ex,1,Kyogre,150.0,37,False,0,PLAY,12000.0,0,PLAY,12000.0,0.0,False,0,PLAY,True,WIN,
86,32,9,1,MAIN,4,Mega Abomasnow ex,1,Kyogre,150.0,35,False,0,PLAY,12000.0,0,PLAY,12000.0,0.0,False,0,PLAY,True,WIN,
86,33,9,1,MAIN,3,Mega Abomasnow ex,1,Kyogre,150.0,35,False,0,PLAY,12000.0,0,PLAY,12000.0,0.0,False,0,PLAY,True,WIN,
86,34,9,1,TO_HAND,1,Mega Abomasnow ex,1,Kyogre,150.0,35,False,0,CARD,1000.0,0,CARD,1000.0,0.0,False,0,CARD,True,WIN,
86,35,9,1,MAIN,2,Mega Abomasnow ex,1,Kyogre,150.0,35,False,0,PLAY,12000.0,0,PLAY,12000.0,0.0,False,0,PLAY,True,WIN,
86,36,9,1,MAIN,1,Mega Abomasnow ex,1,Kyogre,150.0,35,False,0,END,0.0,0,END,0.0,0.0,False,0,END,True,WIN,
86,42,11,1,MAIN,13,Mega Abomasnow ex,1,Kyogre,150.0,34,False,1,ATTACH,39700.0,1,ATTACH,39700.0,0.0,False,1,ATTACH,True,WIN,
86,43,11,1,TO_HAND,1,Mega Abomasnow ex,1,Kyogre,150.0,34,False,0,CARD,1000.0,0,CARD,1000.0,0.0,False,0,CARD,True,WIN,
86,44,11,1,MAIN,11,Mega Abomasnow ex,1,Kyogre,150.0,34,False,0,ATTACH,39700.0,0,ATTACH,39700.0,0.0,False,0,ATTACH,True,WIN,
86,45,11,1,MAIN,3,Mega Abomasnow ex,2,Kyogre,150.0,34,False,1,ATTACK_1046,18104.6,1,ATTACK_1046,18104.6,0.0,False,1,ATTACK_1046,True,WIN,
86,46,11,1,TO_HAND,1,Mega Abomasnow ex,2,Kyogre,150.0,34,False,0,CARD,1000.0,0,CARD,1000.0,0.0,False,0,CARD,True,WIN,
86,47,11,1,MAIN,2,Mega Abomasnow ex,2,Kyogre,150.0,34,False,0,ATTACK_1046,18104.6,0,ATTACK_1046,18104.6,0.0,False,0,ATTACK_1046,True,WIN,
86,48,11,1,TO_HAND,6,Mega Abomasnow ex,2,NONE,0.0,28,False,0,CARD,5000.0,0,CARD,5000.0,0.0,False,0,CARD,True,WIN,
87,0,0,0,IS_FIRST,2,NONE,0,NONE,0.0,60,False,1,NO,5000.0,1,NO,5000.0,0.0,False,1,NO,True,WIN,
87,1,0,0,SETUP_ACTIVE_POKEMON,1,NONE,0,NONE,0.0,53,False,0,CARD,10000.0,0,CARD,10000.0,0.0,False,0,CARD,True,WIN,
87,3,0,0,DRAW_COUNT,6,NONE,0,NONE,0.0,47,False,5,NUMBER,5.0,5,NUMBER,5.0,0.0,False,5,NUMBER,True,WIN,
87,4,1,0,MAIN,8,Snover,0,Snover,90.0,46,False,0,ATTACH,39000.0,0,ATTACH,39000.0,0.0,False,0,ATTACH,True,WIN,
87,5,1,0,MAIN,1,Snover,1,Snover,90.0,46,False,0,END,0.0,0,END,0.0,0.0,False,0,END,True,WIN,
87,8,3,0,MAIN,9,Snover,1,Snover,90.0,45,False,0,ATTACH,39700.0,0,ATTACH,39700.0,0.0,False,0,ATTACH,True,WIN,
87,9,3,0,MAIN,4,Snover,2,Snover,90.0,45,False,2,ATTACK_1045,18104.5,2,ATTACK_1045,18104.5,0.0,False,2,ATTACK_1045,True,WIN,
87,10,3,0,MAIN,8,Snover,2,Snover,90.0,42,False,2,EVOLVE,71000.0,2,EVOLVE,71000.0,0.0,False,2,EVOLVE,True,WIN,
87,11,3,0,TO_HAND,2,Snover,2,Snover,90.0,42,False,0,CARD,1000.0,0,CARD,1000.0,0.0,False,0,CARD,True,WIN,
87,12,3,0,MAIN,7,Snover,2,Snover,90.0,42,False,1,EVOLVE,71000.0,1,EVOLVE,71000.0,0.0,False,1,EVOLVE,True,WIN,
87,13,3,0,TO_HAND,2,Snover,2,Snover,90.0,42,False,0,CARD,5000.0,0,CARD,5000.0,0.0,False,0,CARD,True,WIN,
87,14,3,0,MAIN,6,Snover,2,Snover,90.0,42,False,0,EVOLVE,71000.0,0,EVOLVE,71000.0,0.0,False,0,EVOLVE,True,WIN,
87,15,3,0,MAIN,3,Mega Abomasnow ex,2,Snover,90.0,42,False,1,ATTACK_1046,18104.6,1,ATTACK_1046,18104.6,0.0,False,1,ATTACK_1046,True,WIN,
87,16,3,0,MAIN,2,Mega Abomasnow ex,2,Snover,90.0,42,False,0,ATTACK_1046,18104.6,0,ATTACK_1046,18104.6,0.0,False,0,ATTACK_1046,True,WIN,
87,17,3,0,TO_HAND,6,Mega Abomasnow ex,2,NONE,0.0,36,False,2,CARD,10000.0,2,CARD,10000.0,0.0,False,2,CARD,True,WIN,
88,2,0,1,SETUP_ACTIVE_POKEMON,1,NONE,0,NONE,0.0,53,False,0,CARD,10000.0,0,CARD,10000.0,0.0,False,0,CARD,True,WIN,
88,4,1,1,MAIN,5,Snover,0,Snover,90.0,46,False,0,ATTACH,39000.0,0,ATTACH,39000.0,0.0,False,0,ATTACH,True,WIN,
88,5,1,1,MAIN,2,Snover,1,Snover,90.0,46,False,0,PLAY,12000.0,0,PLAY,12000.0,0.0,False,0,PLAY,True,WIN,
88,6,1,1,TO_HAND,3,Snover,1,Snover,90.0,46,False,0,CARD,5000.0,0,CARD,5000.0,0.0,False,0,CARD,True,WIN,
88,7,1,1,MAIN,1,Snover,1,Snover,90.0,46,False,0,END,0.0,0,END,0.0,0.0,False,0,END,True,WIN,
88,10,3,1,MAIN,8,Snover,1,Snover,90.0,45,False,0,EVOLVE,70500.0,0,EVOLVE,70500.0,0.0,False,0,EVOLVE,True,WIN,
88,11,3,1,MAIN,6,Mega Abomasnow ex,1,Snover,90.0,45,False,0,ATTACH,39700.0,0,ATTACH,39700.0,0.0,False,0,ATTACH,True,WIN,
88,12,3,1,MAIN,5,Mega Abomasnow ex,2,Snover,90.0,45,False,3,ATTACK_1046,18104.6,3,ATTACK_1046,18104.6,0.0,False,3,ATTACK_1046,True,WIN,
88,13,3,1,ATTACH_TO,5,Mega Abomasnow ex,2,Snover,90.0,39,False,2,CARD,10000.0,2,CARD,10000.0,0.0,False,2,CARD,True,WIN,
88,14,3,1,MAIN,3,Mega Abomasnow ex,2,Snover,90.0,45,False,1,ATTACK_1046,18104.6,1,ATTACK_1046,18104.6,0.0,False,1,ATTACK_1046,True,WIN,
88,15,3,1,MAIN,2,Mega Abomasnow ex,2,Snover,90.0,45,False,0,ATTACK_1046,18104.6,0,ATTACK_1046,18104.6,0.0,False,0,ATTACK_1046,True,WIN,
88,16,3,1,TO_HAND,6,Mega Abomasnow ex,2,NONE,0.0,39,False,0,CARD,5000.0,0,CARD,5000.0,0.0,False,0,CARD,True,WIN,
89,0,0,0,IS_FIRST,2,NONE,0,NONE,0.0,60,False,1,NO,5000.0,1,NO,5000.0,0.0,False,1,NO,True,LOSS,
89,1,0,0,SETUP_ACTIVE_POKEMON,1,NONE,0,NONE,0.0,53,False,0,CARD,10000.0,0,CARD,10000.0,0.0,False,0,CARD,True,LOSS,
89,3,0,0,DRAW_COUNT,4,NONE,0,NONE,0.0,47,False,3,NUMBER,3.0,3,NUMBER,3.0,0.0,False,3,NUMBER,True,LOSS,
89,4,1,0,MAIN,7,Snover,0,Snover,90.0,46,False,0,ATTACH,39000.0,0,ATTACH,39000.0,0.0,False,0,ATTACH,True,LOSS,
89,5,1,0,MAIN,1,Snover,1,Snover,90.0,46,False,0,END,0.0,0,END,0.0,0.0,False,0,END,True,LOSS,
89,8,3,0,MAIN,9,Snover,1,Snover,90.0,45,False,1,ATTACH,39700.0,1,ATTACH,39700.0,0.0,False,1,ATTACH,True,LOSS,
89,9,3,0,TO_HAND,2,Snover,1,Snover,90.0,45,False,0,CARD,5000.0,0,CARD,5000.0,0.0,False,0,CARD,True,LOSS,
89,10,3,0,MAIN,7,Snover,1,Snover,90.0,45,False,0,ATTACH,39700.0,0,ATTACH,39700.0,0.0,False,0,ATTACH,True,LOSS,
89,11,3,0,MAIN,3,Snover,2,Snover,90.0,45,False,1,ATTACK_1045,18104.5,1,ATTACK_1045,18104.5,0.0,False,1,ATTACK_1045,True,LOSS,
89,14,5,0,MAIN,9,Snover,2,Snover,80.0,44,False,0,ATTACH,40400.0,0,ATTACH,40400.0,0.0,False,0,ATTACH,True,LOSS,
89,15,5,0,MAIN,4,Snover,3,Snover,80.0,44,False,2,ATTACK_1045,18104.5,2,ATTACK_1045,18104.5,0.0,False,2,ATTACK_1045,True,LOSS,
89,16,5,0,TO_HAND,2,Snover,3,Snover,80.0,44,False,0,CARD,1000.0,0,CARD,1000.0,0.0,False,0,CARD,True,LOSS,
89,17,5,0,MAIN,3,Snover,3,Snover,80.0,44,False,1,ATTACK_1045,18104.5,1,ATTACK_1045,18104.5,0.0,False,1,ATTACK_1045,True,LOSS,
89,20,7,0,MAIN,8,Snover,3,Snover,70.0,43,False,0,ATTACH,41100.0,0,ATTACH,41100.0,0.0,False,0,ATTACH,True,LOSS,
89,21,7,0,MAIN,4,Snover,4,Snover,70.0,43,False,2,ATTACK_1045,18104.5,2,ATTACK_1045,18104.5,0.0,False,2,ATTACK_1045,True,LOSS,
89,22,7,0,MAIN,4,Snover,4,Snover,70.0,43,False,2,RETREAT,30000.0,2,RETREAT,30000.0,0.0,False,2,RETREAT,True,LOSS,
89,26,8,0,TO_ACTIVE,1,NONE,0,Snover,60.0,43,False,0,CARD,5000.0,0,CARD,5000.0,0.0,False,0,CARD,True,LOSS,
89,27,9,0,MAIN,5,Snover,0,Snover,60.0,42,False,0,ATTACH,39000.0,0,ATTACH,39000.0,0.0,False,0,ATTACH,True,LOSS,
89,28,9,0,MAIN,2,Snover,1,Snover,60.0,42,False,0,ATTACK_1044,18104.4,0,ATTACK_1044,18104.4,0.0,False,0,ATTACK_1044,True,LOSS,
89,31,11,0,MAIN,6,Snover,1,Snover,50.0,41,False,0,ATTACH,39700.0,0,ATTACH,39700.0,0.0,False,0,ATTACH,True,LOSS,
89,32,11,0,MAIN,4,Snover,2,Snover,50.0,41,False,2,ATTACK_1045,18104.5,2,ATTACK_1045,18104.5,0.0,False,2,ATTACK_1045,True,LOSS,
89,33,11,0,ATTACH_TO,4,Snover,2,Snover,50.0,35,False,0,CARD,10000.0,0,CARD,10000.0,0.0,False,0,CARD,True,LOSS,
89,34,11,0,MAIN,3,Snover,2,Snover,50.0,41,False,1,ATTACK_1045,18104.5,1,ATTACK_1045,18104.5,0.0,False,1,ATTACK_1045,True,LOSS,
89,37,13,0,MAIN,6,Snover,2,Snover,40.0,40,False,0,ATTACH,40400.0,0,ATTACH,40400.0,0.0,False,0,ATTACH,True,LOSS,
89,38,13,0,MAIN,3,Snover,3,Snover,40.0,40,False,1,ATTACK_1045,18104.5,1,ATTACK_1045,18104.5,0.0,False,1,ATTACK_1045,True,LOSS,
90,1,0,1,SETUP_ACTIVE_POKEMON,2,NONE,0,NONE,0.0,53,False,0,CARD,10000.0,0,CARD,10000.0,0.0,False,0,CARD,True,LOSS,
90,3,0,1,DRAW_COUNT,2,NONE,0,NONE,0.0,47,False,1,NUMBER,1.0,1,NUMBER,1.0,0.0,False,1,NUMBER,True,LOSS,
90,4,0,1,SETUP_BENCH_POKEMON,1,NONE,0,NONE,0.0,47,False,0,CARD,10000.0,0,CARD,10000.0,0.0,False,0,CARD,True,LOSS,
90,6,1,1,MAIN,5,Snover,0,Kyogre,150.0,46,False,2,ATTACH,39000.0,2,ATTACH,39000.0,0.0,False,2,ATTACH,True,LOSS,
90,7,1,1,TO_HAND,4,Snover,0,Kyogre,150.0,46,False,0,CARD,5000.0,0,CARD,5000.0,0.0,False,0,CARD,True,LOSS,
90,8,1,1,MAIN,4,Snover,0,Kyogre,150.0,46,False,1,ATTACH,39000.0,1,ATTACH,39000.0,0.0,False,1,ATTACH,True,LOSS,
90,9,1,1,MAIN,5,Snover,0,Kyogre,150.0,46,False,0,ATTACH,39000.0,0,ATTACH,39000.0,0.0,False,0,ATTACH,True,LOSS,
90,10,1,1,MAIN,1,Snover,1,Kyogre,150.0,46,False,0,END,0.0,0,END,0.0,0.0,False,0,END,True,LOSS,
90,13,3,1,MAIN,9,Snover,1,Kyogre,150.0,45,False,1,ATTACH,39700.0,1,ATTACH,39700.0,0.0,False,1,ATTACH,True,LOSS,
90,14,3,1,ATTACH_TO,3,Snover,1,Kyogre,150.0,39,False,0,CARD,5000.0,0,CARD,5000.0,0.0,False,0,CARD,True,LOSS,
90,15,3,1,MAIN,6,Snover,1,Kyogre,150.0,45,False,0,ATTACH,39700.0,0,ATTACH,39700.0,0.0,False,0,ATTACH,True,LOSS,
90,16,3,1,MAIN,3,Snover,2,Kyogre,150.0,45,False,1,ATTACK_1045,18104.5,1,ATTACK_1045,18104.5,0.0,False,1,ATTACK_1045,True,LOSS,
90,19,5,1,MAIN,9,Snover,2,Kyogre,140.0,44,False,2,ATTACH,40400.0,2,ATTACH,40400.0,0.0,False,2,ATTACH,True,LOSS,
90,20,5,1,MAIN,14,Snover,2,Kyogre,140.0,39,False,1,ATTACH,40400.0,1,ATTACH,40400.0,0.0,False,1,ATTACH,True,LOSS,
90,21,5,1,TO_HAND,4,Snover,2,Kyogre,140.0,39,False,0,CARD,5000.0,0,CARD,5000.0,0.0,False,0,CARD,True,LOSS,
90,22,5,1,MAIN,13,Snover,2,Kyogre,140.0,39,False,0,ATTACH,40400.0,0,ATTACH,40400.0,0.0,False,0,ATTACH,True,LOSS,
90,23,5,1,MAIN,4,Snover,3,Kyogre,140.0,39,False,1,ATTACK_1045,18104.5,1,ATTACK_1045,18104.5,0.0,False,1,ATTACK_1045,True,LOSS,
90,29,6,1,TO_ACTIVE,1,NONE,0,Kyogre,130.0,39,False,0,CARD,5000.0,0,CARD,5000.0,0.0,False,0,CARD,True,LOSS,
90,30,7,1,MAIN,7,Kyogre,0,Kyogre,130.0,38,False,1,ATTACH,39000.0,1,ATTACH,39000.0,0.0,False,1,ATTACH,True,LOSS,
90,31,7,1,MAIN,6,Kyogre,0,Kyogre,130.0,36,False,0,ATTACH,39000.0,0,ATTACH,39000.0,0.0,False,0,ATTACH,True,LOSS,
90,32,7,1,MAIN,3,Kyogre,1,Kyogre,130.0,36,False,1,ATTACK_1042,18104.2,1,ATTACK_1042,18104.2,0.0,False,1,ATTACK_1042,True,LOSS,
90,33,7,1,TO_HAND,3,Kyogre,1,Kyogre,130.0,36,False,0,CARD,5000.0,0,CARD,5000.0,0.0,False,0,CARD,True,LOSS,
90,34,7,1,MAIN,2,Kyogre,1,Kyogre,130.0,36,False,0,ATTACK_1042,18104.2,0,ATTACK_1042,18104.2,0.0,False,0,ATTACK_1042,True,LOSS,
90,37,9,1,MAIN,8,Kyogre,1,Kyogre,70.0,38,False,1,ATTACH,39700.0,1,ATTACH,39700.0,0.0,False,1,ATTACH,True,LOSS,
90,38,9,1,MAIN,9,Kyogre,1,Kyogre,70.0,36,False,0,ATTACH,39700.0,0,ATTACH,39700.0,0.0,False,0,ATTACH,True,LOSS,
90,39,9,1,MAIN,3,Kyogre,2,Kyogre,70.0,36,False,0,ATTACH,40400.0,0,ATTACH,40400.0,0.0,False,0,ATTACH,True,LOSS,
90,40,9,1,MAIN,2,Kyogre,2,Kyogre,70.0,36,False,0,ATTACK_1042,18104.2,0,ATTACK_1042,18104.2,0.0,False,0,ATTACK_1042,True,LOSS,
91,0,0,0,IS_FIRST,2,NONE,0,NONE,0.0,60,False,1,NO,5000.0,1,NO,5000.0,0.0,False,1,NO,True,LOSS,
91,1,0,0,SETUP_ACTIVE_POKEMON,1,NONE,0,NONE,0.0,53,False,0,CARD,10000.0,0,CARD,10000.0,0.0,False,0,CARD,True,LOSS,
91,3,1,0,MAIN,8,Kyogre,0,Kyogre,150.0,46,False,0,ATTACH,39000.0,0,ATTACH,39000.0,0.0,False,0,ATTACH,True,LOSS,
91,4,1,0,MAIN,1,Kyogre,1,Kyogre,150.0,46,False,0,END,0.0,0,END,0.0,0.0,False,0,END,True,LOSS,
91,7,3,0,MAIN,9,Kyogre,1,Kyogre,150.0,45,False,0,ATTACH,39700.0,0,ATTACH,39700.0,0.0,False,0,ATTACH,True,LOSS,
91,8,3,0,MAIN,3,Kyogre,2,Kyogre,150.0,45,False,1,ATTACK_1042,18104.2,1,ATTACK_1042,18104.2,0.0,False,1,ATTACK_1042,True,LOSS,
91,9,3,0,ATTACH_TO,3,Kyogre,2,Kyogre,150.0,39,False,0,CARD,5000.0,0,CARD,5000.0,0.0,False,0,CARD,True,LOSS,
91,10,3,0,MAIN,2,Kyogre,2,Kyogre,150.0,45,False,0,ATTACK_1042,18104.2,0,ATTACK_1042,18104.2,0.0,False,0,ATTACK_1042,True,LOSS,
91,13,5,0,MAIN,8,Kyogre,2,Kyogre,150.0,44,False,0,ATTACH,40400.0,0,ATTACH,40400.0,0.0,False,0,ATTACH,True,LOSS,
91,14,5,0,MAIN,3,Kyogre,3,Kyogre,150.0,44,False,1,ATTACK_1043,18104.3,1,ATTACK_1043,18104.3,0.0,False,1,ATTACK_1043,True,LOSS,
91,19,7,0,MAIN,9,Kyogre,3,Kyogre,150.0,43,False,0,ATTACH,41100.0,0,ATTACH,41100.0,0.0,False,0,ATTACH,True,LOSS,
91,20,7,0,MAIN,4,Kyogre,4,Kyogre,150.0,43,False,2,ATTACK_1043,18104.3,2,ATTACK_1043,18104.3,0.0,False,2,ATTACK_1043,True,LOSS,
91,21,7,0,MAIN,4,Kyogre,4,Kyogre,150.0,43,False,2,RETREAT,30000.0,2,RETREAT,30000.0,0.0,False,2,RETREAT,True,LOSS,
91,25,8,0,TO_ACTIVE,1,NONE,0,Kyogre,150.0,43,False,0,CARD,5000.0,0,CARD,5000.0,0.0,False,0,CARD,True,LOSS,
91,26,9,0,MAIN,6,Kyogre,0,Kyogre,150.0,42,False,0,ATTACH,39000.0,0,ATTACH,39000.0,0.0,False,0,ATTACH,True,LOSS,
91,27,9,0,MAIN,2,Kyogre,1,Kyogre,150.0,42,False,0,ATTACK_1042,18104.2,0,ATTACK_1042,18104.2,0.0,False,0,ATTACK_1042,True,LOSS,
91,32,11,0,MAIN,7,Kyogre,1,Kyogre,70.0,45,False,0,ATTACH,39700.0,0,ATTACH,39700.0,0.0,False,0,ATTACH,True,LOSS,
91,33,11,0,MAIN,2,Kyogre,2,Kyogre,70.0,45,False,0,ATTACK_1042,18104.2,0,ATTACK_1042,18104.2,0.0,False,0,ATTACK_1042,True,LOSS,
92,2,0,1,SETUP_ACTIVE_POKEMON,1,NONE,0,NONE,0.0,53,False,0,CARD,10000.0,0,CARD,10000.0,0.0,False,0,CARD,True,LOSS,
92,5,1,1,MAIN,7,Kyogre,0,Snover,90.0,46,False,1,ATTACH,39000.0,1,ATTACH,39000.0,0.0,False,1,ATTACH,True,LOSS,
92,6,1,1,TO_HAND,4,Kyogre,0,Snover,90.0,46,False,0,CARD,1000.0,0,CARD,1000.0,0.0,False,0,CARD,True,LOSS,
92,7,1,1,MAIN,6,Kyogre,0,Snover,90.0,46,False,0,ATTACH,39000.0,0,ATTACH,39000.0,0.0,False,0,ATTACH,True,LOSS,
92,8,1,1,MAIN,1,Kyogre,1,Snover,90.0,46,False,0,END,0.0,0,END,0.0,0.0,False,0,END,True,LOSS,
92,11,3,1,MAIN,7,Kyogre,1,Snover,90.0,45,False,1,ATTACH,39700.0,1,ATTACH,39700.0,0.0,False,1,ATTACH,True,LOSS,
92,12,3,1,MAIN,10,Kyogre,1,Snover,90.0,42,False,0,ATTACH,39700.0,0,ATTACH,39700.0,0.0,False,0,ATTACH,True,LOSS,
92,13,3,1,MAIN,2,Kyogre,2,Snover,90.0,42,False,0,ATTACK_1042,18104.2,0,ATTACK_1042,18104.2,0.0,False,0,ATTACK_1042,True,LOSS,
92,16,5,1,MAIN,10,Kyogre,2,Snover,90.0,41,False,0,ATTACH,40400.0,0,ATTACH,40400.0,0.0,False,0,ATTACH,True,LOSS,
92,17,5,1,MAIN,4,Kyogre,3,Snover,90.0,41,False,2,ATTACK_1043,18104.3,2,ATTACK_1043,18104.3,0.0,False,2,ATTACK_1043,True,LOSS,
92,18,5,1,TO_HAND,4,Kyogre,3,Snover,90.0,41,False,0,CARD,5000.0,0,CARD,5000.0,0.0,False,0,CARD,True,LOSS,
92,19,5,1,MAIN,3,Kyogre,3,Snover,90.0,41,False,1,ATTACK_1043,18104.3,1,ATTACK_1043,18104.3,0.0,False,1,ATTACK_1043,True,LOSS,
92,22,7,1,MAIN,10,Kyogre,3,Snover,90.0,40,False,0,ATTACH,41100.0,0,ATTACH,41100.0,0.0,False,0,ATTACH,True,LOSS,
92,23,7,1,MAIN,3,Kyogre,4,Snover,90.0,40,False,1,ATTACK_1043,18104.3,1,ATTACK_1043,18104.3,0.0,False,1,ATTACK_1043,True,LOSS,
93,0,0,0,IS_FIRST,2,NONE,0,NONE,0.0,60,False,1,NO,5000.0,1,NO,5000.0,0.0,False,1,NO,True,WIN,
93,1,0,0,SETUP_ACTIVE_POKEMON,1,NONE,0,NONE,0.0,53,False,0,CARD,10000.0,0,CARD,10000.0,0.0,False,0,CARD,True,WIN,
93,3,1,0,MAIN,4,Snover,0,Kyogre,150.0,46,False,0,ATTACH,39000.0,0,ATTACH,39000.0,0.0,False,0,ATTACH,True,WIN,
93,4,1,0,MAIN,1,Snover,1,Kyogre,150.0,46,False,0,END,0.0,0,END,0.0,0.0,False,0,END,True,WIN,
93,7,3,0,MAIN,9,Snover,1,Kyogre,150.0,45,False,2,EVOLVE,70500.0,2,EVOLVE,70500.0,0.0,False,2,EVOLVE,True,WIN,
93,8,3,0,MAIN,10,Snover,1,Kyogre,150.0,43,False,4,EVOLVE,70500.0,4,EVOLVE,70500.0,0.0,False,4,EVOLVE,True,WIN,
93,9,3,0,TO_HAND,2,Snover,1,Kyogre,150.0,43,False,0,CARD,1000.0,0,CARD,1000.0,0.0,False,0,CARD,True,WIN,
93,10,3,0,MAIN,9,Snover,1,Kyogre,150.0,43,False,3,EVOLVE,70500.0,3,EVOLVE,70500.0,0.0,False,3,EVOLVE,True,WIN,
93,11,3,0,MAIN,10,Snover,1,Kyogre,150.0,43,False,2,EVOLVE,70500.0,2,EVOLVE,70500.0,0.0,False,2,EVOLVE,True,WIN,
93,12,3,0,TO_HAND,2,Snover,1,Kyogre,150.0,43,False,0,CARD,1000.0,0,CARD,1000.0,0.0,False,0,CARD,True,WIN,
93,13,3,0,MAIN,9,Snover,1,Kyogre,150.0,43,False,1,EVOLVE,70500.0,1,EVOLVE,70500.0,0.0,False,1,EVOLVE,True,WIN,
93,14,3,0,MAIN,10,Snover,1,Kyogre,150.0,43,False,0,EVOLVE,70500.0,0,EVOLVE,70500.0,0.0,False,0,EVOLVE,True,WIN,
93,15,3,0,MAIN,7,Mega Abomasnow ex,1,Kyogre,150.0,43,False,0,ATTACH,39700.0,0,ATTACH,39700.0,0.0,False,0,ATTACH,True,WIN,
93,16,3,0,MAIN,2,Mega Abomasnow ex,2,Kyogre,150.0,43,False,0,ATTACK_1046,18104.6,0,ATTACK_1046,18104.6,0.0,False,0,ATTACK_1046,True,WIN,
93,17,3,0,TO_HAND,6,Mega Abomasnow ex,2,NONE,0.0,37,False,0,CARD,10000.0,0,CARD,10000.0,0.0,False,0,CARD,True,WIN,
94,1,0,1,SETUP_ACTIVE_POKEMON,1,NONE,0,NONE,0.0,53,False,0,CARD,10000.0,0,CARD,10000.0,0.0,False,0,CARD,True,WIN,
94,3,1,1,MAIN,7,Snover,0,Kyogre,150.0,46,False,0,ATTACH,39000.0,0,ATTACH,39000.0,0.0,False,0,ATTACH,True,WIN,
94,4,1,1,MAIN,1,Snover,1,Kyogre,150.0,46,False,0,END,0.0,0,END,0.0,0.0,False,0,END,True,WIN,
94,7,3,1,MAIN,9,Snover,1,Kyogre,150.0,45,False,0,EVOLVE,70500.0,0,EVOLVE,70500.0,0.0,False,0,EVOLVE,True,WIN,
94,8,3,1,MAIN,7,Mega Abomasnow ex,1,Kyogre,150.0,45,False,0,ATTACH,39700.0,0,ATTACH,39700.0,0.0,False,0,ATTACH,True,WIN,
94,9,3,1,MAIN,3,Mega Abomasnow ex,2,Kyogre,150.0,45,False,1,ATTACK_1046,18104.6,1,ATTACK_1046,18104.6,0.0,False,1,ATTACK_1046,True,WIN,
94,10,3,1,TO_HAND,3,Mega Abomasnow ex,2,Kyogre,150.0,45,False,0,CARD,1000.0,0,CARD,1000.0,0.0,False,0,CARD,True,WIN,
94,11,3,1,MAIN,2,Mega Abomasnow ex,2,Kyogre,150.0,45,False,0,ATTACK_1046,18104.6,0,ATTACK_1046,18104.6,0.0,False,0,ATTACK_1046,True,WIN,
94,12,3,1,TO_HAND,6,Mega Abomasnow ex,2,NONE,0.0,39,False,0,CARD,5000.0,0,CARD,5000.0,0.0,False,0,CARD,True,WIN,
95,0,0,0,IS_FIRST,2,NONE,0,NONE,0.0,60,False,1,NO,5000.0,1,NO,5000.0,0.0,False,1,NO,True,LOSS,
95,2,0,0,SETUP_ACTIVE_POKEMON,1,NONE,0,NONE,0.0,53,False,0,CARD,10000.0,0,CARD,10000.0,0.0,False,0,CARD,True,LOSS,
95,5,1,0,MAIN,5,Kyogre,0,Snover,90.0,46,False,0,ATTACH,39000.0,0,ATTACH,39000.0,0.0,False,0,ATTACH,True,LOSS,
95,6,1,0,MAIN,1,Kyogre,1,Snover,90.0,46,False,0,END,0.0,0,END,0.0,0.0,False,0,END,True,LOSS,
95,10,3,0,MAIN,9,Kyogre,1,Snover,90.0,45,False,0,ATTACH,39700.0,0,ATTACH,39700.0,0.0,False,0,ATTACH,True,LOSS,
95,11,3,0,MAIN,6,Kyogre,2,Snover,90.0,45,False,4,ATTACK_1042,18104.2,4,ATTACK_1042,18104.2,0.0,False,4,ATTACK_1042,True,LOSS,
95,12,3,0,ATTACH_TO,3,Kyogre,2,Snover,90.0,39,False,0,CARD,5000.0,0,CARD,5000.0,0.0,False,0,CARD,True,LOSS,
95,13,3,0,MAIN,3,Kyogre,2,Snover,90.0,45,False,1,ATTACK_1042,18104.2,1,ATTACK_1042,18104.2,0.0,False,1,ATTACK_1042,True,LOSS,
95,14,3,0,TO_HAND,4,Kyogre,2,Snover,90.0,45,False,0,CARD,1000.0,0,CARD,1000.0,0.0,False,0,CARD,True,LOSS,
95,15,3,0,MAIN,2,Kyogre,2,Snover,90.0,45,False,0,ATTACK_1042,18104.2,0,ATTACK_1042,18104.2,0.0,False,0,ATTACK_1042,True,LOSS,
96,1,0,1,SETUP_ACTIVE_POKEMON,1,NONE,0,NONE,0.0,53,False,0,CARD,10000.0,0,CARD,10000.0,0.0,False,0,CARD,True,WIN,
96,3,0,1,DRAW_COUNT,4,NONE,0,NONE,0.0,47,False,3,NUMBER,3.0,3,NUMBER,3.0,0.0,False,3,NUMBER,True,WIN,
96,5,1,1,MAIN,4,Snover,0,Snover,90.0,46,False,0,ATTACH,39000.0,0,ATTACH,39000.0,0.0,False,0,ATTACH,True,WIN,
96,6,1,1,MAIN,1,Snover,1,Snover,90.0,46,False,0,END,0.0,0,END,0.0,0.0,False,0,END,True,WIN,
96,9,3,1,MAIN,9,Snover,1,Snover,90.0,45,False,0,EVOLVE,70500.0,0,EVOLVE,70500.0,0.0,False,0,EVOLVE,True,WIN,
96,10,3,1,MAIN,6,Mega Abomasnow ex,1,Snover,90.0,45,False,1,ATTACH,39700.0,1,ATTACH,39700.0,0.0,False,1,ATTACH,True,WIN,
96,11,3,1,MAIN,5,Mega Abomasnow ex,1,Snover,90.0,42,False,2,ATTACH,39700.0,2,ATTACH,39700.0,0.0,False,2,ATTACH,True,WIN,
96,12,3,1,MAIN,6,Mega Abomasnow ex,1,Snover,90.0,42,False,1,ATTACH,39700.0,1,ATTACH,39700.0,0.0,False,1,ATTACH,True,WIN,
96,13,3,1,TO_HAND,3,Mega Abomasnow ex,1,Snover,90.0,42,False,0,CARD,1000.0,0,CARD,1000.0,0.0,False,0,CARD,True,WIN,
96,14,3,1,MAIN,5,Mega Abomasnow ex,1,Snover,90.0,42,False,0,ATTACH,39700.0,0,ATTACH,39700.0,0.0,False,0,ATTACH,True,WIN,
96,15,3,1,MAIN,2,Mega Abomasnow ex,2,Snover,90.0,42,False,0,ATTACK_1046,18104.6,0,ATTACK_1046,18104.6,0.0,False,0,ATTACK_1046,True,WIN,
96,16,3,1,TO_HAND,6,Mega Abomasnow ex,2,NONE,0.0,36,False,0,CARD,5000.0,0,CARD,5000.0,0.0,False,0,CARD,True,WIN,
96,21,5,1,MAIN,12,Mega Abomasnow ex,2,Kyogre,150.0,35,False,4,ATTACH,40400.0,4,ATTACH,40400.0,0.0,False,4,ATTACH,True,WIN,
96,22,5,1,ATTACH_TO,3,Mega Abomasnow ex,2,Kyogre,150.0,29,False,0,CARD,5000.0,0,CARD,5000.0,0.0,False,0,CARD,True,WIN,
96,23,5,1,MAIN,8,Mega Abomasnow ex,2,Kyogre,150.0,35,False,0,ATTACH,40400.0,0,ATTACH,40400.0,0.0,False,0,ATTACH,True,WIN,
96,24,5,1,MAIN,3,Mega Abomasnow ex,3,Kyogre,150.0,35,True,1,ATTACK_1047,18104.7,1,ATTACK_1047,28104.7,0.0,False,1,ATTACK_1047,True,WIN,
96,25,5,1,TO_HAND,5,Mega Abomasnow ex,3,NONE,0.0,29,False,0,CARD,5000.0,0,CARD,5000.0,0.0,False,0,CARD,True,WIN,
97,0,0,0,IS_FIRST,2,NONE,0,NONE,0.0,60,False,1,NO,5000.0,1,NO,5000.0,0.0,False,1,NO,True,LOSS,
97,2,0,0,SETUP_ACTIVE_POKEMON,1,NONE,0,NONE,0.0,53,False,0,CARD,10000.0,0,CARD,10000.0,0.0,False,0,CARD,True,LOSS,
97,4,1,0,MAIN,4,Kyogre,0,Kyogre,150.0,46,False,0,ATTACH,39000.0,0,ATTACH,39000.0,0.0,False,0,ATTACH,True,LOSS,
97,5,1,0,MAIN,1,Kyogre,1,Kyogre,150.0,46,False,0,END,0.0,0,END,0.0,0.0,False,0,END,True,LOSS,
97,9,3,0,MAIN,8,Kyogre,1,Kyogre,150.0,45,False,2,ATTACH,39700.0,2,ATTACH,39700.0,0.0,False,2,ATTACH,True,LOSS,
97,10,3,0,MAIN,10,Kyogre,1,Kyogre,150.0,43,False,0,ATTACH,39700.0,0,ATTACH,39700.0,0.0,False,0,ATTACH,True,LOSS,
97,11,3,0,MAIN,4,Kyogre,2,Kyogre,150.0,43,False,2,ATTACK_1042,18104.2,2,ATTACK_1042,18104.2,0.0,False,2,ATTACK_1042,True,LOSS,
97,12,3,0,MAIN,3,Kyogre,2,Kyogre,150.0,43,False,1,ATTACK_1042,18104.2,1,ATTACK_1042,18104.2,0.0,False,1,ATTACK_1042,True,LOSS,
97,13,3,0,MAIN,2,Kyogre,2,Kyogre,150.0,43,False,0,ATTACK_1042,18104.2,0,ATTACK_1042,18104.2,0.0,False,0,ATTACK_1042,True,LOSS,
97,16,5,0,MAIN,20,Kyogre,2,Kyogre,150.0,42,False,0,ATTACH,40400.0,0,ATTACH,40400.0,0.0,False,0,ATTACH,True,LOSS,
97,17,5,0,MAIN,4,Kyogre,3,Kyogre,150.0,42,False,1,ATTACK_1043,18104.3,1,ATTACK_1043,18104.3,0.0,False,1,ATTACK_1043,True,LOSS,
97,22,7,0,MAIN,22,Kyogre,3,Kyogre,150.0,41,False,0,ATTACH,41100.0,0,ATTACH,41100.0,0.0,False,0,ATTACH,True,LOSS,
97,23,7,0,MAIN,4,Kyogre,4,Kyogre,150.0,41,False,2,RETREAT,30000.0,2,RETREAT,30000.0,0.0,False,2,RETREAT,True,LOSS,
97,27,8,0,TO_ACTIVE,2,NONE,0,Kyogre,150.0,41,False,0,CARD,5000.0,0,CARD,5000.0,0.0,False,0,CARD,True,LOSS,
97,28,9,0,MAIN,13,Snover,0,Kyogre,150.0,40,False,0,ATTACH,39000.0,0,ATTACH,39000.0,0.0,False,0,ATTACH,True,LOSS,
97,29,9,0,MAIN,2,Snover,1,Kyogre,150.0,40,False,0,ATTACK_1044,18104.4,0,ATTACK_1044,18104.4,0.0,False,0,ATTACK_1044,True,LOSS,
97,35,10,0,TO_ACTIVE,1,NONE,0,Kyogre,140.0,40,False,0,CARD,5000.0,0,CARD,5000.0,0.0,False,0,CARD,True,LOSS,
97,36,11,0,MAIN,7,Snover,0,Kyogre,140.0,39,False,0,ATTACH,39000.0,0,ATTACH,39000.0,0.0,False,0,ATTACH,True,LOSS,
97,37,11,0,MAIN,3,Snover,1,Kyogre,140.0,39,False,1,ATTACK_1044,18104.4,1,ATTACK_1044,18104.4,0.0,False,1,ATTACK_1044,True,LOSS,
97,38,11,0,ATTACH_TO,4,Snover,1,Kyogre,140.0,33,False,0,CARD,5000.0,0,CARD,5000.0,0.0,False,0,CARD,True,LOSS,
97,39,11,0,MAIN,2,Snover,1,Kyogre,140.0,39,False,0,ATTACK_1044,18104.4,0,ATTACK_1044,18104.4,0.0,False,0,ATTACK_1044,True,LOSS,
97,42,13,0,MAIN,7,Snover,1,Kyogre,130.0,38,False,0,ATTACH,39700.0,0,ATTACH,39700.0,0.0,False,0,ATTACH,True,LOSS,
97,43,13,0,MAIN,4,Snover,2,Kyogre,130.0,38,False,2,ATTACK_1045,18104.5,2,ATTACK_1045,18104.5,0.0,False,2,ATTACK_1045,True,LOSS,
97,44,13,0,ATTACH_TO,3,Snover,2,Kyogre,130.0,32,False,0,CARD,5000.0,0,CARD,5000.0,0.0,False,0,CARD,True,LOSS,
97,45,13,0,MAIN,3,Snover,2,Kyogre,130.0,38,False,1,ATTACK_1045,18104.5,1,ATTACK_1045,18104.5,0.0,False,1,ATTACK_1045,True,LOSS,
98,2,0,1,SETUP_ACTIVE_POKEMON,1,NONE,0,NONE,0.0,53,False,0,CARD,10000.0,0,CARD,10000.0,0.0,False,0,CARD,True,WIN,
98,4,1,1,MAIN,6,Snover,0,Snover,90.0,46,False,0,ATTACH,39000.0,0,ATTACH,39000.0,0.0,False,0,ATTACH,True,WIN,
98,5,1,1,MAIN,3,Snover,1,Snover,90.0,46,False,0,PLAY,12000.0,0,PLAY,12000.0,0.0,False,0,PLAY,True,WIN,
98,6,1,1,TO_HAND,4,Snover,1,Snover,90.0,46,False,0,CARD,1000.0,0,CARD,1000.0,0.0,False,0,CARD,True,WIN,
98,7,1,1,MAIN,2,Snover,1,Snover,90.0,46,False,0,PLAY,12000.0,0,PLAY,12000.0,0.0,False,0,PLAY,True,WIN,
98,8,1,1,TO_HAND,4,Snover,1,Snover,90.0,46,False,0,CARD,5000.0,0,CARD,5000.0,0.0,False,0,CARD,True,WIN,
98,9,1,1,MAIN,1,Snover,1,Snover,90.0,46,False,0,END,0.0,0,END,0.0,0.0,False,0,END,True,WIN,
98,12,3,1,MAIN,7,Snover,1,Snover,90.0,45,False,1,ATTACH,39700.0,1,ATTACH,39700.0,0.0,False,1,ATTACH,True,WIN,
98,13,3,1,MAIN,9,Snover,1,Snover,90.0,41,False,2,EVOLVE,70500.0,2,EVOLVE,70500.0,0.0,False,2,EVOLVE,True,WIN,
98,14,3,1,MAIN,6,Snover,2,Snover,90.0,41,False,1,EVOLVE,71000.0,1,EVOLVE,71000.0,0.0,False,1,EVOLVE,True,WIN,
98,15,3,1,MAIN,5,Snover,2,Snover,90.0,41,False,0,EVOLVE,71000.0,0,EVOLVE,71000.0,0.0,False,0,EVOLVE,True,WIN,
98,16,3,1,MAIN,3,Mega Abomasnow ex,2,Snover,90.0,41,False,1,ATTACK_1046,18104.6,1,ATTACK_1046,18104.6,0.0,False,1,ATTACK_1046,True,WIN,
98,17,3,1,MAIN,2,Mega Abomasnow ex,2,Snover,90.0,41,False,0,ATTACK_1046,18104.6,0,ATTACK_1046,18104.6,0.0,False,0,ATTACK_1046,True,WIN,
98,18,3,1,TO_HAND,6,Mega Abomasnow ex,2,NONE,0.0,35,False,0,CARD,5000.0,0,CARD,5000.0,0.0,False,0,CARD,True,WIN,
99,0,0,0,IS_FIRST,2,NONE,0,NONE,0.0,60,False,1,NO,5000.0,1,NO,5000.0,0.0,False,1,NO,True,WIN,
99,1,0,0,SETUP_ACTIVE_POKEMON,1,NONE,0,NONE,0.0,53,False,0,CARD,10000.0,0,CARD,10000.0,0.0,False,0,CARD,True,WIN,
99,3,0,0,DRAW_COUNT,2,NONE,0,NONE,0.0,47,False,1,NUMBER,1.0,1,NUMBER,1.0,0.0,False,1,NUMBER,True,WIN,
99,4,1,0,MAIN,7,Snover,0,Snover,90.0,46,False,0,ATTACH,39000.0,0,ATTACH,39000.0,0.0,False,0,ATTACH,True,WIN,
99,5,1,0,MAIN,1,Snover,1,Snover,90.0,46,False,0,END,0.0,0,END,0.0,0.0,False,0,END,True,WIN,
99,9,3,0,MAIN,9,Snover,1,Snover,90.0,45,False,6,EVOLVE,70500.0,6,EVOLVE,70500.0,0.0,False,6,EVOLVE,True,WIN,
99,10,3,0,MAIN,5,Snover,2,Snover,90.0,45,False,1,EVOLVE,71000.0,1,EVOLVE,71000.0,0.0,False,1,EVOLVE,True,WIN,
99,11,3,0,ATTACH_TO,2,Snover,2,Snover,90.0,39,False,1,CARD,10000.0,1,CARD,10000.0,0.0,False,1,CARD,True,WIN,
99,12,3,0,MAIN,4,Snover,2,Snover,90.0,45,False,0,EVOLVE,71000.0,0,EVOLVE,71000.0,0.0,False,0,EVOLVE,True,WIN,
99,13,3,0,MAIN,2,Mega Abomasnow ex,2,Snover,90.0,45,False,0,ATTACK_1046,18104.6,0,ATTACK_1046,18104.6,0.0,False,0,ATTACK_1046,True,WIN,
99,14,3,0,TO_HAND,6,Mega Abomasnow ex,2,NONE,0.0,39,False,4,CARD,10000.0,4,CARD,10000.0,0.0,False,4,CARD,True,WIN,
100,2,0,1,SETUP_ACTIVE_POKEMON,1,NONE,0,NONE,0.0,53,False,0,CARD,10000.0,0,CARD,10000.0,0.0,False,0,CARD,True,LOSS,
100,4,1,1,MAIN,8,Kyogre,0,Snover,90.0,46,False,0,ATTACH,39000.0,0,ATTACH,39000.0,0.0,False,0,ATTACH,True,LOSS,
100,5,1,1,MAIN,2,Kyogre,1,Snover,90.0,46,False,0,ATTACH,39700.0,0,ATTACH,39700.0,0.0,False,0,ATTACH,True,LOSS,
100,6,1,1,MAIN,1,Kyogre,1,Snover,90.0,46,False,0,END,0.0,0,END,0.0,0.0,False,0,END,True,LOSS,
100,9,3,1,MAIN,8,Kyogre,1,Snover,90.0,45,False,0,ATTACH,39700.0,0,ATTACH,39700.0,0.0,False,0,ATTACH,True,LOSS,
100,10,3,1,MAIN,2,Kyogre,2,Snover,90.0,45,False,0,ATTACK_1042,18104.2,0,ATTACK_1042,18104.2,0.0,False,0,ATTACK_1042,True,LOSS,
101,0,0,0,IS_FIRST,2,NONE,0,NONE,0.0,60,False,1,NO,5000.0,1,NO,5000.0,0.0,False,1,NO,True,WIN,
101,1,0,0,SETUP_ACTIVE_POKEMON,1,NONE,0,NONE,0.0,53,False,0,CARD,10000.0,0,CARD,10000.0,0.0,False,0,CARD,True,WIN,
101,4,1,0,MAIN,6,Snover,0,Kyogre,150.0,46,False,0,ATTACH,39000.0,0,ATTACH,39000.0,0.0,False,0,ATTACH,True,WIN,
101,5,1,0,MAIN,2,Snover,1,Kyogre,150.0,46,False,0,PLAY,12000.0,0,PLAY,12000.0,0.0,False,0,PLAY,True,WIN,
101,6,1,0,MAIN,1,Snover,1,Kyogre,150.0,46,False,0,END,0.0,0,END,0.0,0.0,False,0,END,True,WIN,
101,10,3,0,MAIN,11,Snover,1,Kyogre,150.0,45,False,7,EVOLVE,70500.0,7,EVOLVE,70500.0,0.0,False,7,EVOLVE,True,WIN,
101,11,3,0,ATTACH_TO,3,Snover,1,Kyogre,150.0,39,False,0,CARD,5000.0,0,CARD,5000.0,0.0,False,0,CARD,True,WIN,
101,12,3,0,MAIN,10,Snover,1,Kyogre,150.0,45,False,6,EVOLVE,70500.0,6,EVOLVE,70500.0,0.0,False,6,EVOLVE,True,WIN,
101,13,3,0,MAIN,5,Snover,2,Kyogre,150.0,45,False,0,EVOLVE,71000.0,0,EVOLVE,71000.0,0.0,False,0,EVOLVE,True,WIN,
101,14,3,0,MAIN,2,Mega Abomasnow ex,2,Kyogre,150.0,45,False,0,ATTACK_1046,18104.6,0,ATTACK_1046,18104.6,0.0,False,0,ATTACK_1046,True,WIN,
101,15,3,0,TO_HAND,6,Mega Abomasnow ex,2,NONE,0.0,39,False,2,CARD,10000.0,2,CARD,10000.0,0.0,False,2,CARD,True,WIN,
101,19,5,0,MAIN,9,Mega Abomasnow ex,2,Snover,90.0,38,False,0,ATTACH,40400.0,0,ATTACH,40400.0,0.0,False,0,ATTACH,True,WIN,
101,20,5,0,MAIN,4,Mega Abomasnow ex,3,Snover,90.0,38,True,2,ATTACK_1047,18104.7,2,ATTACK_1047,28104.7,0.0,False,2,ATTACK_1047,True,WIN,
101,21,5,0,TO_HAND,2,Mega Abomasnow ex,3,Snover,90.0,38,False,0,CARD,5000.0,0,CARD,5000.0,0.0,False,0,CARD,True,WIN,
101,22,5,0,MAIN,3,Mega Abomasnow ex,3,Snover,90.0,38,True,1,ATTACK_1047,18104.7,1,ATTACK_1047,28104.7,0.0,False,1,ATTACK_1047,True,WIN,
101,23,5,0,TO_HAND,5,Mega Abomasnow ex,3,NONE,0.0,32,False,1,CARD,10000.0,1,CARD,10000.0,0.0,False,1,CARD,True,WIN,
102,1,0,1,SETUP_ACTIVE_POKEMON,1,NONE,0,NONE,0.0,53,False,0,CARD,10000.0,0,CARD,10000.0,0.0,False,0,CARD,True,LOSS,
102,3,0,1,DRAW_COUNT,5,NONE,0,NONE,0.0,47,False,4,NUMBER,4.0,4,NUMBER,4.0,0.0,False,4,NUMBER,True,LOSS,
102,4,1,1,MAIN,8,Kyogre,0,Kyogre,150.0,46,False,0,ATTACH,39000.0,0,ATTACH,39000.0,0.0,False,0,ATTACH,True,LOSS,
102,5,1,1,MAIN,2,Kyogre,1,Kyogre,150.0,46,False,0,PLAY,12000.0,0,PLAY,12000.0,0.0,False,0,PLAY,True,LOSS,
102,6,1,1,TO_HAND,4,Kyogre,1,Kyogre,150.0,46,False,0,CARD,5000.0,0,CARD,5000.0,0.0,False,0,CARD,True,LOSS,
102,7,1,1,MAIN,1,Kyogre,1,Kyogre,150.0,46,False,0,END,0.0,0,END,0.0,0.0,False,0,END,True,LOSS,
102,10,3,1,MAIN,8,Kyogre,1,Kyogre,150.0,45,False,0,ATTACH,39700.0,0,ATTACH,39700.0,0.0,False,0,ATTACH,True,LOSS,
102,11,3,1,MAIN,2,Kyogre,2,Kyogre,150.0,45,False,0,ATTACK_1042,18104.2,0,ATTACK_1042,18104.2,0.0,False,0,ATTACK_1042,True,LOSS,
102,14,5,1,MAIN,8,Kyogre,2,Kyogre,150.0,44,False,0,ATTACH,40400.0,0,ATTACH,40400.0,0.0,False,0,ATTACH,True,LOSS,
102,15,5,1,MAIN,4,Kyogre,3,Kyogre,150.0,44,False,2,ATTACK_1043,18104.3,2,ATTACK_1043,18104.3,0.0,False,2,ATTACK_1043,True,LOSS,
102,16,5,1,ATTACH_TO,3,Kyogre,3,Kyogre,150.0,38,False,0,CARD,5000.0,0,CARD,5000.0,0.0,False,0,CARD,True,LOSS,
102,17,5,1,MAIN,3,Kyogre,3,Kyogre,150.0,44,False,1,ATTACK_1043,18104.3,1,ATTACK_1043,18104.3,0.0,False,1,ATTACK_1043,True,LOSS,
102,22,7,1,MAIN,8,Kyogre,3,Kyogre,150.0,43,False,0,ATTACH,41100.0,0,ATTACH,41100.0,0.0,False,0,ATTACH,True,LOSS,
102,23,7,1,MAIN,3,Kyogre,4,Kyogre,150.0,43,False,1,ATTACK_1043,18104.3,1,ATTACK_1043,18104.3,0.0,False,1,ATTACK_1043,True,LOSS,
103,0,0,0,IS_FIRST,2,NONE,0,NONE,0.0,60,False,1,NO,5000.0,1,NO,5000.0,0.0,False,1,NO,True,WIN,
103,1,0,0,SETUP_ACTIVE_POKEMON,1,NONE,0,NONE,0.0,53,False,0,CARD,10000.0,0,CARD,10000.0,0.0,False,0,CARD,True,WIN,
103,3,0,0,DRAW_COUNT,2,NONE,0,NONE,0.0,47,False,1,NUMBER,1.0,1,NUMBER,1.0,0.0,False,1,NUMBER,True,WIN,
103,4,1,0,MAIN,7,Snover,0,Kyogre,150.0,46,False,0,ATTACH,39000.0,0,ATTACH,39000.0,0.0,False,0,ATTACH,True,WIN,
103,5,1,0,MAIN,3,Snover,1,Kyogre,150.0,46,False,0,PLAY,12000.0,0,PLAY,12000.0,0.0,False,0,PLAY,True,WIN,
103,6,1,0,TO_HAND,4,Snover,1,Kyogre,150.0,46,False,0,CARD,1000.0,0,CARD,1000.0,0.0,False,0,CARD,True,WIN,
103,7,1,0,MAIN,2,Snover,1,Kyogre,150.0,46,False,0,PLAY,12000.0,0,PLAY,12000.0,0.0,False,0,PLAY,True,WIN,
103,8,1,0,MAIN,1,Snover,1,Kyogre,150.0,46,False,0,END,0.0,0,END,0.0,0.0,False,0,END,True,WIN,
103,11,3,0,MAIN,11,Snover,1,Kyogre,150.0,45,False,0,ATTACH,39700.0,0,ATTACH,39700.0,0.0,False,0,ATTACH,True,WIN,
103,12,3,0,MAIN,4,Snover,2,Kyogre,150.0,45,False,2,ATTACK_1045,18104.5,2,ATTACK_1045,18104.5,0.0,False,2,ATTACK_1045,True,WIN,
103,13,3,0,ATTACH_TO,4,Snover,2,Kyogre,150.0,39,False,0,CARD,5000.0,0,CARD,5000.0,0.0,False,0,CARD,True,WIN,
103,14,3,0,MAIN,3,Snover,2,Kyogre,150.0,45,False,1,ATTACK_1045,18104.5,1,ATTACK_1045,18104.5,0.0,False,1,ATTACK_1045,True,WIN,
103,17,5,0,MAIN,10,Snover,2,Kyogre,140.0,44,False,0,ATTACH,40400.0,0,ATTACH,40400.0,0.0,False,0,ATTACH,True,WIN,
103,18,5,0,MAIN,5,Snover,3,Kyogre,140.0,44,False,2,ATTACK_1045,18104.5,2,ATTACK_1045,18104.5,0.0,False,2,ATTACK_1045,True,WIN,
103,19,5,0,MAIN,5,Snover,3,Kyogre,140.0,38,False,2,ATTACK_1045,18104.5,2,ATTACK_1045,18104.5,0.0,False,2,ATTACK_1045,True,WIN,
103,20,5,0,MAIN,4,Snover,3,Kyogre,140.0,38,False,1,ATTACK_1045,18104.5,1,ATTACK_1045,18104.5,0.0,False,1,ATTACK_1045,True,WIN,
103,26,6,0,TO_ACTIVE,2,NONE,0,Kyogre,130.0,38,False,0,CARD,5000.0,0,CARD,5000.0,0.0,False,0,CARD,True,WIN,
103,27,7,0,MAIN,15,Kyogre,0,Kyogre,130.0,37,False,1,ATTACH,39000.0,1,ATTACH,39000.0,0.0,False,1,ATTACH,True,WIN,
103,28,7,0,TO_HAND,4,Kyogre,0,Kyogre,130.0,37,False,0,CARD,5000.0,0,CARD,5000.0,0.0,False,0,CARD,True,WIN,
103,29,7,0,MAIN,13,Kyogre,0,Kyogre,130.0,37,False,0,ATTACH,39000.0,0,ATTACH,39000.0,0.0,False,0,ATTACH,True,WIN,
103,30,7,0,MAIN,2,Kyogre,1,Kyogre,130.0,37,False,0,ATTACK_1042,18104.2,0,ATTACK_1042,18104.2,0.0,False,0,ATTACK_1042,True,WIN,
103,33,9,0,MAIN,15,Kyogre,1,Kyogre,70.0,39,False,0,ATTACH,39700.0,0,ATTACH,39700.0,0.0,False,0,ATTACH,True,WIN,
103,34,9,0,MAIN,3,Kyogre,2,Kyogre,70.0,39,False,1,ATTACK_1042,18104.2,1,ATTACK_1042,18104.2,0.0,False,1,ATTACK_1042,True,WIN,
103,35,9,0,MAIN,3,Kyogre,2,Kyogre,70.0,36,False,1,ATTACK_1042,18104.2,1,ATTACK_1042,18104.2,0.0,False,1,ATTACK_1042,True,WIN,
103,36,9,0,MAIN,2,Kyogre,2,Kyogre,70.0,36,False,0,ATTACK_1042,18104.2,0,ATTACK_1042,18104.2,0.0,False,0,ATTACK_1042,True,WIN,
103,42,10,0,TO_ACTIVE,2,NONE,0,Kyogre,70.0,36,False,0,CARD,5000.0,0,CARD,5000.0,0.0,False,0,CARD,True,WIN,
103,43,11,0,MAIN,16,Snover,0,Kyogre,70.0,35,False,13,EVOLVE,70000.0,13,EVOLVE,70000.0,0.0,False,13,EVOLVE,True,WIN,
103,44,11,0,MAIN,5,Snover,1,Kyogre,70.0,35,False,1,EVOLVE,70500.0,1,EVOLVE,70500.0,0.0,False,1,EVOLVE,True,WIN,
103,45,11,0,TO_HAND,3,Snover,1,Kyogre,70.0,35,False,0,CARD,10000.0,0,CARD,10000.0,0.0,False,0,CARD,True,WIN,
103,46,11,0,MAIN,4,Snover,1,Kyogre,70.0,35,False,0,EVOLVE,70500.0,0,EVOLVE,70500.0,0.0,False,0,EVOLVE,True,WIN,
103,47,11,0,MAIN,1,Mega Abomasnow ex,1,Kyogre,70.0,35,False,0,END,0.0,0,END,0.0,0.0,False,0,END,True,WIN,
103,50,13,0,MAIN,13,Mega Abomasnow ex,1,Kyogre,70.0,34,False,0,ATTACH,39700.0,0,ATTACH,39700.0,0.0,False,0,ATTACH,True,WIN,
103,51,13,0,MAIN,2,Mega Abomasnow ex,2,Kyogre,70.0,34,False,0,ATTACK_1046,18104.6,0,ATTACK_1046,18104.6,0.0,False,0,ATTACK_1046,True,WIN,
103,52,13,0,TO_HAND,6,Mega Abomasnow ex,2,NONE,0.0,28,False,0,CARD,5000.0,0,CARD,5000.0,0.0,False,0,CARD,True,WIN,
104,1,0,1,SETUP_ACTIVE_POKEMON,1,NONE,0,NONE,0.0,53,False,0,CARD,10000.0,0,CARD,10000.0,0.0,False,0,CARD,True,WIN,
104,3,1,1,MAIN,4,Snover,0,Snover,90.0,46,False,0,ATTACH,39000.0,0,ATTACH,39000.0,0.0,False,0,ATTACH,True,WIN,
104,4,1,1,MAIN,1,Snover,1,Snover,90.0,46,False,0,END,0.0,0,END,0.0,0.0,False,0,END,True,WIN,
104,7,3,1,MAIN,9,Snover,1,Snover,90.0,45,False,3,EVOLVE,70500.0,3,EVOLVE,70500.0,0.0,False,3,EVOLVE,True,WIN,
104,8,3,1,TO_HAND,2,Snover,1,Snover,90.0,45,False,0,CARD,10000.0,0,CARD,10000.0,0.0,False,0,CARD,True,WIN,
104,9,3,1,MAIN,7,Snover,1,Snover,90.0,45,False,1,EVOLVE,70500.0,1,EVOLVE,70500.0,0.0,False,1,EVOLVE,True,WIN,
104,10,3,1,MAIN,5,Snover,2,Snover,90.0,45,False,0,EVOLVE,71000.0,0,EVOLVE,71000.0,0.0,False,0,EVOLVE,True,WIN,
104,11,3,1,MAIN,2,Mega Abomasnow ex,2,Snover,90.0,45,False,0,ATTACK_1046,18104.6,0,ATTACK_1046,18104.6,0.0,False,0,ATTACK_1046,True,WIN,
104,12,3,1,TO_HAND,6,Mega Abomasnow ex,2,NONE,0.0,39,False,1,CARD,10000.0,1,CARD,10000.0,0.0,False,1,CARD,True,WIN,
105,0,0,0,IS_FIRST,2,NONE,0,NONE,0.0,60,False,1,NO,5000.0,1,NO,5000.0,0.0,False,1,NO,True,LOSS,
105,1,0,0,SETUP_ACTIVE_POKEMON,1,NONE,0,NONE,0.0,53,False,0,CARD,10000.0,0,CARD,10000.0,0.0,False,0,CARD,True,LOSS,
105,3,1,0,MAIN,7,Kyogre,0,Snover,90.0,46,False,0,ATTACH,39000.0,0,ATTACH,39000.0,0.0,False,0,ATTACH,True,LOSS,
105,4,1,0,MAIN,1,Kyogre,1,Snover,90.0,46,False,0,END,0.0,0,END,0.0,0.0,False,0,END,True,LOSS,
105,7,3,0,MAIN,9,Kyogre,1,Snover,90.0,45,False,1,ATTACH,39700.0,1,ATTACH,39700.0,0.0,False,1,ATTACH,True,LOSS,
105,8,3,0,MAIN,7,Kyogre,1,Snover,90.0,43,False,0,ATTACH,39700.0,0,ATTACH,39700.0,0.0,False,0,ATTACH,True,LOSS,
105,9,3,0,MAIN,2,Kyogre,2,Snover,90.0,43,False,0,ATTACK_1042,18104.2,0,ATTACK_1042,18104.2,0.0,False,0,ATTACK_1042,True,LOSS,
106,2,0,1,SETUP_ACTIVE_POKEMON,1,NONE,0,NONE,0.0,53,False,0,CARD,10000.0,0,CARD,10000.0,0.0,False,0,CARD,True,WIN,
106,4,1,1,MAIN,7,Snover,0,Snover,90.0,46,False,0,ATTACH,39000.0,0,ATTACH,39000.0,0.0,False,0,ATTACH,True,WIN,
106,5,1,1,MAIN,2,Snover,1,Snover,90.0,46,False,0,PLAY,12000.0,0,PLAY,12000.0,0.0,False,0,PLAY,True,WIN,
106,6,1,1,TO_HAND,3,Snover,1,Snover,90.0,46,False,0,CARD,1000.0,0,CARD,1000.0,0.0,False,0,CARD,True,WIN,
106,7,1,1,MAIN,1,Snover,1,Snover,90.0,46,False,0,END,0.0,0,END,0.0,0.0,False,0,END,True,WIN,
106,10,3,1,MAIN,8,Snover,1,Snover,90.0,45,False,0,EVOLVE,70500.0,0,EVOLVE,70500.0,0.0,False,0,EVOLVE,True,WIN,
106,11,3,1,MAIN,6,Mega Abomasnow ex,1,Snover,90.0,45,False,0,ATTACH,39700.0,0,ATTACH,39700.0,0.0,False,0,ATTACH,True,WIN,
106,12,3,1,MAIN,2,Mega Abomasnow ex,2,Snover,90.0,45,False,0,ATTACK_1046,18104.6,0,ATTACK_1046,18104.6,0.0,False,0,ATTACK_1046,True,WIN,
106,13,3,1,TO_HAND,6,Mega Abomasnow ex,2,NONE,0.0,39,False,0,CARD,5000.0,0,CARD,5000.0,0.0,False,0,CARD,True,WIN,
107,0,0,0,IS_FIRST,2,NONE,0,NONE,0.0,60,False,1,NO,5000.0,1,NO,5000.0,0.0,False,1,NO,True,WIN,
107,1,0,0,SETUP_ACTIVE_POKEMON,2,NONE,0,NONE,0.0,53,False,0,CARD,10000.0,0,CARD,10000.0,0.0,False,0,CARD,True,WIN,
107,3,0,0,SETUP_BENCH_POKEMON,1,NONE,0,NONE,0.0,47,False,0,CARD,10000.0,0,CARD,10000.0,0.0,False,0,CARD,True,WIN,
107,4,1,0,MAIN,7,Snover,0,Snover,90.0,46,False,0,ATTACH,39000.0,0,ATTACH,39000.0,0.0,False,0,ATTACH,True,WIN,
107,5,1,0,MAIN,3,Snover,1,Snover,90.0,46,False,0,PLAY,12000.0,0,PLAY,12000.0,0.0,False,0,PLAY,True,WIN,
107,6,1,0,TO_HAND,2,Snover,1,Snover,90.0,46,False,0,CARD,1000.0,0,CARD,1000.0,0.0,False,0,CARD,True,WIN,
107,7,1,0,MAIN,2,Snover,1,Snover,90.0,46,False,0,PLAY,12000.0,0,PLAY,12000.0,0.0,False,0,PLAY,True,WIN,
107,8,1,0,MAIN,1,Snover,1,Snover,90.0,46,False,0,END,0.0,0,END,0.0,0.0,False,0,END,True,WIN,
107,11,3,0,MAIN,12,Snover,1,Snover,90.0,45,False,0,EVOLVE,70500.0,0,EVOLVE,70500.0,0.0,False,0,EVOLVE,True,WIN,
107,12,3,0,MAIN,9,Mega Abomasnow ex,1,Snover,90.0,45,False,0,ATTACH,39700.0,0,ATTACH,39700.0,0.0,False,0,ATTACH,True,WIN,
107,13,3,0,MAIN,2,Mega Abomasnow ex,2,Snover,90.0,45,False,0,ATTACK_1046,18104.6,0,ATTACK_1046,18104.6,0.0,False,0,ATTACK_1046,True,WIN,
107,14,3,0,TO_HAND,6,Mega Abomasnow ex,2,NONE,0.0,39,False,0,CARD,5000.0,0,CARD,5000.0,0.0,False,0,CARD,True,WIN,
108,1,0,1,SETUP_ACTIVE_POKEMON,1,NONE,0,NONE,0.0,53,False,0,CARD,10000.0,0,CARD,10000.0,0.0,False,0,CARD,True,LOSS,
108,3,0,1,DRAW_COUNT,2,NONE,0,NONE,0.0,47,False,1,NUMBER,1.0,1,NUMBER,1.0,0.0,False,1,NUMBER,True,LOSS,
108,4,1,1,MAIN,5,Snover,0,Snover,90.0,46,False,0,ATTACH,39000.0,0,ATTACH,39000.0,0.0,False,0,ATTACH,True,LOSS,
108,5,1,1,MAIN,1,Snover,1,Snover,90.0,46,False,0,END,0.0,0,END,0.0,0.0,False,0,END,True,LOSS,
108,8,3,1,MAIN,9,Snover,1,Snover,90.0,45,False,1,ATTACH,39700.0,1,ATTACH,39700.0,0.0,False,1,ATTACH,True,LOSS,
108,9,3,1,TO_HAND,4,Snover,1,Snover,90.0,45,False,0,CARD,5000.0,0,CARD,5000.0,0.0,False,0,CARD,True,LOSS,
108,10,3,1,MAIN,6,Snover,1,Snover,90.0,45,False,0,ATTACH,39700.0,0,ATTACH,39700.0,0.0,False,0,ATTACH,True,LOSS,
108,11,3,1,MAIN,3,Snover,2,Snover,90.0,45,False,1,ATTACK_1045,18104.5,1,ATTACK_1045,18104.5,0.0,False,1,ATTACK_1045,True,LOSS,
109,0,0,0,IS_FIRST,2,NONE,0,NONE,0.0,60,False,1,NO,5000.0,1,NO,5000.0,0.0,False,1,NO,True,LOSS,
109,1,0,0,SETUP_ACTIVE_POKEMON,2,NONE,0,NONE,0.0,53,False,0,CARD,10000.0,0,CARD,10000.0,0.0,False,0,CARD,True,LOSS,
109,3,0,0,DRAW_COUNT,2,NONE,0,NONE,0.0,47,False,1,NUMBER,1.0,1,NUMBER,1.0,0.0,False,1,NUMBER,True,LOSS,
109,4,0,0,SETUP_BENCH_POKEMON,1,NONE,0,NONE,0.0,47,False,0,CARD,10000.0,0,CARD,10000.0,0.0,False,0,CARD,True,LOSS,
109,5,1,0,MAIN,5,Snover,0,Kyogre,150.0,46,False,0,ATTACH,39000.0,0,ATTACH,39000.0,0.0,False,0,ATTACH,True,LOSS,
109,6,1,0,MAIN,2,Snover,1,Kyogre,150.0,46,False,0,PLAY,12000.0,0,PLAY,12000.0,0.0,False,0,PLAY,True,LOSS,
109,7,1,0,MAIN,1,Snover,1,Kyogre,150.0,46,False,0,END,0.0,0,END,0.0,0.0,False,0,END,True,LOSS,
109,11,3,0,MAIN,10,Snover,1,Kyogre,150.0,45,False,1,ATTACH,39700.0,1,ATTACH,39700.0,0.0,False,1,ATTACH,True,LOSS,
109,12,3,0,ATTACH_TO,6,Snover,1,Kyogre,150.0,39,False,0,CARD,5000.0,0,CARD,5000.0,0.0,False,0,CARD,True,LOSS,
109,13,3,0,MAIN,7,Snover,1,Kyogre,150.0,45,False,0,ATTACH,39700.0,0,ATTACH,39700.0,0.0,False,0,ATTACH,True,LOSS,
109,14,3,0,MAIN,4,Snover,2,Kyogre,150.0,45,False,2,ATTACK_1045,18104.5,2,ATTACK_1045,18104.5,0.0,False,2,ATTACK_1045,True,LOSS,
109,15,3,0,TO_HAND,4,Snover,2,Kyogre,150.0,45,False,0,CARD,1000.0,0,CARD,1000.0,0.0,False,0,CARD,True,LOSS,
109,16,3,0,MAIN,3,Snover,2,Kyogre,150.0,45,False,1,ATTACK_1045,18104.5,1,ATTACK_1045,18104.5,0.0,False,1,ATTACK_1045,True,LOSS,
109,19,5,0,MAIN,9,Snover,2,Kyogre,140.0,44,False,0,ATTACH,40400.0,0,ATTACH,40400.0,0.0,False,0,ATTACH,True,LOSS,
109,20,5,0,MAIN,6,Snover,3,Kyogre,140.0,44,False,3,ATTACK_1045,18104.5,3,ATTACK_1045,18104.5,0.0,False,3,ATTACK_1045,True,LOSS,
109,21,5,0,ATTACH_TO,3,Snover,3,Kyogre,140.0,38,False,0,CARD,5000.0,0,CARD,5000.0,0.0,False,0,CARD,True,LOSS,
109,22,5,0,MAIN,4,Snover,3,Kyogre,140.0,44,False,1,ATTACK_1045,18104.5,1,ATTACK_1045,18104.5,0.0,False,1,ATTACK_1045,True,LOSS,
109,28,6,0,TO_ACTIVE,1,NONE,0,Kyogre,130.0,44,False,0,CARD,5000.0,0,CARD,5000.0,0.0,False,0,CARD,True,LOSS,
109,29,7,0,MAIN,4,Snover,0,Kyogre,130.0,43,False,1,ATTACH,39000.0,1,ATTACH,39000.0,0.0,False,1,ATTACH,True,LOSS,
109,30,7,0,MAIN,8,Snover,0,Kyogre,130.0,37,False,0,ATTACH,39000.0,0,ATTACH,39000.0,0.0,False,0,ATTACH,True,LOSS,
109,31,7,0,MAIN,4,Snover,1,Kyogre,130.0,37,False,2,ATTACK_1044,18104.4,2,ATTACK_1044,18104.4,0.0,False,2,ATTACK_1044,True,LOSS,
109,32,7,0,MAIN,3,Snover,1,Kyogre,130.0,37,False,1,ATTACK_1044,18104.4,1,ATTACK_1044,18104.4,0.0,False,1,ATTACK_1044,True,LOSS,
109,33,7,0,TO_HAND,4,Snover,1,Kyogre,130.0,37,False,0,CARD,5000.0,0,CARD,5000.0,0.0,False,0,CARD,True,LOSS,
109,34,7,0,MAIN,2,Snover,1,Kyogre,130.0,37,False,0,ATTACK_1044,18104.4,0,ATTACK_1044,18104.4,0.0,False,0,ATTACK_1044,True,LOSS,
109,37,9,0,MAIN,13,Snover,1,Kyogre,120.0,36,False,1,ATTACH,39700.0,1,ATTACH,39700.0,0.0,False,1,ATTACH,True,LOSS,
109,38,9,0,MAIN,15,Snover,1,Kyogre,120.0,33,False,0,ATTACH,39700.0,0,ATTACH,39700.0,0.0,False,0,ATTACH,True,LOSS,
109,39,9,0,MAIN,4,Snover,2,Kyogre,120.0,33,False,2,ATTACK_1045,18104.5,2,ATTACK_1045,18104.5,0.0,False,2,ATTACK_1045,True,LOSS,
109,40,9,0,TO_HAND,4,Snover,2,Kyogre,120.0,33,False,0,CARD,1000.0,0,CARD,1000.0,0.0,False,0,CARD,True,LOSS,
109,41,9,0,MAIN,3,Snover,2,Kyogre,120.0,33,False,1,ATTACK_1045,18104.5,1,ATTACK_1045,18104.5,0.0,False,1,ATTACK_1045,True,LOSS,
109,47,10,0,TO_ACTIVE,1,NONE,0,Kyogre,110.0,33,False,0,CARD,5000.0,0,CARD,5000.0,0.0,False,0,CARD,True,LOSS,
109,48,11,0,MAIN,8,Kyogre,0,Kyogre,110.0,32,False,1,ATTACH,39000.0,1,ATTACH,39000.0,0.0,False,1,ATTACH,True,LOSS,
109,49,11,0,TO_HAND,4,Kyogre,0,Kyogre,110.0,32,False,0,CARD,5000.0,0,CARD,5000.0,0.0,False,0,CARD,True,LOSS,
109,50,11,0,MAIN,7,Kyogre,0,Kyogre,110.0,32,False,0,ATTACH,39000.0,0,ATTACH,39000.0,0.0,False,0,ATTACH,True,LOSS,
109,51,11,0,MAIN,2,Kyogre,1,Kyogre,110.0,32,False,0,ATTACK_1042,18104.2,0,ATTACK_1042,18104.2,0.0,False,0,ATTACK_1042,True,LOSS,
109,54,13,0,MAIN,8,Kyogre,1,Kyogre,10.0,36,False,0,ATTACH,39700.0,0,ATTACH,39700.0,0.0,False,0,ATTACH,True,LOSS,
109,55,13,0,MAIN,2,Kyogre,2,Kyogre,10.0,36,False,0,ATTACK_1042,18104.2,0,ATTACK_1042,18104.2,0.0,False,0,ATTACK_1042,True,LOSS,
110,1,0,1,SETUP_ACTIVE_POKEMON,1,NONE,0,NONE,0.0,53,False,0,CARD,10000.0,0,CARD,10000.0,0.0,False,0,CARD,True,WIN,
110,3,1,1,MAIN,6,Snover,0,Kyogre,150.0,46,False,0,ATTACH,39000.0,0,ATTACH,39000.0,0.0,False,0,ATTACH,True,WIN,
110,4,1,1,MAIN,2,Snover,1,Kyogre,150.0,46,False,0,PLAY,12000.0,0,PLAY,12000.0,0.0,False,0,PLAY,True,WIN,
110,5,1,1,TO_HAND,3,Snover,1,Kyogre,150.0,46,False,0,CARD,1000.0,0,CARD,1000.0,0.0,False,0,CARD,True,WIN,
110,6,1,1,MAIN,1,Snover,1,Kyogre,150.0,46,False,0,END,0.0,0,END,0.0,0.0,False,0,END,True,WIN,
110,9,3,1,MAIN,8,Snover,1,Kyogre,150.0,45,False,1,EVOLVE,70500.0,1,EVOLVE,70500.0,0.0,False,1,EVOLVE,True,WIN,
110,10,3,1,MAIN,8,Snover,1,Kyogre,150.0,42,False,0,ATTACH,39700.0,0,ATTACH,39700.0,0.0,False,0,ATTACH,True,WIN,
110,11,3,1,MAIN,3,Snover,2,Kyogre,150.0,42,False,1,ATTACK_1045,18104.5,1,ATTACK_1045,18104.5,0.0,False,1,ATTACK_1045,True,WIN,
110,14,5,1,MAIN,11,Snover,2,Kyogre,140.0,41,False,0,ATTACH,40400.0,0,ATTACH,40400.0,0.0,False,0,ATTACH,True,WIN,
110,15,5,1,MAIN,5,Snover,3,Kyogre,140.0,41,False,3,ATTACK_1045,18104.5,3,ATTACK_1045,18104.5,0.0,False,3,ATTACK_1045,True,WIN,
110,16,5,1,MAIN,5,Snover,3,Kyogre,140.0,39,False,0,EVOLVE,71500.0,0,EVOLVE,71500.0,0.0,False,0,EVOLVE,True,WIN,
110,17,5,1,MAIN,4,Mega Abomasnow ex,3,Kyogre,140.0,39,True,2,ATTACK_1047,18104.7,2,ATTACK_1047,28104.7,0.0,False,2,ATTACK_1047,True,WIN,
110,18,5,1,MAIN,3,Mega Abomasnow ex,3,Kyogre,140.0,39,True,1,ATTACK_1047,18104.7,1,ATTACK_1047,28104.7,0.0,False,1,ATTACK_1047,True,WIN,
110,19,5,1,TO_HAND,6,Mega Abomasnow ex,3,NONE,0.0,33,False,0,CARD,5000.0,0,CARD,5000.0,0.0,False,0,CARD,True,WIN,
111,0,0,0,IS_FIRST,2,NONE,0,NONE,0.0,60,False,1,NO,5000.0,1,NO,5000.0,0.0,False,1,NO,True,WIN,
111,1,0,0,SETUP_ACTIVE_POKEMON,1,NONE,0,NONE,0.0,53,False,0,CARD,10000.0,0,CARD,10000.0,0.0,False,0,CARD,True,WIN,
111,3,1,0,MAIN,5,Snover,0,Snover,90.0,46,False,1,ATTACH,39000.0,1,ATTACH,39000.0,0.0,False,1,ATTACH,True,WIN,
111,4,1,0,TO_HAND,3,Snover,0,Snover,90.0,46,False,0,CARD,5000.0,0,CARD,5000.0,0.0,False,0,CARD,True,WIN,
111,5,1,0,MAIN,4,Snover,0,Snover,90.0,46,False,0,ATTACH,39000.0,0,ATTACH,39000.0,0.0,False,0,ATTACH,True,WIN,
111,6,1,0,MAIN,1,Snover,1,Snover,90.0,46,False,0,END,0.0,0,END,0.0,0.0,False,0,END,True,WIN,
111,9,3,0,MAIN,8,Snover,1,Snover,90.0,45,False,2,EVOLVE,70500.0,2,EVOLVE,70500.0,0.0,False,2,EVOLVE,True,WIN,
111,10,3,0,MAIN,8,Snover,1,Snover,90.0,42,False,0,ATTACH,39700.0,0,ATTACH,39700.0,0.0,False,0,ATTACH,True,WIN,
111,11,3,0,MAIN,4,Snover,2,Snover,90.0,42,False,2,ATTACK_1045,18104.5,2,ATTACK_1045,18104.5,0.0,False,2,ATTACK_1045,True,WIN,
111,12,3,0,MAIN,3,Snover,2,Snover,90.0,42,False,1,ATTACK_1045,18104.5,1,ATTACK_1045,18104.5,0.0,False,1,ATTACK_1045,True,WIN,
111,15,5,0,MAIN,14,Snover,2,Snover,80.0,41,False,2,ATTACH,40400.0,2,ATTACH,40400.0,0.0,False,2,ATTACH,True,WIN,
111,16,5,0,ATTACH_TO,4,Snover,2,Snover,80.0,35,False,0,CARD,5000.0,0,CARD,5000.0,0.0,False,0,CARD,True,WIN,
111,17,5,0,MAIN,11,Snover,2,Snover,80.0,41,False,0,ATTACH,40400.0,0,ATTACH,40400.0,0.0,False,0,ATTACH,True,WIN,
111,18,5,0,MAIN,4,Snover,3,Snover,80.0,41,False,1,ATTACK_1045,18104.5,1,ATTACK_1045,18104.5,0.0,False,1,ATTACK_1045,True,WIN,
111,21,7,0,MAIN,14,Snover,3,Snover,70.0,40,False,1,ATTACH,41100.0,1,ATTACH,41100.0,0.0,False,1,ATTACH,True,WIN,
111,22,7,0,MAIN,18,Snover,3,Snover,70.0,37,False,0,ATTACH,41100.0,0,ATTACH,41100.0,0.0,False,0,ATTACH,True,WIN,
111,23,7,0,MAIN,4,Snover,4,Snover,70.0,37,False,2,RETREAT,30000.0,2,RETREAT,30000.0,0.0,False,2,RETREAT,True,WIN,
111,28,8,0,TO_ACTIVE,1,NONE,0,Snover,60.0,37,False,0,CARD,5000.0,0,CARD,5000.0,0.0,False,0,CARD,True,WIN,
111,29,9,0,MAIN,9,Kyogre,0,Snover,60.0,36,False,0,ATTACH,39000.0,0,ATTACH,39000.0,0.0,False,0,ATTACH,True,WIN,
111,30,9,0,MAIN,4,Kyogre,1,Snover,60.0,36,False,2,ATTACK_1042,18104.2,2,ATTACK_1042,18104.2,0.0,False,2,ATTACK_1042,True,WIN,
111,31,9,0,TO_HAND,4,Kyogre,1,Snover,60.0,36,False,0,CARD,1000.0,0,CARD,1000.0,0.0,False,0,CARD,True,WIN,
111,32,9,0,MAIN,2,Kyogre,1,Snover,60.0,36,False,0,ATTACK_1042,18104.2,0,ATTACK_1042,18104.2,0.0,False,0,ATTACK_1042,True,WIN,
111,33,9,0,TO_HAND,6,Kyogre,1,NONE,0.0,40,False,0,CARD,5000.0,0,CARD,5000.0,0.0,False,0,CARD,True,WIN,
112,1,0,1,SETUP_ACTIVE_POKEMON,2,NONE,0,NONE,0.0,53,False,0,CARD,10000.0,0,CARD,10000.0,0.0,False,0,CARD,True,WIN,
112,3,0,1,SETUP_BENCH_POKEMON,1,NONE,0,NONE,0.0,47,False,0,CARD,10000.0,0,CARD,10000.0,0.0,False,0,CARD,True,WIN,
112,4,1,1,MAIN,6,Snover,0,Kyogre,150.0,46,False,0,ATTACH,39000.0,0,ATTACH,39000.0,0.0,False,0,ATTACH,True,WIN,
112,5,1,1,MAIN,2,Snover,1,Kyogre,150.0,46,False,0,PLAY,12000.0,0,PLAY,12000.0,0.0,False,0,PLAY,True,WIN,
112,6,1,1,MAIN,1,Snover,1,Kyogre,150.0,46,False,0,END,0.0,0,END,0.0,0.0,False,0,END,True,WIN,
112,9,3,1,MAIN,12,Snover,1,Kyogre,150.0,45,False,7,EVOLVE,70500.0,7,EVOLVE,70500.0,0.0,False,7,EVOLVE,True,WIN,
112,10,3,1,MAIN,5,Snover,2,Kyogre,150.0,45,False,1,EVOLVE,71000.0,1,EVOLVE,71000.0,0.0,False,1,EVOLVE,True,WIN,
112,11,3,1,TO_HAND,2,Snover,2,Kyogre,150.0,45,False,0,CARD,1000.0,0,CARD,1000.0,0.0,False,0,CARD,True,WIN,
112,12,3,1,MAIN,4,Snover,2,Kyogre,150.0,45,False,0,EVOLVE,71000.0,0,EVOLVE,71000.0,0.0,False,0,EVOLVE,True,WIN,
112,13,3,1,MAIN,2,Mega Abomasnow ex,2,Kyogre,150.0,45,False,0,ATTACK_1046,18104.6,0,ATTACK_1046,18104.6,0.0,False,0,ATTACK_1046,True,WIN,
112,14,3,1,TO_HAND,6,Mega Abomasnow ex,2,NONE,0.0,39,False,0,CARD,5000.0,0,CARD,5000.0,0.0,False,0,CARD,True,WIN,
113,0,0,0,IS_FIRST,2,NONE,0,NONE,0.0,60,False,1,NO,5000.0,1,NO,5000.0,0.0,False,1,NO,True,WIN,
113,1,0,0,SETUP_ACTIVE_POKEMON,1,NONE,0,NONE,0.0,53,False,0,CARD,10000.0,0,CARD,10000.0,0.0,False,0,CARD,True,WIN,
113,3,0,0,DRAW_COUNT,2,NONE,0,NONE,0.0,47,False,1,NUMBER,1.0,1,NUMBER,1.0,0.0,False,1,NUMBER,True,WIN,
113,4,1,0,MAIN,4,Snover,0,Kyogre,150.0,46,False,0,ATTACH,39000.0,0,ATTACH,39000.0,0.0,False,0,ATTACH,True,WIN,
113,5,1,0,MAIN,1,Snover,1,Kyogre,150.0,46,False,0,END,0.0,0,END,0.0,0.0,False,0,END,True,WIN,
113,8,3,0,MAIN,9,Snover,1,Kyogre,150.0,45,False,0,EVOLVE,70500.0,0,EVOLVE,70500.0,0.0,False,0,EVOLVE,True,WIN,
113,9,3,0,MAIN,5,Mega Abomasnow ex,1,Kyogre,150.0,45,False,0,ATTACH,39700.0,0,ATTACH,39700.0,0.0,False,0,ATTACH,True,WIN,
113,10,3,0,MAIN,3,Mega Abomasnow ex,2,Kyogre,150.0,45,False,1,ATTACK_1046,18104.6,1,ATTACK_1046,18104.6,0.0,False,1,ATTACK_1046,True,WIN,
113,11,3,0,ATTACH_TO,4,Mega Abomasnow ex,2,Kyogre,150.0,39,False,0,CARD,10000.0,0,CARD,10000.0,0.0,False,0,CARD,True,WIN,
113,12,3,0,MAIN,2,Mega Abomasnow ex,2,Kyogre,150.0,45,False,0,ATTACK_1046,18104.6,0,ATTACK_1046,18104.6,0.0,False,0,ATTACK_1046,True,WIN,
113,13,3,0,TO_HAND,6,Mega Abomasnow ex,2,NONE,0.0,39,False,0,CARD,10000.0,0,CARD,10000.0,0.0,False,0,CARD,True,WIN,
114,1,0,1,SETUP_ACTIVE_POKEMON,1,NONE,0,NONE,0.0,53,False,0,CARD,10000.0,0,CARD,10000.0,0.0,False,0,CARD,True,LOSS,
114,3,1,1,MAIN,7,Kyogre,0,Kyogre,150.0,46,False,0,ATTACH,39000.0,0,ATTACH,39000.0,0.0,False,0,ATTACH,True,LOSS,
114,4,1,1,MAIN,2,Kyogre,1,Kyogre,150.0,46,False,0,PLAY,12000.0,0,PLAY,12000.0,0.0,False,0,PLAY,True,LOSS,
114,5,1,1,TO_HAND,2,Kyogre,1,Kyogre,150.0,46,False,0,CARD,1000.0,0,CARD,1000.0,0.0,False,0,CARD,True,LOSS,
114,6,1,1,MAIN,1,Kyogre,1,Kyogre,150.0,46,False,0,END,0.0,0,END,0.0,0.0,False,0,END,True,LOSS,
114,9,3,1,MAIN,8,Kyogre,1,Kyogre,150.0,45,False,0,ATTACH,39700.0,0,ATTACH,39700.0,0.0,False,0,ATTACH,True,LOSS,
114,10,3,1,MAIN,3,Kyogre,2,Kyogre,150.0,45,False,1,ATTACK_1042,18104.2,1,ATTACK_1042,18104.2,0.0,False,1,ATTACK_1042,True,LOSS,
114,11,3,1,ATTACH_TO,3,Kyogre,2,Kyogre,150.0,39,False,0,CARD,5000.0,0,CARD,5000.0,0.0,False,0,CARD,True,LOSS,
114,12,3,1,MAIN,2,Kyogre,2,Kyogre,150.0,45,False,0,ATTACK_1042,18104.2,0,ATTACK_1042,18104.2,0.0,False,0,ATTACK_1042,True,LOSS,
114,15,5,1,MAIN,7,Kyogre,2,Kyogre,150.0,44,False,0,ATTACH,40400.0,0,ATTACH,40400.0,0.0,False,0,ATTACH,True,LOSS,
114,16,5,1,MAIN,4,Kyogre,3,Kyogre,150.0,44,False,2,ATTACK_1043,18104.3,2,ATTACK_1043,18104.3,0.0,False,2,ATTACK_1043,True,LOSS,
114,17,5,1,MAIN,4,Kyogre,3,Kyogre,150.0,39,False,0,ATTACH,41100.0,0,ATTACH,41100.0,0.0,False,0,ATTACH,True,LOSS,
114,18,5,1,MAIN,3,Kyogre,3,Kyogre,150.0,39,False,1,ATTACK_1043,18104.3,1,ATTACK_1043,18104.3,0.0,False,1,ATTACK_1043,True,LOSS,
114,23,7,1,MAIN,11,Kyogre,3,Kyogre,150.0,38,False,0,ATTACH,41100.0,0,ATTACH,41100.0,0.0,False,0,ATTACH,True,LOSS,
114,24,7,1,MAIN,4,Kyogre,4,Kyogre,150.0,38,False,2,ATTACK_1043,18104.3,2,ATTACK_1043,18104.3,0.0,False,2,ATTACK_1043,True,LOSS,
114,25,7,1,ATTACH_TO,3,Kyogre,4,Kyogre,150.0,32,False,0,CARD,5000.0,0,CARD,5000.0,0.0,False,0,CARD,True,LOSS,
114,26,7,1,MAIN,3,Kyogre,4,Kyogre,150.0,38,False,1,ATTACK_1043,18104.3,1,ATTACK_1043,18104.3,0.0,False,1,ATTACK_1043,True,LOSS,
115,0,0,0,IS_FIRST,2,NONE,0,NONE,0.0,60,False,1,NO,5000.0,1,NO,5000.0,0.0,False,1,NO,True,WIN,
115,1,0,0,SETUP_ACTIVE_POKEMON,1,NONE,0,NONE,0.0,53,False,0,CARD,10000.0,0,CARD,10000.0,0.0,False,0,CARD,True,WIN,
115,3,0,0,DRAW_COUNT,3,NONE,0,NONE,0.0,47,False,2,NUMBER,2.0,2,NUMBER,2.0,0.0,False,2,NUMBER,True,WIN,
115,4,1,0,MAIN,6,Snover,0,Snover,90.0,46,False,0,ATTACH,39000.0,0,ATTACH,39000.0,0.0,False,0,ATTACH,True,WIN,
115,5,1,0,MAIN,1,Snover,1,Snover,90.0,46,False,0,END,0.0,0,END,0.0,0.0,False,0,END,True,WIN,
115,8,3,0,MAIN,9,Snover,1,Snover,90.0,45,False,5,EVOLVE,70500.0,5,EVOLVE,70500.0,0.0,False,5,EVOLVE,True,WIN,
115,9,3,0,MAIN,5,Snover,2,Snover,90.0,45,False,1,EVOLVE,71000.0,1,EVOLVE,71000.0,0.0,False,1,EVOLVE,True,WIN,
115,10,3,0,ATTACH_TO,3,Snover,2,Snover,90.0,39,False,2,CARD,10000.0,2,CARD,10000.0,0.0,False,2,CARD,True,WIN,
115,11,3,0,MAIN,4,Snover,2,Snover,90.0,45,False,0,EVOLVE,71000.0,0,EVOLVE,71000.0,0.0,False,0,EVOLVE,True,WIN,
115,12,3,0,MAIN,2,Mega Abomasnow ex,2,Snover,90.0,45,False,0,ATTACK_1046,18104.6,0,ATTACK_1046,18104.6,0.0,False,0,ATTACK_1046,True,WIN,
115,13,3,0,TO_HAND,6,Mega Abomasnow ex,2,NONE,0.0,39,False,0,CARD,5000.0,0,CARD,5000.0,0.0,False,0,CARD,True,WIN,
116,2,0,1,SETUP_ACTIVE_POKEMON,1,NONE,0,NONE,0.0,53,False,0,CARD,10000.0,0,CARD,10000.0,0.0,False,0,CARD,True,WIN,
116,5,1,1,MAIN,4,Snover,0,Kyogre,150.0,46,False,0,ATTACH,39000.0,0,ATTACH,39000.0,0.0,False,0,ATTACH,True,WIN,
116,6,1,1,MAIN,1,Snover,1,Kyogre,150.0,46,False,0,END,0.0,0,END,0.0,0.0,False,0,END,True,WIN,
116,9,3,1,MAIN,9,Snover,1,Kyogre,150.0,45,False,4,EVOLVE,70500.0,4,EVOLVE,70500.0,0.0,False,4,EVOLVE,True,WIN,
116,10,3,1,ATTACH_TO,2,Snover,1,Kyogre,150.0,39,False,0,CARD,5000.0,0,CARD,5000.0,0.0,False,0,CARD,True,WIN,
116,11,3,1,MAIN,6,Snover,1,Kyogre,150.0,45,False,1,EVOLVE,70500.0,1,EVOLVE,70500.0,0.0,False,1,EVOLVE,True,WIN,
116,12,3,1,MAIN,4,Snover,2,Kyogre,150.0,45,False,0,EVOLVE,71000.0,0,EVOLVE,71000.0,0.0,False,0,EVOLVE,True,WIN,
116,13,3,1,MAIN,2,Mega Abomasnow ex,2,Kyogre,150.0,45,False,0,ATTACK_1046,18104.6,0,ATTACK_1046,18104.6,0.0,False,0,ATTACK_1046,True,WIN,
116,14,3,1,TO_HAND,6,Mega Abomasnow ex,2,NONE,0.0,39,False,0,CARD,5000.0,0,CARD,5000.0,0.0,False,0,CARD,True,WIN,
116,18,5,1,MAIN,8,Mega Abomasnow ex,2,Snover,90.0,38,False,2,ATTACH,40400.0,2,ATTACH,40400.0,0.0,False,2,ATTACH,True,WIN,
116,19,5,1,MAIN,5,Mega Abomasnow ex,2,Snover,90.0,37,False,0,ATTACH,40400.0,0,ATTACH,40400.0,0.0,False,0,ATTACH,True,WIN,
116,20,5,1,MAIN,4,Mega Abomasnow ex,3,Snover,90.0,37,True,2,ATTACK_1047,18104.7,2,ATTACK_1047,28104.7,0.0,False,2,ATTACK_1047,True,WIN,
116,21,5,1,TO_HAND,2,Mega Abomasnow ex,3,Snover,90.0,37,False,0,CARD,1000.0,0,CARD,1000.0,0.0,False,0,CARD,True,WIN,
116,22,5,1,MAIN,3,Mega Abomasnow ex,3,Snover,90.0,37,True,1,ATTACK_1047,18104.7,1,ATTACK_1047,28104.7,0.0,False,1,ATTACK_1047,True,WIN,
116,23,5,1,TO_HAND,5,Mega Abomasnow ex,3,NONE,0.0,31,False,0,CARD,10000.0,0,CARD,10000.0,0.0,False,0,CARD,True,WIN,
117,0,0,0,IS_FIRST,2,NONE,0,NONE,0.0,60,False,1,NO,5000.0,1,NO,5000.0,0.0,False,1,NO,True,WIN,
117,1,0,0,SETUP_ACTIVE_POKEMON,2,NONE,0,NONE,0.0,53,False,0,CARD,10000.0,0,CARD,10000.0,0.0,False,0,CARD,True,WIN,
117,3,0,0,SETUP_BENCH_POKEMON,1,NONE,0,NONE,0.0,47,False,0,CARD,10000.0,0,CARD,10000.0,0.0,False,0,CARD,True,WIN,
117,4,1,0,MAIN,7,Snover,0,Snover,90.0,46,False,2,ATTACH,39000.0,2,ATTACH,39000.0,0.0,False,2,ATTACH,True,WIN,
117,5,1,0,MAIN,10,Snover,0,Snover,90.0,46,False,1,ATTACH,39000.0,1,ATTACH,39000.0,0.0,False,1,ATTACH,True,WIN,
117,6,1,0,TO_HAND,3,Snover,0,Snover,90.0,46,False,0,CARD,5000.0,0,CARD,5000.0,0.0,False,0,CARD,True,WIN,
117,7,1,0,MAIN,9,Snover,0,Snover,90.0,46,False,0,ATTACH,39000.0,0,ATTACH,39000.0,0.0,False,0,ATTACH,True,WIN,
117,8,1,0,MAIN,1,Snover,1,Snover,90.0,46,False,0,END,0.0,0,END,0.0,0.0,False,0,END,True,WIN,
117,11,3,0,MAIN,12,Snover,1,Snover,90.0,45,False,0,EVOLVE,70500.0,0,EVOLVE,70500.0,0.0,False,0,EVOLVE,True,WIN,
117,12,3,0,MAIN,9,Mega Abomasnow ex,1,Snover,90.0,45,False,0,ATTACH,39700.0,0,ATTACH,39700.0,0.0,False,0,ATTACH,True,WIN,
117,13,3,0,MAIN,2,Mega Abomasnow ex,2,Snover,90.0,45,False,0,ATTACK_1046,18104.6,0,ATTACK_1046,18104.6,0.0,False,0,ATTACK_1046,True,WIN,
117,14,3,0,TO_HAND,6,Mega Abomasnow ex,2,NONE,0.0,39,False,0,CARD,5000.0,0,CARD,5000.0,0.0,False,0,CARD,True,WIN,
118,1,0,1,SETUP_ACTIVE_POKEMON,1,NONE,0,NONE,0.0,53,False,0,CARD,10000.0,0,CARD,10000.0,0.0,False,0,CARD,True,LOSS,
118,3,0,1,DRAW_COUNT,2,NONE,0,NONE,0.0,47,False,1,NUMBER,1.0,1,NUMBER,1.0,0.0,False,1,NUMBER,True,LOSS,
118,4,1,1,MAIN,6,Snover,0,Snover,90.0,46,False,0,ATTACH,39000.0,0,ATTACH,39000.0,0.0,False,0,ATTACH,True,LOSS,
118,5,1,1,MAIN,1,Snover,1,Snover,90.0,46,False,0,END,0.0,0,END,0.0,0.0,False,0,END,True,LOSS,
118,8,3,1,MAIN,9,Snover,1,Snover,90.0,45,False,0,ATTACH,39700.0,0,ATTACH,39700.0,0.0,False,0,ATTACH,True,LOSS,
118,9,3,1,MAIN,6,Snover,2,Snover,90.0,45,False,4,ATTACK_1045,18104.5,4,ATTACK_1045,18104.5,0.0,False,4,ATTACK_1045,True,LOSS,
118,10,3,1,TO_HAND,4,Snover,2,Snover,90.0,45,False,0,CARD,5000.0,0,CARD,5000.0,0.0,False,0,CARD,True,LOSS,
118,11,3,1,MAIN,3,Snover,2,Snover,90.0,45,False,1,ATTACK_1045,18104.5,1,ATTACK_1045,18104.5,0.0,False,1,ATTACK_1045,True,LOSS,
119,0,0,0,IS_FIRST,2,NONE,0,NONE,0.0,60,False,1,NO,5000.0,1,NO,5000.0,0.0,False,1,NO,True,LOSS,
119,1,0,0,SETUP_ACTIVE_POKEMON,1,NONE,0,NONE,0.0,53,False,0,CARD,10000.0,0,CARD,10000.0,0.0,False,0,CARD,True,LOSS,
119,3,0,0,DRAW_COUNT,3,NONE,0,NONE,0.0,47,False,2,NUMBER,2.0,2,NUMBER,2.0,0.0,False,2,NUMBER,True,LOSS,
119,4,1,0,MAIN,6,Snover,0,Kyogre,150.0,46,False,0,ATTACH,39000.0,0,ATTACH,39000.0,0.0,False,0,ATTACH,True,LOSS,
119,5,1,0,MAIN,2,Snover,1,Kyogre,150.0,46,False,0,PLAY,12000.0,0,PLAY,12000.0,0.0,False,0,PLAY,True,LOSS,
119,6,1,0,TO_HAND,4,Snover,1,Kyogre,150.0,46,False,0,CARD,1000.0,0,CARD,1000.0,0.0,False,0,CARD,True,LOSS,
119,7,1,0,MAIN,1,Snover,1,Kyogre,150.0,46,False,0,END,0.0,0,END,0.0,0.0,False,0,END,True,LOSS,
119,10,3,0,MAIN,8,Snover,1,Kyogre,150.0,45,False,0,ATTACH,39700.0,0,ATTACH,39700.0,0.0,False,0,ATTACH,True,LOSS,
119,11,3,0,MAIN,5,Snover,2,Kyogre,150.0,45,False,3,ATTACK_1045,18104.5,3,ATTACK_1045,18104.5,0.0,False,3,ATTACK_1045,True,LOSS,
119,12,3,0,TO_HAND,4,Snover,2,Kyogre,150.0,45,False,0,CARD,1000.0,0,CARD,1000.0,0.0,False,0,CARD,True,LOSS,
119,13,3,0,MAIN,3,Snover,2,Kyogre,150.0,45,False,1,ATTACK_1045,18104.5,1,ATTACK_1045,18104.5,0.0,False,1,ATTACK_1045,True,LOSS,
119,16,5,0,MAIN,8,Snover,2,Kyogre,140.0,44,False,0,ATTACH,40400.0,0,ATTACH,40400.0,0.0,False,0,ATTACH,True,LOSS,
119,17,5,0,MAIN,4,Snover,3,Kyogre,140.0,44,False,2,ATTACK_1045,18104.5,2,ATTACK_1045,18104.5,0.0,False,2,ATTACK_1045,True,LOSS,
119,18,5,0,ATTACH_TO,4,Snover,3,Kyogre,140.0,38,False,0,CARD,5000.0,0,CARD,5000.0,0.0,False,0,CARD,True,LOSS,
119,19,5,0,MAIN,3,Snover,3,Kyogre,140.0,44,False,1,ATTACK_1045,18104.5,1,ATTACK_1045,18104.5,0.0,False,1,ATTACK_1045,True,LOSS,
120,1,0,1,SETUP_ACTIVE_POKEMON,1,NONE,0,NONE,0.0,53,False,0,CARD,10000.0,0,CARD,10000.0,0.0,False,0,CARD,True,WIN,
120,3,0,1,DRAW_COUNT,2,NONE,0,NONE,0.0,47,False,1,NUMBER,1.0,1,NUMBER,1.0,0.0,False,1,NUMBER,True,WIN,
120,5,1,1,MAIN,8,Kyogre,0,Snover,90.0,46,False,0,ATTACH,39000.0,0,ATTACH,39000.0,0.0,False,0,ATTACH,True,WIN,
120,6,1,1,MAIN,3,Kyogre,1,Snover,90.0,46,False,0,PLAY,12000.0,0,PLAY,12000.0,0.0,False,0,PLAY,True,WIN,
120,7,1,1,TO_HAND,1,Kyogre,1,Snover,90.0,46,False,0,CARD,5000.0,0,CARD,5000.0,0.0,False,0,CARD,True,WIN,
120,8,1,1,MAIN,2,Kyogre,1,Snover,90.0,46,False,0,PLAY,12000.0,0,PLAY,12000.0,0.0,False,0,PLAY,True,WIN,
120,9,1,1,MAIN,1,Kyogre,1,Snover,90.0,46,False,0,END,0.0,0,END,0.0,0.0,False,0,END,True,WIN,
120,12,3,1,MAIN,12,Kyogre,1,Snover,90.0,45,False,0,ATTACH,39700.0,0,ATTACH,39700.0,0.0,False,0,ATTACH,True,WIN,
120,13,3,1,MAIN,2,Kyogre,2,Snover,90.0,45,False,0,ATTACK_1042,18104.2,0,ATTACK_1042,18104.2,0.0,False,0,ATTACK_1042,True,WIN,
120,16,5,1,MAIN,12,Kyogre,2,Snover,90.0,44,False,0,ATTACH,40400.0,0,ATTACH,40400.0,0.0,False,0,ATTACH,True,WIN,
120,17,5,1,MAIN,4,Kyogre,3,Snover,90.0,44,False,1,ATTACK_1043,18104.3,1,ATTACK_1043,18104.3,0.0,False,1,ATTACK_1043,True,WIN,
120,20,7,1,MAIN,14,Kyogre,3,Snover,90.0,43,False,0,ATTACH,41100.0,0,ATTACH,41100.0,0.0,False,0,ATTACH,True,WIN,
120,21,7,1,MAIN,4,Kyogre,4,Snover,90.0,43,False,1,ATTACK_1043,18104.3,1,ATTACK_1043,18104.3,0.0,False,1,ATTACK_1043,True,WIN,
120,24,9,1,MAIN,14,Kyogre,4,Snover,90.0,42,False,0,ATTACH,41800.0,0,ATTACH,41800.0,0.0,False,0,ATTACH,True,WIN,
120,25,9,1,MAIN,4,Kyogre,5,Snover,90.0,42,False,2,RETREAT,30000.0,2,RETREAT,30000.0,0.0,False,2,RETREAT,True,WIN,
120,28,11,1,MAIN,13,Kyogre,5,Snover,90.0,41,False,0,ATTACH,41800.0,0,ATTACH,41800.0,0.0,False,0,ATTACH,True,WIN,
120,29,11,1,MAIN,5,Kyogre,6,Snover,90.0,41,False,3,RETREAT,30000.0,3,RETREAT,30000.0,0.0,False,3,RETREAT,True,WIN,
120,30,11,1,ATTACH_TO,4,Kyogre,6,Snover,90.0,35,False,0,CARD,5000.0,0,CARD,5000.0,0.0,False,0,CARD,True,WIN,
120,31,11,1,MAIN,4,Kyogre,6,Snover,90.0,41,False,2,RETREAT,30000.0,2,RETREAT,30000.0,0.0,False,2,RETREAT,True,WIN,
120,35,12,1,TO_ACTIVE,1,NONE,0,Snover,90.0,41,False,0,CARD,5000.0,0,CARD,5000.0,0.0,False,0,CARD,True,WIN,
120,36,13,1,MAIN,5,Snover,0,Snover,90.0,40,False,0,ATTACH,39000.0,0,ATTACH,39000.0,0.0,False,0,ATTACH,True,WIN,
120,37,13,1,MAIN,2,Snover,1,Snover,90.0,40,False,0,ATTACK_1044,18104.4,0,ATTACK_1044,18104.4,0.0,False,0,ATTACK_1044,True,WIN,
120,41,15,1,MAIN,6,Snover,1,Snover,80.0,39,False,3,EVOLVE,70500.0,3,EVOLVE,70500.0,0.0,False,3,EVOLVE,True,WIN,
120,42,15,1,MAIN,4,Snover,2,Snover,80.0,39,False,0,EVOLVE,71000.0,0,EVOLVE,71000.0,0.0,False,0,EVOLVE,True,WIN,
120,43,15,1,MAIN,2,Mega Abomasnow ex,2,Snover,80.0,39,False,0,ATTACK_1046,18104.6,0,ATTACK_1046,18104.6,0.0,False,0,ATTACK_1046,True,WIN,
120,44,15,1,TO_HAND,6,Mega Abomasnow ex,2,NONE,0.0,33,False,2,CARD,10000.0,2,CARD,10000.0,0.0,False,2,CARD,True,WIN,
120,48,17,1,MAIN,6,Mega Abomasnow ex,2,Snover,90.0,32,False,0,ATTACH,40400.0,0,ATTACH,40400.0,0.0,False,0,ATTACH,True,WIN,
120,49,17,1,MAIN,4,Mega Abomasnow ex,3,Snover,90.0,32,True,2,ATTACK_1047,18104.7,2,ATTACK_1047,28104.7,0.0,False,2,ATTACK_1047,True,WIN,
120,50,17,1,MAIN,4,Mega Abomasnow ex,3,Snover,90.0,28,True,2,ATTACK_1047,18104.7,2,ATTACK_1047,28104.7,0.0,False,2,ATTACK_1047,True,WIN,
120,51,17,1,MAIN,3,Mega Abomasnow ex,3,Snover,90.0,28,True,1,ATTACK_1047,18104.7,1,ATTACK_1047,28104.7,0.0,False,1,ATTACK_1047,True,WIN,
120,52,17,1,TO_HAND,5,Mega Abomasnow ex,3,NONE,0.0,22,False,0,CARD,5000.0,0,CARD,5000.0,0.0,False,0,CARD,True,WIN,
121,0,0,0,IS_FIRST,2,NONE,0,NONE,0.0,60,False,1,NO,5000.0,1,NO,5000.0,0.0,False,1,NO,True,LOSS,
121,1,0,0,SETUP_ACTIVE_POKEMON,1,NONE,0,NONE,0.0,53,False,0,CARD,10000.0,0,CARD,10000.0,0.0,False,0,CARD,True,LOSS,
121,3,0,0,DRAW_COUNT,3,NONE,0,NONE,0.0,47,False,2,NUMBER,2.0,2,NUMBER,2.0,0.0,False,2,NUMBER,True,LOSS,
121,4,1,0,MAIN,8,Kyogre,0,Kyogre,150.0,46,False,0,ATTACH,39000.0,0,ATTACH,39000.0,0.0,False,0,ATTACH,True,LOSS,
121,5,1,0,MAIN,2,Kyogre,1,Kyogre,150.0,46,False,0,PLAY,12000.0,0,PLAY,12000.0,0.0,False,0,PLAY,True,LOSS,
121,6,1,0,TO_HAND,3,Kyogre,1,Kyogre,150.0,46,False,0,CARD,1000.0,0,CARD,1000.0,0.0,False,0,CARD,True,LOSS,
121,7,1,0,MAIN,1,Kyogre,1,Kyogre,150.0,46,False,0,END,0.0,0,END,0.0,0.0,False,0,END,True,LOSS,
121,10,3,0,MAIN,8,Kyogre,1,Kyogre,150.0,45,False,0,ATTACH,39700.0,0,ATTACH,39700.0,0.0,False,0,ATTACH,True,LOSS,
121,11,3,0,MAIN,2,Kyogre,2,Kyogre,150.0,45,False,0,ATTACK_1042,18104.2,0,ATTACK_1042,18104.2,0.0,False,0,ATTACK_1042,True,LOSS,
121,14,5,0,MAIN,8,Kyogre,2,Kyogre,150.0,44,False,0,ATTACH,40400.0,0,ATTACH,40400.0,0.0,False,0,ATTACH,True,LOSS,
121,15,5,0,MAIN,4,Kyogre,3,Kyogre,150.0,44,False,2,ATTACK_1043,18104.3,2,ATTACK_1043,18104.3,0.0,False,2,ATTACK_1043,True,LOSS,
121,16,5,0,MAIN,4,Kyogre,3,Kyogre,150.0,44,False,1,ATTACK_1043,18104.3,1,ATTACK_1043,18104.3,0.0,False,1,ATTACK_1043,True,LOSS,
121,21,7,0,MAIN,14,Kyogre,3,Kyogre,150.0,43,False,0,ATTACH,41100.0,0,ATTACH,41100.0,0.0,False,0,ATTACH,True,LOSS,
121,22,7,0,MAIN,4,Kyogre,4,Kyogre,150.0,43,False,2,RETREAT,30000.0,2,RETREAT,30000.0,0.0,False,2,RETREAT,True,LOSS,
121,26,8,0,TO_ACTIVE,1,NONE,0,Kyogre,150.0,43,False,0,CARD,5000.0,0,CARD,5000.0,0.0,False,0,CARD,True,LOSS,
121,27,9,0,MAIN,6,Snover,0,Kyogre,150.0,42,False,0,ATTACH,39000.0,0,ATTACH,39000.0,0.0,False,0,ATTACH,True,LOSS,
121,28,9,0,MAIN,2,Snover,1,Kyogre,150.0,42,False,0,ATTACK_1044,18104.4,0,ATTACK_1044,18104.4,0.0,False,0,ATTACK_1044,True,LOSS,
122,1,0,1,SETUP_ACTIVE_POKEMON,1,NONE,0,NONE,0.0,53,False,0,CARD,10000.0,0,CARD,10000.0,0.0,False,0,CARD,True,WIN,
122,3,1,1,MAIN,7,Snover,0,Kyogre,150.0,46,False,1,ATTACH,39000.0,1,ATTACH,39000.0,0.0,False,1,ATTACH,True,WIN,
122,4,1,1,TO_HAND,4,Snover,0,Kyogre,150.0,46,False,0,CARD,1000.0,0,CARD,1000.0,0.0,False,0,CARD,True,WIN,
122,5,1,1,MAIN,6,Snover,0,Kyogre,150.0,46,False,0,ATTACH,39000.0,0,ATTACH,39000.0,0.0,False,0,ATTACH,True,WIN,
122,6,1,1,MAIN,1,Snover,1,Kyogre,150.0,46,False,0,END,0.0,0,END,0.0,0.0,False,0,END,True,WIN,
122,9,3,1,MAIN,8,Snover,1,Kyogre,150.0,45,False,1,ATTACH,39700.0,1,ATTACH,39700.0,0.0,False,1,ATTACH,True,WIN,
122,10,3,1,MAIN,10,Snover,1,Kyogre,150.0,42,False,0,ATTACH,39700.0,0,ATTACH,39700.0,0.0,False,0,ATTACH,True,WIN,
122,11,3,1,MAIN,4,Snover,2,Kyogre,150.0,42,False,2,ATTACK_1045,18104.5,2,ATTACK_1045,18104.5,0.0,False,2,ATTACK_1045,True,WIN,
122,12,3,1,MAIN,3,Snover,2,Kyogre,150.0,42,False,1,ATTACK_1045,18104.5,1,ATTACK_1045,18104.5,0.0,False,1,ATTACK_1045,True,WIN,
122,15,5,1,MAIN,17,Snover,2,Kyogre,140.0,41,False,0,ATTACH,40400.0,0,ATTACH,40400.0,0.0,False,0,ATTACH,True,WIN,
122,16,5,1,MAIN,4,Snover,3,Kyogre,140.0,41,False,1,ATTACK_1045,18104.5,1,ATTACK_1045,18104.5,0.0,False,1,ATTACK_1045,True,WIN,
122,22,6,1,TO_ACTIVE,1,NONE,0,Kyogre,130.0,41,False,0,CARD,5000.0,0,CARD,5000.0,0.0,False,0,CARD,True,WIN,
122,23,7,1,MAIN,8,Kyogre,0,Kyogre,130.0,40,False,0,ATTACH,39000.0,0,ATTACH,39000.0,0.0,False,0,ATTACH,True,WIN,
122,24,7,1,MAIN,3,Kyogre,1,Kyogre,130.0,40,False,1,ATTACK_1042,18104.2,1,ATTACK_1042,18104.2,0.0,False,1,ATTACK_1042,True,WIN,
122,25,7,1,MAIN,2,Kyogre,1,Kyogre,130.0,40,False,0,ATTACK_1042,18104.2,0,ATTACK_1042,18104.2,0.0,False,0,ATTACK_1042,True,WIN,
122,28,9,1,MAIN,13,Kyogre,1,Kyogre,70.0,42,False,10,EVOLVE,70000.0,10,EVOLVE,70000.0,0.0,False,10,EVOLVE,True,WIN,
122,29,9,1,MAIN,3,Kyogre,2,Kyogre,70.0,42,False,0,EVOLVE,70000.0,0,EVOLVE,70000.0,0.0,False,0,EVOLVE,True,WIN,
122,30,9,1,MAIN,2,Kyogre,2,Kyogre,70.0,42,False,0,ATTACK_1042,18104.2,0,ATTACK_1042,18104.2,0.0,False,0,ATTACK_1042,True,WIN,
122,37,10,1,TO_ACTIVE,1,NONE,0,Kyogre,70.0,42,False,0,CARD,5000.0,0,CARD,5000.0,0.0,False,0,CARD,True,WIN,
122,38,11,1,MAIN,5,Mega Abomasnow ex,0,Kyogre,70.0,41,False,0,ATTACH,39000.0,0,ATTACH,39000.0,0.0,False,0,ATTACH,True,WIN,
122,39,11,1,MAIN,1,Mega Abomasnow ex,1,Kyogre,70.0,41,False,0,END,0.0,0,END,0.0,0.0,False,0,END,True,WIN,
122,42,13,1,MAIN,5,Mega Abomasnow ex,1,Kyogre,70.0,40,False,0,ATTACH,39700.0,0,ATTACH,39700.0,0.0,False,0,ATTACH,True,WIN,
122,43,13,1,MAIN,2,Mega Abomasnow ex,2,Kyogre,70.0,40,False,0,ATTACK_1046,18104.6,0,ATTACK_1046,18104.6,0.0,False,0,ATTACK_1046,True,WIN,
122,44,13,1,TO_HAND,6,Mega Abomasnow ex,2,NONE,0.0,34,False,2,CARD,10000.0,2,CARD,10000.0,0.0,False,2,CARD,True,WIN,
123,0,0,0,IS_FIRST,2,NONE,0,NONE,0.0,60,False,1,NO,5000.0,1,NO,5000.0,0.0,False,1,NO,True,WIN,
123,1,0,0,SETUP_ACTIVE_POKEMON,1,NONE,0,NONE,0.0,53,False,0,CARD,10000.0,0,CARD,10000.0,0.0,False,0,CARD,True,WIN,
123,3,1,0,MAIN,6,Snover,0,Kyogre,150.0,46,False,0,ATTACH,39000.0,0,ATTACH,39000.0,0.0,False,0,ATTACH,True,WIN,
123,4,1,0,MAIN,2,Snover,1,Kyogre,150.0,46,False,0,PLAY,12000.0,0,PLAY,12000.0,0.0,False,0,PLAY,True,WIN,
123,5,1,0,TO_HAND,2,Snover,1,Kyogre,150.0,46,False,0,CARD,1000.0,0,CARD,1000.0,0.0,False,0,CARD,True,WIN,
123,6,1,0,MAIN,1,Snover,1,Kyogre,150.0,46,False,0,END,0.0,0,END,0.0,0.0,False,0,END,True,WIN,
123,9,3,0,MAIN,8,Snover,1,Kyogre,150.0,45,False,0,EVOLVE,70500.0,0,EVOLVE,70500.0,0.0,False,0,EVOLVE,True,WIN,
123,10,3,0,MAIN,6,Mega Abomasnow ex,1,Kyogre,150.0,45,False,1,ATTACH,39700.0,1,ATTACH,39700.0,0.0,False,1,ATTACH,True,WIN,
123,11,3,0,MAIN,6,Mega Abomasnow ex,1,Kyogre,150.0,41,False,0,ATTACH,39700.0,0,ATTACH,39700.0,0.0,False,0,ATTACH,True,WIN,
123,12,3,0,MAIN,5,Mega Abomasnow ex,2,Kyogre,150.0,41,False,3,ATTACK_1046,18104.6,3,ATTACK_1046,18104.6,0.0,False,3,ATTACK_1046,True,WIN,
123,13,3,0,TO_HAND,1,Mega Abomasnow ex,2,Kyogre,150.0,41,False,0,CARD,1000.0,0,CARD,1000.0,0.0,False,0,CARD,True,WIN,
123,14,3,0,MAIN,4,Mega Abomasnow ex,2,Kyogre,150.0,41,False,2,ATTACK_1046,18104.6,2,ATTACK_1046,18104.6,0.0,False,2,ATTACK_1046,True,WIN,
123,15,3,0,MAIN,3,Mega Abomasnow ex,2,Kyogre,150.0,41,False,1,ATTACK_1046,18104.6,1,ATTACK_1046,18104.6,0.0,False,1,ATTACK_1046,True,WIN,
123,16,3,0,MAIN,2,Mega Abomasnow ex,2,Kyogre,150.0,41,False,0,ATTACK_1046,18104.6,0,ATTACK_1046,18104.6,0.0,False,0,ATTACK_1046,True,WIN,
123,17,3,0,TO_HAND,6,Mega Abomasnow ex,2,NONE,0.0,35,False,3,CARD,10000.0,3,CARD,10000.0,0.0,False,3,CARD,True,WIN,
124,1,0,1,SETUP_ACTIVE_POKEMON,1,NONE,0,NONE,0.0,53,False,0,CARD,10000.0,0,CARD,10000.0,0.0,False,0,CARD,True,WIN,
124,3,0,1,DRAW_COUNT,2,NONE,0,NONE,0.0,47,False,1,NUMBER,1.0,1,NUMBER,1.0,0.0,False,1,NUMBER,True,WIN,
124,4,1,1,MAIN,6,Snover,0,Snover,90.0,46,False,0,ATTACH,39000.0,0,ATTACH,39000.0,0.0,False,0,ATTACH,True,WIN,
124,5,1,1,MAIN,2,Snover,1,Snover,90.0,46,False,0,PLAY,12000.0,0,PLAY,12000.0,0.0,False,0,PLAY,True,WIN,
124,6,1,1,MAIN,1,Snover,1,Snover,90.0,46,False,0,END,0.0,0,END,0.0,0.0,False,0,END,True,WIN,
124,9,3,1,MAIN,13,Snover,1,Snover,90.0,45,False,7,EVOLVE,70500.0,7,EVOLVE,70500.0,0.0,False,7,EVOLVE,True,WIN,
124,10,3,1,MAIN,6,Snover,2,Snover,90.0,45,False,1,EVOLVE,71000.0,1,EVOLVE,71000.0,0.0,False,1,EVOLVE,True,WIN,
124,11,3,1,TO_HAND,3,Snover,2,Snover,90.0,45,False,0,CARD,5000.0,0,CARD,5000.0,0.0,False,0,CARD,True,WIN,
124,12,3,1,MAIN,5,Snover,2,Snover,90.0,45,False,0,EVOLVE,71000.0,0,EVOLVE,71000.0,0.0,False,0,EVOLVE,True,WIN,
124,13,3,1,MAIN,2,Mega Abomasnow ex,2,Snover,90.0,45,False,0,ATTACK_1046,18104.6,0,ATTACK_1046,18104.6,0.0,False,0,ATTACK_1046,True,WIN,
124,14,3,1,TO_HAND,6,Mega Abomasnow ex,2,NONE,0.0,39,False,3,CARD,10000.0,3,CARD,10000.0,0.0,False,3,CARD,True,WIN,
125,0,0,0,IS_FIRST,2,NONE,0,NONE,0.0,60,False,1,NO,5000.0,1,NO,5000.0,0.0,False,1,NO,True,WIN,
125,2,0,0,SETUP_ACTIVE_POKEMON,1,NONE,0,NONE,0.0,53,False,0,CARD,10000.0,0,CARD,10000.0,0.0,False,0,CARD,True,WIN,
125,4,1,0,MAIN,6,Snover,0,Snover,90.0,46,False,0,ATTACH,39000.0,0,ATTACH,39000.0,0.0,False,0,ATTACH,True,WIN,
125,5,1,0,MAIN,2,Snover,1,Snover,90.0,46,False,0,PLAY,12000.0,0,PLAY,12000.0,0.0,False,0,PLAY,True,WIN,
125,6,1,0,TO_HAND,3,Snover,1,Snover,90.0,46,False,0,CARD,1000.0,0,CARD,1000.0,0.0,False,0,CARD,True,WIN,
125,7,1,0,MAIN,1,Snover,1,Snover,90.0,46,False,0,END,0.0,0,END,0.0,0.0,False,0,END,True,WIN,
125,10,3,0,MAIN,8,Snover,1,Snover,90.0,45,False,3,EVOLVE,70500.0,3,EVOLVE,70500.0,0.0,False,3,EVOLVE,True,WIN,
125,11,3,0,MAIN,5,Snover,2,Snover,90.0,45,False,1,EVOLVE,71000.0,1,EVOLVE,71000.0,0.0,False,1,EVOLVE,True,WIN,
125,12,3,0,MAIN,5,Snover,2,Snover,90.0,41,False,0,EVOLVE,71000.0,0,EVOLVE,71000.0,0.0,False,0,EVOLVE,True,WIN,
125,13,3,0,MAIN,2,Mega Abomasnow ex,2,Snover,90.0,41,False,0,ATTACK_1046,18104.6,0,ATTACK_1046,18104.6,0.0,False,0,ATTACK_1046,True,WIN,
125,14,3,0,TO_HAND,6,Mega Abomasnow ex,2,NONE,0.0,35,False,4,CARD,10000.0,4,CARD,10000.0,0.0,False,4,CARD,True,WIN,
126,2,0,1,SETUP_ACTIVE_POKEMON,1,NONE,0,NONE,0.0,53,False,0,CARD,10000.0,0,CARD,10000.0,0.0,False,0,CARD,True,WIN,
126,4,1,1,MAIN,5,Snover,0,Snover,90.0,46,False,0,ATTACH,39000.0,0,ATTACH,39000.0,0.0,False,0,ATTACH,True,WIN,
126,5,1,1,MAIN,1,Snover,1,Snover,90.0,46,False,0,END,0.0,0,END,0.0,0.0,False,0,END,True,WIN,
126,9,3,1,MAIN,9,Snover,1,Snover,90.0,45,False,0,EVOLVE,70500.0,0,EVOLVE,70500.0,0.0,False,0,EVOLVE,True,WIN,
126,10,3,1,MAIN,6,Mega Abomasnow ex,1,Snover,90.0,45,False,1,ATTACH,39700.0,1,ATTACH,39700.0,0.0,False,1,ATTACH,True,WIN,
126,11,3,1,MAIN,8,Mega Abomasnow ex,1,Snover,90.0,42,False,0,ATTACH,39700.0,0,ATTACH,39700.0,0.0,False,0,ATTACH,True,WIN,
126,12,3,1,MAIN,3,Mega Abomasnow ex,2,Snover,90.0,42,False,1,ATTACK_1046,18104.6,1,ATTACK_1046,18104.6,0.0,False,1,ATTACK_1046,True,WIN,
126,13,3,1,TO_HAND,2,Mega Abomasnow ex,2,Snover,90.0,42,False,0,CARD,1000.0,0,CARD,1000.0,0.0,False,0,CARD,True,WIN,
126,14,3,1,MAIN,2,Mega Abomasnow ex,2,Snover,90.0,42,False,0,ATTACK_1046,18104.6,0,ATTACK_1046,18104.6,0.0,False,0,ATTACK_1046,True,WIN,
126,15,3,1,TO_HAND,6,Mega Abomasnow ex,2,NONE,0.0,36,False,0,CARD,5000.0,0,CARD,5000.0,0.0,False,0,CARD,True,WIN,
127,0,0,0,IS_FIRST,2,NONE,0,NONE,0.0,60,False,1,NO,5000.0,1,NO,5000.0,0.0,False,1,NO,True,LOSS,
127,2,0,0,SETUP_ACTIVE_POKEMON,1,NONE,0,NONE,0.0,53,False,0,CARD,10000.0,0,CARD,10000.0,0.0,False,0,CARD,True,LOSS,
127,4,1,0,MAIN,6,Kyogre,0,Snover,90.0,46,False,0,ATTACH,39000.0,0,ATTACH,39000.0,0.0,False,0,ATTACH,True,LOSS,
127,5,1,0,MAIN,1,Kyogre,1,Snover,90.0,46,False,0,END,0.0,0,END,0.0,0.0,False,0,END,True,LOSS,
127,8,3,0,MAIN,9,Kyogre,1,Snover,90.0,45,False,0,ATTACH,39700.0,0,ATTACH,39700.0,0.0,False,0,ATTACH,True,LOSS,
127,9,3,0,MAIN,4,Kyogre,2,Snover,90.0,45,False,2,ATTACK_1042,18104.2,2,ATTACK_1042,18104.2,0.0,False,2,ATTACK_1042,True,LOSS,
127,10,3,0,TO_HAND,4,Kyogre,2,Snover,90.0,45,False,0,CARD,1000.0,0,CARD,1000.0,0.0,False,0,CARD,True,LOSS,
127,11,3,0,MAIN,2,Kyogre,2,Snover,90.0,45,False,0,ATTACK_1042,18104.2,0,ATTACK_1042,18104.2,0.0,False,0,ATTACK_1042,True,LOSS,
128,1,0,1,SETUP_ACTIVE_POKEMON,1,NONE,0,NONE,0.0,53,False,0,CARD,10000.0,0,CARD,10000.0,0.0,False,0,CARD,True,LOSS,
128,3,1,1,MAIN,7,Snover,0,Snover,90.0,46,False,0,ATTACH,39000.0,0,ATTACH,39000.0,0.0,False,0,ATTACH,True,LOSS,
128,4,1,1,MAIN,2,Snover,1,Snover,90.0,46,False,0,PLAY,12000.0,0,PLAY,12000.0,0.0,False,0,PLAY,True,LOSS,
128,5,1,1,TO_HAND,2,Snover,1,Snover,90.0,46,False,0,CARD,1000.0,0,CARD,1000.0,0.0,False,0,CARD,True,LOSS,
128,6,1,1,MAIN,1,Snover,1,Snover,90.0,46,False,0,END,0.0,0,END,0.0,0.0,False,0,END,True,LOSS,
128,9,3,1,MAIN,8,Snover,1,Snover,90.0,45,False,0,ATTACH,39700.0,0,ATTACH,39700.0,0.0,False,0,ATTACH,True,LOSS,
128,10,3,1,MAIN,4,Snover,2,Snover,90.0,45,False,2,ATTACK_1045,18104.5,2,ATTACK_1045,18104.5,0.0,False,2,ATTACK_1045,True,LOSS,
128,11,3,1,TO_HAND,2,Snover,2,Snover,90.0,45,False,0,CARD,1000.0,0,CARD,1000.0,0.0,False,0,CARD,True,LOSS,
128,12,3,1,MAIN,3,Snover,2,Snover,90.0,45,False,1,ATTACK_1045,18104.5,1,ATTACK_1045,18104.5,0.0,False,1,ATTACK_1045,True,LOSS,
129,0,0,0,IS_FIRST,2,NONE,0,NONE,0.0,60,False,1,NO,5000.0,1,NO,5000.0,0.0,False,1,NO,True,WIN,
129,1,0,0,SETUP_ACTIVE_POKEMON,2,NONE,0,NONE,0.0,53,False,0,CARD,10000.0,0,CARD,10000.0,0.0,False,0,CARD,True,WIN,
129,3,0,0,SETUP_BENCH_POKEMON,1,NONE,0,NONE,0.0,47,False,0,CARD,10000.0,0,CARD,10000.0,0.0,False,0,CARD,True,WIN,
129,4,1,0,MAIN,5,Snover,0,Snover,90.0,46,False,0,ATTACH,39000.0,0,ATTACH,39000.0,0.0,False,0,ATTACH,True,WIN,
129,5,1,0,MAIN,2,Snover,1,Snover,90.0,46,False,0,PLAY,12000.0,0,PLAY,12000.0,0.0,False,0,PLAY,True,WIN,
129,6,1,0,MAIN,1,Snover,1,Snover,90.0,46,False,0,END,0.0,0,END,0.0,0.0,False,0,END,True,WIN,
129,9,3,0,MAIN,13,Snover,1,Snover,90.0,45,False,1,EVOLVE,70500.0,1,EVOLVE,70500.0,0.0,False,1,EVOLVE,True,WIN,
129,10,3,0,ATTACH_TO,4,Snover,1,Snover,90.0,39,False,0,CARD,10000.0,0,CARD,10000.0,0.0,False,0,CARD,True,WIN,
129,11,3,0,MAIN,12,Snover,1,Snover,90.0,45,False,0,EVOLVE,70500.0,0,EVOLVE,70500.0,0.0,False,0,EVOLVE,True,WIN,
129,12,3,0,MAIN,8,Mega Abomasnow ex,1,Snover,90.0,45,False,0,EVOLVE,70000.0,0,EVOLVE,70000.0,0.0,False,0,EVOLVE,True,WIN,
129,13,3,0,MAIN,7,Mega Abomasnow ex,1,Snover,90.0,45,False,0,ATTACH,39700.0,0,ATTACH,39700.0,0.0,False,0,ATTACH,True,WIN,
129,14,3,0,MAIN,2,Mega Abomasnow ex,2,Snover,90.0,45,False,0,ATTACK_1046,18104.6,0,ATTACK_1046,18104.6,0.0,False,0,ATTACK_1046,True,WIN,
129,15,3,0,TO_HAND,6,Mega Abomasnow ex,2,NONE,0.0,39,False,0,CARD,5000.0,0,CARD,5000.0,0.0,False,0,CARD,True,WIN,
130,2,0,1,SETUP_ACTIVE_POKEMON,1,NONE,0,NONE,0.0,53,False,0,CARD,10000.0,0,CARD,10000.0,0.0,False,0,CARD,True,WIN,
130,4,1,1,MAIN,5,Snover,0,Snover,90.0,46,False,0,ATTACH,39000.0,0,ATTACH,39000.0,0.0,False,0,ATTACH,True,WIN,
130,5,1,1,MAIN,1,Snover,1,Snover,90.0,46,False,0,END,0.0,0,END,0.0,0.0,False,0,END,True,WIN,
130,8,3,1,MAIN,9,Snover,1,Snover,90.0,45,False,2,EVOLVE,70500.0,2,EVOLVE,70500.0,0.0,False,2,EVOLVE,True,WIN,
130,9,3,1,ATTACH_TO,4,Snover,1,Snover,90.0,39,False,0,CARD,5000.0,0,CARD,5000.0,0.0,False,0,CARD,True,WIN,
130,10,3,1,MAIN,7,Snover,1,Snover,90.0,45,False,1,EVOLVE,70500.0,1,EVOLVE,70500.0,0.0,False,1,EVOLVE,True,WIN,
130,11,3,1,MAIN,4,Snover,2,Snover,90.0,45,False,0,EVOLVE,71000.0,0,EVOLVE,71000.0,0.0,False,0,EVOLVE,True,WIN,
130,12,3,1,MAIN,2,Mega Abomasnow ex,2,Snover,90.0,45,False,0,ATTACK_1046,18104.6,0,ATTACK_1046,18104.6,0.0,False,0,ATTACK_1046,True,WIN,
130,13,3,1,TO_HAND,6,Mega Abomasnow ex,2,NONE,0.0,39,False,0,CARD,5000.0,0,CARD,5000.0,0.0,False,0,CARD,True,WIN,
131,0,0,0,IS_FIRST,2,NONE,0,NONE,0.0,60,False,1,NO,5000.0,1,NO,5000.0,0.0,False,1,NO,True,WIN,
131,2,0,0,SETUP_ACTIVE_POKEMON,2,NONE,0,NONE,0.0,53,False,0,CARD,10000.0,0,CARD,10000.0,0.0,False,0,CARD,True,WIN,
131,4,0,0,SETUP_BENCH_POKEMON,1,NONE,0,NONE,0.0,47,False,0,CARD,10000.0,0,CARD,10000.0,0.0,False,0,CARD,True,WIN,
131,5,1,0,MAIN,6,Snover,0,Kyogre,150.0,46,False,1,ATTACH,39000.0,1,ATTACH,39000.0,0.0,False,1,ATTACH,True,WIN,
131,6,1,0,MAIN,9,Snover,0,Kyogre,150.0,46,False,0,ATTACH,39000.0,0,ATTACH,39000.0,0.0,False,0,ATTACH,True,WIN,
131,7,1,0,MAIN,3,Snover,1,Kyogre,150.0,46,False,0,ATTACH,39700.0,0,ATTACH,39700.0,0.0,False,0,ATTACH,True,WIN,
131,8,1,0,MAIN,1,Snover,1,Kyogre,150.0,46,False,0,END,0.0,0,END,0.0,0.0,False,0,END,True,WIN,
131,11,3,0,MAIN,10,Snover,1,Kyogre,150.0,45,False,0,EVOLVE,70500.0,0,EVOLVE,70500.0,0.0,False,0,EVOLVE,True,WIN,
131,12,3,0,MAIN,7,Mega Abomasnow ex,1,Kyogre,150.0,45,False,1,ATTACH,39700.0,1,ATTACH,39700.0,0.0,False,1,ATTACH,True,WIN,
131,13,3,0,ATTACH_TO,3,Mega Abomasnow ex,1,Kyogre,150.0,39,False,0,CARD,10000.0,0,CARD,10000.0,0.0,False,0,CARD,True,WIN,
131,14,3,0,MAIN,6,Mega Abomasnow ex,1,Kyogre,150.0,45,False,0,ATTACH,39700.0,0,ATTACH,39700.0,0.0,False,0,ATTACH,True,WIN,
131,15,3,0,MAIN,3,Mega Abomasnow ex,2,Kyogre,150.0,45,False,1,ATTACK_1046,18104.6,1,ATTACK_1046,18104.6,0.0,False,1,ATTACK_1046,True,WIN,
131,16,3,0,MAIN,2,Mega Abomasnow ex,2,Kyogre,150.0,45,False,0,ATTACK_1046,18104.6,0,ATTACK_1046,18104.6,0.0,False,0,ATTACK_1046,True,WIN,
131,17,3,0,TO_HAND,6,Mega Abomasnow ex,2,NONE,0.0,39,False,1,CARD,10000.0,1,CARD,10000.0,0.0,False,1,CARD,True,WIN,
132,1,0,1,SETUP_ACTIVE_POKEMON,4,NONE,0,NONE,0.0,53,False,0,CARD,10000.0,0,CARD,10000.0,0.0,False,0,CARD,True,LOSS,
132,3,0,1,SETUP_BENCH_POKEMON,3,NONE,0,NONE,0.0,47,False,0,CARD,10000.0,0,CARD,10000.0,0.0,False,0,CARD,True,LOSS,
132,4,1,1,MAIN,8,Kyogre,0,Snover,90.0,46,False,0,ATTACH,39000.0,0,ATTACH,39000.0,0.0,False,0,ATTACH,True,LOSS,
132,5,1,1,MAIN,5,Kyogre,1,Snover,90.0,46,False,0,PLAY,12000.0,0,PLAY,12000.0,0.0,False,0,PLAY,True,LOSS,
132,6,1,1,TO_HAND,4,Kyogre,1,Snover,90.0,46,False,0,CARD,1000.0,0,CARD,1000.0,0.0,False,0,CARD,True,LOSS,
132,7,1,1,MAIN,4,Kyogre,1,Snover,90.0,46,False,0,PLAY,12000.0,0,PLAY,12000.0,0.0,False,0,PLAY,True,LOSS,
132,8,1,1,MAIN,3,Kyogre,1,Snover,90.0,46,False,0,PLAY,12000.0,0,PLAY,12000.0,0.0,False,0,PLAY,True,LOSS,
132,9,1,1,MAIN,2,Kyogre,1,Snover,90.0,46,False,0,PLAY,12000.0,0,PLAY,12000.0,0.0,False,0,PLAY,True,LOSS,
132,10,1,1,MAIN,1,Kyogre,1,Snover,90.0,46,False,0,END,0.0,0,END,0.0,0.0,False,0,END,True,LOSS,
132,13,3,1,MAIN,11,Kyogre,1,Snover,90.0,45,False,0,ATTACH,39700.0,0,ATTACH,39700.0,0.0,False,0,ATTACH,True,LOSS,
132,14,3,1,MAIN,3,Kyogre,2,Snover,90.0,45,False,1,ATTACK_1042,18104.2,1,ATTACK_1042,18104.2,0.0,False,1,ATTACK_1042,True,LOSS,
132,15,3,1,TO_HAND,4,Kyogre,2,Snover,90.0,45,False,0,CARD,1000.0,0,CARD,1000.0,0.0,False,0,CARD,True,LOSS,
132,16,3,1,MAIN,2,Kyogre,2,Snover,90.0,45,False,0,ATTACK_1042,18104.2,0,ATTACK_1042,18104.2,0.0,False,0,ATTACK_1042,True,LOSS,
132,20,5,1,MAIN,10,Kyogre,2,Mega Abomasnow ex,350.0,44,False,0,ATTACH,40400.0,0,ATTACH,40400.0,0.0,False,0,ATTACH,True,LOSS,
132,21,5,1,MAIN,4,Kyogre,3,Mega Abomasnow ex,350.0,44,False,2,RETREAT,30000.0,2,RETREAT,30000.0,0.0,False,2,RETREAT,True,LOSS,
132,25,6,1,TO_ACTIVE,3,NONE,0,Mega Abomasnow ex,350.0,44,False,2,CARD,10000.0,2,CARD,10000.0,0.0,False,2,CARD,True,LOSS,
132,26,7,1,MAIN,7,Snover,0,Mega Abomasnow ex,350.0,43,False,0,ATTACH,39000.0,0,ATTACH,39000.0,0.0,False,0,ATTACH,True,LOSS,
132,27,7,1,MAIN,2,Snover,1,Mega Abomasnow ex,350.0,43,False,0,ATTACK_1044,18104.4,0,ATTACK_1044,18104.4,0.0,False,0,ATTACK_1044,True,LOSS,
132,31,8,1,TO_ACTIVE,2,NONE,0,Mega Abomasnow ex,350.0,43,False,0,CARD,5000.0,0,CARD,5000.0,0.0,False,0,CARD,True,LOSS,
132,32,9,1,MAIN,5,Snover,0,Mega Abomasnow ex,350.0,42,False,0,ATTACH,39000.0,0,ATTACH,39000.0,0.0,False,0,ATTACH,True,LOSS,
132,33,9,1,MAIN,2,Snover,1,Mega Abomasnow ex,350.0,42,False,0,ATTACK_1044,18104.4,0,ATTACK_1044,18104.4,0.0,False,0,ATTACK_1044,True,LOSS,
132,37,10,1,TO_ACTIVE,1,NONE,0,Mega Abomasnow ex,350.0,42,False,0,CARD,5000.0,0,CARD,5000.0,0.0,False,0,CARD,True,LOSS,
132,38,11,1,MAIN,3,Kyogre,0,Mega Abomasnow ex,350.0,41,False,0,ATTACH,39000.0,0,ATTACH,39000.0,0.0,False,0,ATTACH,True,LOSS,
132,39,11,1,MAIN,3,Kyogre,1,Mega Abomasnow ex,350.0,41,False,1,ATTACK_1042,18104.2,1,ATTACK_1042,18104.2,0.0,False,1,ATTACK_1042,True,LOSS,
132,40,11,1,MAIN,2,Kyogre,1,Mega Abomasnow ex,350.0,41,False,0,ATTACK_1042,18104.2,0,ATTACK_1042,18104.2,0.0,False,0,ATTACK_1042,True,LOSS,
132,44,12,1,TO_ACTIVE,1,NONE,0,Mega Abomasnow ex,280.0,46,False,0,CARD,5000.0,0,CARD,5000.0,0.0,False,0,CARD,True,LOSS,
132,45,13,1,MAIN,2,Snover,0,Mega Abomasnow ex,280.0,45,False,0,ATTACH,39000.0,0,ATTACH,39000.0,0.0,False,0,ATTACH,True,LOSS,
132,46,13,1,MAIN,2,Snover,1,Mega Abomasnow ex,280.0,45,False,0,ATTACK_1044,18104.4,0,ATTACK_1044,18104.4,0.0,False,0,ATTACK_1044,True,LOSS,
133,0,0,0,IS_FIRST,2,NONE,0,NONE,0.0,60,False,1,NO,5000.0,1,NO,5000.0,0.0,False,1,NO,True,WIN,
133,1,0,0,SETUP_ACTIVE_POKEMON,1,NONE,0,NONE,0.0,53,False,0,CARD,10000.0,0,CARD,10000.0,0.0,False,0,CARD,True,WIN,
133,3,0,0,DRAW_COUNT,3,NONE,0,NONE,0.0,47,False,2,NUMBER,2.0,2,NUMBER,2.0,0.0,False,2,NUMBER,True,WIN,
133,4,1,0,MAIN,6,Snover,0,Kyogre,150.0,46,False,0,ATTACH,39000.0,0,ATTACH,39000.0,0.0,False,0,ATTACH,True,WIN,
133,5,1,0,MAIN,2,Snover,1,Kyogre,150.0,46,False,0,PLAY,12000.0,0,PLAY,12000.0,0.0,False,0,PLAY,True,WIN,
133,6,1,0,TO_HAND,3,Snover,1,Kyogre,150.0,46,False,0,CARD,1000.0,0,CARD,1000.0,0.0,False,0,CARD,True,WIN,
133,7,1,0,MAIN,1,Snover,1,Kyogre,150.0,46,False,0,END,0.0,0,END,0.0,0.0,False,0,END,True,WIN,
133,10,3,0,MAIN,8,Snover,1,Kyogre,150.0,45,False,0,ATTACH,39700.0,0,ATTACH,39700.0,0.0,False,0,ATTACH,True,WIN,
133,11,3,0,MAIN,6,Snover,2,Kyogre,150.0,45,False,4,ATTACK_1045,18104.5,4,ATTACK_1045,18104.5,0.0,False,4,ATTACK_1045,True,WIN,
133,12,3,0,ATTACH_TO,2,Snover,2,Kyogre,150.0,39,False,0,CARD,5000.0,0,CARD,5000.0,0.0,False,0,CARD,True,WIN,
133,13,3,0,MAIN,3,Snover,2,Kyogre,150.0,45,False,1,ATTACK_1045,18104.5,1,ATTACK_1045,18104.5,0.0,False,1,ATTACK_1045,True,WIN,
133,16,5,0,MAIN,8,Snover,2,Kyogre,140.0,44,False,0,ATTACH,40400.0,0,ATTACH,40400.0,0.0,False,0,ATTACH,True,WIN,
133,17,5,0,MAIN,6,Snover,3,Kyogre,140.0,44,False,4,ATTACK_1045,18104.5,4,ATTACK_1045,18104.5,0.0,False,4,ATTACK_1045,True,WIN,
133,18,5,0,MAIN,5,Snover,3,Kyogre,140.0,39,False,0,EVOLVE,71500.0,0,EVOLVE,71500.0,0.0,False,0,EVOLVE,True,WIN,
133,19,5,0,MAIN,4,Mega Abomasnow ex,3,Kyogre,140.0,39,True,0,ATTACH,41100.0,0,ATTACH,41100.0,0.0,False,0,ATTACH,True,WIN,
133,20,5,0,MAIN,3,Mega Abomasnow ex,3,Kyogre,140.0,39,True,1,ATTACK_1047,18104.7,1,ATTACK_1047,28104.7,0.0,False,1,ATTACK_1047,True,WIN,
133,21,5,0,TO_HAND,6,Mega Abomasnow ex,3,NONE,0.0,33,False,0,CARD,5000.0,0,CARD,5000.0,0.0,False,0,CARD,True,WIN,
134,1,0,1,SETUP_ACTIVE_POKEMON,1,NONE,0,NONE,0.0,53,False,0,CARD,10000.0,0,CARD,10000.0,0.0,False,0,CARD,True,LOSS,
134,3,0,1,DRAW_COUNT,3,NONE,0,NONE,0.0,47,False,2,NUMBER,2.0,2,NUMBER,2.0,0.0,False,2,NUMBER,True,LOSS,
134,5,1,1,MAIN,5,Kyogre,0,Kyogre,150.0,46,False,0,ATTACH,39000.0,0,ATTACH,39000.0,0.0,False,0,ATTACH,True,LOSS,
134,6,1,1,MAIN,1,Kyogre,1,Kyogre,150.0,46,False,0,END,0.0,0,END,0.0,0.0,False,0,END,True,LOSS,
134,9,3,1,MAIN,7,Kyogre,1,Kyogre,150.0,45,False,2,ATTACH,39700.0,2,ATTACH,39700.0,0.0,False,2,ATTACH,True,LOSS,
134,10,3,1,ATTACH_TO,4,Kyogre,1,Kyogre,150.0,39,False,0,CARD,10000.0,0,CARD,10000.0,0.0,False,0,CARD,True,LOSS,
134,11,3,1,MAIN,5,Kyogre,1,Kyogre,150.0,45,False,0,ATTACH,39700.0,0,ATTACH,39700.0,0.0,False,0,ATTACH,True,LOSS,
134,12,3,1,MAIN,2,Kyogre,2,Kyogre,150.0,45,False,0,ATTACK_1042,18104.2,0,ATTACK_1042,18104.2,0.0,False,0,ATTACK_1042,True,LOSS,
134,15,5,1,MAIN,6,Kyogre,2,Kyogre,150.0,44,False,1,ATTACH,40400.0,1,ATTACH,40400.0,0.0,False,1,ATTACH,True,LOSS,
134,16,5,1,TO_HAND,2,Kyogre,2,Kyogre,150.0,44,False,0,CARD,1000.0,0,CARD,1000.0,0.0,False,0,CARD,True,LOSS,
134,17,5,1,MAIN,5,Kyogre,2,Kyogre,150.0,44,False,0,ATTACH,40400.0,0,ATTACH,40400.0,0.0,False,0,ATTACH,True,LOSS,
134,18,5,1,MAIN,4,Kyogre,3,Kyogre,150.0,44,False,2,ATTACK_1043,18104.3,2,ATTACK_1043,18104.3,0.0,False,2,ATTACK_1043,True,LOSS,
134,19,5,1,TO_HAND,2,Kyogre,3,Kyogre,150.0,44,False,0,CARD,1000.0,0,CARD,1000.0,0.0,False,0,CARD,True,LOSS,
134,20,5,1,MAIN,3,Kyogre,3,Kyogre,150.0,44,False,1,ATTACK_1043,18104.3,1,ATTACK_1043,18104.3,0.0,False,1,ATTACK_1043,True,LOSS,
134,25,7,1,MAIN,5,Kyogre,3,Kyogre,150.0,43,False,0,ATTACH,41100.0,0,ATTACH,41100.0,0.0,False,0,ATTACH,True,LOSS,
134,26,7,1,MAIN,3,Kyogre,4,Kyogre,150.0,43,False,1,ATTACK_1043,18104.3,1,ATTACK_1043,18104.3,0.0,False,1,ATTACK_1043,True,LOSS,
135,0,0,0,IS_FIRST,2,NONE,0,NONE,0.0,60,False,1,NO,5000.0,1,NO,5000.0,0.0,False,1,NO,True,WIN,
135,1,0,0,SETUP_ACTIVE_POKEMON,1,NONE,0,NONE,0.0,53,False,0,CARD,10000.0,0,CARD,10000.0,0.0,False,0,CARD,True,WIN,
135,3,0,0,DRAW_COUNT,2,NONE,0,NONE,0.0,47,False,1,NUMBER,1.0,1,NUMBER,1.0,0.0,False,1,NUMBER,True,WIN,
135,4,1,0,MAIN,6,Snover,0,Kyogre,150.0,46,False,0,ATTACH,39000.0,0,ATTACH,39000.0,0.0,False,0,ATTACH,True,WIN,
135,5,1,0,MAIN,1,Snover,1,Kyogre,150.0,46,False,0,END,0.0,0,END,0.0,0.0,False,0,END,True,WIN,
135,8,3,0,MAIN,9,Snover,1,Kyogre,150.0,45,False,5,EVOLVE,70500.0,5,EVOLVE,70500.0,0.0,False,5,EVOLVE,True,WIN,
135,9,3,0,TO_HAND,3,Snover,1,Kyogre,150.0,45,False,0,CARD,1000.0,0,CARD,1000.0,0.0,False,0,CARD,True,WIN,
135,10,3,0,MAIN,7,Snover,1,Kyogre,150.0,45,False,4,EVOLVE,70500.0,4,EVOLVE,70500.0,0.0,False,4,EVOLVE,True,WIN,
135,11,3,0,MAIN,4,Snover,2,Kyogre,150.0,45,False,0,EVOLVE,71000.0,0,EVOLVE,71000.0,0.0,False,0,EVOLVE,True,WIN,
135,12,3,0,MAIN,2,Mega Abomasnow ex,2,Kyogre,150.0,45,False,0,ATTACK_1046,18104.6,0,ATTACK_1046,18104.6,0.0,False,0,ATTACK_1046,True,WIN,
135,13,3,0,TO_HAND,6,Mega Abomasnow ex,2,NONE,0.0,39,False,5,CARD,10000.0,5,CARD,10000.0,0.0,False,5,CARD,True,WIN,
136,1,0,1,SETUP_ACTIVE_POKEMON,1,NONE,0,NONE,0.0,53,False,0,CARD,10000.0,0,CARD,10000.0,0.0,False,0,CARD,True,WIN,
136,3,1,1,MAIN,6,Kyogre,0,Kyogre,150.0,46,False,0,ATTACH,39000.0,0,ATTACH,39000.0,0.0,False,0,ATTACH,True,WIN,
136,4,1,1,MAIN,1,Kyogre,1,Kyogre,150.0,46,False,0,END,0.0,0,END,0.0,0.0,False,0,END,True,WIN,
136,7,3,1,MAIN,8,Kyogre,1,Kyogre,150.0,45,False,0,ATTACH,39700.0,0,ATTACH,39700.0,0.0,False,0,ATTACH,True,WIN,
136,8,3,1,MAIN,4,Kyogre,2,Kyogre,150.0,45,False,2,ATTACK_1042,18104.2,2,ATTACK_1042,18104.2,0.0,False,2,ATTACK_1042,True,WIN,
136,9,3,1,MAIN,5,Kyogre,2,Kyogre,150.0,42,False,2,ATTACH,40400.0,2,ATTACH,40400.0,0.0,False,2,ATTACH,True,WIN,
136,10,3,1,MAIN,5,Kyogre,2,Kyogre,150.0,42,False,1,ATTACH,40400.0,1,ATTACH,40400.0,0.0,False,1,ATTACH,True,WIN,
136,11,3,1,TO_HAND,3,Kyogre,2,Kyogre,150.0,42,False,0,CARD,1000.0,0,CARD,1000.0,0.0,False,0,CARD,True,WIN,
136,12,3,1,MAIN,4,Kyogre,2,Kyogre,150.0,42,False,0,ATTACH,40400.0,0,ATTACH,40400.0,0.0,False,0,ATTACH,True,WIN,
136,13,3,1,MAIN,2,Kyogre,2,Kyogre,150.0,42,False,0,ATTACK_1042,18104.2,0,ATTACK_1042,18104.2,0.0,False,0,ATTACK_1042,True,WIN,
136,16,5,1,MAIN,12,Kyogre,2,Kyogre,150.0,41,False,4,EVOLVE,70000.0,4,EVOLVE,70000.0,0.0,False,4,EVOLVE,True,WIN,
136,17,5,1,MAIN,6,Kyogre,3,Kyogre,150.0,41,False,0,EVOLVE,70000.0,0,EVOLVE,70000.0,0.0,False,0,EVOLVE,True,WIN,
136,18,5,1,MAIN,5,Kyogre,3,Kyogre,150.0,41,False,2,ATTACK_1043,18104.3,2,ATTACK_1043,18104.3,0.0,False,2,ATTACK_1043,True,WIN,
136,19,5,1,TO_HAND,3,Kyogre,3,Kyogre,150.0,41,False,0,CARD,5000.0,0,CARD,5000.0,0.0,False,0,CARD,True,WIN,
136,20,5,1,MAIN,4,Kyogre,3,Kyogre,150.0,41,False,1,ATTACK_1043,18104.3,1,ATTACK_1043,18104.3,0.0,False,1,ATTACK_1043,True,WIN,
136,25,7,1,MAIN,11,Kyogre,3,Kyogre,150.0,40,False,0,ATTACH,41100.0,0,ATTACH,41100.0,0.0,False,0,ATTACH,True,WIN,
136,26,7,1,MAIN,5,Kyogre,4,Kyogre,150.0,40,False,3,RETREAT,30000.0,3,RETREAT,30000.0,0.0,False,3,RETREAT,True,WIN,
136,27,7,1,MAIN,4,Kyogre,4,Kyogre,150.0,40,False,2,RETREAT,30000.0,2,RETREAT,30000.0,0.0,False,2,RETREAT,True,WIN,
136,31,8,1,TO_ACTIVE,2,NONE,0,Kyogre,150.0,40,False,0,CARD,5000.0,0,CARD,5000.0,0.0,False,0,CARD,True,WIN,
136,32,9,1,MAIN,7,Mega Abomasnow ex,0,Kyogre,150.0,39,False,0,ATTACH,39000.0,0,ATTACH,39000.0,0.0,False,0,ATTACH,True,WIN,
136,33,9,1,MAIN,1,Mega Abomasnow ex,1,Kyogre,150.0,39,False,0,END,0.0,0,END,0.0,0.0,False,0,END,True,WIN,
136,38,11,1,MAIN,7,Mega Abomasnow ex,1,Kyogre,150.0,38,False,0,ATTACH,39700.0,0,ATTACH,39700.0,0.0,False,0,ATTACH,True,WIN,
136,39,11,1,MAIN,2,Mega Abomasnow ex,2,Kyogre,150.0,38,False,0,ATTACK_1046,18104.6,0,ATTACK_1046,18104.6,0.0,False,0,ATTACK_1046,True,WIN,
136,40,11,1,TO_HAND,6,Mega Abomasnow ex,2,NONE,0.0,32,False,3,CARD,10000.0,3,CARD,10000.0,0.0,False,3,CARD,True,WIN,
137,0,0,0,IS_FIRST,2,NONE,0,NONE,0.0,60,False,1,NO,5000.0,1,NO,5000.0,0.0,False,1,NO,True,WIN,
137,1,0,0,SETUP_ACTIVE_POKEMON,1,NONE,0,NONE,0.0,53,False,0,CARD,10000.0,0,CARD,10000.0,0.0,False,0,CARD,True,WIN,
137,3,0,0,DRAW_COUNT,2,NONE,0,NONE,0.0,47,False,1,NUMBER,1.0,1,NUMBER,1.0,0.0,False,1,NUMBER,True,WIN,
137,4,1,0,MAIN,6,Kyogre,0,Snover,90.0,46,False,0,ATTACH,39000.0,0,ATTACH,39000.0,0.0,False,0,ATTACH,True,WIN,
137,5,1,0,MAIN,1,Kyogre,1,Snover,90.0,46,False,0,END,0.0,0,END,0.0,0.0,False,0,END,True,WIN,
137,8,3,0,MAIN,7,Kyogre,1,Snover,90.0,45,False,0,ATTACH,39700.0,0,ATTACH,39700.0,0.0,False,0,ATTACH,True,WIN,
137,9,3,0,MAIN,3,Kyogre,2,Snover,90.0,45,False,1,ATTACK_1042,18104.2,1,ATTACK_1042,18104.2,0.0,False,1,ATTACK_1042,True,WIN,
137,10,3,0,MAIN,2,Kyogre,2,Snover,90.0,42,False,0,ATTACK_1042,18104.2,0,ATTACK_1042,18104.2,0.0,False,0,ATTACK_1042,True,WIN,
137,13,5,0,MAIN,11,Kyogre,2,Snover,90.0,41,False,0,ATTACH,40400.0,0,ATTACH,40400.0,0.0,False,0,ATTACH,True,WIN,
137,14,5,0,MAIN,3,Kyogre,3,Snover,90.0,41,False,1,ATTACK_1043,18104.3,1,ATTACK_1043,18104.3,0.0,False,1,ATTACK_1043,True,WIN,
137,17,7,0,MAIN,12,Kyogre,3,Snover,90.0,40,False,0,ATTACH,41100.0,0,ATTACH,41100.0,0.0,False,0,ATTACH,True,WIN,
137,18,7,0,MAIN,4,Kyogre,4,Snover,90.0,40,False,2,ATTACK_1043,18104.3,2,ATTACK_1043,18104.3,0.0,False,2,ATTACK_1043,True,WIN,
137,19,7,0,MAIN,5,Kyogre,4,Snover,90.0,39,False,0,ATTACH,41800.0,0,ATTACH,41800.0,0.0,False,0,ATTACH,True,WIN,
137,20,7,0,MAIN,4,Kyogre,4,Snover,90.0,39,False,2,ATTACK_1043,18104.3,2,ATTACK_1043,18104.3,0.0,False,2,ATTACK_1043,True,WIN,
137,21,7,0,MAIN,4,Kyogre,4,Snover,90.0,39,False,1,ATTACK_1043,18104.3,1,ATTACK_1043,18104.3,0.0,False,1,ATTACK_1043,True,WIN,
137,24,9,0,MAIN,15,Kyogre,4,Snover,90.0,38,False,0,ATTACH,41800.0,0,ATTACH,41800.0,0.0,False,0,ATTACH,True,WIN,
137,25,9,0,MAIN,7,Kyogre,5,Snover,90.0,38,False,5,RETREAT,30000.0,5,RETREAT,30000.0,0.0,False,5,RETREAT,True,WIN,
137,26,9,0,MAIN,6,Kyogre,5,Snover,90.0,35,False,0,EVOLVE,70000.0,0,EVOLVE,70000.0,0.0,False,0,EVOLVE,True,WIN,
137,27,9,0,MAIN,5,Kyogre,5,Snover,90.0,35,False,3,RETREAT,30000.0,3,RETREAT,30000.0,0.0,False,3,RETREAT,True,WIN,
137,28,9,0,MAIN,4,Kyogre,5,Snover,90.0,35,False,2,RETREAT,30000.0,2,RETREAT,30000.0,0.0,False,2,RETREAT,True,WIN,
137,31,11,0,MAIN,19,Kyogre,5,Snover,90.0,34,False,1,ATTACH,41800.0,1,ATTACH,41800.0,0.0,False,1,ATTACH,True,WIN,
137,32,11,0,ATTACH_TO,6,Kyogre,5,Snover,90.0,28,False,0,CARD,5000.0,0,CARD,5000.0,0.0,False,0,CARD,True,WIN,
137,33,11,0,MAIN,16,Kyogre,5,Snover,90.0,34,False,0,ATTACH,41800.0,0,ATTACH,41800.0,0.0,False,0,ATTACH,True,WIN,
137,34,11,0,MAIN,4,Kyogre,6,Snover,90.0,34,False,2,RETREAT,30000.0,2,RETREAT,30000.0,0.0,False,2,RETREAT,True,WIN,
137,38,12,0,TO_ACTIVE,2,NONE,0,Snover,90.0,34,False,0,CARD,5000.0,0,CARD,5000.0,0.0,False,0,CARD,True,WIN,
137,39,13,0,MAIN,11,Mega Abomasnow ex,0,Snover,90.0,33,False,0,ATTACH,39000.0,0,ATTACH,39000.0,0.0,False,0,ATTACH,True,WIN,
137,40,13,0,MAIN,3,Mega Abomasnow ex,1,Snover,90.0,33,False,0,PLAY,12000.0,0,PLAY,12000.0,0.0,False,0,PLAY,True,WIN,
137,41,13,0,ATTACH_TO,3,Mega Abomasnow ex,1,Snover,90.0,27,False,0,CARD,5000.0,0,CARD,5000.0,0.0,False,0,CARD,True,WIN,
137,42,13,0,MAIN,1,Mega Abomasnow ex,1,Snover,90.0,33,False,0,END,0.0,0,END,0.0,0.0,False,0,END,True,WIN,
137,45,15,0,MAIN,9,Mega Abomasnow ex,1,Snover,90.0,32,False,7,EVOLVE,70000.0,7,EVOLVE,70000.0,0.0,False,7,EVOLVE,True,WIN,
137,46,15,0,MAIN,4,Mega Abomasnow ex,2,Snover,90.0,32,False,1,EVOLVE,70000.0,1,EVOLVE,70000.0,0.0,False,1,EVOLVE,True,WIN,
137,47,15,0,TO_HAND,2,Mega Abomasnow ex,2,Snover,90.0,32,False,0,CARD,5000.0,0,CARD,5000.0,0.0,False,0,CARD,True,WIN,
137,48,15,0,MAIN,3,Mega Abomasnow ex,2,Snover,90.0,32,False,0,EVOLVE,70000.0,0,EVOLVE,70000.0,0.0,False,0,EVOLVE,True,WIN,
137,49,15,0,MAIN,2,Mega Abomasnow ex,2,Snover,90.0,32,False,0,ATTACK_1046,18104.6,0,ATTACK_1046,18104.6,0.0,False,0,ATTACK_1046,True,WIN,
137,50,15,0,TO_HAND,6,Mega Abomasnow ex,2,NONE,0.0,26,False,4,CARD,10000.0,4,CARD,10000.0,0.0,False,4,CARD,True,WIN,
138,1,0,1,SETUP_ACTIVE_POKEMON,1,NONE,0,NONE,0.0,53,False,0,CARD,10000.0,0,CARD,10000.0,0.0,False,0,CARD,True,WIN,
138,3,0,1,DRAW_COUNT,3,NONE,0,NONE,0.0,47,False,2,NUMBER,2.0,2,NUMBER,2.0,0.0,False,2,NUMBER,True,WIN,
138,4,1,1,MAIN,7,Snover,0,Kyogre,150.0,46,False,0,ATTACH,39000.0,0,ATTACH,39000.0,0.0,False,0,ATTACH,True,WIN,
138,5,1,1,MAIN,1,Snover,1,Kyogre,150.0,46,False,0,END,0.0,0,END,0.0,0.0,False,0,END,True,WIN,
138,8,3,1,MAIN,9,Snover,1,Kyogre,150.0,45,False,1,EVOLVE,70500.0,1,EVOLVE,70500.0,0.0,False,1,EVOLVE,True,WIN,
138,9,3,1,MAIN,4,Snover,2,Kyogre,150.0,45,False,0,EVOLVE,71000.0,0,EVOLVE,71000.0,0.0,False,0,EVOLVE,True,WIN,
138,10,3,1,MAIN,2,Mega Abomasnow ex,2,Kyogre,150.0,45,False,0,ATTACK_1046,18104.6,0,ATTACK_1046,18104.6,0.0,False,0,ATTACK_1046,True,WIN,
138,11,3,1,TO_HAND,6,Mega Abomasnow ex,2,NONE,0.0,39,False,0,CARD,5000.0,0,CARD,5000.0,0.0,False,0,CARD,True,WIN,
139,0,0,0,IS_FIRST,2,NONE,0,NONE,0.0,60,False,1,NO,5000.0,1,NO,5000.0,0.0,False,1,NO,True,LOSS,
139,2,0,0,SETUP_ACTIVE_POKEMON,1,NONE,0,NONE,0.0,53,False,0,CARD,10000.0,0,CARD,10000.0,0.0,False,0,CARD,True,LOSS,
139,5,1,0,MAIN,6,Kyogre,0,Kyogre,150.0,46,False,0,ATTACH,39000.0,0,ATTACH,39000.0,0.0,False,0,ATTACH,True,LOSS,
139,6,1,0,MAIN,1,Kyogre,1,Kyogre,150.0,46,False,0,END,0.0,0,END,0.0,0.0,False,0,END,True,LOSS,
139,9,3,0,MAIN,9,Kyogre,1,Kyogre,150.0,45,False,2,ATTACH,39700.0,2,ATTACH,39700.0,0.0,False,2,ATTACH,True,LOSS,
139,10,3,0,ATTACH_TO,5,Kyogre,1,Kyogre,150.0,39,False,0,CARD,5000.0,0,CARD,5000.0,0.0,False,0,CARD,True,LOSS,
139,11,3,0,MAIN,7,Kyogre,1,Kyogre,150.0,45,False,0,ATTACH,39700.0,0,ATTACH,39700.0,0.0,False,0,ATTACH,True,LOSS,
139,12,3,0,MAIN,3,Kyogre,2,Kyogre,150.0,45,False,1,ATTACK_1042,18104.2,1,ATTACK_1042,18104.2,0.0,False,1,ATTACK_1042,True,LOSS,
139,13,3,0,TO_HAND,3,Kyogre,2,Kyogre,150.0,45,False,0,CARD,5000.0,0,CARD,5000.0,0.0,False,0,CARD,True,LOSS,
139,14,3,0,MAIN,2,Kyogre,2,Kyogre,150.0,45,False,0,ATTACK_1042,18104.2,0,ATTACK_1042,18104.2,0.0,False,0,ATTACK_1042,True,LOSS,
139,17,5,0,MAIN,7,Kyogre,2,Kyogre,150.0,44,False,1,ATTACH,40400.0,1,ATTACH,40400.0,0.0,False,1,ATTACH,True,LOSS,
139,18,5,0,TO_HAND,3,Kyogre,2,Kyogre,150.0,44,False,0,CARD,1000.0,0,CARD,1000.0,0.0,False,0,CARD,True,LOSS,
139,19,5,0,MAIN,5,Kyogre,2,Kyogre,150.0,44,False,0,ATTACH,40400.0,0,ATTACH,40400.0,0.0,False,0,ATTACH,True,LOSS,
139,20,5,0,MAIN,3,Kyogre,3,Kyogre,150.0,44,False,1,ATTACK_1043,18104.3,1,ATTACK_1043,18104.3,0.0,False,1,ATTACK_1043,True,LOSS,
139,25,7,0,MAIN,7,Kyogre,3,Kyogre,150.0,43,False,0,ATTACH,41100.0,0,ATTACH,41100.0,0.0,False,0,ATTACH,True,LOSS,
139,26,7,0,MAIN,5,Kyogre,4,Kyogre,150.0,43,False,3,ATTACK_1043,18104.3,3,ATTACK_1043,18104.3,0.0,False,3,ATTACK_1043,True,LOSS,
139,27,7,0,ATTACH_TO,2,Kyogre,4,Kyogre,150.0,37,False,0,CARD,5000.0,0,CARD,5000.0,0.0,False,0,CARD,True,LOSS,
139,28,7,0,MAIN,3,Kyogre,4,Kyogre,150.0,43,False,1,ATTACK_1043,18104.3,1,ATTACK_1043,18104.3,0.0,False,1,ATTACK_1043,True,LOSS,
140,2,0,1,SETUP_ACTIVE_POKEMON,3,NONE,0,NONE,0.0,53,False,0,CARD,10000.0,0,CARD,10000.0,0.0,False,0,CARD,True,WIN,
140,4,0,1,SETUP_BENCH_POKEMON,2,NONE,0,NONE,0.0,47,False,0,CARD,10000.0,0,CARD,10000.0,0.0,False,0,CARD,True,WIN,
140,6,1,1,MAIN,8,Snover,0,Kyogre,150.0,46,False,0,ATTACH,39000.0,0,ATTACH,39000.0,0.0,False,0,ATTACH,True,WIN,
140,7,1,1,MAIN,3,Snover,1,Kyogre,150.0,46,False,0,PLAY,12000.0,0,PLAY,12000.0,0.0,False,0,PLAY,True,WIN,
140,8,1,1,MAIN,2,Snover,1,Kyogre,150.0,46,False,0,PLAY,12000.0,0,PLAY,12000.0,0.0,False,0,PLAY,True,WIN,
140,9,1,1,MAIN,1,Snover,1,Kyogre,150.0,46,False,0,END,0.0,0,END,0.0,0.0,False,0,END,True,WIN,
140,12,3,1,MAIN,15,Snover,1,Kyogre,150.0,45,False,0,ATTACH,39700.0,0,ATTACH,39700.0,0.0,False,0,ATTACH,True,WIN,
140,13,3,1,MAIN,4,Snover,2,Kyogre,150.0,45,False,2,ATTACK_1045,18104.5,2,ATTACK_1045,18104.5,0.0,False,2,ATTACK_1045,True,WIN,
140,14,3,1,TO_HAND,4,Snover,2,Kyogre,150.0,45,False,0,CARD,5000.0,0,CARD,5000.0,0.0,False,0,CARD,True,WIN,
140,15,3,1,MAIN,3,Snover,2,Kyogre,150.0,45,False,1,ATTACK_1045,18104.5,1,ATTACK_1045,18104.5,0.0,False,1,ATTACK_1045,True,WIN,
140,19,5,1,MAIN,15,Snover,2,Kyogre,140.0,44,False,0,ATTACH,40400.0,0,ATTACH,40400.0,0.0,False,0,ATTACH,True,WIN,
140,20,5,1,MAIN,4,Snover,3,Kyogre,140.0,44,False,1,ATTACK_1045,18104.5,1,ATTACK_1045,18104.5,0.0,False,1,ATTACK_1045,True,WIN,
140,26,6,1,TO_ACTIVE,2,NONE,0,Kyogre,130.0,44,False,0,CARD,5000.0,0,CARD,5000.0,0.0,False,0,CARD,True,WIN,
140,27,7,1,MAIN,8,Snover,0,Kyogre,130.0,43,False,0,ATTACH,39000.0,0,ATTACH,39000.0,0.0,False,0,ATTACH,True,WIN,
140,28,7,1,MAIN,3,Snover,1,Kyogre,130.0,43,False,1,ATTACK_1044,18104.4,1,ATTACK_1044,18104.4,0.0,False,1,ATTACK_1044,True,WIN,
140,29,7,1,MAIN,3,Snover,1,Kyogre,130.0,37,False,0,EVOLVE,70500.0,0,EVOLVE,70500.0,0.0,False,0,EVOLVE,True,WIN,
140,30,7,1,MAIN,1,Mega Abomasnow ex,1,Kyogre,130.0,37,False,0,END,0.0,0,END,0.0,0.0,False,0,END,True,WIN,
140,33,9,1,MAIN,15,Mega Abomasnow ex,1,Kyogre,130.0,36,False,0,ATTACH,39700.0,0,ATTACH,39700.0,0.0,False,0,ATTACH,True,WIN,
140,34,9,1,MAIN,2,Mega Abomasnow ex,2,Kyogre,130.0,36,False,0,ATTACK_1046,18104.6,0,ATTACK_1046,18104.6,0.0,False,0,ATTACK_1046,True,WIN,
140,35,9,1,TO_HAND,6,Mega Abomasnow ex,2,NONE,0.0,30,False,0,CARD,5000.0,0,CARD,5000.0,0.0,False,0,CARD,True,WIN,
140,41,11,1,MAIN,16,Mega Abomasnow ex,2,Mega Abomasnow ex,350.0,29,False,0,ATTACH,40400.0,0,ATTACH,40400.0,0.0,False,0,ATTACH,True,WIN,
140,42,11,1,MAIN,5,Mega Abomasnow ex,3,Mega Abomasnow ex,350.0,29,True,3,ATTACK_1047,18104.7,2,ATTACK_1046,28104.6,9999.899999999998,True,2,ATTACK_1046,True,WIN,True
140,43,11,1,MAIN,4,Mega Abomasnow ex,3,Mega Abomasnow ex,350.0,29,True,2,ATTACK_1047,18104.7,1,ATTACK_1046,28104.6,9999.899999999998,True,1,ATTACK_1046,True,WIN,True
140,44,11,1,MAIN,5,Mega Abomasnow ex,3,Mega Abomasnow ex,350.0,29,True,3,ATTACK_1047,18104.7,2,ATTACK_1046,28104.6,9999.899999999998,True,2,ATTACK_1046,True,WIN,True
140,45,11,1,MAIN,4,Mega Abomasnow ex,3,Mega Abomasnow ex,350.0,29,True,2,ATTACK_1047,18104.7,1,ATTACK_1046,28104.6,9999.899999999998,True,1,ATTACK_1046,True,WIN,True
140,46,11,1,MAIN,3,Mega Abomasnow ex,3,Mega Abomasnow ex,350.0,29,True,1,ATTACK_1047,18104.7,0,ATTACK_1046,28104.6,9999.899999999998,True,0,ATTACK_1046,True,WIN,True
140,47,11,1,TO_HAND,5,Mega Abomasnow ex,3,NONE,0.0,23,False,0,CARD,5000.0,0,CARD,5000.0,0.0,False,0,CARD,True,WIN,
141,0,0,0,IS_FIRST,2,NONE,0,NONE,0.0,60,False,1,NO,5000.0,1,NO,5000.0,0.0,False,1,NO,True,LOSS,
141,1,0,0,SETUP_ACTIVE_POKEMON,1,NONE,0,NONE,0.0,53,False,0,CARD,10000.0,0,CARD,10000.0,0.0,False,0,CARD,True,LOSS,
141,3,1,0,MAIN,7,Snover,0,Snover,90.0,46,False,0,ATTACH,39000.0,0,ATTACH,39000.0,0.0,False,0,ATTACH,True,LOSS,
141,4,1,0,MAIN,2,Snover,1,Snover,90.0,46,False,0,PLAY,12000.0,0,PLAY,12000.0,0.0,False,0,PLAY,True,LOSS,
141,5,1,0,TO_HAND,4,Snover,1,Snover,90.0,46,False,0,CARD,1000.0,0,CARD,1000.0,0.0,False,0,CARD,True,LOSS,
141,6,1,0,MAIN,1,Snover,1,Snover,90.0,46,False,0,END,0.0,0,END,0.0,0.0,False,0,END,True,LOSS,
141,9,3,0,MAIN,8,Snover,1,Snover,90.0,45,False,1,ATTACH,39700.0,1,ATTACH,39700.0,0.0,False,1,ATTACH,True,LOSS,
141,10,3,0,ATTACH_TO,3,Snover,1,Snover,90.0,39,False,0,CARD,5000.0,0,CARD,5000.0,0.0,False,0,CARD,True,LOSS,
141,11,3,0,MAIN,7,Snover,1,Snover,90.0,45,False,0,ATTACH,39700.0,0,ATTACH,39700.0,0.0,False,0,ATTACH,True,LOSS,
141,12,3,0,MAIN,3,Snover,2,Snover,90.0,45,False,1,ATTACK_1045,18104.5,1,ATTACK_1045,18104.5,0.0,False,1,ATTACK_1045,True,LOSS,
142,1,0,1,SETUP_ACTIVE_POKEMON,2,NONE,0,NONE,0.0,53,False,0,CARD,10000.0,0,CARD,10000.0,0.0,False,0,CARD,True,LOSS,
142,3,0,1,SETUP_BENCH_POKEMON,1,NONE,0,NONE,0.0,47,False,0,CARD,10000.0,0,CARD,10000.0,0.0,False,0,CARD,True,LOSS,
142,4,1,1,MAIN,6,Snover,0,Snover,90.0,46,False,0,ATTACH,39000.0,0,ATTACH,39000.0,0.0,False,0,ATTACH,True,LOSS,
142,5,1,1,MAIN,2,Snover,1,Snover,90.0,46,False,0,PLAY,12000.0,0,PLAY,12000.0,0.0,False,0,PLAY,True,LOSS,
142,6,1,1,MAIN,1,Snover,1,Snover,90.0,46,False,0,END,0.0,0,END,0.0,0.0,False,0,END,True,LOSS,
142,9,3,1,MAIN,11,Snover,1,Snover,90.0,45,False,8,EVOLVE,70500.0,8,EVOLVE,70500.0,0.0,False,8,EVOLVE,True,LOSS,
142,10,3,1,MAIN,6,Snover,2,Snover,90.0,45,False,2,EVOLVE,71000.0,2,EVOLVE,71000.0,0.0,False,2,EVOLVE,True,LOSS,
142,11,3,1,MAIN,5,Snover,2,Snover,90.0,41,False,3,ATTACK_1045,18104.5,3,ATTACK_1045,18104.5,0.0,False,3,ATTACK_1045,True,LOSS,
142,12,3,1,MAIN,4,Snover,2,Snover,90.0,41,False,2,ATTACK_1045,18104.5,2,ATTACK_1045,18104.5,0.0,False,2,ATTACK_1045,True,LOSS,
142,13,3,1,TO_HAND,4,Snover,2,Snover,90.0,41,False,0,CARD,1000.0,0,CARD,1000.0,0.0,False,0,CARD,True,LOSS,
142,14,3,1,MAIN,3,Snover,2,Snover,90.0,41,False,1,ATTACK_1045,18104.5,1,ATTACK_1045,18104.5,0.0,False,1,ATTACK_1045,True,LOSS,
142,19,4,1,TO_ACTIVE,2,NONE,0,Mega Abomasnow ex,340.0,41,False,0,CARD,5000.0,0,CARD,5000.0,0.0,False,0,CARD,True,LOSS,
142,20,5,1,MAIN,13,Kyogre,0,Mega Abomasnow ex,340.0,40,False,0,ATTACH,39000.0,0,ATTACH,39000.0,0.0,False,0,ATTACH,True,LOSS,
142,21,5,1,MAIN,4,Kyogre,1,Mega Abomasnow ex,340.0,40,False,2,ATTACK_1042,18104.2,2,ATTACK_1042,18104.2,0.0,False,2,ATTACK_1042,True,LOSS,
142,22,5,1,TO_HAND,4,Kyogre,1,Mega Abomasnow ex,340.0,40,False,0,CARD,1000.0,0,CARD,1000.0,0.0,False,0,CARD,True,LOSS,
142,23,5,1,MAIN,3,Kyogre,1,Mega Abomasnow ex,340.0,40,False,1,ATTACK_1042,18104.2,1,ATTACK_1042,18104.2,0.0,False,1,ATTACK_1042,True,LOSS,
142,24,5,1,MAIN,2,Kyogre,1,Mega Abomasnow ex,340.0,40,False,0,ATTACK_1042,18104.2,0,ATTACK_1042,18104.2,0.0,False,0,ATTACK_1042,True,LOSS,
142,28,6,1,TO_ACTIVE,2,NONE,0,Mega Abomasnow ex,300.0,42,False,0,CARD,5000.0,0,CARD,5000.0,0.0,False,0,CARD,True,LOSS,
142,29,7,1,MAIN,10,Snover,0,Mega Abomasnow ex,300.0,41,False,0,ATTACH,39000.0,0,ATTACH,39000.0,0.0,False,0,ATTACH,True,LOSS,
142,30,7,1,MAIN,3,Snover,1,Mega Abomasnow ex,300.0,41,False,1,ATTACK_1044,18104.4,1,ATTACK_1044,18104.4,0.0,False,1,ATTACK_1044,True,LOSS,
142,31,7,1,TO_HAND,4,Snover,1,Mega Abomasnow ex,300.0,41,False,0,CARD,5000.0,0,CARD,5000.0,0.0,False,0,CARD,True,LOSS,
142,32,7,1,MAIN,2,Snover,1,Mega Abomasnow ex,300.0,41,False,0,ATTACK_1044,18104.4,0,ATTACK_1044,18104.4,0.0,False,0,ATTACK_1044,True,LOSS,
142,36,8,1,TO_ACTIVE,1,NONE,0,Mega Abomasnow ex,300.0,41,False,0,CARD,5000.0,0,CARD,5000.0,0.0,False,0,CARD,True,LOSS,
142,37,9,1,MAIN,4,Kyogre,0,Mega Abomasnow ex,300.0,40,False,0,ATTACH,39000.0,0,ATTACH,39000.0,0.0,False,0,ATTACH,True,LOSS,
142,38,9,1,MAIN,2,Kyogre,1,Mega Abomasnow ex,300.0,40,False,0,ATTACK_1042,18104.2,0,ATTACK_1042,18104.2,0.0,False,0,ATTACK_1042,True,LOSS,
143,0,0,0,IS_FIRST,2,NONE,0,NONE,0.0,60,False,1,NO,5000.0,1,NO,5000.0,0.0,False,1,NO,True,LOSS,
143,1,0,0,SETUP_ACTIVE_POKEMON,3,NONE,0,NONE,0.0,53,False,0,CARD,10000.0,0,CARD,10000.0,0.0,False,0,CARD,True,LOSS,
143,3,0,0,SETUP_BENCH_POKEMON,2,NONE,0,NONE,0.0,47,False,0,CARD,10000.0,0,CARD,10000.0,0.0,False,0,CARD,True,LOSS,
143,5,1,0,MAIN,8,Snover,0,Snover,90.0,46,False,2,ATTACH,39000.0,2,ATTACH,39000.0,0.0,False,2,ATTACH,True,LOSS,
143,6,1,0,TO_HAND,4,Snover,0,Snover,90.0,46,False,0,CARD,5000.0,0,CARD,5000.0,0.0,False,0,CARD,True,LOSS,
143,7,1,0,MAIN,7,Snover,0,Snover,90.0,46,False,1,ATTACH,39000.0,1,ATTACH,39000.0,0.0,False,1,ATTACH,True,LOSS,
143,8,1,0,MAIN,10,Snover,0,Snover,90.0,46,False,0,ATTACH,39000.0,0,ATTACH,39000.0,0.0,False,0,ATTACH,True,LOSS,
143,9,1,0,MAIN,2,Snover,1,Snover,90.0,46,False,0,PLAY,12000.0,0,PLAY,12000.0,0.0,False,0,PLAY,True,LOSS,
143,10,1,0,MAIN,1,Snover,1,Snover,90.0,46,False,0,END,0.0,0,END,0.0,0.0,False,0,END,True,LOSS,
143,13,3,0,MAIN,12,Snover,1,Snover,90.0,45,False,0,ATTACH,39700.0,0,ATTACH,39700.0,0.0,False,0,ATTACH,True,LOSS,
143,14,3,0,MAIN,4,Snover,2,Snover,90.0,45,False,2,ATTACK_1045,18104.5,2,ATTACK_1045,18104.5,0.0,False,2,ATTACK_1045,True,LOSS,
143,15,3,0,MAIN,3,Snover,2,Snover,90.0,45,False,1,ATTACK_1045,18104.5,1,ATTACK_1045,18104.5,0.0,False,1,ATTACK_1045,True,LOSS,
143,20,4,0,TO_ACTIVE,3,NONE,0,Mega Abomasnow ex,340.0,45,False,0,CARD,5000.0,0,CARD,5000.0,0.0,False,0,CARD,True,LOSS,
143,21,5,0,MAIN,8,Snover,0,Mega Abomasnow ex,340.0,44,False,0,ATTACH,39000.0,0,ATTACH,39000.0,0.0,False,0,ATTACH,True,LOSS,
143,22,5,0,MAIN,3,Snover,1,Mega Abomasnow ex,340.0,44,False,1,ATTACK_1044,18104.4,1,ATTACK_1044,18104.4,0.0,False,1,ATTACK_1044,True,LOSS,
143,23,5,0,MAIN,3,Snover,1,Mega Abomasnow ex,340.0,37,False,1,ATTACK_1044,18104.4,1,ATTACK_1044,18104.4,0.0,False,1,ATTACK_1044,True,LOSS,
143,24,5,0,TO_HAND,4,Snover,1,Mega Abomasnow ex,340.0,37,False,0,CARD,5000.0,0,CARD,5000.0,0.0,False,0,CARD,True,LOSS,
143,25,5,0,MAIN,2,Snover,1,Mega Abomasnow ex,340.0,37,False,0,ATTACK_1044,18104.4,0,ATTACK_1044,18104.4,0.0,False,0,ATTACK_1044,True,LOSS,
143,29,6,0,TO_ACTIVE,2,NONE,0,Mega Abomasnow ex,330.0,37,False,0,CARD,5000.0,0,CARD,5000.0,0.0,False,0,CARD,True,LOSS,
143,30,7,0,MAIN,16,Kyogre,0,Mega Abomasnow ex,330.0,36,False,0,ATTACH,39000.0,0,ATTACH,39000.0,0.0,False,0,ATTACH,True,LOSS,
143,31,7,0,MAIN,3,Kyogre,1,Mega Abomasnow ex,330.0,36,False,1,ATTACK_1042,18104.2,1,ATTACK_1042,18104.2,0.0,False,1,ATTACK_1042,True,LOSS,
143,32,7,0,ATTACH_TO,5,Kyogre,1,Mega Abomasnow ex,330.0,30,False,0,CARD,5000.0,0,CARD,5000.0,0.0,False,0,CARD,True,LOSS,
143,33,7,0,MAIN,2,Kyogre,1,Mega Abomasnow ex,330.0,36,False,0,ATTACK_1042,18104.2,0,ATTACK_1042,18104.2,0.0,False,0,ATTACK_1042,True,LOSS,
143,37,8,0,TO_ACTIVE,1,NONE,0,Mega Abomasnow ex,300.0,39,False,0,CARD,5000.0,0,CARD,5000.0,0.0,False,0,CARD,True,LOSS,
143,38,9,0,MAIN,8,Snover,0,Mega Abomasnow ex,300.0,38,False,0,ATTACH,39000.0,0,ATTACH,39000.0,0.0,False,0,ATTACH,True,LOSS,
143,39,9,0,MAIN,2,Snover,1,Mega Abomasnow ex,300.0,38,False,0,ATTACK_1044,18104.4,0,ATTACK_1044,18104.4,0.0,False,0,ATTACK_1044,True,LOSS,
144,1,0,1,SETUP_ACTIVE_POKEMON,1,NONE,0,NONE,0.0,53,False,0,CARD,10000.0,0,CARD,10000.0,0.0,False,0,CARD,True,WIN,
144,3,1,1,MAIN,6,Snover,0,Snover,90.0,46,False,0,ATTACH,39000.0,0,ATTACH,39000.0,0.0,False,0,ATTACH,True,WIN,
144,4,1,1,MAIN,2,Snover,1,Snover,90.0,46,False,0,PLAY,12000.0,0,PLAY,12000.0,0.0,False,0,PLAY,True,WIN,
144,5,1,1,TO_HAND,3,Snover,1,Snover,90.0,46,False,0,CARD,10000.0,0,CARD,10000.0,0.0,False,0,CARD,True,WIN,
144,6,1,1,MAIN,1,Snover,1,Snover,90.0,46,False,0,END,0.0,0,END,0.0,0.0,False,0,END,True,WIN,
144,10,3,1,MAIN,8,Snover,1,Snover,90.0,45,False,0,EVOLVE,70500.0,0,EVOLVE,70500.0,0.0,False,0,EVOLVE,True,WIN,
144,11,3,1,MAIN,6,Mega Abomasnow ex,1,Snover,90.0,45,False,0,ATTACH,39700.0,0,ATTACH,39700.0,0.0,False,0,ATTACH,True,WIN,
144,12,3,1,MAIN,4,Mega Abomasnow ex,2,Snover,90.0,45,False,2,ATTACK_1046,18104.6,2,ATTACK_1046,18104.6,0.0,False,2,ATTACK_1046,True,WIN,
144,13,3,1,MAIN,5,Mega Abomasnow ex,2,Snover,90.0,40,False,3,ATTACK_1046,18104.6,3,ATTACK_1046,18104.6,0.0,False,3,ATTACK_1046,True,WIN,
144,14,3,1,MAIN,4,Mega Abomasnow ex,2,Snover,90.0,40,False,2,ATTACK_1046,18104.6,2,ATTACK_1046,18104.6,0.0,False,2,ATTACK_1046,True,WIN,
144,15,3,1,MAIN,3,Mega Abomasnow ex,2,Snover,90.0,40,False,1,ATTACK_1046,18104.6,1,ATTACK_1046,18104.6,0.0,False,1,ATTACK_1046,True,WIN,
144,16,3,1,TO_HAND,2,Mega Abomasnow ex,2,Snover,90.0,40,False,0,CARD,1000.0,0,CARD,1000.0,0.0,False,0,CARD,True,WIN,
144,17,3,1,MAIN,2,Mega Abomasnow ex,2,Snover,90.0,40,False,0,ATTACK_1046,18104.6,0,ATTACK_1046,18104.6,0.0,False,0,ATTACK_1046,True,WIN,
144,18,3,1,TO_HAND,6,Mega Abomasnow ex,2,NONE,0.0,34,False,2,CARD,10000.0,2,CARD,10000.0,0.0,False,2,CARD,True,WIN,
145,0,0,0,IS_FIRST,2,NONE,0,NONE,0.0,60,False,1,NO,5000.0,1,NO,5000.0,0.0,False,1,NO,True,WIN,
145,2,0,0,SETUP_ACTIVE_POKEMON,1,NONE,0,NONE,0.0,53,False,0,CARD,10000.0,0,CARD,10000.0,0.0,False,0,CARD,True,WIN,
145,5,1,0,MAIN,6,Kyogre,0,Snover,90.0,46,False,0,ATTACH,39000.0,0,ATTACH,39000.0,0.0,False,0,ATTACH,True,WIN,
145,6,1,0,MAIN,1,Kyogre,1,Snover,90.0,46,False,0,END,0.0,0,END,0.0,0.0,False,0,END,True,WIN,
145,9,3,0,MAIN,9,Kyogre,1,Snover,90.0,45,False,0,ATTACH,39700.0,0,ATTACH,39700.0,0.0,False,0,ATTACH,True,WIN,
145,10,3,0,MAIN,4,Kyogre,2,Snover,90.0,45,False,2,ATTACK_1042,18104.2,2,ATTACK_1042,18104.2,0.0,False,2,ATTACK_1042,True,WIN,
145,11,3,0,ATTACH_TO,4,Kyogre,2,Snover,90.0,39,False,0,CARD,5000.0,0,CARD,5000.0,0.0,False,0,CARD,True,WIN,
145,12,3,0,MAIN,2,Kyogre,2,Snover,90.0,45,False,0,ATTACK_1042,18104.2,0,ATTACK_1042,18104.2,0.0,False,0,ATTACK_1042,True,WIN,
145,15,5,0,MAIN,8,Kyogre,2,Snover,90.0,44,False,0,ATTACH,40400.0,0,ATTACH,40400.0,0.0,False,0,ATTACH,True,WIN,
145,16,5,0,MAIN,5,Kyogre,3,Snover,90.0,44,False,3,ATTACK_1043,18104.3,3,ATTACK_1043,18104.3,0.0,False,3,ATTACK_1043,True,WIN,
145,17,5,0,TO_HAND,4,Kyogre,3,Snover,90.0,44,False,0,CARD,1000.0,0,CARD,1000.0,0.0,False,0,CARD,True,WIN,
145,18,5,0,MAIN,4,Kyogre,3,Snover,90.0,44,False,2,ATTACK_1043,18104.3,2,ATTACK_1043,18104.3,0.0,False,2,ATTACK_1043,True,WIN,
145,19,5,0,MAIN,4,Kyogre,3,Snover,90.0,44,False,1,ATTACK_1043,18104.3,1,ATTACK_1043,18104.3,0.0,False,1,ATTACK_1043,True,WIN,
145,22,7,0,MAIN,12,Kyogre,3,Snover,90.0,43,False,0,ATTACH,41100.0,0,ATTACH,41100.0,0.0,False,0,ATTACH,True,WIN,
145,23,7,0,MAIN,4,Kyogre,4,Snover,90.0,43,False,1,ATTACK_1043,18104.3,1,ATTACK_1043,18104.3,0.0,False,1,ATTACK_1043,True,WIN,
145,26,9,0,MAIN,11,Kyogre,4,Snover,90.0,42,False,0,ATTACH,41800.0,0,ATTACH,41800.0,0.0,False,0,ATTACH,True,WIN,
145,27,9,0,MAIN,5,Kyogre,5,Snover,90.0,42,False,3,RETREAT,30000.0,3,RETREAT,30000.0,0.0,False,3,RETREAT,True,WIN,
145,28,9,0,ATTACH_TO,4,Kyogre,5,Snover,90.0,36,False,0,CARD,5000.0,0,CARD,5000.0,0.0,False,0,CARD,True,WIN,
145,29,9,0,MAIN,4,Kyogre,5,Snover,90.0,42,False,2,RETREAT,30000.0,2,RETREAT,30000.0,0.0,False,2,RETREAT,True,WIN,
145,32,11,0,MAIN,9,Kyogre,5,Snover,90.0,41,False,4,EVOLVE,70000.0,4,EVOLVE,70000.0,0.0,False,4,EVOLVE,True,WIN,
145,33,11,0,MAIN,5,Kyogre,6,Snover,90.0,41,False,0,EVOLVE,70000.0,0,EVOLVE,70000.0,0.0,False,0,EVOLVE,True,WIN,
145,34,11,0,MAIN,4,Kyogre,6,Snover,90.0,41,False,2,RETREAT,30000.0,2,RETREAT,30000.0,0.0,False,2,RETREAT,True,WIN,
145,38,12,0,TO_ACTIVE,1,NONE,0,Snover,90.0,41,False,0,CARD,5000.0,0,CARD,5000.0,0.0,False,0,CARD,True,WIN,
145,39,13,0,MAIN,3,Mega Abomasnow ex,0,Snover,90.0,40,False,0,ATTACH,39000.0,0,ATTACH,39000.0,0.0,False,0,ATTACH,True,WIN,
145,40,13,0,MAIN,1,Mega Abomasnow ex,1,Snover,90.0,40,False,0,END,0.0,0,END,0.0,0.0,False,0,END,True,WIN,
145,43,15,0,MAIN,3,Mega Abomasnow ex,1,Snover,90.0,39,False,0,ATTACH,39700.0,0,ATTACH,39700.0,0.0,False,0,ATTACH,True,WIN,
145,44,15,0,MAIN,2,Mega Abomasnow ex,2,Snover,90.0,39,False,0,ATTACK_1046,18104.6,0,ATTACK_1046,18104.6,0.0,False,0,ATTACK_1046,True,WIN,
145,45,15,0,TO_HAND,6,Mega Abomasnow ex,2,NONE,0.0,33,False,3,CARD,10000.0,3,CARD,10000.0,0.0,False,3,CARD,True,WIN,
145,49,17,0,MAIN,5,Mega Abomasnow ex,2,Snover,90.0,32,False,0,ATTACH,40400.0,0,ATTACH,40400.0,0.0,False,0,ATTACH,True,WIN,
145,50,17,0,MAIN,4,Mega Abomasnow ex,3,Snover,90.0,32,True,2,ATTACK_1047,18104.7,2,ATTACK_1047,28104.7,0.0,False,2,ATTACK_1047,True,WIN,
145,51,17,0,MAIN,3,Mega Abomasnow ex,3,Snover,90.0,32,True,1,ATTACK_1047,18104.7,1,ATTACK_1047,28104.7,0.0,False,1,ATTACK_1047,True,WIN,
145,52,17,0,TO_HAND,5,Mega Abomasnow ex,3,NONE,0.0,26,False,3,CARD,10000.0,3,CARD,10000.0,0.0,False,3,CARD,True,WIN,
146,1,0,1,SETUP_ACTIVE_POKEMON,1,NONE,0,NONE,0.0,53,False,0,CARD,10000.0,0,CARD,10000.0,0.0,False,0,CARD,True,LOSS,
146,4,1,1,MAIN,5,Kyogre,0,Snover,90.0,46,False,0,ATTACH,39000.0,0,ATTACH,39000.0,0.0,False,0,ATTACH,True,LOSS,
146,5,1,1,MAIN,2,Kyogre,1,Snover,90.0,46,False,0,PLAY,12000.0,0,PLAY,12000.0,0.0,False,0,PLAY,True,LOSS,
146,6,1,1,TO_HAND,3,Kyogre,1,Snover,90.0,46,False,0,CARD,1000.0,0,CARD,1000.0,0.0,False,0,CARD,True,LOSS,
146,7,1,1,MAIN,1,Kyogre,1,Snover,90.0,46,False,0,END,0.0,0,END,0.0,0.0,False,0,END,True,LOSS,
146,10,3,1,MAIN,7,Kyogre,1,Snover,90.0,45,False,1,ATTACH,39700.0,1,ATTACH,39700.0,0.0,False,1,ATTACH,True,LOSS,
146,11,3,1,MAIN,8,Kyogre,1,Snover,90.0,42,False,0,ATTACH,39700.0,0,ATTACH,39700.0,0.0,False,0,ATTACH,True,LOSS,
146,12,3,1,MAIN,2,Kyogre,2,Snover,90.0,42,False,0,ATTACK_1042,18104.2,0,ATTACK_1042,18104.2,0.0,False,0,ATTACK_1042,True,LOSS,
146,15,5,1,MAIN,10,Kyogre,2,Snover,90.0,41,False,1,ATTACH,40400.0,1,ATTACH,40400.0,0.0,False,1,ATTACH,True,LOSS,
146,16,5,1,MAIN,9,Kyogre,2,Snover,90.0,40,False,0,ATTACH,40400.0,0,ATTACH,40400.0,0.0,False,0,ATTACH,True,LOSS,
146,17,5,1,MAIN,4,Kyogre,3,Snover,90.0,40,False,2,ATTACK_1043,18104.3,2,ATTACK_1043,18104.3,0.0,False,2,ATTACK_1043,True,LOSS,
146,18,5,1,TO_HAND,4,Kyogre,3,Snover,90.0,40,False,0,CARD,1000.0,0,CARD,1000.0,0.0,False,0,CARD,True,LOSS,
146,19,5,1,MAIN,3,Kyogre,3,Snover,90.0,40,False,1,ATTACK_1043,18104.3,1,ATTACK_1043,18104.3,0.0,False,1,ATTACK_1043,True,LOSS,
146,22,7,1,MAIN,9,Kyogre,3,Snover,90.0,39,False,0,ATTACH,41100.0,0,ATTACH,41100.0,0.0,False,0,ATTACH,True,LOSS,
146,23,7,1,MAIN,4,Kyogre,4,Snover,90.0,39,False,2,ATTACK_1043,18104.3,2,ATTACK_1043,18104.3,0.0,False,2,ATTACK_1043,True,LOSS,
146,24,7,1,TO_HAND,3,Kyogre,4,Snover,90.0,39,False,0,CARD,1000.0,0,CARD,1000.0,0.0,False,0,CARD,True,LOSS,
146,25,7,1,MAIN,3,Kyogre,4,Snover,90.0,39,False,1,ATTACK_1043,18104.3,1,ATTACK_1043,18104.3,0.0,False,1,ATTACK_1043,True,LOSS,
146,28,9,1,MAIN,8,Kyogre,4,Snover,90.0,38,False,0,ATTACH,41800.0,0,ATTACH,41800.0,0.0,False,0,ATTACH,True,LOSS,
146,29,9,1,MAIN,3,Kyogre,5,Snover,90.0,38,False,1,ATTACK_1043,18104.3,1,ATTACK_1043,18104.3,0.0,False,1,ATTACK_1043,True,LOSS,
147,0,0,0,IS_FIRST,2,NONE,0,NONE,0.0,60,False,1,NO,5000.0,1,NO,5000.0,0.0,False,1,NO,True,WIN,
147,1,0,0,SETUP_ACTIVE_POKEMON,1,NONE,0,NONE,0.0,53,False,0,CARD,10000.0,0,CARD,10000.0,0.0,False,0,CARD,True,WIN,
147,4,1,0,MAIN,6,Snover,0,Snover,90.0,46,False,0,ATTACH,39000.0,0,ATTACH,39000.0,0.0,False,0,ATTACH,True,WIN,
147,5,1,0,MAIN,1,Snover,1,Snover,90.0,46,False,0,END,0.0,0,END,0.0,0.0,False,0,END,True,WIN,
147,8,3,0,MAIN,9,Snover,1,Snover,90.0,45,False,4,EVOLVE,70500.0,4,EVOLVE,70500.0,0.0,False,4,EVOLVE,True,WIN,
147,9,3,0,MAIN,5,Snover,2,Snover,90.0,45,False,0,EVOLVE,71000.0,0,EVOLVE,71000.0,0.0,False,0,EVOLVE,True,WIN,
147,10,3,0,MAIN,3,Mega Abomasnow ex,2,Snover,90.0,45,False,1,ATTACK_1046,18104.6,1,ATTACK_1046,18104.6,0.0,False,1,ATTACK_1046,True,WIN,
147,11,3,0,MAIN,2,Mega Abomasnow ex,2,Snover,90.0,41,False,0,ATTACK_1046,18104.6,0,ATTACK_1046,18104.6,0.0,False,0,ATTACK_1046,True,WIN,
147,12,3,0,TO_HAND,6,Mega Abomasnow ex,2,NONE,0.0,35,False,0,CARD,5000.0,0,CARD,5000.0,0.0,False,0,CARD,True,WIN,
147,16,5,0,MAIN,12,Mega Abomasnow ex,2,Kyogre,150.0,34,False,1,ATTACH,40400.0,1,ATTACH,40400.0,0.0,False,1,ATTACH,True,WIN,
147,17,5,0,ATTACH_TO,3,Mega Abomasnow ex,2,Kyogre,150.0,28,False,0,CARD,5000.0,0,CARD,5000.0,0.0,False,0,CARD,True,WIN,
147,18,5,0,MAIN,10,Mega Abomasnow ex,2,Kyogre,150.0,34,False,0,ATTACH,40400.0,0,ATTACH,40400.0,0.0,False,0,ATTACH,True,WIN,
147,19,5,0,MAIN,4,Mega Abomasnow ex,3,Kyogre,150.0,34,True,2,ATTACK_1047,18104.7,2,ATTACK_1047,28104.7,0.0,False,2,ATTACK_1047,True,WIN,
147,20,5,0,MAIN,3,Mega Abomasnow ex,3,Kyogre,150.0,34,True,1,ATTACK_1047,18104.7,1,ATTACK_1047,28104.7,0.0,False,1,ATTACK_1047,True,WIN,
147,21,5,0,TO_HAND,5,Mega Abomasnow ex,3,NONE,0.0,28,False,0,CARD,5000.0,0,CARD,5000.0,0.0,False,0,CARD,True,WIN,
148,1,0,1,SETUP_ACTIVE_POKEMON,1,NONE,0,NONE,0.0,53,False,0,CARD,10000.0,0,CARD,10000.0,0.0,False,0,CARD,True,LOSS,
148,3,1,1,MAIN,7,Kyogre,0,Kyogre,150.0,46,False,0,ATTACH,39000.0,0,ATTACH,39000.0,0.0,False,0,ATTACH,True,LOSS,
148,4,1,1,MAIN,1,Kyogre,1,Kyogre,150.0,46,False,0,END,0.0,0,END,0.0,0.0,False,0,END,True,LOSS,
148,7,3,1,MAIN,8,Kyogre,1,Kyogre,150.0,45,False,0,ATTACH,39700.0,0,ATTACH,39700.0,0.0,False,0,ATTACH,True,LOSS,
148,8,3,1,MAIN,2,Kyogre,2,Kyogre,150.0,45,False,0,ATTACK_1042,18104.2,0,ATTACK_1042,18104.2,0.0,False,0,ATTACK_1042,True,LOSS,
148,11,5,1,MAIN,8,Kyogre,2,Kyogre,150.0,44,False,0,ATTACH,40400.0,0,ATTACH,40400.0,0.0,False,0,ATTACH,True,LOSS,
148,12,5,1,MAIN,3,Kyogre,3,Kyogre,150.0,44,False,1,ATTACK_1043,18104.3,1,ATTACK_1043,18104.3,0.0,False,1,ATTACK_1043,True,LOSS,
148,17,7,1,MAIN,9,Kyogre,3,Kyogre,150.0,43,False,0,ATTACH,41100.0,0,ATTACH,41100.0,0.0,False,0,ATTACH,True,LOSS,
148,18,7,1,MAIN,3,Kyogre,4,Kyogre,150.0,43,False,1,ATTACK_1043,18104.3,1,ATTACK_1043,18104.3,0.0,False,1,ATTACK_1043,True,LOSS,
149,0,0,0,IS_FIRST,2,NONE,0,NONE,0.0,60,False,1,NO,5000.0,1,NO,5000.0,0.0,False,1,NO,True,WIN,
149,1,0,0,SETUP_ACTIVE_POKEMON,1,NONE,0,NONE,0.0,53,False,0,CARD,10000.0,0,CARD,10000.0,0.0,False,0,CARD,True,WIN,
149,3,0,0,DRAW_COUNT,2,NONE,0,NONE,0.0,47,False,1,NUMBER,1.0,1,NUMBER,1.0,0.0,False,1,NUMBER,True,WIN,
149,4,1,0,MAIN,6,Snover,0,Snover,90.0,46,False,1,ATTACH,39000.0,1,ATTACH,39000.0,0.0,False,1,ATTACH,True,WIN,
149,5,1,0,TO_HAND,3,Snover,0,Snover,90.0,46,False,0,CARD,5000.0,0,CARD,5000.0,0.0,False,0,CARD,True,WIN,
149,6,1,0,MAIN,5,Snover,0,Snover,90.0,46,False,0,ATTACH,39000.0,0,ATTACH,39000.0,0.0,False,0,ATTACH,True,WIN,
149,7,1,0,MAIN,2,Snover,1,Snover,90.0,46,False,0,PLAY,12000.0,0,PLAY,12000.0,0.0,False,0,PLAY,True,WIN,
149,8,1,0,MAIN,1,Snover,1,Snover,90.0,46,False,0,END,0.0,0,END,0.0,0.0,False,0,END,True,WIN,
149,11,3,0,MAIN,10,Snover,1,Snover,90.0,45,False,0,EVOLVE,70500.0,0,EVOLVE,70500.0,0.0,False,0,EVOLVE,True,WIN,
149,12,3,0,MAIN,7,Mega Abomasnow ex,1,Snover,90.0,45,False,1,ATTACH,39700.0,1,ATTACH,39700.0,0.0,False,1,ATTACH,True,WIN,
149,13,3,0,ATTACH_TO,5,Mega Abomasnow ex,1,Snover,90.0,39,False,0,CARD,5000.0,0,CARD,5000.0,0.0,False,0,CARD,True,WIN,
149,14,3,0,MAIN,5,Mega Abomasnow ex,1,Snover,90.0,45,False,0,ATTACH,39700.0,0,ATTACH,39700.0,0.0,False,0,ATTACH,True,WIN,
149,15,3,0,MAIN,2,Mega Abomasnow ex,2,Snover,90.0,45,False,0,ATTACK_1046,18104.6,0,ATTACK_1046,18104.6,0.0,False,0,ATTACK_1046,True,WIN,
149,16,3,0,TO_HAND,6,Mega Abomasnow ex,2,NONE,0.0,39,False,5,CARD,10000.0,5,CARD,10000.0,0.0,False,5,CARD,True,WIN,
150,1,0,1,SETUP_ACTIVE_POKEMON,1,NONE,0,NONE,0.0,53,False,0,CARD,10000.0,0,CARD,10000.0,0.0,False,0,CARD,True,WIN,
150,3,0,1,DRAW_COUNT,4,NONE,0,NONE,0.0,47,False,3,NUMBER,3.0,3,NUMBER,3.0,0.0,False,3,NUMBER,True,WIN,
150,5,1,1,MAIN,5,Kyogre,0,Snover,90.0,46,False,0,ATTACH,39000.0,0,ATTACH,39000.0,0.0,False,0,ATTACH,True,WIN,
150,6,1,1,MAIN,2,Kyogre,1,Snover,90.0,46,False,0,PLAY,12000.0,0,PLAY,12000.0,0.0,False,0,PLAY,True,WIN,
150,7,1,1,MAIN,1,Kyogre,1,Snover,90.0,46,False,0,END,0.0,0,END,0.0,0.0,False,0,END,True,WIN,
150,10,3,1,MAIN,10,Kyogre,1,Snover,90.0,45,False,4,EVOLVE,70000.0,4,EVOLVE,70000.0,0.0,False,4,EVOLVE,True,WIN,
150,11,3,1,TO_HAND,3,Kyogre,1,Snover,90.0,45,False,0,CARD,1000.0,0,CARD,1000.0,0.0,False,0,CARD,True,WIN,
150,12,3,1,MAIN,7,Kyogre,1,Snover,90.0,45,False,2,EVOLVE,70000.0,2,EVOLVE,70000.0,0.0,False,2,EVOLVE,True,WIN,
150,13,3,1,MAIN,3,Kyogre,2,Snover,90.0,45,False,0,EVOLVE,70000.0,0,EVOLVE,70000.0,0.0,False,0,EVOLVE,True,WIN,
150,14,3,1,MAIN,2,Kyogre,2,Snover,90.0,45,False,0,ATTACK_1042,18104.2,0,ATTACK_1042,18104.2,0.0,False,0,ATTACK_1042,True,WIN,
150,19,4,1,TO_ACTIVE,1,NONE,0,Mega Abomasnow ex,350.0,45,False,0,CARD,5000.0,0,CARD,5000.0,0.0,False,0,CARD,True,WIN,
150,20,5,1,MAIN,5,Mega Abomasnow ex,0,Mega Abomasnow ex,350.0,44,False,1,ATTACH,39000.0,1,ATTACH,39000.0,0.0,False,1,ATTACH,True,WIN,
150,21,5,1,ATTACH_TO,4,Mega Abomasnow ex,0,Mega Abomasnow ex,350.0,38,False,0,CARD,5000.0,0,CARD,5000.0,0.0,False,0,CARD,True,WIN,
150,22,5,1,MAIN,3,Mega Abomasnow ex,0,Mega Abomasnow ex,350.0,44,False,0,ATTACH,39000.0,0,ATTACH,39000.0,0.0,False,0,ATTACH,True,WIN,
150,23,5,1,MAIN,2,Mega Abomasnow ex,1,Mega Abomasnow ex,350.0,44,False,0,PLAY,12000.0,0,PLAY,12000.0,0.0,False,0,PLAY,True,WIN,
150,24,5,1,MAIN,1,Mega Abomasnow ex,1,Mega Abomasnow ex,350.0,44,False,0,END,0.0,0,END,0.0,0.0,False,0,END,True,WIN,
150,27,7,1,MAIN,4,Mega Abomasnow ex,1,Mega Abomasnow ex,350.0,43,False,1,ATTACH,39700.0,1,ATTACH,39700.0,0.0,False,1,ATTACH,True,WIN,
150,28,7,1,ATTACH_TO,4,Mega Abomasnow ex,1,Mega Abomasnow ex,350.0,37,False,0,CARD,5000.0,0,CARD,5000.0,0.0,False,0,CARD,True,WIN,
150,29,7,1,MAIN,3,Mega Abomasnow ex,1,Mega Abomasnow ex,350.0,43,False,0,ATTACH,39700.0,0,ATTACH,39700.0,0.0,False,0,ATTACH,True,WIN,
150,30,7,1,MAIN,2,Mega Abomasnow ex,2,Mega Abomasnow ex,350.0,43,False,0,ATTACK_1046,18104.6,0,ATTACK_1046,18104.6,0.0,False,0,ATTACK_1046,True,WIN,
150,31,7,1,TO_HAND,6,Mega Abomasnow ex,2,NONE,0.0,37,False,1,CARD,10000.0,1,CARD,10000.0,0.0,False,1,CARD,True,WIN,
150,36,9,1,MAIN,9,Mega Abomasnow ex,2,Mega Abomasnow ex,350.0,36,False,0,ATTACH,40400.0,0,ATTACH,40400.0,0.0,False,0,ATTACH,True,WIN,
150,37,9,1,MAIN,4,Mega Abomasnow ex,3,Mega Abomasnow ex,350.0,36,True,2,ATTACK_1047,18104.7,1,ATTACK_1046,28104.6,9999.899999999998,True,1,ATTACK_1046,True,WIN,True
150,38,9,1,MAIN,5,Mega Abomasnow ex,3,Mega Abomasnow ex,350.0,32,True,0,ATTACH,41100.0,0,ATTACH,41100.0,0.0,False,0,ATTACH,True,WIN,
150,39,9,1,MAIN,3,Mega Abomasnow ex,3,Mega Abomasnow ex,350.0,32,True,1,ATTACK_1047,18104.7,0,ATTACK_1046,28104.6,9999.899999999998,True,0,ATTACK_1046,True,WIN,True
150,40,9,1,TO_HAND,3,Mega Abomasnow ex,3,NONE,0.0,26,False,0,CARD,5000.0,0,CARD,5000.0,0.0,False,0,CARD,True,WIN,
151,0,0,0,IS_FIRST,2,NONE,0,NONE,0.0,60,False,1,NO,5000.0,1,NO,5000.0,0.0,False,1,NO,True,WIN,
151,1,0,0,SETUP_ACTIVE_POKEMON,3,NONE,0,NONE,0.0,53,False,0,CARD,10000.0,0,CARD,10000.0,0.0,False,0,CARD,True,WIN,
151,3,0,0,SETUP_BENCH_POKEMON,2,NONE,0,NONE,0.0,47,False,0,CARD,10000.0,0,CARD,10000.0,0.0,False,0,CARD,True,WIN,
151,4,1,0,MAIN,6,Snover,0,Kyogre,150.0,46,False,0,ATTACH,39000.0,0,ATTACH,39000.0,0.0,False,0,ATTACH,True,WIN,
151,5,1,0,MAIN,4,Snover,1,Kyogre,150.0,46,False,0,PLAY,12000.0,0,PLAY,12000.0,0.0,False,0,PLAY,True,WIN,
151,6,1,0,MAIN,3,Snover,1,Kyogre,150.0,46,False,0,PLAY,12000.0,0,PLAY,12000.0,0.0,False,0,PLAY,True,WIN,
151,7,1,0,MAIN,2,Snover,1,Kyogre,150.0,46,False,0,PLAY,12000.0,0,PLAY,12000.0,0.0,False,0,PLAY,True,WIN,
151,8,1,0,MAIN,1,Snover,1,Kyogre,150.0,46,False,0,END,0.0,0,END,0.0,0.0,False,0,END,True,WIN,
151,11,3,0,MAIN,11,Snover,1,Kyogre,150.0,45,False,1,EVOLVE,70500.0,1,EVOLVE,70500.0,0.0,False,1,EVOLVE,True,WIN,
151,12,3,0,TO_HAND,3,Snover,1,Kyogre,150.0,45,False,0,CARD,1000.0,0,CARD,1000.0,0.0,False,0,CARD,True,WIN,
151,13,3,0,MAIN,9,Snover,1,Kyogre,150.0,45,False,0,EVOLVE,70500.0,0,EVOLVE,70500.0,0.0,False,0,EVOLVE,True,WIN,
151,14,3,0,MAIN,5,Mega Abomasnow ex,1,Kyogre,150.0,45,False,0,ATTACH,39700.0,0,ATTACH,39700.0,0.0,False,0,ATTACH,True,WIN,
151,15,3,0,MAIN,2,Mega Abomasnow ex,2,Kyogre,150.0,45,False,0,ATTACK_1046,18104.6,0,ATTACK_1046,18104.6,0.0,False,0,ATTACK_1046,True,WIN,
151,16,3,0,TO_HAND,6,Mega Abomasnow ex,2,NONE,0.0,39,False,1,CARD,10000.0,1,CARD,10000.0,0.0,False,1,CARD,True,WIN,
152,1,0,1,SETUP_ACTIVE_POKEMON,1,NONE,0,NONE,0.0,53,False,0,CARD,10000.0,0,CARD,10000.0,0.0,False,0,CARD,True,LOSS,
152,4,1,1,MAIN,7,Snover,0,Kyogre,150.0,46,False,0,ATTACH,39000.0,0,ATTACH,39000.0,0.0,False,0,ATTACH,True,LOSS,
152,5,1,1,MAIN,3,Snover,1,Kyogre,150.0,46,False,0,PLAY,12000.0,0,PLAY,12000.0,0.0,False,0,PLAY,True,LOSS,
152,6,1,1,TO_HAND,3,Snover,1,Kyogre,150.0,46,False,0,CARD,5000.0,0,CARD,5000.0,0.0,False,0,CARD,True,LOSS,
152,7,1,1,MAIN,2,Snover,1,Kyogre,150.0,46,False,0,PLAY,12000.0,0,PLAY,12000.0,0.0,False,0,PLAY,True,LOSS,
152,8,1,1,TO_HAND,3,Snover,1,Kyogre,150.0,46,False,0,CARD,5000.0,0,CARD,5000.0,0.0,False,0,CARD,True,LOSS,
152,9,1,1,MAIN,1,Snover,1,Kyogre,150.0,46,False,0,END,0.0,0,END,0.0,0.0,False,0,END,True,LOSS,
152,13,3,1,MAIN,7,Snover,1,Kyogre,150.0,45,False,1,ATTACH,39700.0,1,ATTACH,39700.0,0.0,False,1,ATTACH,True,LOSS,
152,14,3,1,ATTACH_TO,5,Snover,1,Kyogre,150.0,39,False,0,CARD,5000.0,0,CARD,5000.0,0.0,False,0,CARD,True,LOSS,
152,15,3,1,MAIN,6,Snover,1,Kyogre,150.0,45,False,0,ATTACH,39700.0,0,ATTACH,39700.0,0.0,False,0,ATTACH,True,LOSS,
152,16,3,1,MAIN,3,Snover,2,Kyogre,150.0,45,False,1,ATTACK_1045,18104.5,1,ATTACK_1045,18104.5,0.0,False,1,ATTACK_1045,True,LOSS,
152,19,5,1,MAIN,7,Snover,2,Kyogre,140.0,44,False,0,ATTACH,40400.0,0,ATTACH,40400.0,0.0,False,0,ATTACH,True,LOSS,
152,20,5,1,MAIN,3,Snover,3,Kyogre,140.0,44,False,1,ATTACK_1045,18104.5,1,ATTACK_1045,18104.5,0.0,False,1,ATTACK_1045,True,LOSS,
153,0,0,0,IS_FIRST,2,NONE,0,NONE,0.0,60,False,1,NO,5000.0,1,NO,5000.0,0.0,False,1,NO,True,LOSS,
153,1,0,0,SETUP_ACTIVE_POKEMON,1,NONE,0,NONE,0.0,53,False,0,CARD,10000.0,0,CARD,10000.0,0.0,False,0,CARD,True,LOSS,
153,4,1,0,MAIN,7,Kyogre,0,Snover,90.0,46,False,0,ATTACH,39000.0,0,ATTACH,39000.0,0.0,False,0,ATTACH,True,LOSS,
153,5,1,0,MAIN,2,Kyogre,1,Snover,90.0,46,False,0,PLAY,12000.0,0,PLAY,12000.0,0.0,False,0,PLAY,True,LOSS,
153,6,1,0,TO_HAND,2,Kyogre,1,Snover,90.0,46,False,0,CARD,1000.0,0,CARD,1000.0,0.0,False,0,CARD,True,LOSS,
153,7,1,0,MAIN,1,Kyogre,1,Snover,90.0,46,False,0,END,0.0,0,END,0.0,0.0,False,0,END,True,LOSS,
153,10,3,0,MAIN,6,Kyogre,1,Snover,90.0,45,False,0,ATTACH,39700.0,0,ATTACH,39700.0,0.0,False,0,ATTACH,True,LOSS,
153,11,3,0,MAIN,2,Kyogre,2,Snover,90.0,45,False,0,ATTACK_1042,18104.2,0,ATTACK_1042,18104.2,0.0,False,0,ATTACK_1042,True,LOSS,
153,14,5,0,MAIN,6,Kyogre,2,Snover,90.0,44,False,0,ATTACH,40400.0,0,ATTACH,40400.0,0.0,False,0,ATTACH,True,LOSS,
153,15,5,0,MAIN,4,Kyogre,3,Snover,90.0,44,False,2,ATTACK_1043,18104.3,2,ATTACK_1043,18104.3,0.0,False,2,ATTACK_1043,True,LOSS,
153,16,5,0,TO_HAND,1,Kyogre,3,Snover,90.0,44,False,0,CARD,1000.0,0,CARD,1000.0,0.0,False,0,CARD,True,LOSS,
153,17,5,0,MAIN,3,Kyogre,3,Snover,90.0,44,False,1,ATTACK_1043,18104.3,1,ATTACK_1043,18104.3,0.0,False,1,ATTACK_1043,True,LOSS,
153,20,7,0,MAIN,6,Kyogre,3,Snover,90.0,43,False,0,ATTACH,41100.0,0,ATTACH,41100.0,0.0,False,0,ATTACH,True,LOSS,
153,21,7,0,MAIN,3,Kyogre,4,Snover,90.0,43,False,1,ATTACK_1043,18104.3,1,ATTACK_1043,18104.3,0.0,False,1,ATTACK_1043,True,LOSS,
153,24,9,0,MAIN,6,Kyogre,4,Snover,90.0,42,False,0,ATTACH,41800.0,0,ATTACH,41800.0,0.0,False,0,ATTACH,True,LOSS,
153,25,9,0,MAIN,3,Kyogre,5,Snover,90.0,42,False,1,ATTACK_1043,18104.3,1,ATTACK_1043,18104.3,0.0,False,1,ATTACK_1043,True,LOSS,
153,28,11,0,MAIN,6,Kyogre,5,Snover,90.0,41,False,0,ATTACH,41800.0,0,ATTACH,41800.0,0.0,False,0,ATTACH,True,LOSS,
153,29,11,0,MAIN,4,Kyogre,6,Snover,90.0,41,False,2,ATTACK_1043,18104.3,2,ATTACK_1043,18104.3,0.0,False,2,ATTACK_1043,True,LOSS,
153,30,11,0,ATTACH_TO,2,Kyogre,6,Snover,90.0,35,False,0,CARD,10000.0,0,CARD,10000.0,0.0,False,0,CARD,True,LOSS,
153,31,11,0,MAIN,3,Kyogre,6,Snover,90.0,41,False,1,ATTACK_1043,18104.3,1,ATTACK_1043,18104.3,0.0,False,1,ATTACK_1043,True,LOSS,
154,2,0,1,SETUP_ACTIVE_POKEMON,1,NONE,0,NONE,0.0,53,False,0,CARD,10000.0,0,CARD,10000.0,0.0,False,0,CARD,True,LOSS,
154,4,1,1,MAIN,5,Kyogre,0,Snover,90.0,46,False,0,ATTACH,39000.0,0,ATTACH,39000.0,0.0,False,0,ATTACH,True,LOSS,
154,5,1,1,MAIN,1,Kyogre,1,Snover,90.0,46,False,0,END,0.0,0,END,0.0,0.0,False,0,END,True,LOSS,
154,8,3,1,MAIN,8,Kyogre,1,Snover,90.0,45,False,1,ATTACH,39700.0,1,ATTACH,39700.0,0.0,False,1,ATTACH,True,LOSS,
154,9,3,1,ATTACH_TO,2,Kyogre,1,Snover,90.0,39,False,0,CARD,5000.0,0,CARD,5000.0,0.0,False,0,CARD,True,LOSS,
154,10,3,1,MAIN,6,Kyogre,1,Snover,90.0,45,False,0,ATTACH,39700.0,0,ATTACH,39700.0,0.0,False,0,ATTACH,True,LOSS,
154,11,3,1,MAIN,2,Kyogre,2,Snover,90.0,45,False,0,ATTACK_1042,18104.2,0,ATTACK_1042,18104.2,0.0,False,0,ATTACK_1042,True,LOSS,
155,0,0,0,IS_FIRST,2,NONE,0,NONE,0.0,60,False,1,NO,5000.0,1,NO,5000.0,0.0,False,1,NO,True,WIN,
155,1,0,0,SETUP_ACTIVE_POKEMON,2,NONE,0,NONE,0.0,53,False,0,CARD,10000.0,0,CARD,10000.0,0.0,False,0,CARD,True,WIN,
155,3,0,0,DRAW_COUNT,2,NONE,0,NONE,0.0,47,False,1,NUMBER,1.0,1,NUMBER,1.0,0.0,False,1,NUMBER,True,WIN,
155,4,0,0,SETUP_BENCH_POKEMON,1,NONE,0,NONE,0.0,47,False,0,CARD,10000.0,0,CARD,10000.0,0.0,False,0,CARD,True,WIN,
155,5,1,0,MAIN,6,Snover,0,Snover,90.0,46,False,0,ATTACH,39000.0,0,ATTACH,39000.0,0.0,False,0,ATTACH,True,WIN,
155,6,1,0,MAIN,2,Snover,1,Snover,90.0,46,False,0,PLAY,12000.0,0,PLAY,12000.0,0.0,False,0,PLAY,True,WIN,
155,7,1,0,MAIN,1,Snover,1,Snover,90.0,46,False,0,END,0.0,0,END,0.0,0.0,False,0,END,True,WIN,
155,10,3,0,MAIN,13,Snover,1,Snover,90.0,45,False,0,EVOLVE,70500.0,0,EVOLVE,70500.0,0.0,False,0,EVOLVE,True,WIN,
155,11,3,0,MAIN,9,Mega Abomasnow ex,1,Snover,90.0,45,False,2,EVOLVE,70000.0,2,EVOLVE,70000.0,0.0,False,2,EVOLVE,True,WIN,
155,12,3,0,MAIN,4,Mega Abomasnow ex,2,Snover,90.0,45,False,0,EVOLVE,70000.0,0,EVOLVE,70000.0,0.0,False,0,EVOLVE,True,WIN,
155,13,3,0,MAIN,3,Mega Abomasnow ex,2,Snover,90.0,45,False,1,ATTACK_1046,18104.6,1,ATTACK_1046,18104.6,0.0,False,1,ATTACK_1046,True,WIN,
155,14,3,0,TO_HAND,1,Mega Abomasnow ex,2,Snover,90.0,45,False,0,CARD,5000.0,0,CARD,5000.0,0.0,False,0,CARD,True,WIN,
155,15,3,0,MAIN,2,Mega Abomasnow ex,2,Snover,90.0,45,False,0,ATTACK_1046,18104.6,0,ATTACK_1046,18104.6,0.0,False,0,ATTACK_1046,True,WIN,
155,16,3,0,TO_HAND,6,Mega Abomasnow ex,2,NONE,0.0,39,False,0,CARD,5000.0,0,CARD,5000.0,0.0,False,0,CARD,True,WIN,
156,1,0,1,SETUP_ACTIVE_POKEMON,1,NONE,0,NONE,0.0,53,False,0,CARD,10000.0,0,CARD,10000.0,0.0,False,0,CARD,True,WIN,
156,3,0,1,DRAW_COUNT,4,NONE,0,NONE,0.0,47,False,3,NUMBER,3.0,3,NUMBER,3.0,0.0,False,3,NUMBER,True,WIN,
156,4,1,1,MAIN,6,Snover,0,Kyogre,150.0,46,False,0,ATTACH,39000.0,0,ATTACH,39000.0,0.0,False,0,ATTACH,True,WIN,
156,5,1,1,MAIN,5,Snover,0,Kyogre,150.0,46,False,1,ATTACH,39000.0,1,ATTACH,39000.0,0.0,False,1,ATTACH,True,WIN,
156,6,1,1,TO_HAND,3,Snover,0,Kyogre,150.0,46,False,0,CARD,1000.0,0,CARD,1000.0,0.0,False,0,CARD,True,WIN,
156,7,1,1,MAIN,4,Snover,0,Kyogre,150.0,46,False,0,ATTACH,39000.0,0,ATTACH,39000.0,0.0,False,0,ATTACH,True,WIN,
156,8,1,1,MAIN,1,Snover,1,Kyogre,150.0,46,False,0,END,0.0,0,END,0.0,0.0,False,0,END,True,WIN,
156,11,3,1,MAIN,7,Snover,1,Kyogre,150.0,45,False,1,EVOLVE,70500.0,1,EVOLVE,70500.0,0.0,False,1,EVOLVE,True,WIN,
156,12,3,1,TO_HAND,3,Snover,1,Kyogre,150.0,45,False,0,CARD,1000.0,0,CARD,1000.0,0.0,False,0,CARD,True,WIN,
156,13,3,1,MAIN,6,Snover,1,Kyogre,150.0,45,False,0,EVOLVE,70500.0,0,EVOLVE,70500.0,0.0,False,0,EVOLVE,True,WIN,
156,14,3,1,MAIN,4,Mega Abomasnow ex,1,Kyogre,150.0,45,False,0,ATTACH,39700.0,0,ATTACH,39700.0,0.0,False,0,ATTACH,True,WIN,
156,15,3,1,MAIN,2,Mega Abomasnow ex,2,Kyogre,150.0,45,False,0,ATTACK_1046,18104.6,0,ATTACK_1046,18104.6,0.0,False,0,ATTACK_1046,True,WIN,
156,16,3,1,TO_HAND,6,Mega Abomasnow ex,2,NONE,0.0,39,False,0,CARD,5000.0,0,CARD,5000.0,0.0,False,0,CARD,True,WIN,
157,0,0,0,IS_FIRST,2,NONE,0,NONE,0.0,60,False,1,NO,5000.0,1,NO,5000.0,0.0,False,1,NO,True,WIN,
157,2,0,0,SETUP_ACTIVE_POKEMON,1,NONE,0,NONE,0.0,53,False,0,CARD,10000.0,0,CARD,10000.0,0.0,False,0,CARD,True,WIN,
157,5,1,0,MAIN,4,Snover,0,Snover,90.0,46,False,1,ATTACH,39000.0,1,ATTACH,39000.0,0.0,False,1,ATTACH,True,WIN,
157,6,1,0,TO_HAND,1,Snover,0,Snover,90.0,46,False,0,CARD,1000.0,0,CARD,1000.0,0.0,False,0,CARD,True,WIN,
157,7,1,0,MAIN,3,Snover,0,Snover,90.0,46,False,0,ATTACH,39000.0,0,ATTACH,39000.0,0.0,False,0,ATTACH,True,WIN,
157,8,1,0,MAIN,1,Snover,1,Snover,90.0,46,False,0,END,0.0,0,END,0.0,0.0,False,0,END,True,WIN,
157,11,3,0,MAIN,8,Snover,1,Snover,90.0,45,False,1,EVOLVE,70500.0,1,EVOLVE,70500.0,0.0,False,1,EVOLVE,True,WIN,
157,12,3,0,ATTACH_TO,3,Snover,1,Snover,90.0,39,False,1,CARD,10000.0,1,CARD,10000.0,0.0,False,1,CARD,True,WIN,
157,13,3,0,MAIN,6,Snover,1,Snover,90.0,45,False,0,EVOLVE,70500.0,0,EVOLVE,70500.0,0.0,False,0,EVOLVE,True,WIN,
157,14,3,0,MAIN,3,Mega Abomasnow ex,1,Snover,90.0,45,False,0,ATTACH,39700.0,0,ATTACH,39700.0,0.0,False,0,ATTACH,True,WIN,
157,15,3,0,MAIN,3,Mega Abomasnow ex,2,Snover,90.0,45,False,1,ATTACK_1046,18104.6,1,ATTACK_1046,18104.6,0.0,False,1,ATTACK_1046,True,WIN,
157,16,3,0,MAIN,2,Mega Abomasnow ex,2,Snover,90.0,45,False,0,ATTACK_1046,18104.6,0,ATTACK_1046,18104.6,0.0,False,0,ATTACK_1046,True,WIN,
157,17,3,0,TO_HAND,6,Mega Abomasnow ex,2,NONE,0.0,39,False,1,CARD,10000.0,1,CARD,10000.0,0.0,False,1,CARD,True,WIN,
157,21,5,0,MAIN,8,Mega Abomasnow ex,2,Snover,90.0,38,False,1,EVOLVE,70000.0,1,EVOLVE,70000.0,0.0,False,1,EVOLVE,True,WIN,
157,22,5,0,TO_HAND,1,Mega Abomasnow ex,2,Snover,90.0,38,False,0,CARD,1000.0,0,CARD,1000.0,0.0,False,0,CARD,True,WIN,
157,23,5,0,MAIN,7,Mega Abomasnow ex,2,Snover,90.0,38,False,0,EVOLVE,70000.0,0,EVOLVE,70000.0,0.0,False,0,EVOLVE,True,WIN,
157,24,5,0,MAIN,6,Mega Abomasnow ex,2,Snover,90.0,38,False,0,ATTACH,40400.0,0,ATTACH,40400.0,0.0,False,0,ATTACH,True,WIN,
157,25,5,0,MAIN,3,Mega Abomasnow ex,3,Snover,90.0,38,True,1,ATTACK_1047,18104.7,1,ATTACK_1047,28104.7,0.0,False,1,ATTACK_1047,True,WIN,
157,26,5,0,TO_HAND,5,Mega Abomasnow ex,3,NONE,0.0,32,False,0,CARD,5000.0,0,CARD,5000.0,0.0,False,0,CARD,True,WIN,
158,1,0,1,SETUP_ACTIVE_POKEMON,1,NONE,0,NONE,0.0,53,False,0,CARD,10000.0,0,CARD,10000.0,0.0,False,0,CARD,True,WIN,
158,3,1,1,MAIN,7,Snover,0,Kyogre,150.0,46,False,0,ATTACH,39000.0,0,ATTACH,39000.0,0.0,False,0,ATTACH,True,WIN,
158,4,1,1,MAIN,2,Snover,1,Kyogre,150.0,46,False,0,PLAY,12000.0,0,PLAY,12000.0,0.0,False,0,PLAY,True,WIN,
158,5,1,1,TO_HAND,3,Snover,1,Kyogre,150.0,46,False,0,CARD,1000.0,0,CARD,1000.0,0.0,False,0,CARD,True,WIN,
158,6,1,1,MAIN,1,Snover,1,Kyogre,150.0,46,False,0,END,0.0,0,END,0.0,0.0,False,0,END,True,WIN,
158,9,3,1,MAIN,8,Snover,1,Kyogre,150.0,45,False,3,EVOLVE,70500.0,3,EVOLVE,70500.0,0.0,False,3,EVOLVE,True,WIN,
158,10,3,1,MAIN,5,Snover,2,Kyogre,150.0,45,False,0,EVOLVE,71000.0,0,EVOLVE,71000.0,0.0,False,0,EVOLVE,True,WIN,
158,11,3,1,MAIN,3,Mega Abomasnow ex,2,Kyogre,150.0,45,False,1,ATTACK_1046,18104.6,1,ATTACK_1046,18104.6,0.0,False,1,ATTACK_1046,True,WIN,
158,12,3,1,TO_HAND,3,Mega Abomasnow ex,2,Kyogre,150.0,45,False,0,CARD,1000.0,0,CARD,1000.0,0.0,False,0,CARD,True,WIN,
158,13,3,1,MAIN,2,Mega Abomasnow ex,2,Kyogre,150.0,45,False,0,ATTACK_1046,18104.6,0,ATTACK_1046,18104.6,0.0,False,0,ATTACK_1046,True,WIN,
158,14,3,1,TO_HAND,6,Mega Abomasnow ex,2,NONE,0.0,39,False,3,CARD,10000.0,3,CARD,10000.0,0.0,False,3,CARD,True,WIN,
159,0,0,0,IS_FIRST,2,NONE,0,NONE,0.0,60,False,1,NO,5000.0,1,NO,5000.0,0.0,False,1,NO,True,LOSS,
159,1,0,0,SETUP_ACTIVE_POKEMON,1,NONE,0,NONE,0.0,53,False,0,CARD,10000.0,0,CARD,10000.0,0.0,False,0,CARD,True,LOSS,
159,3,0,0,DRAW_COUNT,3,NONE,0,NONE,0.0,47,False,2,NUMBER,2.0,2,NUMBER,2.0,0.0,False,2,NUMBER,True,LOSS,
159,4,1,0,MAIN,5,Kyogre,0,Snover,90.0,46,False,0,ATTACH,39000.0,0,ATTACH,39000.0,0.0,False,0,ATTACH,True,LOSS,
159,5,1,0,MAIN,1,Kyogre,1,Snover,90.0,46,False,0,END,0.0,0,END,0.0,0.0,False,0,END,True,LOSS,
159,8,3,0,MAIN,7,Kyogre,1,Snover,90.0,45,False,0,ATTACH,39700.0,0,ATTACH,39700.0,0.0,False,0,ATTACH,True,LOSS,
159,9,3,0,MAIN,4,Kyogre,2,Snover,90.0,45,False,2,ATTACK_1042,18104.2,2,ATTACK_1042,18104.2,0.0,False,2,ATTACK_1042,True,LOSS,
159,10,3,0,ATTACH_TO,3,Kyogre,2,Snover,90.0,39,False,1,CARD,10000.0,1,CARD,10000.0,0.0,False,1,CARD,True,LOSS,
159,11,3,0,MAIN,2,Kyogre,2,Snover,90.0,45,False,0,ATTACK_1042,18104.2,0,ATTACK_1042,18104.2,0.0,False,0,ATTACK_1042,True,LOSS,
159,14,5,0,MAIN,6,Kyogre,2,Snover,90.0,44,False,0,ATTACH,40400.0,0,ATTACH,40400.0,0.0,False,0,ATTACH,True,LOSS,
159,15,5,0,MAIN,4,Kyogre,3,Snover,90.0,44,False,2,ATTACK_1043,18104.3,2,ATTACK_1043,18104.3,0.0,False,2,ATTACK_1043,True,LOSS,
159,16,5,0,TO_HAND,2,Kyogre,3,Snover,90.0,44,False,0,CARD,1000.0,0,CARD,1000.0,0.0,False,0,CARD,True,LOSS,
159,17,5,0,MAIN,3,Kyogre,3,Snover,90.0,44,False,1,ATTACK_1043,18104.3,1,ATTACK_1043,18104.3,0.0,False,1,ATTACK_1043,True,LOSS,
159,20,7,0,MAIN,6,Kyogre,3,Snover,90.0,43,False,0,ATTACH,41100.0,0,ATTACH,41100.0,0.0,False,0,ATTACH,True,LOSS,
159,21,7,0,MAIN,4,Kyogre,4,Snover,90.0,43,False,2,ATTACK_1043,18104.3,2,ATTACK_1043,18104.3,0.0,False,2,ATTACK_1043,True,LOSS,
159,22,7,0,ATTACH_TO,5,Kyogre,4,Snover,90.0,37,False,0,CARD,10000.0,0,CARD,10000.0,0.0,False,0,CARD,True,LOSS,
159,23,7,0,MAIN,3,Kyogre,4,Snover,90.0,43,False,1,ATTACK_1043,18104.3,1,ATTACK_1043,18104.3,0.0,False,1,ATTACK_1043,True,LOSS,
159,26,9,0,MAIN,5,Kyogre,4,Snover,90.0,42,False,0,ATTACH,41800.0,0,ATTACH,41800.0,0.0,False,0,ATTACH,True,LOSS,
159,27,9,0,MAIN,3,Kyogre,5,Snover,90.0,42,False,1,ATTACK_1043,18104.3,1,ATTACK_1043,18104.3,0.0,False,1,ATTACK_1043,True,LOSS,
160,1,0,1,SETUP_ACTIVE_POKEMON,1,NONE,0,NONE,0.0,53,False,0,CARD,10000.0,0,CARD,10000.0,0.0,False,0,CARD,True,LOSS,
160,3,1,1,MAIN,7,Snover,0,Kyogre,150.0,46,False,0,ATTACH,39000.0,0,ATTACH,39000.0,0.0,False,0,ATTACH,True,LOSS,
160,4,1,1,MAIN,1,Snover,1,Kyogre,150.0,46,False,0,END,0.0,0,END,0.0,0.0,False,0,END,True,LOSS,
160,8,3,1,MAIN,9,Snover,1,Kyogre,150.0,45,False,0,ATTACH,39700.0,0,ATTACH,39700.0,0.0,False,0,ATTACH,True,LOSS,
160,9,3,1,MAIN,5,Snover,2,Kyogre,150.0,45,False,3,ATTACK_1045,18104.5,3,ATTACK_1045,18104.5,0.0,False,3,ATTACK_1045,True,LOSS,
160,10,3,1,MAIN,4,Snover,2,Kyogre,150.0,42,False,2,ATTACK_1045,18104.5,2,ATTACK_1045,18104.5,0.0,False,2,ATTACK_1045,True,LOSS,
160,11,3,1,MAIN,3,Snover,2,Kyogre,150.0,42,False,1,ATTACK_1045,18104.5,1,ATTACK_1045,18104.5,0.0,False,1,ATTACK_1045,True,LOSS,
160,14,5,1,MAIN,15,Snover,2,Kyogre,140.0,41,False,3,ATTACH,40400.0,3,ATTACH,40400.0,0.0,False,3,ATTACH,True,LOSS,
160,15,5,1,MAIN,14,Snover,2,Kyogre,140.0,40,False,0,ATTACH,40400.0,0,ATTACH,40400.0,0.0,False,0,ATTACH,True,LOSS,
160,16,5,1,MAIN,7,Snover,3,Kyogre,140.0,40,False,4,ATTACK_1045,18104.5,4,ATTACK_1045,18104.5,0.0,False,4,ATTACK_1045,True,LOSS,
160,17,5,1,MAIN,6,Snover,3,Kyogre,140.0,40,False,3,ATTACK_1045,18104.5,3,ATTACK_1045,18104.5,0.0,False,3,ATTACK_1045,True,LOSS,
160,18,5,1,TO_HAND,3,Snover,3,Kyogre,140.0,40,False,0,CARD,5000.0,0,CARD,5000.0,0.0,False,0,CARD,True,LOSS,
160,19,5,1,MAIN,5,Snover,3,Kyogre,140.0,40,False,2,ATTACK_1045,18104.5,2,ATTACK_1045,18104.5,0.0,False,2,ATTACK_1045,True,LOSS,
160,20,5,1,TO_HAND,3,Snover,3,Kyogre,140.0,40,False,0,CARD,1000.0,0,CARD,1000.0,0.0,False,0,CARD,True,LOSS,
160,21,5,1,MAIN,4,Snover,3,Kyogre,140.0,40,False,1,ATTACK_1045,18104.5,1,ATTACK_1045,18104.5,0.0,False,1,ATTACK_1045,True,LOSS,
160,27,6,1,TO_ACTIVE,2,NONE,0,Kyogre,130.0,40,False,0,CARD,5000.0,0,CARD,5000.0,0.0,False,0,CARD,True,LOSS,
160,28,7,1,MAIN,9,Snover,0,Kyogre,130.0,39,False,1,ATTACH,39000.0,1,ATTACH,39000.0,0.0,False,1,ATTACH,True,LOSS,
160,29,7,1,ATTACH_TO,3,Snover,0,Kyogre,130.0,33,False,0,CARD,5000.0,0,CARD,5000.0,0.0,False,0,CARD,True,LOSS,
160,30,7,1,MAIN,7,Snover,0,Kyogre,130.0,39,False,0,ATTACH,39000.0,0,ATTACH,39000.0,0.0,False,0,ATTACH,True,LOSS,
160,31,7,1,MAIN,2,Snover,1,Kyogre,130.0,39,False,0,ATTACK_1044,18104.4,0,ATTACK_1044,18104.4,0.0,False,0,ATTACK_1044,True,LOSS,
160,34,9,1,MAIN,9,Snover,1,Kyogre,120.0,38,False,0,ATTACH,39700.0,0,ATTACH,39700.0,0.0,False,0,ATTACH,True,LOSS,
160,35,9,1,MAIN,4,Snover,2,Kyogre,120.0,38,False,2,ATTACK_1045,18104.5,2,ATTACK_1045,18104.5,0.0,False,2,ATTACK_1045,True,LOSS,
160,36,9,1,TO_HAND,3,Snover,2,Kyogre,120.0,38,False,0,CARD,5000.0,0,CARD,5000.0,0.0,False,0,CARD,True,LOSS,
160,37,9,1,MAIN,3,Snover,2,Kyogre,120.0,38,False,1,ATTACK_1045,18104.5,1,ATTACK_1045,18104.5,0.0,False,1,ATTACK_1045,True,LOSS,
160,43,10,1,TO_ACTIVE,1,NONE,0,Kyogre,110.0,38,False,0,CARD,5000.0,0,CARD,5000.0,0.0,False,0,CARD,True,LOSS,
160,44,11,1,MAIN,4,Kyogre,0,Kyogre,110.0,37,False,0,ATTACH,39000.0,0,ATTACH,39000.0,0.0,False,0,ATTACH,True,LOSS,
160,45,11,1,MAIN,2,Kyogre,1,Kyogre,110.0,37,False,0,ATTACK_1042,18104.2,0,ATTACK_1042,18104.2,0.0,False,0,ATTACK_1042,True,LOSS,
160,48,13,1,MAIN,5,Kyogre,1,Kyogre,10.0,41,False,0,ATTACH,39700.0,0,ATTACH,39700.0,0.0,False,0,ATTACH,True,LOSS,
160,49,13,1,MAIN,2,Kyogre,2,Kyogre,10.0,41,False,0,ATTACK_1042,18104.2,0,ATTACK_1042,18104.2,0.0,False,0,ATTACK_1042,True,LOSS,
161,0,0,0,IS_FIRST,2,NONE,0,NONE,0.0,60,False,1,NO,5000.0,1,NO,5000.0,0.0,False,1,NO,True,LOSS,
161,1,0,0,SETUP_ACTIVE_POKEMON,1,NONE,0,NONE,0.0,53,False,0,CARD,10000.0,0,CARD,10000.0,0.0,False,0,CARD,True,LOSS,
161,3,0,0,DRAW_COUNT,2,NONE,0,NONE,0.0,47,False,1,NUMBER,1.0,1,NUMBER,1.0,0.0,False,1,NUMBER,True,LOSS,
161,4,1,0,MAIN,8,Snover,0,Snover,90.0,46,False,0,ATTACH,39000.0,0,ATTACH,39000.0,0.0,False,0,ATTACH,True,LOSS,
161,5,1,0,MAIN,2,Snover,1,Snover,90.0,46,False,0,PLAY,12000.0,0,PLAY,12000.0,0.0,False,0,PLAY,True,LOSS,
161,6,1,0,TO_HAND,4,Snover,1,Snover,90.0,46,False,0,CARD,5000.0,0,CARD,5000.0,0.0,False,0,CARD,True,LOSS,
161,7,1,0,MAIN,1,Snover,1,Snover,90.0,46,False,0,END,0.0,0,END,0.0,0.0,False,0,END,True,LOSS,
161,10,3,0,MAIN,8,Snover,1,Snover,90.0,45,False,0,ATTACH,39700.0,0,ATTACH,39700.0,0.0,False,0,ATTACH,True,LOSS,
161,11,3,0,MAIN,4,Snover,2,Snover,90.0,45,False,2,ATTACK_1045,18104.5,2,ATTACK_1045,18104.5,0.0,False,2,ATTACK_1045,True,LOSS,
161,12,3,0,MAIN,4,Snover,2,Snover,90.0,41,False,2,ATTACK_1045,18104.5,2,ATTACK_1045,18104.5,0.0,False,2,ATTACK_1045,True,LOSS,
161,13,3,0,MAIN,3,Snover,2,Snover,90.0,41,False,1,ATTACK_1045,18104.5,1,ATTACK_1045,18104.5,0.0,False,1,ATTACK_1045,True,LOSS,
161,18,4,0,TO_ACTIVE,1,NONE,0,Mega Abomasnow ex,340.0,41,False,0,CARD,5000.0,0,CARD,5000.0,0.0,False,0,CARD,True,LOSS,
161,19,5,0,MAIN,9,Kyogre,0,Mega Abomasnow ex,340.0,40,False,0,ATTACH,39000.0,0,ATTACH,39000.0,0.0,False,0,ATTACH,True,LOSS,
161,20,5,0,MAIN,3,Kyogre,1,Mega Abomasnow ex,340.0,40,False,1,ATTACK_1042,18104.2,1,ATTACK_1042,18104.2,0.0,False,1,ATTACK_1042,True,LOSS,
161,21,5,0,ATTACH_TO,4,Kyogre,1,Mega Abomasnow ex,340.0,34,False,0,CARD,5000.0,0,CARD,5000.0,0.0,False,0,CARD,True,LOSS,
161,22,5,0,MAIN,2,Kyogre,1,Mega Abomasnow ex,340.0,40,False,0,ATTACK_1042,18104.2,0,ATTACK_1042,18104.2,0.0,False,0,ATTACK_1042,True,LOSS,
162,1,0,1,SETUP_ACTIVE_POKEMON,1,NONE,0,NONE,0.0,53,False,0,CARD,10000.0,0,CARD,10000.0,0.0,False,0,CARD,True,WIN,
162,3,1,1,MAIN,4,Kyogre,0,Snover,90.0,46,False,0,ATTACH,39000.0,0,ATTACH,39000.0,0.0,False,0,ATTACH,True,WIN,
162,4,1,1,MAIN,2,Kyogre,1,Snover,90.0,46,False,0,PLAY,12000.0,0,PLAY,12000.0,0.0,False,0,PLAY,True,WIN,
162,5,1,1,TO_HAND,3,Kyogre,1,Snover,90.0,46,False,0,CARD,1000.0,0,CARD,1000.0,0.0,False,0,CARD,True,WIN,
162,6,1,1,MAIN,1,Kyogre,1,Snover,90.0,46,False,0,END,0.0,0,END,0.0,0.0,False,0,END,True,WIN,
162,10,3,1,MAIN,8,Kyogre,1,Snover,90.0,45,False,1,ATTACH,39700.0,1,ATTACH,39700.0,0.0,False,1,ATTACH,True,WIN,
162,11,3,1,TO_HAND,3,Kyogre,1,Snover,90.0,45,False,0,CARD,5000.0,0,CARD,5000.0,0.0,False,0,CARD,True,WIN,
162,12,3,1,MAIN,4,Kyogre,1,Snover,90.0,45,False,0,ATTACH,39700.0,0,ATTACH,39700.0,0.0,False,0,ATTACH,True,WIN,
162,13,3,1,MAIN,3,Kyogre,2,Snover,90.0,45,False,1,ATTACK_1042,18104.2,1,ATTACK_1042,18104.2,0.0,False,1,ATTACK_1042,True,WIN,
162,14,3,1,MAIN,2,Kyogre,2,Snover,90.0,45,False,0,ATTACK_1042,18104.2,0,ATTACK_1042,18104.2,0.0,False,0,ATTACK_1042,True,WIN,
162,17,5,1,MAIN,7,Kyogre,2,Snover,90.0,44,False,3,ATTACH,40400.0,3,ATTACH,40400.0,0.0,False,3,ATTACH,True,WIN,
162,18,5,1,ATTACH_TO,4,Kyogre,2,Snover,90.0,38,False,0,CARD,5000.0,0,CARD,5000.0,0.0,False,0,CARD,True,WIN,
162,19,5,1,MAIN,4,Kyogre,2,Snover,90.0,44,False,0,ATTACH,40400.0,0,ATTACH,40400.0,0.0,False,0,ATTACH,True,WIN,
162,20,5,1,MAIN,4,Kyogre,3,Snover,90.0,44,False,1,ATTACK_1043,18104.3,1,ATTACK_1043,18104.3,0.0,False,1,ATTACK_1043,True,WIN,
162,23,7,1,MAIN,8,Kyogre,3,Snover,90.0,43,False,2,ATTACH,41100.0,2,ATTACH,41100.0,0.0,False,2,ATTACH,True,WIN,
162,24,7,1,MAIN,18,Kyogre,3,Snover,90.0,37,False,8,EVOLVE,70000.0,8,EVOLVE,70000.0,0.0,False,8,EVOLVE,True,WIN,
162,25,7,1,MAIN,6,Kyogre,4,Snover,90.0,37,False,0,EVOLVE,70000.0,0,EVOLVE,70000.0,0.0,False,0,EVOLVE,True,WIN,
162,26,7,1,MAIN,4,Kyogre,4,Snover,90.0,37,False,1,ATTACK_1043,18104.3,1,ATTACK_1043,18104.3,0.0,False,1,ATTACK_1043,True,WIN,
162,29,9,1,MAIN,16,Kyogre,4,Snover,90.0,36,False,0,ATTACH,41800.0,0,ATTACH,41800.0,0.0,False,0,ATTACH,True,WIN,
162,30,9,1,MAIN,4,Kyogre,5,Snover,90.0,36,False,2,RETREAT,30000.0,2,RETREAT,30000.0,0.0,False,2,RETREAT,True,WIN,
162,33,11,1,MAIN,14,Kyogre,5,Snover,90.0,35,False,0,ATTACH,41800.0,0,ATTACH,41800.0,0.0,False,0,ATTACH,True,WIN,
162,34,11,1,MAIN,4,Kyogre,6,Snover,90.0,35,False,2,RETREAT,30000.0,2,RETREAT,30000.0,0.0,False,2,RETREAT,True,WIN,
162,39,12,1,TO_ACTIVE,1,NONE,0,Mega Abomasnow ex,350.0,35,False,0,CARD,5000.0,0,CARD,5000.0,0.0,False,0,CARD,True,WIN,
162,40,13,1,MAIN,6,Mega Abomasnow ex,0,Mega Abomasnow ex,350.0,34,False,0,ATTACH,39000.0,0,ATTACH,39000.0,0.0,False,0,ATTACH,True,WIN,
162,41,13,1,MAIN,1,Mega Abomasnow ex,1,Mega Abomasnow ex,350.0,34,False,0,END,0.0,0,END,0.0,0.0,False,0,END,True,WIN,
162,44,15,1,MAIN,6,Mega Abomasnow ex,1,Mega Abomasnow ex,350.0,33,False,0,ATTACH,39700.0,0,ATTACH,39700.0,0.0,False,0,ATTACH,True,WIN,
162,45,15,1,MAIN,2,Mega Abomasnow ex,2,Mega Abomasnow ex,350.0,33,False,0,ATTACK_1046,18104.6,0,ATTACK_1046,18104.6,0.0,False,0,ATTACK_1046,True,WIN,
162,46,15,1,TO_HAND,6,Mega Abomasnow ex,2,NONE,0.0,27,False,0,CARD,10000.0,0,CARD,10000.0,0.0,False,0,CARD,True,WIN,
163,0,0,0,IS_FIRST,2,NONE,0,NONE,0.0,60,False,1,NO,5000.0,1,NO,5000.0,0.0,False,1,NO,True,LOSS,
163,1,0,0,SETUP_ACTIVE_POKEMON,2,NONE,0,NONE,0.0,53,False,0,CARD,10000.0,0,CARD,10000.0,0.0,False,0,CARD,True,LOSS,
163,3,0,0,DRAW_COUNT,3,NONE,0,NONE,0.0,47,False,2,NUMBER,2.0,2,NUMBER,2.0,0.0,False,2,NUMBER,True,LOSS,
163,4,0,0,SETUP_BENCH_POKEMON,1,NONE,0,NONE,0.0,47,False,0,CARD,10000.0,0,CARD,10000.0,0.0,False,0,CARD,True,LOSS,
163,5,1,0,MAIN,7,Snover,0,Snover,90.0,46,False,0,ATTACH,39000.0,0,ATTACH,39000.0,0.0,False,0,ATTACH,True,LOSS,
163,6,1,0,MAIN,2,Snover,1,Snover,90.0,46,False,0,PLAY,12000.0,0,PLAY,12000.0,0.0,False,0,PLAY,True,LOSS,
163,7,1,0,MAIN,1,Snover,1,Snover,90.0,46,False,0,END,0.0,0,END,0.0,0.0,False,0,END,True,LOSS,
163,10,3,0,MAIN,12,Snover,1,Snover,90.0,45,False,0,ATTACH,39700.0,0,ATTACH,39700.0,0.0,False,0,ATTACH,True,LOSS,
163,11,3,0,MAIN,5,Snover,2,Snover,90.0,45,False,3,ATTACK_1045,18104.5,3,ATTACK_1045,18104.5,0.0,False,3,ATTACK_1045,True,LOSS,
163,12,3,0,TO_HAND,3,Snover,2,Snover,90.0,45,False,0,CARD,1000.0,0,CARD,1000.0,0.0,False,0,CARD,True,LOSS,
163,13,3,0,MAIN,4,Snover,2,Snover,90.0,45,False,2,ATTACK_1045,18104.5,2,ATTACK_1045,18104.5,0.0,False,2,ATTACK_1045,True,LOSS,
163,14,3,0,TO_HAND,3,Snover,2,Snover,90.0,45,False,0,CARD,1000.0,0,CARD,1000.0,0.0,False,0,CARD,True,LOSS,
163,15,3,0,MAIN,3,Snover,2,Snover,90.0,45,False,1,ATTACK_1045,18104.5,1,ATTACK_1045,18104.5,0.0,False,1,ATTACK_1045,True,LOSS,
163,20,4,0,TO_ACTIVE,1,NONE,0,Mega Abomasnow ex,340.0,45,False,0,CARD,5000.0,0,CARD,5000.0,0.0,False,0,CARD,True,LOSS,
163,21,5,0,MAIN,5,Kyogre,0,Mega Abomasnow ex,340.0,44,False,0,ATTACH,39000.0,0,ATTACH,39000.0,0.0,False,0,ATTACH,True,LOSS,
163,22,5,0,MAIN,2,Kyogre,1,Mega Abomasnow ex,340.0,44,False,0,ATTACK_1042,18104.2,0,ATTACK_1042,18104.2,0.0,False,0,ATTACK_1042,True,LOSS,
164,1,0,1,SETUP_ACTIVE_POKEMON,1,NONE,0,NONE,0.0,53,False,0,CARD,10000.0,0,CARD,10000.0,0.0,False,0,CARD,True,WIN,
164,3,1,1,MAIN,4,Snover,0,Snover,90.0,46,False,0,ATTACH,39000.0,0,ATTACH,39000.0,0.0,False,0,ATTACH,True,WIN,
164,4,1,1,MAIN,2,Snover,1,Snover,90.0,46,False,0,PLAY,12000.0,0,PLAY,12000.0,0.0,False,0,PLAY,True,WIN,
164,5,1,1,MAIN,1,Snover,1,Snover,90.0,46,False,0,END,0.0,0,END,0.0,0.0,False,0,END,True,WIN,
164,8,3,1,MAIN,10,Snover,1,Snover,90.0,45,False,0,EVOLVE,70500.0,0,EVOLVE,70500.0,0.0,False,0,EVOLVE,True,WIN,
164,9,3,1,MAIN,7,Mega Abomasnow ex,1,Snover,90.0,45,False,2,ATTACH,39700.0,2,ATTACH,39700.0,0.0,False,2,ATTACH,True,WIN,
164,10,3,1,MAIN,16,Mega Abomasnow ex,1,Snover,90.0,41,False,0,ATTACH,39700.0,0,ATTACH,39700.0,0.0,False,0,ATTACH,True,WIN,
164,11,3,1,MAIN,3,Mega Abomasnow ex,2,Snover,90.0,41,False,1,ATTACK_1046,18104.6,1,ATTACK_1046,18104.6,0.0,False,1,ATTACK_1046,True,WIN,
164,12,3,1,TO_HAND,3,Mega Abomasnow ex,2,Snover,90.0,41,False,0,CARD,5000.0,0,CARD,5000.0,0.0,False,0,CARD,True,WIN,
164,13,3,1,MAIN,2,Mega Abomasnow ex,2,Snover,90.0,41,False,0,ATTACK_1046,18104.6,0,ATTACK_1046,18104.6,0.0,False,0,ATTACK_1046,True,WIN,
164,14,3,1,TO_HAND,6,Mega Abomasnow ex,2,NONE,0.0,35,False,0,CARD,5000.0,0,CARD,5000.0,0.0,False,0,CARD,True,WIN,
165,0,0,0,IS_FIRST,2,NONE,0,NONE,0.0,60,False,1,NO,5000.0,1,NO,5000.0,0.0,False,1,NO,True,WIN,
165,1,0,0,SETUP_ACTIVE_POKEMON,1,NONE,0,NONE,0.0,53,False,0,CARD,10000.0,0,CARD,10000.0,0.0,False,0,CARD,True,WIN,
165,3,1,0,MAIN,6,Snover,0,Snover,90.0,46,False,0,ATTACH,39000.0,0,ATTACH,39000.0,0.0,False,0,ATTACH,True,WIN,
165,4,1,0,MAIN,1,Snover,1,Snover,90.0,46,False,0,END,0.0,0,END,0.0,0.0,False,0,END,True,WIN,
165,7,3,0,MAIN,9,Snover,1,Snover,90.0,45,False,0,ATTACH,39700.0,0,ATTACH,39700.0,0.0,False,0,ATTACH,True,WIN,
165,8,3,0,MAIN,6,Snover,2,Snover,90.0,45,False,4,ATTACK_1045,18104.5,4,ATTACK_1045,18104.5,0.0,False,4,ATTACK_1045,True,WIN,
165,9,3,0,MAIN,3,Snover,2,Snover,90.0,42,False,1,ATTACK_1045,18104.5,1,ATTACK_1045,18104.5,0.0,False,1,ATTACK_1045,True,WIN,
165,12,5,0,MAIN,12,Snover,2,Snover,80.0,41,False,0,ATTACH,40400.0,0,ATTACH,40400.0,0.0,False,0,ATTACH,True,WIN,
165,13,5,0,MAIN,5,Snover,3,Snover,80.0,41,False,3,ATTACK_1045,18104.5,3,ATTACK_1045,18104.5,0.0,False,3,ATTACK_1045,True,WIN,
165,14,5,0,MAIN,5,Snover,3,Snover,80.0,40,False,1,EVOLVE,71500.0,1,EVOLVE,71500.0,0.0,False,1,EVOLVE,True,WIN,
165,15,5,0,TO_HAND,3,Snover,3,Snover,80.0,40,False,0,CARD,1000.0,0,CARD,1000.0,0.0,False,0,CARD,True,WIN,
165,16,5,0,MAIN,4,Snover,3,Snover,80.0,40,False,0,EVOLVE,71500.0,0,EVOLVE,71500.0,0.0,False,0,EVOLVE,True,WIN,
165,17,5,0,MAIN,3,Mega Abomasnow ex,3,Snover,80.0,40,True,1,ATTACK_1047,18104.7,1,ATTACK_1047,28104.7,0.0,False,1,ATTACK_1047,True,WIN,
165,18,5,0,TO_HAND,6,Mega Abomasnow ex,3,NONE,0.0,34,False,0,CARD,5000.0,0,CARD,5000.0,0.0,False,0,CARD,True,WIN,
166,1,0,1,SETUP_ACTIVE_POKEMON,1,NONE,0,NONE,0.0,53,False,0,CARD,10000.0,0,CARD,10000.0,0.0,False,0,CARD,True,WIN,
166,3,0,1,DRAW_COUNT,2,NONE,0,NONE,0.0,47,False,1,NUMBER,1.0,1,NUMBER,1.0,0.0,False,1,NUMBER,True,WIN,
166,5,1,1,MAIN,8,Snover,0,Snover,90.0,46,False,0,ATTACH,39000.0,0,ATTACH,39000.0,0.0,False,0,ATTACH,True,WIN,
166,6,1,1,MAIN,2,Snover,1,Snover,90.0,46,False,0,ATTACH,39700.0,0,ATTACH,39700.0,0.0,False,0,ATTACH,True,WIN,
166,7,1,1,MAIN,1,Snover,1,Snover,90.0,46,False,0,END,0.0,0,END,0.0,0.0,False,0,END,True,WIN,
166,10,3,1,MAIN,8,Snover,1,Snover,90.0,45,False,0,ATTACH,39700.0,0,ATTACH,39700.0,0.0,False,0,ATTACH,True,WIN,
166,11,3,1,MAIN,4,Snover,2,Snover,90.0,45,False,2,ATTACK_1045,18104.5,2,ATTACK_1045,18104.5,0.0,False,2,ATTACK_1045,True,WIN,
166,12,3,1,MAIN,5,Snover,2,Snover,90.0,41,False,3,ATTACK_1045,18104.5,3,ATTACK_1045,18104.5,0.0,False,3,ATTACK_1045,True,WIN,
166,13,3,1,MAIN,4,Snover,2,Snover,90.0,41,False,2,ATTACK_1045,18104.5,2,ATTACK_1045,18104.5,0.0,False,2,ATTACK_1045,True,WIN,
166,14,3,1,TO_HAND,4,Snover,2,Snover,90.0,41,False,0,CARD,5000.0,0,CARD,5000.0,0.0,False,0,CARD,True,WIN,
166,15,3,1,MAIN,3,Snover,2,Snover,90.0,41,False,1,ATTACK_1045,18104.5,1,ATTACK_1045,18104.5,0.0,False,1,ATTACK_1045,True,WIN,
166,20,4,1,TO_ACTIVE,1,NONE,0,Mega Abomasnow ex,340.0,41,False,0,CARD,5000.0,0,CARD,5000.0,0.0,False,0,CARD,True,WIN,
166,21,5,1,MAIN,8,Snover,0,Mega Abomasnow ex,340.0,40,False,6,EVOLVE,70000.0,6,EVOLVE,70000.0,0.0,False,6,EVOLVE,True,WIN,
166,22,5,1,MAIN,4,Snover,1,Mega Abomasnow ex,340.0,40,False,1,EVOLVE,70500.0,1,EVOLVE,70500.0,0.0,False,1,EVOLVE,True,WIN,
166,23,5,1,TO_HAND,3,Snover,1,Mega Abomasnow ex,340.0,40,False,0,CARD,1000.0,0,CARD,1000.0,0.0,False,0,CARD,True,WIN,
166,24,5,1,MAIN,3,Snover,1,Mega Abomasnow ex,340.0,40,False,0,EVOLVE,70500.0,0,EVOLVE,70500.0,0.0,False,0,EVOLVE,True,WIN,
166,25,5,1,MAIN,1,Mega Abomasnow ex,1,Mega Abomasnow ex,340.0,40,False,0,END,0.0,0,END,0.0,0.0,False,0,END,True,WIN,
166,28,7,1,MAIN,5,Mega Abomasnow ex,1,Mega Abomasnow ex,340.0,39,False,0,ATTACH,39700.0,0,ATTACH,39700.0,0.0,False,0,ATTACH,True,WIN,
166,29,7,1,MAIN,2,Mega Abomasnow ex,2,Mega Abomasnow ex,340.0,39,False,0,ATTACK_1046,18104.6,0,ATTACK_1046,18104.6,0.0,False,0,ATTACK_1046,True,WIN,
166,30,7,1,TO_HAND,6,Mega Abomasnow ex,2,NONE,0.0,33,False,3,CARD,10000.0,3,CARD,10000.0,0.0,False,3,CARD,True,WIN,
166,34,9,1,MAIN,9,Mega Abomasnow ex,2,Snover,90.0,32,False,0,ATTACH,40400.0,0,ATTACH,40400.0,0.0,False,0,ATTACH,True,WIN,
166,35,9,1,MAIN,4,Mega Abomasnow ex,3,Snover,90.0,32,True,2,ATTACK_1047,18104.7,2,ATTACK_1047,28104.7,0.0,False,2,ATTACK_1047,True,WIN,
166,36,9,1,MAIN,5,Mega Abomasnow ex,3,Snover,90.0,32,True,3,ATTACK_1047,18104.7,3,ATTACK_1047,28104.7,0.0,False,3,ATTACK_1047,True,WIN,
166,37,9,1,MAIN,4,Mega Abomasnow ex,3,Snover,90.0,32,True,2,ATTACK_1047,18104.7,2,ATTACK_1047,28104.7,0.0,False,2,ATTACK_1047,True,WIN,
166,38,9,1,TO_HAND,3,Mega Abomasnow ex,3,Snover,90.0,32,False,0,CARD,5000.0,0,CARD,5000.0,0.0,False,0,CARD,True,WIN,
166,39,9,1,MAIN,3,Mega Abomasnow ex,3,Snover,90.0,32,True,1,ATTACK_1047,18104.7,1,ATTACK_1047,28104.7,0.0,False,1,ATTACK_1047,True,WIN,
166,40,9,1,TO_HAND,3,Mega Abomasnow ex,3,NONE,0.0,26,False,0,CARD,5000.0,0,CARD,5000.0,0.0,False,0,CARD,True,WIN,
167,0,0,0,IS_FIRST,2,NONE,0,NONE,0.0,60,False,1,NO,5000.0,1,NO,5000.0,0.0,False,1,NO,True,LOSS,
167,1,0,0,SETUP_ACTIVE_POKEMON,2,NONE,0,NONE,0.0,53,False,0,CARD,10000.0,0,CARD,10000.0,0.0,False,0,CARD,True,LOSS,
167,3,0,0,DRAW_COUNT,3,NONE,0,NONE,0.0,47,False,2,NUMBER,2.0,2,NUMBER,2.0,0.0,False,2,NUMBER,True,LOSS,
167,4,0,0,SETUP_BENCH_POKEMON,1,NONE,0,NONE,0.0,47,False,0,CARD,10000.0,0,CARD,10000.0,0.0,False,0,CARD,True,LOSS,
167,5,1,0,MAIN,8,Snover,0,Snover,90.0,46,False,1,ATTACH,39000.0,1,ATTACH,39000.0,0.0,False,1,ATTACH,True,LOSS,
167,6,1,0,TO_HAND,3,Snover,0,Snover,90.0,46,False,0,CARD,5000.0,0,CARD,5000.0,0.0,False,0,CARD,True,LOSS,
167,7,1,0,MAIN,7,Snover,0,Snover,90.0,46,False,0,ATTACH,39000.0,0,ATTACH,39000.0,0.0,False,0,ATTACH,True,LOSS,
167,8,1,0,MAIN,3,Snover,1,Snover,90.0,46,False,0,PLAY,12000.0,0,PLAY,12000.0,0.0,False,0,PLAY,True,LOSS,
167,9,1,0,MAIN,2,Snover,1,Snover,90.0,46,False,0,PLAY,12000.0,0,PLAY,12000.0,0.0,False,0,PLAY,True,LOSS,
167,10,1,0,TO_HAND,3,Snover,1,Snover,90.0,46,False,0,CARD,1000.0,0,CARD,1000.0,0.0,False,0,CARD,True,LOSS,
167,11,1,0,MAIN,1,Snover,1,Snover,90.0,46,False,0,END,0.0,0,END,0.0,0.0,False,0,END,True,LOSS,
167,14,3,0,MAIN,9,Snover,1,Snover,90.0,45,False,0,ATTACH,39700.0,0,ATTACH,39700.0,0.0,False,0,ATTACH,True,LOSS,
167,15,3,0,MAIN,4,Snover,2,Snover,90.0,45,False,2,ATTACK_1045,18104.5,2,ATTACK_1045,18104.5,0.0,False,2,ATTACK_1045,True,LOSS,
167,16,3,0,ATTACH_TO,4,Snover,2,Snover,90.0,39,False,0,CARD,5000.0,0,CARD,5000.0,0.0,False,0,CARD,True,LOSS,
167,17,3,0,MAIN,3,Snover,2,Snover,90.0,45,False,1,ATTACK_1045,18104.5,1,ATTACK_1045,18104.5,0.0,False,1,ATTACK_1045,True,LOSS,
167,20,5,0,MAIN,8,Snover,2,Snover,80.0,44,False,0,ATTACH,40400.0,0,ATTACH,40400.0,0.0,False,0,ATTACH,True,LOSS,
167,21,5,0,MAIN,5,Snover,3,Snover,80.0,44,False,2,ATTACK_1045,18104.5,2,ATTACK_1045,18104.5,0.0,False,2,ATTACK_1045,True,LOSS,
167,22,5,0,MAIN,4,Snover,3,Snover,80.0,44,False,1,ATTACK_1045,18104.5,1,ATTACK_1045,18104.5,0.0,False,1,ATTACK_1045,True,LOSS,
167,27,6,0,TO_ACTIVE,2,NONE,0,Mega Abomasnow ex,330.0,44,False,0,CARD,5000.0,0,CARD,5000.0,0.0,False,0,CARD,True,LOSS,
167,28,7,0,MAIN,4,Snover,0,Mega Abomasnow ex,330.0,43,False,0,ATTACH,39000.0,0,ATTACH,39000.0,0.0,False,0,ATTACH,True,LOSS,
167,29,7,0,MAIN,3,Snover,1,Mega Abomasnow ex,330.0,43,False,1,ATTACK_1044,18104.4,1,ATTACK_1044,18104.4,0.0,False,1,ATTACK_1044,True,LOSS,
167,30,7,0,MAIN,3,Snover,1,Mega Abomasnow ex,330.0,35,False,1,ATTACK_1044,18104.4,1,ATTACK_1044,18104.4,0.0,False,1,ATTACK_1044,True,LOSS,
167,31,7,0,MAIN,2,Snover,1,Mega Abomasnow ex,330.0,35,False,0,ATTACK_1044,18104.4,0,ATTACK_1044,18104.4,0.0,False,0,ATTACK_1044,True,LOSS,
167,35,8,0,TO_ACTIVE,2,NONE,0,Mega Abomasnow ex,330.0,35,False,0,CARD,5000.0,0,CARD,5000.0,0.0,False,0,CARD,True,LOSS,
167,36,9,0,MAIN,15,Snover,0,Mega Abomasnow ex,330.0,34,False,0,ATTACH,39000.0,0,ATTACH,39000.0,0.0,False,0,ATTACH,True,LOSS,
167,37,9,0,MAIN,4,Snover,1,Mega Abomasnow ex,330.0,34,False,2,ATTACK_1044,18104.4,2,ATTACK_1044,18104.4,0.0,False,2,ATTACK_1044,True,LOSS,
167,38,9,0,ATTACH_TO,3,Snover,1,Mega Abomasnow ex,330.0,28,False,0,CARD,5000.0,0,CARD,5000.0,0.0,False,0,CARD,True,LOSS,
167,39,9,0,MAIN,2,Snover,1,Mega Abomasnow ex,330.0,34,False,0,ATTACK_1044,18104.4,0,ATTACK_1044,18104.4,0.0,False,0,ATTACK_1044,True,LOSS,
167,43,10,0,TO_ACTIVE,1,NONE,0,Mega Abomasnow ex,330.0,34,False,0,CARD,5000.0,0,CARD,5000.0,0.0,False,0,CARD,True,LOSS,
167,44,11,0,MAIN,8,Kyogre,0,Mega Abomasnow ex,330.0,33,False,0,ATTACH,39000.0,0,ATTACH,39000.0,0.0,False,0,ATTACH,True,LOSS,
167,45,11,0,MAIN,3,Kyogre,1,Mega Abomasnow ex,330.0,33,False,1,ATTACK_1042,18104.2,1,ATTACK_1042,18104.2,0.0,False,1,ATTACK_1042,True,LOSS,
167,46,11,0,MAIN,2,Kyogre,1,Mega Abomasnow ex,330.0,30,False,0,ATTACK_1042,18104.2,0,ATTACK_1042,18104.2,0.0,False,0,ATTACK_1042,True,LOSS,
168,1,0,1,SETUP_ACTIVE_POKEMON,1,NONE,0,NONE,0.0,53,False,0,CARD,10000.0,0,CARD,10000.0,0.0,False,0,CARD,True,WIN,
168,3,0,1,DRAW_COUNT,2,NONE,0,NONE,0.0,47,False,1,NUMBER,1.0,1,NUMBER,1.0,0.0,False,1,NUMBER,True,WIN,
168,4,1,1,MAIN,6,Snover,0,Snover,90.0,46,False,0,ATTACH,39000.0,0,ATTACH,39000.0,0.0,False,0,ATTACH,True,WIN,
168,5,1,1,MAIN,1,Snover,1,Snover,90.0,46,False,0,END,0.0,0,END,0.0,0.0,False,0,END,True,WIN,
168,8,3,1,MAIN,9,Snover,1,Snover,90.0,45,False,2,EVOLVE,70500.0,2,EVOLVE,70500.0,0.0,False,2,EVOLVE,True,WIN,
168,9,3,1,TO_HAND,2,Snover,1,Snover,90.0,45,False,0,CARD,1000.0,0,CARD,1000.0,0.0,False,0,CARD,True,WIN,
168,10,3,1,MAIN,8,Snover,1,Snover,90.0,45,False,1,EVOLVE,70500.0,1,EVOLVE,70500.0,0.0,False,1,EVOLVE,True,WIN,
168,11,3,1,MAIN,4,Snover,2,Snover,90.0,45,False,0,EVOLVE,71000.0,0,EVOLVE,71000.0,0.0,False,0,EVOLVE,True,WIN,
168,12,3,1,MAIN,2,Mega Abomasnow ex,2,Snover,90.0,45,False,0,ATTACK_1046,18104.6,0,ATTACK_1046,18104.6,0.0,False,0,ATTACK_1046,True,WIN,
168,13,3,1,TO_HAND,6,Mega Abomasnow ex,2,NONE,0.0,39,False,0,CARD,5000.0,0,CARD,5000.0,0.0,False,0,CARD,True,WIN,
169,0,0,0,IS_FIRST,2,NONE,0,NONE,0.0,60,False,1,NO,5000.0,1,NO,5000.0,0.0,False,1,NO,True,LOSS,
169,2,0,0,SETUP_ACTIVE_POKEMON,1,NONE,0,NONE,0.0,53,False,0,CARD,10000.0,0,CARD,10000.0,0.0,False,0,CARD,True,LOSS,
169,5,1,0,MAIN,7,Snover,0,Kyogre,150.0,46,False,0,ATTACH,39000.0,0,ATTACH,39000.0,0.0,False,0,ATTACH,True,LOSS,
169,6,1,0,MAIN,2,Snover,1,Kyogre,150.0,46,False,0,PLAY,12000.0,0,PLAY,12000.0,0.0,False,0,PLAY,True,LOSS,
169,7,1,0,TO_HAND,3,Snover,1,Kyogre,150.0,46,False,0,CARD,10000.0,0,CARD,10000.0,0.0,False,0,CARD,True,LOSS,
169,8,1,0,MAIN,1,Snover,1,Kyogre,150.0,46,False,0,END,0.0,0,END,0.0,0.0,False,0,END,True,LOSS,
169,11,3,0,MAIN,8,Snover,1,Kyogre,150.0,45,False,3,EVOLVE,70500.0,3,EVOLVE,70500.0,0.0,False,3,EVOLVE,True,LOSS,
169,12,3,0,MAIN,4,Snover,2,Kyogre,150.0,45,False,0,EVOLVE,71000.0,0,EVOLVE,71000.0,0.0,False,0,EVOLVE,True,LOSS,
169,13,3,0,MAIN,2,Mega Abomasnow ex,2,Kyogre,150.0,45,False,0,ATTACK_1046,18104.6,0,ATTACK_1046,18104.6,0.0,False,0,ATTACK_1046,True,LOSS,
169,14,3,0,TO_HAND,6,Mega Abomasnow ex,2,NONE,0.0,39,False,0,CARD,5000.0,0,CARD,5000.0,0.0,False,0,CARD,True,LOSS,
169,22,5,0,MAIN,8,Mega Abomasnow ex,2,Mega Abomasnow ex,350.0,38,False,0,ATTACH,40400.0,0,ATTACH,40400.0,0.0,False,0,ATTACH,True,LOSS,
169,23,5,0,MAIN,4,Mega Abomasnow ex,3,Mega Abomasnow ex,350.0,38,True,2,ATTACK_1047,18104.7,1,ATTACK_1046,28104.6,9999.899999999998,True,1,ATTACK_1046,True,LOSS,False
169,24,5,0,MAIN,3,Mega Abomasnow ex,3,Mega Abomasnow ex,350.0,36,True,1,ATTACK_1047,18104.7,0,ATTACK_1046,28104.6,9999.899999999998,True,0,ATTACK_1046,True,LOSS,False
170,1,0,1,SETUP_ACTIVE_POKEMON,1,NONE,0,NONE,0.0,53,False,0,CARD,10000.0,0,CARD,10000.0,0.0,False,0,CARD,True,LOSS,
170,4,1,1,MAIN,8,Kyogre,0,Snover,90.0,46,False,1,ATTACH,39000.0,1,ATTACH,39000.0,0.0,False,1,ATTACH,True,LOSS,
170,5,1,1,TO_HAND,3,Kyogre,0,Snover,90.0,46,False,0,CARD,1000.0,0,CARD,1000.0,0.0,False,0,CARD,True,LOSS,
170,6,1,1,MAIN,7,Kyogre,0,Snover,90.0,46,False,0,ATTACH,39000.0,0,ATTACH,39000.0,0.0,False,0,ATTACH,True,LOSS,
170,7,1,1,MAIN,2,Kyogre,1,Snover,90.0,46,False,0,ATTACH,39700.0,0,ATTACH,39700.0,0.0,False,0,ATTACH,True,LOSS,
170,8,1,1,MAIN,1,Kyogre,1,Snover,90.0,46,False,0,END,0.0,0,END,0.0,0.0,False,0,END,True,LOSS,
170,11,3,1,MAIN,7,Kyogre,1,Snover,90.0,45,False,0,ATTACH,39700.0,0,ATTACH,39700.0,0.0,False,0,ATTACH,True,LOSS,
170,12,3,1,MAIN,3,Kyogre,2,Snover,90.0,45,False,1,ATTACK_1042,18104.2,1,ATTACK_1042,18104.2,0.0,False,1,ATTACK_1042,True,LOSS,
170,13,3,1,ATTACH_TO,4,Kyogre,2,Snover,90.0,39,False,0,CARD,5000.0,0,CARD,5000.0,0.0,False,0,CARD,True,LOSS,
170,14,3,1,MAIN,2,Kyogre,2,Snover,90.0,45,False,0,ATTACK_1042,18104.2,0,ATTACK_1042,18104.2,0.0,False,0,ATTACK_1042,True,LOSS,
170,17,5,1,MAIN,6,Kyogre,2,Snover,90.0,44,False,0,ATTACH,40400.0,0,ATTACH,40400.0,0.0,False,0,ATTACH,True,LOSS,
170,18,5,1,MAIN,4,Kyogre,3,Snover,90.0,44,False,2,ATTACK_1043,18104.3,2,ATTACK_1043,18104.3,0.0,False,2,ATTACK_1043,True,LOSS,
170,19,5,1,ATTACH_TO,3,Kyogre,3,Snover,90.0,38,False,0,CARD,1000.0,0,CARD,1000.0,0.0,False,0,CARD,True,LOSS,
170,20,5,1,MAIN,3,Kyogre,3,Snover,90.0,44,False,1,ATTACK_1043,18104.3,1,ATTACK_1043,18104.3,0.0,False,1,ATTACK_1043,True,LOSS,
170,23,7,1,MAIN,5,Kyogre,3,Snover,90.0,43,False,0,ATTACH,41100.0,0,ATTACH,41100.0,0.0,False,0,ATTACH,True,LOSS,
170,24,7,1,MAIN,3,Kyogre,4,Snover,90.0,43,False,1,ATTACK_1043,18104.3,1,ATTACK_1043,18104.3,0.0,False,1,ATTACK_1043,True,LOSS,
171,0,0,0,IS_FIRST,2,NONE,0,NONE,0.0,60,False,1,NO,5000.0,1,NO,5000.0,0.0,False,1,NO,True,WIN,
171,2,0,0,SETUP_ACTIVE_POKEMON,1,NONE,0,NONE,0.0,53,False,0,CARD,10000.0,0,CARD,10000.0,0.0,False,0,CARD,True,WIN,
171,4,1,0,MAIN,7,Kyogre,0,Kyogre,150.0,46,False,0,ATTACH,39000.0,0,ATTACH,39000.0,0.0,False,0,ATTACH,True,WIN,
171,5,1,0,MAIN,1,Kyogre,1,Kyogre,150.0,46,False,0,END,0.0,0,END,0.0,0.0,False,0,END,True,WIN,
171,8,3,0,MAIN,8,Kyogre,1,Kyogre,150.0,45,False,0,ATTACH,39700.0,0,ATTACH,39700.0,0.0,False,0,ATTACH,True,WIN,
171,9,3,0,MAIN,3,Kyogre,2,Kyogre,150.0,45,False,1,ATTACK_1042,18104.2,1,ATTACK_1042,18104.2,0.0,False,1,ATTACK_1042,True,WIN,
171,10,3,0,MAIN,2,Kyogre,2,Kyogre,150.0,45,False,0,ATTACK_1042,18104.2,0,ATTACK_1042,18104.2,0.0,False,0,ATTACK_1042,True,WIN,
171,13,5,0,MAIN,12,Kyogre,2,Kyogre,150.0,44,False,4,EVOLVE,70000.0,4,EVOLVE,70000.0,0.0,False,4,EVOLVE,True,WIN,
171,14,5,0,MAIN,6,Kyogre,3,Kyogre,150.0,44,False,0,EVOLVE,70000.0,0,EVOLVE,70000.0,0.0,False,0,EVOLVE,True,WIN,
171,15,5,0,MAIN,5,Kyogre,3,Kyogre,150.0,44,False,2,ATTACK_1043,18104.3,2,ATTACK_1043,18104.3,0.0,False,2,ATTACK_1043,True,WIN,
171,16,5,0,MAIN,4,Kyogre,3,Kyogre,150.0,44,False,1,ATTACK_1043,18104.3,1,ATTACK_1043,18104.3,0.0,False,1,ATTACK_1043,True,WIN,
171,21,7,0,MAIN,16,Kyogre,3,Kyogre,150.0,43,False,0,ATTACH,41100.0,0,ATTACH,41100.0,0.0,False,0,ATTACH,True,WIN,
171,22,7,0,MAIN,4,Kyogre,4,Kyogre,150.0,43,False,2,RETREAT,30000.0,2,RETREAT,30000.0,0.0,False,2,RETREAT,True,WIN,
171,26,8,0,TO_ACTIVE,2,NONE,0,Kyogre,150.0,43,False,0,CARD,5000.0,0,CARD,5000.0,0.0,False,0,CARD,True,WIN,
171,27,9,0,MAIN,9,Mega Abomasnow ex,0,Kyogre,150.0,42,False,0,ATTACH,39000.0,0,ATTACH,39000.0,0.0,False,0,ATTACH,True,WIN,
171,28,9,0,MAIN,1,Mega Abomasnow ex,1,Kyogre,150.0,42,False,0,END,0.0,0,END,0.0,0.0,False,0,END,True,WIN,
171,33,11,0,MAIN,9,Mega Abomasnow ex,1,Kyogre,150.0,41,False,0,ATTACH,39700.0,0,ATTACH,39700.0,0.0,False,0,ATTACH,True,WIN,
171,34,11,0,MAIN,2,Mega Abomasnow ex,2,Kyogre,150.0,41,False,0,ATTACK_1046,18104.6,0,ATTACK_1046,18104.6,0.0,False,0,ATTACK_1046,True,WIN,
171,35,11,0,TO_HAND,6,Mega Abomasnow ex,2,NONE,0.0,35,False,0,CARD,5000.0,0,CARD,5000.0,0.0,False,0,CARD,True,WIN,
172,1,0,1,SETUP_ACTIVE_POKEMON,2,NONE,0,NONE,0.0,53,False,0,CARD,10000.0,0,CARD,10000.0,0.0,False,0,CARD,True,LOSS,
172,3,0,1,SETUP_BENCH_POKEMON,1,NONE,0,NONE,0.0,47,False,0,CARD,10000.0,0,CARD,10000.0,0.0,False,0,CARD,True,LOSS,
172,4,1,1,MAIN,8,Kyogre,0,Snover,90.0,46,False,0,ATTACH,39000.0,0,ATTACH,39000.0,0.0,False,0,ATTACH,True,LOSS,
172,5,1,1,MAIN,2,Kyogre,1,Snover,90.0,46,False,0,PLAY,12000.0,0,PLAY,12000.0,0.0,False,0,PLAY,True,LOSS,
172,6,1,1,MAIN,1,Kyogre,1,Snover,90.0,46,False,0,END,0.0,0,END,0.0,0.0,False,0,END,True,LOSS,
172,9,3,1,MAIN,14,Kyogre,1,Snover,90.0,45,False,0,ATTACH,39700.0,0,ATTACH,39700.0,0.0,False,0,ATTACH,True,LOSS,
172,10,3,1,MAIN,2,Kyogre,2,Snover,90.0,45,False,0,ATTACK_1042,18104.2,0,ATTACK_1042,18104.2,0.0,False,0,ATTACK_1042,True,LOSS,
172,13,5,1,MAIN,14,Kyogre,2,Snover,90.0,44,False,0,ATTACH,40400.0,0,ATTACH,40400.0,0.0,False,0,ATTACH,True,LOSS,
172,14,5,1,MAIN,4,Kyogre,3,Snover,90.0,44,False,1,ATTACK_1043,18104.3,1,ATTACK_1043,18104.3,0.0,False,1,ATTACK_1043,True,LOSS,
172,17,7,1,MAIN,16,Kyogre,3,Snover,90.0,43,False,0,ATTACH,41100.0,0,ATTACH,41100.0,0.0,False,0,ATTACH,True,LOSS,
172,18,7,1,MAIN,4,Kyogre,4,Snover,90.0,43,False,1,ATTACK_1043,18104.3,1,ATTACK_1043,18104.3,0.0,False,1,ATTACK_1043,True,LOSS,
172,21,9,1,MAIN,15,Kyogre,4,Snover,90.0,42,False,0,ATTACH,41800.0,0,ATTACH,41800.0,0.0,False,0,ATTACH,True,LOSS,
172,22,9,1,MAIN,5,Kyogre,5,Snover,90.0,42,False,3,RETREAT,30000.0,3,RETREAT,30000.0,0.0,False,3,RETREAT,True,LOSS,
172,23,9,1,TO_HAND,4,Kyogre,5,Snover,90.0,42,False,0,CARD,5000.0,0,CARD,5000.0,0.0,False,0,CARD,True,LOSS,
172,24,9,1,MAIN,4,Kyogre,5,Snover,90.0,42,False,2,RETREAT,30000.0,2,RETREAT,30000.0,0.0,False,2,RETREAT,True,LOSS,
172,29,10,1,TO_ACTIVE,1,NONE,0,Mega Abomasnow ex,350.0,42,False,0,CARD,5000.0,0,CARD,5000.0,0.0,False,0,CARD,True,LOSS,
172,30,11,1,MAIN,6,Kyogre,0,Mega Abomasnow ex,350.0,41,False,0,ATTACH,39000.0,0,ATTACH,39000.0,0.0,False,0,ATTACH,True,LOSS,
172,31,11,1,MAIN,2,Kyogre,1,Mega Abomasnow ex,350.0,41,False,0,ATTACK_1042,18104.2,0,ATTACK_1042,18104.2,0.0,False,0,ATTACK_1042,True,LOSS,
173,0,0,0,IS_FIRST,2,NONE,0,NONE,0.0,60,False,1,NO,5000.0,1,NO,5000.0,0.0,False,1,NO,True,WIN,
173,1,0,0,SETUP_ACTIVE_POKEMON,1,NONE,0,NONE,0.0,53,False,0,CARD,10000.0,0,CARD,10000.0,0.0,False,0,CARD,True,WIN,
173,3,0,0,DRAW_COUNT,4,NONE,0,NONE,0.0,47,False,3,NUMBER,3.0,3,NUMBER,3.0,0.0,False,3,NUMBER,True,WIN,
173,4,1,0,MAIN,7,Snover,0,Kyogre,150.0,46,False,0,ATTACH,39000.0,0,ATTACH,39000.0,0.0,False,0,ATTACH,True,WIN,
173,5,1,0,MAIN,1,Snover,1,Kyogre,150.0,46,False,0,END,0.0,0,END,0.0,0.0,False,0,END,True,WIN,
173,8,3,0,MAIN,9,Snover,1,Kyogre,150.0,45,False,1,ATTACH,39700.0,1,ATTACH,39700.0,0.0,False,1,ATTACH,True,WIN,
173,9,3,0,TO_HAND,4,Snover,1,Kyogre,150.0,45,False,0,CARD,1000.0,0,CARD,1000.0,0.0,False,0,CARD,True,WIN,
173,10,3,0,MAIN,8,Snover,1,Kyogre,150.0,45,False,0,ATTACH,39700.0,0,ATTACH,39700.0,0.0,False,0,ATTACH,True,WIN,
173,11,3,0,MAIN,3,Snover,2,Kyogre,150.0,45,False,1,ATTACK_1045,18104.5,1,ATTACK_1045,18104.5,0.0,False,1,ATTACK_1045,True,WIN,
173,14,5,0,MAIN,9,Snover,2,Kyogre,140.0,44,False,5,EVOLVE,71000.0,5,EVOLVE,71000.0,0.0,False,5,EVOLVE,True,WIN,
173,15,5,0,MAIN,4,Snover,3,Kyogre,140.0,44,False,0,EVOLVE,71500.0,0,EVOLVE,71500.0,0.0,False,0,EVOLVE,True,WIN,
173,16,5,0,MAIN,3,Mega Abomasnow ex,3,Kyogre,140.0,44,True,1,ATTACK_1047,18104.7,1,ATTACK_1047,28104.7,0.0,False,1,ATTACK_1047,True,WIN,
173,17,5,0,TO_HAND,6,Mega Abomasnow ex,3,NONE,0.0,38,False,0,CARD,5000.0,0,CARD,5000.0,0.0,False,0,CARD,True,WIN,
174,2,0,1,SETUP_ACTIVE_POKEMON,1,NONE,0,NONE,0.0,53,False,0,CARD,10000.0,0,CARD,10000.0,0.0,False,0,CARD,True,WIN,
174,4,1,1,MAIN,8,Snover,0,Kyogre,150.0,46,False,0,ATTACH,39000.0,0,ATTACH,39000.0,0.0,False,0,ATTACH,True,WIN,
174,5,1,1,MAIN,3,Snover,1,Kyogre,150.0,46,False,0,PLAY,12000.0,0,PLAY,12000.0,0.0,False,0,PLAY,True,WIN,
174,6,1,1,TO_HAND,3,Snover,1,Kyogre,150.0,46,False,0,CARD,1000.0,0,CARD,1000.0,0.0,False,0,CARD,True,WIN,
174,7,1,1,MAIN,2,Snover,1,Kyogre,150.0,46,False,0,PLAY,12000.0,0,PLAY,12000.0,0.0,False,0,PLAY,True,WIN,
174,8,1,1,TO_HAND,3,Snover,1,Kyogre,150.0,46,False,0,CARD,1000.0,0,CARD,1000.0,0.0,False,0,CARD,True,WIN,
174,9,1,1,MAIN,1,Snover,1,Kyogre,150.0,46,False,0,END,0.0,0,END,0.0,0.0,False,0,END,True,WIN,
174,12,3,1,MAIN,7,Snover,1,Kyogre,150.0,45,False,0,ATTACH,39700.0,0,ATTACH,39700.0,0.0,False,0,ATTACH,True,WIN,
174,13,3,1,MAIN,4,Snover,2,Kyogre,150.0,45,False,2,ATTACK_1045,18104.5,2,ATTACK_1045,18104.5,0.0,False,2,ATTACK_1045,True,WIN,
174,14,3,1,ATTACH_TO,3,Snover,2,Kyogre,150.0,39,False,0,CARD,5000.0,0,CARD,5000.0,0.0,False,0,CARD,True,WIN,
174,15,3,1,MAIN,3,Snover,2,Kyogre,150.0,45,False,1,ATTACK_1045,18104.5,1,ATTACK_1045,18104.5,0.0,False,1,ATTACK_1045,True,WIN,
174,19,5,1,MAIN,7,Snover,2,Kyogre,140.0,44,False,3,EVOLVE,71000.0,3,EVOLVE,71000.0,0.0,False,3,EVOLVE,True,WIN,
174,20,5,1,MAIN,4,Snover,3,Kyogre,140.0,44,False,0,EVOLVE,71500.0,0,EVOLVE,71500.0,0.0,False,0,EVOLVE,True,WIN,
174,21,5,1,MAIN,3,Mega Abomasnow ex,3,Kyogre,140.0,44,True,1,ATTACK_1047,18104.7,1,ATTACK_1047,28104.7,0.0,False,1,ATTACK_1047,True,WIN,
174,22,5,1,TO_HAND,6,Mega Abomasnow ex,3,NONE,0.0,38,False,5,CARD,10000.0,5,CARD,10000.0,0.0,False,5,CARD,True,WIN,
175,0,0,0,IS_FIRST,2,NONE,0,NONE,0.0,60,False,1,NO,5000.0,1,NO,5000.0,0.0,False,1,NO,True,WIN,
175,1,0,0,SETUP_ACTIVE_POKEMON,1,NONE,0,NONE,0.0,53,False,0,CARD,10000.0,0,CARD,10000.0,0.0,False,0,CARD,True,WIN,
175,3,1,0,MAIN,7,Snover,0,Snover,90.0,46,False,0,ATTACH,39000.0,0,ATTACH,39000.0,0.0,False,0,ATTACH,True,WIN,
175,4,1,0,MAIN,2,Snover,1,Snover,90.0,46,False,0,PLAY,12000.0,0,PLAY,12000.0,0.0,False,0,PLAY,True,WIN,
175,5,1,0,TO_HAND,4,Snover,1,Snover,90.0,46,False,0,CARD,1000.0,0,CARD,1000.0,0.0,False,0,CARD,True,WIN,
175,6,1,0,MAIN,1,Snover,1,Snover,90.0,46,False,0,END,0.0,0,END,0.0,0.0,False,0,END,True,WIN,
175,10,3,0,MAIN,8,Snover,1,Snover,90.0,45,False,0,ATTACH,39700.0,0,ATTACH,39700.0,0.0,False,0,ATTACH,True,WIN,
175,11,3,0,MAIN,5,Snover,2,Snover,90.0,45,False,1,ATTACH,40400.0,1,ATTACH,40400.0,0.0,False,1,ATTACH,True,WIN,
175,12,3,0,MAIN,4,Snover,2,Snover,90.0,41,False,0,EVOLVE,71000.0,0,EVOLVE,71000.0,0.0,False,0,EVOLVE,True,WIN,
175,13,3,0,MAIN,2,Mega Abomasnow ex,2,Snover,90.0,41,False,0,ATTACK_1046,18104.6,0,ATTACK_1046,18104.6,0.0,False,0,ATTACK_1046,True,WIN,
175,14,3,0,TO_HAND,6,Mega Abomasnow ex,2,NONE,0.0,35,False,0,CARD,5000.0,0,CARD,5000.0,0.0,False,0,CARD,True,WIN,
176,1,0,1,SETUP_ACTIVE_POKEMON,1,NONE,0,NONE,0.0,53,False,0,CARD,10000.0,0,CARD,10000.0,0.0,False,0,CARD,True,WIN,
176,3,0,1,DRAW_COUNT,2,NONE,0,NONE,0.0,47,False,1,NUMBER,1.0,1,NUMBER,1.0,0.0,False,1,NUMBER,True,WIN,
176,4,1,1,MAIN,6,Snover,0,Snover,90.0,46,False,0,ATTACH,39000.0,0,ATTACH,39000.0,0.0,False,0,ATTACH,True,WIN,
176,5,1,1,MAIN,2,Snover,1,Snover,90.0,46,False,0,PLAY,12000.0,0,PLAY,12000.0,0.0,False,0,PLAY,True,WIN,
176,6,1,1,TO_HAND,3,Snover,1,Snover,90.0,46,False,0,CARD,1000.0,0,CARD,1000.0,0.0,False,0,CARD,True,WIN,
176,7,1,1,MAIN,1,Snover,1,Snover,90.0,46,False,0,END,0.0,0,END,0.0,0.0,False,0,END,True,WIN,
176,10,3,1,MAIN,8,Snover,1,Snover,90.0,45,False,1,EVOLVE,70500.0,1,EVOLVE,70500.0,0.0,False,1,EVOLVE,True,WIN,
176,11,3,1,MAIN,6,Snover,2,Snover,90.0,45,False,0,EVOLVE,71000.0,0,EVOLVE,71000.0,0.0,False,0,EVOLVE,True,WIN,
176,12,3,1,MAIN,4,Mega Abomasnow ex,2,Snover,90.0,45,False,2,ATTACK_1046,18104.6,2,ATTACK_1046,18104.6,0.0,False,2,ATTACK_1046,True,WIN,
176,13,3,1,MAIN,3,Mega Abomasnow ex,2,Snover,90.0,40,False,1,ATTACK_1046,18104.6,1,ATTACK_1046,18104.6,0.0,False,1,ATTACK_1046,True,WIN,
176,14,3,1,TO_HAND,3,Mega Abomasnow ex,2,Snover,90.0,40,False,0,CARD,5000.0,0,CARD,5000.0,0.0,False,0,CARD,True,WIN,
176,15,3,1,MAIN,2,Mega Abomasnow ex,2,Snover,90.0,40,False,0,ATTACK_1046,18104.6,0,ATTACK_1046,18104.6,0.0,False,0,ATTACK_1046,True,WIN,
176,16,3,1,TO_HAND,6,Mega Abomasnow ex,2,NONE,0.0,34,False,0,CARD,5000.0,0,CARD,5000.0,0.0,False,0,CARD,True,WIN,
177,0,0,0,IS_FIRST,2,NONE,0,NONE,0.0,60,False,1,NO,5000.0,1,NO,5000.0,0.0,False,1,NO,True,LOSS,
177,1,0,0,SETUP_ACTIVE_POKEMON,1,NONE,0,NONE,0.0,53,False,0,CARD,10000.0,0,CARD,10000.0,0.0,False,0,CARD,True,LOSS,
177,3,0,0,DRAW_COUNT,2,NONE,0,NONE,0.0,47,False,1,NUMBER,1.0,1,NUMBER,1.0,0.0,False,1,NUMBER,True,LOSS,
177,4,1,0,MAIN,7,Kyogre,0,Snover,90.0,46,False,0,ATTACH,39000.0,0,ATTACH,39000.0,0.0,False,0,ATTACH,True,LOSS,
177,5,1,0,MAIN,2,Kyogre,1,Snover,90.0,46,False,0,ATTACH,39700.0,0,ATTACH,39700.0,0.0,False,0,ATTACH,True,LOSS,
177,6,1,0,MAIN,1,Kyogre,1,Snover,90.0,46,False,0,END,0.0,0,END,0.0,0.0,False,0,END,True,LOSS,
177,9,3,0,MAIN,8,Kyogre,1,Snover,90.0,45,False,1,ATTACH,39700.0,1,ATTACH,39700.0,0.0,False,1,ATTACH,True,LOSS,
177,10,3,0,MAIN,7,Kyogre,1,Snover,90.0,42,False,0,ATTACH,39700.0,0,ATTACH,39700.0,0.0,False,0,ATTACH,True,LOSS,
177,11,3,0,MAIN,4,Kyogre,2,Snover,90.0,42,False,2,ATTACK_1042,18104.2,2,ATTACK_1042,18104.2,0.0,False,2,ATTACK_1042,True,LOSS,
177,12,3,0,MAIN,3,Kyogre,2,Snover,90.0,42,False,1,ATTACK_1042,18104.2,1,ATTACK_1042,18104.2,0.0,False,1,ATTACK_1042,True,LOSS,
177,13,3,0,TO_HAND,3,Kyogre,2,Snover,90.0,42,False,0,CARD,1000.0,0,CARD,1000.0,0.0,False,0,CARD,True,LOSS,
177,14,3,0,MAIN,2,Kyogre,2,Snover,90.0,42,False,0,ATTACK_1042,18104.2,0,ATTACK_1042,18104.2,0.0,False,0,ATTACK_1042,True,LOSS,
177,19,4,0,TO_ACTIVE,1,NONE,0,Mega Abomasnow ex,350.0,42,False,0,CARD,5000.0,0,CARD,5000.0,0.0,False,0,CARD,True,LOSS,
177,20,5,0,MAIN,7,Kyogre,0,Mega Abomasnow ex,350.0,41,False,1,ATTACH,39000.0,1,ATTACH,39000.0,0.0,False,1,ATTACH,True,LOSS,
177,21,5,0,TO_HAND,3,Kyogre,0,Mega Abomasnow ex,350.0,41,False,0,CARD,5000.0,0,CARD,5000.0,0.0,False,0,CARD,True,LOSS,
177,22,5,0,MAIN,4,Kyogre,0,Mega Abomasnow ex,350.0,41,False,0,ATTACH,39000.0,0,ATTACH,39000.0,0.0,False,0,ATTACH,True,LOSS,
177,23,5,0,MAIN,2,Kyogre,1,Mega Abomasnow ex,350.0,41,False,0,ATTACK_1042,18104.2,0,ATTACK_1042,18104.2,0.0,False,0,ATTACK_1042,True,LOSS,
178,2,0,1,SETUP_ACTIVE_POKEMON,2,NONE,0,NONE,0.0,53,False,0,CARD,10000.0,0,CARD,10000.0,0.0,False,0,CARD,True,LOSS,
178,4,0,1,SETUP_BENCH_POKEMON,1,NONE,0,NONE,0.0,47,False,0,CARD,10000.0,0,CARD,10000.0,0.0,False,0,CARD,True,LOSS,
178,6,1,1,MAIN,7,Kyogre,0,Snover,90.0,46,False,0,ATTACH,39000.0,0,ATTACH,39000.0,0.0,False,0,ATTACH,True,LOSS,
178,7,1,1,MAIN,3,Kyogre,1,Snover,90.0,46,False,0,ATTACH,39700.0,0,ATTACH,39700.0,0.0,False,0,ATTACH,True,LOSS,
178,8,1,1,MAIN,2,Kyogre,1,Snover,90.0,46,False,0,PLAY,12000.0,0,PLAY,12000.0,0.0,False,0,PLAY,True,LOSS,
178,9,1,1,MAIN,1,Kyogre,1,Snover,90.0,46,False,0,END,0.0,0,END,0.0,0.0,False,0,END,True,LOSS,
178,12,3,1,MAIN,10,Kyogre,1,Snover,90.0,45,False,0,ATTACH,39700.0,0,ATTACH,39700.0,0.0,False,0,ATTACH,True,LOSS,
178,13,3,1,MAIN,4,Kyogre,2,Snover,90.0,45,False,2,ATTACK_1042,18104.2,2,ATTACK_1042,18104.2,0.0,False,2,ATTACK_1042,True,LOSS,
178,14,3,1,MAIN,4,Kyogre,2,Snover,90.0,40,False,2,ATTACK_1042,18104.2,2,ATTACK_1042,18104.2,0.0,False,2,ATTACK_1042,True,LOSS,
178,15,3,1,MAIN,3,Kyogre,2,Snover,90.0,40,False,1,ATTACK_1042,18104.2,1,ATTACK_1042,18104.2,0.0,False,1,ATTACK_1042,True,LOSS,
178,16,3,1,TO_HAND,4,Kyogre,2,Snover,90.0,40,False,0,CARD,5000.0,0,CARD,5000.0,0.0,False,0,CARD,True,LOSS,
178,17,3,1,MAIN,2,Kyogre,2,Snover,90.0,40,False,0,ATTACK_1042,18104.2,0,ATTACK_1042,18104.2,0.0,False,0,ATTACK_1042,True,LOSS,
178,22,4,1,TO_ACTIVE,2,NONE,0,Mega Abomasnow ex,350.0,40,False,0,CARD,5000.0,0,CARD,5000.0,0.0,False,0,CARD,True,LOSS,
178,23,5,1,MAIN,14,Snover,0,Mega Abomasnow ex,350.0,39,False,0,ATTACH,39000.0,0,ATTACH,39000.0,0.0,False,0,ATTACH,True,LOSS,
178,24,5,1,MAIN,3,Snover,1,Mega Abomasnow ex,350.0,39,False,1,ATTACK_1044,18104.4,1,ATTACK_1044,18104.4,0.0,False,1,ATTACK_1044,True,LOSS,
178,25,5,1,TO_HAND,4,Snover,1,Mega Abomasnow ex,350.0,39,False,0,CARD,5000.0,0,CARD,5000.0,0.0,False,0,CARD,True,LOSS,
178,26,5,1,MAIN,2,Snover,1,Mega Abomasnow ex,350.0,39,False,0,ATTACK_1044,18104.4,0,ATTACK_1044,18104.4,0.0,False,0,ATTACK_1044,True,LOSS,
178,30,6,1,TO_ACTIVE,1,NONE,0,Mega Abomasnow ex,340.0,39,False,0,CARD,5000.0,0,CARD,5000.0,0.0,False,0,CARD,True,LOSS,
178,31,7,1,MAIN,7,Snover,0,Mega Abomasnow ex,340.0,38,False,0,ATTACH,39000.0,0,ATTACH,39000.0,0.0,False,0,ATTACH,True,LOSS,
178,32,7,1,MAIN,2,Snover,1,Mega Abomasnow ex,340.0,38,False,0,ATTACK_1044,18104.4,0,ATTACK_1044,18104.4,0.0,False,0,ATTACK_1044,True,LOSS,
179,0,0,0,IS_FIRST,2,NONE,0,NONE,0.0,60,False,1,NO,5000.0,1,NO,5000.0,0.0,False,1,NO,True,WIN,
179,1,0,0,SETUP_ACTIVE_POKEMON,1,NONE,0,NONE,0.0,53,False,0,CARD,10000.0,0,CARD,10000.0,0.0,False,0,CARD,True,WIN,
179,3,0,0,DRAW_COUNT,2,NONE,0,NONE,0.0,47,False,1,NUMBER,1.0,1,NUMBER,1.0,0.0,False,1,NUMBER,True,WIN,
179,4,1,0,MAIN,7,Kyogre,0,Kyogre,150.0,46,False,0,ATTACH,39000.0,0,ATTACH,39000.0,0.0,False,0,ATTACH,True,WIN,
179,5,1,0,MAIN,2,Kyogre,1,Kyogre,150.0,46,False,0,PLAY,12000.0,0,PLAY,12000.0,0.0,False,0,PLAY,True,WIN,
179,6,1,0,MAIN,1,Kyogre,1,Kyogre,150.0,46,False,0,END,0.0,0,END,0.0,0.0,False,0,END,True,WIN,
179,9,3,0,MAIN,12,Kyogre,1,Kyogre,150.0,45,False,0,ATTACH,39700.0,0,ATTACH,39700.0,0.0,False,0,ATTACH,True,WIN,
179,10,3,0,MAIN,4,Kyogre,2,Kyogre,150.0,45,False,2,ATTACK_1042,18104.2,2,ATTACK_1042,18104.2,0.0,False,2,ATTACK_1042,True,WIN,
179,11,3,0,MAIN,5,Kyogre,2,Kyogre,150.0,41,False,1,ATTACH,40400.0,1,ATTACH,40400.0,0.0,False,1,ATTACH,True,WIN,
179,12,3,0,MAIN,5,Kyogre,2,Kyogre,150.0,41,False,0,ATTACH,40400.0,0,ATTACH,40400.0,0.0,False,0,ATTACH,True,WIN,
179,13,3,0,MAIN,2,Kyogre,2,Kyogre,150.0,41,False,0,ATTACK_1042,18104.2,0,ATTACK_1042,18104.2,0.0,False,0,ATTACK_1042,True,WIN,
179,16,5,0,MAIN,15,Kyogre,2,Kyogre,150.0,40,False,0,EVOLVE,70000.0,0,EVOLVE,70000.0,0.0,False,0,EVOLVE,True,WIN,
179,17,5,0,MAIN,14,Kyogre,2,Kyogre,150.0,40,False,1,ATTACH,40400.0,1,ATTACH,40400.0,0.0,False,1,ATTACH,True,WIN,
179,18,5,0,ATTACH_TO,6,Kyogre,2,Kyogre,150.0,34,False,4,CARD,10000.0,4,CARD,10000.0,0.0,False,4,CARD,True,WIN,
179,19,5,0,MAIN,12,Kyogre,2,Kyogre,150.0,40,False,0,ATTACH,40400.0,0,ATTACH,40400.0,0.0,False,0,ATTACH,True,WIN,
179,20,5,0,MAIN,5,Kyogre,3,Kyogre,150.0,40,False,2,ATTACK_1043,18104.3,2,ATTACK_1043,18104.3,0.0,False,2,ATTACK_1043,True,WIN,
179,21,5,0,MAIN,4,Kyogre,3,Kyogre,150.0,40,False,1,ATTACK_1043,18104.3,1,ATTACK_1043,18104.3,0.0,False,1,ATTACK_1043,True,WIN,
179,26,7,0,MAIN,14,Kyogre,3,Kyogre,150.0,39,False,9,EVOLVE,70000.0,9,EVOLVE,70000.0,0.0,False,9,EVOLVE,True,WIN,
179,27,7,0,TO_HAND,2,Kyogre,3,Kyogre,150.0,39,False,0,CARD,1000.0,0,CARD,1000.0,0.0,False,0,CARD,True,WIN,
179,28,7,0,MAIN,13,Kyogre,3,Kyogre,150.0,39,False,8,EVOLVE,70000.0,8,EVOLVE,70000.0,0.0,False,8,EVOLVE,True,WIN,
179,29,7,0,MAIN,5,Kyogre,4,Kyogre,150.0,39,False,0,EVOLVE,70000.0,0,EVOLVE,70000.0,0.0,False,0,EVOLVE,True,WIN,
179,30,7,0,MAIN,4,Kyogre,4,Kyogre,150.0,39,False,2,RETREAT,30000.0,2,RETREAT,30000.0,0.0,False,2,RETREAT,True,WIN,
179,34,8,0,TO_ACTIVE,3,NONE,0,Kyogre,150.0,39,False,0,CARD,5000.0,0,CARD,5000.0,0.0,False,0,CARD,True,WIN,
179,35,9,0,MAIN,7,Kyogre,0,Kyogre,150.0,38,False,0,ATTACH,39000.0,0,ATTACH,39000.0,0.0,False,0,ATTACH,True,WIN,
179,36,9,0,MAIN,2,Kyogre,1,Kyogre,150.0,38,False,0,ATTACK_1042,18104.2,0,ATTACK_1042,18104.2,0.0,False,0,ATTACK_1042,True,WIN,
179,41,11,0,MAIN,8,Kyogre,1,Kyogre,70.0,41,False,0,ATTACH,39700.0,0,ATTACH,39700.0,0.0,False,0,ATTACH,True,WIN,
179,42,11,0,MAIN,2,Kyogre,2,Kyogre,70.0,41,False,0,ATTACK_1042,18104.2,0,ATTACK_1042,18104.2,0.0,False,0,ATTACK_1042,True,WIN,
179,46,12,0,TO_ACTIVE,2,NONE,0,Kyogre,70.0,41,False,0,CARD,5000.0,0,CARD,5000.0,0.0,False,0,CARD,True,WIN,
179,47,13,0,MAIN,5,Mega Abomasnow ex,0,Kyogre,70.0,40,False,0,ATTACH,39000.0,0,ATTACH,39000.0,0.0,False,0,ATTACH,True,WIN,
179,48,13,0,MAIN,1,Mega Abomasnow ex,1,Kyogre,70.0,40,False,0,END,0.0,0,END,0.0,0.0,False,0,END,True,WIN,
179,53,15,0,MAIN,5,Mega Abomasnow ex,1,Kyogre,70.0,39,False,0,ATTACH,39700.0,0,ATTACH,39700.0,0.0,False,0,ATTACH,True,WIN,
179,54,15,0,MAIN,2,Mega Abomasnow ex,2,Kyogre,70.0,39,False,0,ATTACK_1046,18104.6,0,ATTACK_1046,18104.6,0.0,False,0,ATTACK_1046,True,WIN,
179,55,15,0,TO_HAND,6,Mega Abomasnow ex,2,NONE,0.0,33,False,3,CARD,10000.0,3,CARD,10000.0,0.0,False,3,CARD,True,WIN,
180,1,0,1,SETUP_ACTIVE_POKEMON,2,NONE,0,NONE,0.0,53,False,0,CARD,10000.0,0,CARD,10000.0,0.0,False,0,CARD,True,LOSS,
180,3,0,1,SETUP_BENCH_POKEMON,1,NONE,0,NONE,0.0,47,False,0,CARD,10000.0,0,CARD,10000.0,0.0,False,0,CARD,True,LOSS,
180,4,1,1,MAIN,6,Snover,0,Snover,90.0,46,False,0,ATTACH,39000.0,0,ATTACH,39000.0,0.0,False,0,ATTACH,True,LOSS,
180,5,1,1,MAIN,2,Snover,1,Snover,90.0,46,False,0,PLAY,12000.0,0,PLAY,12000.0,0.0,False,0,PLAY,True,LOSS,
180,6,1,1,MAIN,1,Snover,1,Snover,90.0,46,False,0,END,0.0,0,END,0.0,0.0,False,0,END,True,LOSS,
180,9,3,1,MAIN,11,Snover,1,Snover,90.0,45,False,5,EVOLVE,70500.0,5,EVOLVE,70500.0,0.0,False,5,EVOLVE,True,LOSS,
180,10,3,1,MAIN,12,Snover,1,Snover,90.0,42,False,0,ATTACH,39700.0,0,ATTACH,39700.0,0.0,False,0,ATTACH,True,LOSS,
180,11,3,1,MAIN,5,Snover,2,Snover,90.0,42,False,3,ATTACK_1045,18104.5,3,ATTACK_1045,18104.5,0.0,False,3,ATTACK_1045,True,LOSS,
180,12,3,1,MAIN,4,Snover,2,Snover,90.0,42,False,2,ATTACK_1045,18104.5,2,ATTACK_1045,18104.5,0.0,False,2,ATTACK_1045,True,LOSS,
180,13,3,1,MAIN,3,Snover,2,Snover,90.0,42,False,1,ATTACK_1045,18104.5,1,ATTACK_1045,18104.5,0.0,False,1,ATTACK_1045,True,LOSS,
180,18,4,1,TO_ACTIVE,3,NONE,0,Mega Abomasnow ex,340.0,42,False,0,CARD,5000.0,0,CARD,5000.0,0.0,False,0,CARD,True,LOSS,
180,19,5,1,MAIN,15,Kyogre,0,Mega Abomasnow ex,340.0,41,False,0,ATTACH,39000.0,0,ATTACH,39000.0,0.0,False,0,ATTACH,True,LOSS,
180,20,5,1,MAIN,4,Kyogre,1,Mega Abomasnow ex,340.0,41,False,2,ATTACK_1042,18104.2,2,ATTACK_1042,18104.2,0.0,False,2,ATTACK_1042,True,LOSS,
180,21,5,1,MAIN,6,Kyogre,1,Mega Abomasnow ex,340.0,37,False,1,ATTACH,39700.0,1,ATTACH,39700.0,0.0,False,1,ATTACH,True,LOSS,
180,22,5,1,TO_HAND,3,Kyogre,1,Mega Abomasnow ex,340.0,37,False,0,CARD,1000.0,0,CARD,1000.0,0.0,False,0,CARD,True,LOSS,
180,23,5,1,MAIN,5,Kyogre,1,Mega Abomasnow ex,340.0,37,False,0,ATTACH,39700.0,0,ATTACH,39700.0,0.0,False,0,ATTACH,True,LOSS,
180,24,5,1,MAIN,2,Kyogre,1,Mega Abomasnow ex,340.0,37,False,0,ATTACK_1042,18104.2,0,ATTACK_1042,18104.2,0.0,False,0,ATTACK_1042,True,LOSS,
180,28,6,1,TO_ACTIVE,2,NONE,0,Mega Abomasnow ex,250.0,39,False,0,CARD,5000.0,0,CARD,5000.0,0.0,False,0,CARD,True,LOSS,
180,29,7,1,MAIN,13,Snover,0,Mega Abomasnow ex,250.0,38,False,0,ATTACH,39000.0,0,ATTACH,39000.0,0.0,False,0,ATTACH,True,LOSS,
180,30,7,1,MAIN,4,Snover,1,Mega Abomasnow ex,250.0,38,False,2,ATTACK_1044,18104.4,2,ATTACK_1044,18104.4,0.0,False,2,ATTACK_1044,True,LOSS,
180,31,7,1,MAIN,2,Snover,1,Mega Abomasnow ex,250.0,35,False,0,ATTACK_1044,18104.4,0,ATTACK_1044,18104.4,0.0,False,0,ATTACK_1044,True,LOSS,
180,35,8,1,TO_ACTIVE,1,NONE,0,Mega Abomasnow ex,250.0,35,False,0,CARD,5000.0,0,CARD,5000.0,0.0,False,0,CARD,True,LOSS,
180,36,9,1,MAIN,10,Kyogre,0,Mega Abomasnow ex,250.0,34,False,0,ATTACH,39000.0,0,ATTACH,39000.0,0.0,False,0,ATTACH,True,LOSS,
180,37,9,1,MAIN,3,Kyogre,1,Mega Abomasnow ex,250.0,34,False,1,ATTACK_1042,18104.2,1,ATTACK_1042,18104.2,0.0,False,1,ATTACK_1042,True,LOSS,
180,38,9,1,ATTACH_TO,3,Kyogre,1,Mega Abomasnow ex,250.0,28,False,0,CARD,5000.0,0,CARD,5000.0,0.0,False,0,CARD,True,LOSS,
180,39,9,1,MAIN,2,Kyogre,1,Mega Abomasnow ex,250.0,34,False,0,ATTACK_1042,18104.2,0,ATTACK_1042,18104.2,0.0,False,0,ATTACK_1042,True,LOSS,
181,0,0,0,IS_FIRST,2,NONE,0,NONE,0.0,60,False,1,NO,5000.0,1,NO,5000.0,0.0,False,1,NO,True,WIN,
181,1,0,0,SETUP_ACTIVE_POKEMON,1,NONE,0,NONE,0.0,53,False,0,CARD,10000.0,0,CARD,10000.0,0.0,False,0,CARD,True,WIN,
181,4,1,0,MAIN,6,Snover,0,Kyogre,150.0,46,False,0,ATTACH,39000.0,0,ATTACH,39000.0,0.0,False,0,ATTACH,True,WIN,
181,5,1,0,MAIN,1,Snover,1,Kyogre,150.0,46,False,0,END,0.0,0,END,0.0,0.0,False,0,END,True,WIN,
181,8,3,0,MAIN,9,Snover,1,Kyogre,150.0,45,False,5,EVOLVE,70500.0,5,EVOLVE,70500.0,0.0,False,5,EVOLVE,True,WIN,
181,9,3,0,MAIN,6,Snover,2,Kyogre,150.0,45,False,1,EVOLVE,71000.0,1,EVOLVE,71000.0,0.0,False,1,EVOLVE,True,WIN,
181,10,3,0,MAIN,4,Snover,2,Kyogre,150.0,42,False,2,ATTACK_1045,18104.5,2,ATTACK_1045,18104.5,0.0,False,2,ATTACK_1045,True,WIN,
181,11,3,0,MAIN,3,Snover,2,Kyogre,150.0,42,False,1,ATTACK_1045,18104.5,1,ATTACK_1045,18104.5,0.0,False,1,ATTACK_1045,True,WIN,
181,15,5,0,MAIN,17,Snover,2,Kyogre,140.0,41,False,0,ATTACH,40400.0,0,ATTACH,40400.0,0.0,False,0,ATTACH,True,WIN,
181,16,5,0,MAIN,6,Snover,3,Kyogre,140.0,41,False,3,ATTACK_1045,18104.5,3,ATTACK_1045,18104.5,0.0,False,3,ATTACK_1045,True,WIN,
181,17,5,0,MAIN,10,Snover,3,Kyogre,140.0,39,False,0,EVOLVE,71500.0,0,EVOLVE,71500.0,0.0,False,0,EVOLVE,True,WIN,
181,18,5,0,MAIN,6,Mega Abomasnow ex,3,Kyogre,140.0,39,True,2,EVOLVE,70000.0,2,EVOLVE,70000.0,0.0,False,2,EVOLVE,True,WIN,
181,19,5,0,TO_HAND,2,Mega Abomasnow ex,3,Kyogre,140.0,39,False,0,CARD,5000.0,0,CARD,5000.0,0.0,False,0,CARD,True,WIN,
181,20,5,0,MAIN,5,Mega Abomasnow ex,3,Kyogre,140.0,39,True,1,EVOLVE,70000.0,1,EVOLVE,70000.0,0.0,False,1,EVOLVE,True,WIN,
181,21,5,0,MAIN,4,Mega Abomasnow ex,3,Kyogre,140.0,39,True,0,EVOLVE,70000.0,0,EVOLVE,70000.0,0.0,False,0,EVOLVE,True,WIN,
181,22,5,0,MAIN,3,Mega Abomasnow ex,3,Kyogre,140.0,39,True,1,ATTACK_1047,18104.7,1,ATTACK_1047,28104.7,0.0,False,1,ATTACK_1047,True,WIN,
181,23,5,0,TO_HAND,6,Mega Abomasnow ex,3,NONE,0.0,33,False,0,CARD,5000.0,0,CARD,5000.0,0.0,False,0,CARD,True,WIN,
181,33,7,0,MAIN,21,Mega Abomasnow ex,3,Mega Abomasnow ex,350.0,32,True,0,ATTACH,41100.0,0,ATTACH,41100.0,0.0,False,0,ATTACH,True,WIN,
181,34,7,0,MAIN,4,Mega Abomasnow ex,4,Mega Abomasnow ex,350.0,32,True,1,ATTACK_1047,18104.7,0,ATTACK_1046,28104.6,9999.899999999998,True,0,ATTACK_1046,True,WIN,True
181,35,7,0,TO_HAND,5,Mega Abomasnow ex,4,NONE,0.0,26,False,0,CARD,5000.0,0,CARD,5000.0,0.0,False,0,CARD,True,WIN,
181,40,9,0,MAIN,29,Mega Abomasnow ex,4,Kyogre,150.0,25,True,0,ATTACH,41800.0,0,ATTACH,41800.0,0.0,False,0,ATTACH,True,WIN,
181,41,9,0,MAIN,5,Mega Abomasnow ex,5,Kyogre,150.0,25,True,2,ATTACK_1047,18104.7,2,ATTACK_1047,28104.7,0.0,False,2,ATTACK_1047,True,WIN,
181,42,9,0,TO_HAND,2,Mega Abomasnow ex,5,Kyogre,150.0,25,False,0,CARD,5000.0,0,CARD,5000.0,0.0,False,0,CARD,True,WIN,
181,43,9,0,MAIN,4,Mega Abomasnow ex,5,Kyogre,150.0,25,True,1,ATTACK_1047,18104.7,1,ATTACK_1047,28104.7,0.0,False,1,ATTACK_1047,True,WIN,
181,44,9,0,TO_HAND,2,Mega Abomasnow ex,5,NONE,0.0,19,False,0,CARD,5000.0,0,CARD,5000.0,0.0,False,0,CARD,True,WIN,
181,49,11,0,MAIN,31,Mega Abomasnow ex,5,Mega Abomasnow ex,350.0,18,True,0,ATTACH,41800.0,0,ATTACH,41800.0,0.0,False,0,ATTACH,True,WIN,
181,50,11,0,MAIN,4,Mega Abomasnow ex,6,Mega Abomasnow ex,350.0,18,True,1,ATTACK_1047,18104.7,0,ATTACK_1046,28104.6,9999.899999999998,True,0,ATTACK_1046,True,WIN,True
181,53,13,0,MAIN,31,Mega Abomasnow ex,6,Mega Abomasnow ex,50.0,11,True,0,ATTACH,41800.0,0,ATTACH,41800.0,0.0,False,0,ATTACH,True,WIN,
181,54,13,0,MAIN,4,Mega Abomasnow ex,7,Mega Abomasnow ex,50.0,11,True,2,RETREAT,30000.0,2,RETREAT,30000.0,0.0,False,2,RETREAT,True,WIN,
181,55,13,0,TO_HAND,1,Mega Abomasnow ex,7,NONE,0.0,5,False,0,CARD,5000.0,0,CARD,5000.0,0.0,False,0,CARD,True,WIN,
182,1,0,1,SETUP_ACTIVE_POKEMON,1,NONE,0,NONE,0.0,53,False,0,CARD,10000.0,0,CARD,10000.0,0.0,False,0,CARD,True,LOSS,
182,3,0,1,DRAW_COUNT,3,NONE,0,NONE,0.0,47,False,2,NUMBER,2.0,2,NUMBER,2.0,0.0,False,2,NUMBER,True,LOSS,
182,4,1,1,MAIN,3,Kyogre,0,Kyogre,150.0,46,False,0,ATTACH,39000.0,0,ATTACH,39000.0,0.0,False,0,ATTACH,True,LOSS,
182,5,1,1,MAIN,1,Kyogre,1,Kyogre,150.0,46,False,0,END,0.0,0,END,0.0,0.0,False,0,END,True,LOSS,
182,8,3,1,MAIN,8,Kyogre,1,Kyogre,150.0,45,False,4,ATTACH,39700.0,4,ATTACH,39700.0,0.0,False,4,ATTACH,True,LOSS,
182,9,3,1,ATTACH_TO,5,Kyogre,1,Kyogre,150.0,39,False,0,CARD,10000.0,0,CARD,10000.0,0.0,False,0,CARD,True,LOSS,
182,10,3,1,MAIN,4,Kyogre,1,Kyogre,150.0,45,False,0,ATTACH,39700.0,0,ATTACH,39700.0,0.0,False,0,ATTACH,True,LOSS,
182,11,3,1,MAIN,2,Kyogre,2,Kyogre,150.0,45,False,0,ATTACK_1042,18104.2,0,ATTACK_1042,18104.2,0.0,False,0,ATTACK_1042,True,LOSS,
182,14,5,1,MAIN,7,Kyogre,2,Kyogre,150.0,44,False,3,ATTACH,40400.0,3,ATTACH,40400.0,0.0,False,3,ATTACH,True,LOSS,
182,15,5,1,ATTACH_TO,5,Kyogre,2,Kyogre,150.0,38,False,0,CARD,10000.0,0,CARD,10000.0,0.0,False,0,CARD,True,LOSS,
182,16,5,1,MAIN,4,Kyogre,2,Kyogre,150.0,44,False,0,ATTACH,40400.0,0,ATTACH,40400.0,0.0,False,0,ATTACH,True,LOSS,
182,17,5,1,MAIN,3,Kyogre,3,Kyogre,150.0,44,False,1,ATTACK_1043,18104.3,1,ATTACK_1043,18104.3,0.0,False,1,ATTACK_1043,True,LOSS,
182,22,7,1,MAIN,7,Kyogre,3,Kyogre,150.0,43,False,2,ATTACH,41100.0,2,ATTACH,41100.0,0.0,False,2,ATTACH,True,LOSS,
182,23,7,1,MAIN,11,Kyogre,3,Kyogre,150.0,39,False,0,ATTACH,41100.0,0,ATTACH,41100.0,0.0,False,0,ATTACH,True,LOSS,
182,24,7,1,MAIN,5,Kyogre,4,Kyogre,150.0,39,False,1,ATTACH,41800.0,1,ATTACH,41800.0,0.0,False,1,ATTACH,True,LOSS,
182,25,7,1,TO_HAND,3,Kyogre,4,Kyogre,150.0,39,False,0,CARD,5000.0,0,CARD,5000.0,0.0,False,0,CARD,True,LOSS,
182,26,7,1,MAIN,4,Kyogre,4,Kyogre,150.0,39,False,0,ATTACH,41800.0,0,ATTACH,41800.0,0.0,False,0,ATTACH,True,LOSS,
182,27,7,1,MAIN,3,Kyogre,4,Kyogre,150.0,39,False,1,ATTACK_1043,18104.3,1,ATTACK_1043,18104.3,0.0,False,1,ATTACK_1043,True,LOSS,
183,0,0,0,IS_FIRST,2,NONE,0,NONE,0.0,60,False,1,NO,5000.0,1,NO,5000.0,0.0,False,1,NO,True,LOSS,
183,1,0,0,SETUP_ACTIVE_POKEMON,1,NONE,0,NONE,0.0,53,False,0,CARD,10000.0,0,CARD,10000.0,0.0,False,0,CARD,True,LOSS,
183,3,1,0,MAIN,6,Snover,0,Snover,90.0,46,False,0,ATTACH,39000.0,0,ATTACH,39000.0,0.0,False,0,ATTACH,True,LOSS,
183,4,1,0,MAIN,2,Snover,1,Snover,90.0,46,False,0,PLAY,12000.0,0,PLAY,12000.0,0.0,False,0,PLAY,True,LOSS,
183,5,1,0,MAIN,1,Snover,1,Snover,90.0,46,False,0,END,0.0,0,END,0.0,0.0,False,0,END,True,LOSS,
183,8,3,0,MAIN,11,Snover,1,Snover,90.0,45,False,1,ATTACH,39700.0,1,ATTACH,39700.0,0.0,False,1,ATTACH,True,LOSS,
183,9,3,0,ATTACH_TO,3,Snover,1,Snover,90.0,39,False,0,CARD,5000.0,0,CARD,5000.0,0.0,False,0,CARD,True,LOSS,
183,10,3,0,MAIN,8,Snover,1,Snover,90.0,45,False,0,ATTACH,39700.0,0,ATTACH,39700.0,0.0,False,0,ATTACH,True,LOSS,
183,11,3,0,MAIN,3,Snover,2,Snover,90.0,45,False,1,ATTACK_1045,18104.5,1,ATTACK_1045,18104.5,0.0,False,1,ATTACK_1045,True,LOSS,
183,14,5,0,MAIN,11,Snover,2,Snover,80.0,44,False,0,ATTACH,40400.0,0,ATTACH,40400.0,0.0,False,0,ATTACH,True,LOSS,
183,15,5,0,MAIN,6,Snover,3,Snover,80.0,44,False,3,ATTACK_1045,18104.5,3,ATTACK_1045,18104.5,0.0,False,3,ATTACK_1045,True,LOSS,
183,16,5,0,ATTACH_TO,3,Snover,3,Snover,80.0,38,False,0,CARD,5000.0,0,CARD,5000.0,0.0,False,0,CARD,True,LOSS,
183,17,5,0,MAIN,4,Snover,3,Snover,80.0,44,False,1,ATTACK_1045,18104.5,1,ATTACK_1045,18104.5,0.0,False,1,ATTACK_1045,True,LOSS,
183,22,6,0,TO_ACTIVE,1,NONE,0,Mega Abomasnow ex,330.0,44,False,0,CARD,5000.0,0,CARD,5000.0,0.0,False,0,CARD,True,LOSS,
183,23,7,0,MAIN,5,Kyogre,0,Mega Abomasnow ex,330.0,43,False,0,ATTACH,39000.0,0,ATTACH,39000.0,0.0,False,0,ATTACH,True,LOSS,
183,24,7,0,MAIN,3,Kyogre,1,Mega Abomasnow ex,330.0,43,False,1,ATTACK_1042,18104.2,1,ATTACK_1042,18104.2,0.0,False,1,ATTACK_1042,True,LOSS,
183,25,7,0,ATTACH_TO,1,Kyogre,1,Mega Abomasnow ex,330.0,37,False,0,CARD,5000.0,0,CARD,5000.0,0.0,False,0,CARD,True,LOSS,
183,26,7,0,MAIN,2,Kyogre,1,Mega Abomasnow ex,330.0,43,False,0,ATTACK_1042,18104.2,0,ATTACK_1042,18104.2,0.0,False,0,ATTACK_1042,True,LOSS,
184,1,0,1,SETUP_ACTIVE_POKEMON,1,NONE,0,NONE,0.0,53,False,0,CARD,10000.0,0,CARD,10000.0,0.0,False,0,CARD,True,WIN,
184,3,1,1,MAIN,6,Snover,0,Snover,90.0,46,False,0,ATTACH,39000.0,0,ATTACH,39000.0,0.0,False,0,ATTACH,True,WIN,
184,4,1,1,MAIN,1,Snover,1,Snover,90.0,46,False,0,END,0.0,0,END,0.0,0.0,False,0,END,True,WIN,
184,7,3,1,MAIN,9,Snover,1,Snover,90.0,45,False,0,ATTACH,39700.0,0,ATTACH,39700.0,0.0,False,0,ATTACH,True,WIN,
184,8,3,1,MAIN,5,Snover,2,Snover,90.0,45,False,3,ATTACK_1045,18104.5,3,ATTACK_1045,18104.5,0.0,False,3,ATTACK_1045,True,WIN,
184,9,3,1,ATTACH_TO,2,Snover,2,Snover,90.0,39,False,0,CARD,5000.0,0,CARD,5000.0,0.0,False,0,CARD,True,WIN,
184,10,3,1,MAIN,3,Snover,2,Snover,90.0,45,False,1,ATTACK_1045,18104.5,1,ATTACK_1045,18104.5,0.0,False,1,ATTACK_1045,True,WIN,
184,13,5,1,MAIN,9,Snover,2,Snover,80.0,44,False,0,ATTACH,40400.0,0,ATTACH,40400.0,0.0,False,0,ATTACH,True,WIN,
184,14,5,1,MAIN,4,Snover,3,Snover,80.0,44,False,2,ATTACK_1045,18104.5,2,ATTACK_1045,18104.5,0.0,False,2,ATTACK_1045,True,WIN,
184,15,5,1,ATTACH_TO,2,Snover,3,Snover,80.0,38,False,0,CARD,1000.0,0,CARD,1000.0,0.0,False,0,CARD,True,WIN,
184,16,5,1,MAIN,3,Snover,3,Snover,80.0,44,False,1,ATTACK_1045,18104.5,1,ATTACK_1045,18104.5,0.0,False,1,ATTACK_1045,True,WIN,
184,19,7,1,MAIN,8,Snover,3,Snover,70.0,43,False,4,EVOLVE,71500.0,4,EVOLVE,71500.0,0.0,False,4,EVOLVE,True,WIN,
184,20,7,1,MAIN,4,Snover,4,Snover,70.0,43,False,0,EVOLVE,72000.0,0,EVOLVE,72000.0,0.0,False,0,EVOLVE,True,WIN,
184,21,7,1,MAIN,3,Mega Abomasnow ex,4,Snover,70.0,43,True,1,ATTACK_1047,18104.7,1,ATTACK_1047,28104.7,0.0,False,1,ATTACK_1047,True,WIN,
184,22,7,1,TO_HAND,6,Mega Abomasnow ex,4,NONE,0.0,37,False,0,CARD,5000.0,0,CARD,5000.0,0.0,False,0,CARD,True,WIN,
185,0,0,0,IS_FIRST,2,NONE,0,NONE,0.0,60,False,1,NO,5000.0,1,NO,5000.0,0.0,False,1,NO,True,WIN,
185,1,0,0,SETUP_ACTIVE_POKEMON,2,NONE,0,NONE,0.0,53,False,0,CARD,10000.0,0,CARD,10000.0,0.0,False,0,CARD,True,WIN,
185,3,0,0,DRAW_COUNT,2,NONE,0,NONE,0.0,47,False,1,NUMBER,1.0,1,NUMBER,1.0,0.0,False,1,NUMBER,True,WIN,
185,4,0,0,SETUP_BENCH_POKEMON,1,NONE,0,NONE,0.0,47,False,0,CARD,10000.0,0,CARD,10000.0,0.0,False,0,CARD,True,WIN,
185,5,1,0,MAIN,6,Snover,0,Kyogre,150.0,46,False,0,ATTACH,39000.0,0,ATTACH,39000.0,0.0,False,0,ATTACH,True,WIN,
185,6,1,0,MAIN,2,Snover,1,Kyogre,150.0,46,False,0,PLAY,12000.0,0,PLAY,12000.0,0.0,False,0,PLAY,True,WIN,
185,7,1,0,MAIN,1,Snover,1,Kyogre,150.0,46,False,0,END,0.0,0,END,0.0,0.0,False,0,END,True,WIN,
185,10,3,0,MAIN,12,Snover,1,Kyogre,150.0,45,False,0,EVOLVE,70500.0,0,EVOLVE,70500.0,0.0,False,0,EVOLVE,True,WIN,
185,11,3,0,MAIN,10,Mega Abomasnow ex,1,Kyogre,150.0,45,False,0,ATTACH,39700.0,0,ATTACH,39700.0,0.0,False,0,ATTACH,True,WIN,
185,12,3,0,MAIN,3,Mega Abomasnow ex,2,Kyogre,150.0,45,False,1,ATTACK_1046,18104.6,1,ATTACK_1046,18104.6,0.0,False,1,ATTACK_1046,True,WIN,
185,13,3,0,TO_HAND,3,Mega Abomasnow ex,2,Kyogre,150.0,45,False,0,CARD,1000.0,0,CARD,1000.0,0.0,False,0,CARD,True,WIN,
185,14,3,0,MAIN,2,Mega Abomasnow ex,2,Kyogre,150.0,45,False,0,ATTACK_1046,18104.6,0,ATTACK_1046,18104.6,0.0,False,0,ATTACK_1046,True,WIN,
185,15,3,0,TO_HAND,6,Mega Abomasnow ex,2,NONE,0.0,39,False,0,CARD,5000.0,0,CARD,5000.0,0.0,False,0,CARD,True,WIN,
186,2,0,1,SETUP_ACTIVE_POKEMON,1,NONE,0,NONE,0.0,53,False,0,CARD,10000.0,0,CARD,10000.0,0.0,False,0,CARD,True,LOSS,
186,4,1,1,MAIN,8,Kyogre,0,Snover,90.0,46,False,0,ATTACH,39000.0,0,ATTACH,39000.0,0.0,False,0,ATTACH,True,LOSS,
186,5,1,1,MAIN,7,Kyogre,0,Snover,90.0,46,False,0,ATTACH,39000.0,0,ATTACH,39000.0,0.0,False,0,ATTACH,True,LOSS,
186,6,1,1,MAIN,2,Kyogre,1,Snover,90.0,46,False,0,PLAY,12000.0,0,PLAY,12000.0,0.0,False,0,PLAY,True,LOSS,
186,7,1,1,TO_HAND,3,Kyogre,1,Snover,90.0,46,False,0,CARD,1000.0,0,CARD,1000.0,0.0,False,0,CARD,True,LOSS,
186,8,1,1,MAIN,1,Kyogre,1,Snover,90.0,46,False,0,END,0.0,0,END,0.0,0.0,False,0,END,True,LOSS,
186,11,3,1,MAIN,7,Kyogre,1,Snover,90.0,45,False,0,ATTACH,39700.0,0,ATTACH,39700.0,0.0,False,0,ATTACH,True,LOSS,
186,12,3,1,MAIN,2,Kyogre,2,Snover,90.0,45,False,0,ATTACK_1042,18104.2,0,ATTACK_1042,18104.2,0.0,False,0,ATTACK_1042,True,LOSS,
187,0,0,0,IS_FIRST,2,NONE,0,NONE,0.0,60,False,1,NO,5000.0,1,NO,5000.0,0.0,False,1,NO,True,LOSS,
187,1,0,0,SETUP_ACTIVE_POKEMON,1,NONE,0,NONE,0.0,53,False,0,CARD,10000.0,0,CARD,10000.0,0.0,False,0,CARD,True,LOSS,
187,3,1,0,MAIN,7,Snover,0,Snover,90.0,46,False,0,ATTACH,39000.0,0,ATTACH,39000.0,0.0,False,0,ATTACH,True,LOSS,
187,4,1,0,MAIN,6,Snover,0,Snover,90.0,46,False,0,ATTACH,39000.0,0,ATTACH,39000.0,0.0,False,0,ATTACH,True,LOSS,
187,5,1,0,MAIN,1,Snover,1,Snover,90.0,46,False,0,END,0.0,0,END,0.0,0.0,False,0,END,True,LOSS,
187,8,3,0,MAIN,8,Snover,1,Snover,90.0,45,False,0,ATTACH,39700.0,0,ATTACH,39700.0,0.0,False,0,ATTACH,True,LOSS,
187,9,3,0,MAIN,5,Snover,2,Snover,90.0,45,False,3,ATTACK_1045,18104.5,3,ATTACK_1045,18104.5,0.0,False,3,ATTACK_1045,True,LOSS,
187,10,3,0,TO_HAND,3,Snover,2,Snover,90.0,45,False,0,CARD,1000.0,0,CARD,1000.0,0.0,False,0,CARD,True,LOSS,
187,11,3,0,MAIN,3,Snover,2,Snover,90.0,45,False,1,ATTACK_1045,18104.5,1,ATTACK_1045,18104.5,0.0,False,1,ATTACK_1045,True,LOSS,
188,1,0,1,SETUP_ACTIVE_POKEMON,2,NONE,0,NONE,0.0,53,False,0,CARD,10000.0,0,CARD,10000.0,0.0,False,0,CARD,True,WIN,
188,3,0,1,DRAW_COUNT,3,NONE,0,NONE,0.0,47,False,2,NUMBER,2.0,2,NUMBER,2.0,0.0,False,2,NUMBER,True,WIN,
188,4,0,1,SETUP_BENCH_POKEMON,1,NONE,0,NONE,0.0,47,False,0,CARD,10000.0,0,CARD,10000.0,0.0,False,0,CARD,True,WIN,
188,6,1,1,MAIN,7,Snover,0,Snover,90.0,46,False,1,ATTACH,39000.0,1,ATTACH,39000.0,0.0,False,1,ATTACH,True,WIN,
188,7,1,1,MAIN,10,Snover,0,Snover,90.0,46,False,0,ATTACH,39000.0,0,ATTACH,39000.0,0.0,False,0,ATTACH,True,WIN,
188,8,1,1,MAIN,2,Snover,1,Snover,90.0,46,False,0,PLAY,12000.0,0,PLAY,12000.0,0.0,False,0,PLAY,True,WIN,
188,9,1,1,MAIN,1,Snover,1,Snover,90.0,46,False,0,END,0.0,0,END,0.0,0.0,False,0,END,True,WIN,
188,12,3,1,MAIN,13,Snover,1,Snover,90.0,45,False,0,ATTACH,39700.0,0,ATTACH,39700.0,0.0,False,0,ATTACH,True,WIN,
188,13,3,1,MAIN,5,Snover,2,Snover,90.0,45,False,3,ATTACK_1045,18104.5,3,ATTACK_1045,18104.5,0.0,False,3,ATTACK_1045,True,WIN,
188,14,3,1,ATTACH_TO,2,Snover,2,Snover,90.0,39,False,0,CARD,1000.0,0,CARD,1000.0,0.0,False,0,CARD,True,WIN,
188,15,3,1,MAIN,4,Snover,2,Snover,90.0,45,False,2,ATTACK_1045,18104.5,2,ATTACK_1045,18104.5,0.0,False,2,ATTACK_1045,True,WIN,
188,16,3,1,MAIN,3,Snover,2,Snover,90.0,45,False,1,ATTACK_1045,18104.5,1,ATTACK_1045,18104.5,0.0,False,1,ATTACK_1045,True,WIN,
188,21,4,1,TO_ACTIVE,3,NONE,0,Mega Abomasnow ex,340.0,45,False,0,CARD,5000.0,0,CARD,5000.0,0.0,False,0,CARD,True,WIN,
188,22,5,1,MAIN,8,Kyogre,0,Mega Abomasnow ex,340.0,44,False,6,EVOLVE,70000.0,6,EVOLVE,70000.0,0.0,False,6,EVOLVE,True,WIN,
188,23,5,1,MAIN,3,Kyogre,1,Mega Abomasnow ex,340.0,44,False,0,EVOLVE,70000.0,0,EVOLVE,70000.0,0.0,False,0,EVOLVE,True,WIN,
188,24,5,1,MAIN,2,Kyogre,1,Mega Abomasnow ex,340.0,44,False,0,ATTACK_1042,18104.2,0,ATTACK_1042,18104.2,0.0,False,0,ATTACK_1042,True,WIN,
188,28,6,1,TO_ACTIVE,2,NONE,0,Mega Abomasnow ex,300.0,46,False,1,CARD,10000.0,1,CARD,10000.0,0.0,False,1,CARD,True,WIN,
188,29,7,1,MAIN,5,Mega Abomasnow ex,0,Mega Abomasnow ex,300.0,45,False,0,ATTACH,39000.0,0,ATTACH,39000.0,0.0,False,0,ATTACH,True,WIN,
188,30,7,1,MAIN,1,Mega Abomasnow ex,1,Mega Abomasnow ex,300.0,45,False,0,END,0.0,0,END,0.0,0.0,False,0,END,True,WIN,
188,33,9,1,MAIN,5,Mega Abomasnow ex,1,Mega Abomasnow ex,300.0,44,False,0,ATTACH,39700.0,0,ATTACH,39700.0,0.0,False,0,ATTACH,True,WIN,
188,34,9,1,MAIN,2,Mega Abomasnow ex,2,Mega Abomasnow ex,300.0,44,False,0,ATTACK_1046,18104.6,0,ATTACK_1046,18104.6,0.0,False,0,ATTACK_1046,True,WIN,
188,35,9,1,TO_HAND,6,Mega Abomasnow ex,2,NONE,0.0,38,False,1,CARD,10000.0,1,CARD,10000.0,0.0,False,1,CARD,True,WIN,
188,39,11,1,MAIN,11,Mega Abomasnow ex,2,Snover,90.0,37,False,0,ATTACH,40400.0,0,ATTACH,40400.0,0.0,False,0,ATTACH,True,WIN,
188,40,11,1,MAIN,4,Mega Abomasnow ex,3,Snover,90.0,37,True,2,ATTACK_1047,18104.7,2,ATTACK_1047,28104.7,0.0,False,2,ATTACK_1047,True,WIN,
188,41,11,1,TO_HAND,3,Mega Abomasnow ex,3,Snover,90.0,37,False,0,CARD,1000.0,0,CARD,1000.0,0.0,False,0,CARD,True,WIN,
188,42,11,1,MAIN,3,Mega Abomasnow ex,3,Snover,90.0,37,True,1,ATTACK_1047,18104.7,1,ATTACK_1047,28104.7,0.0,False,1,ATTACK_1047,True,WIN,
188,43,11,1,TO_HAND,3,Mega Abomasnow ex,3,NONE,0.0,31,False,0,CARD,5000.0,0,CARD,5000.0,0.0,False,0,CARD,True,WIN,
189,0,0,0,IS_FIRST,2,NONE,0,NONE,0.0,60,False,1,NO,5000.0,1,NO,5000.0,0.0,False,1,NO,True,WIN,
189,1,0,0,SETUP_ACTIVE_POKEMON,1,NONE,0,NONE,0.0,53,False,0,CARD,10000.0,0,CARD,10000.0,0.0,False,0,CARD,True,WIN,
189,3,0,0,DRAW_COUNT,2,NONE,0,NONE,0.0,47,False,1,NUMBER,1.0,1,NUMBER,1.0,0.0,False,1,NUMBER,True,WIN,
189,5,1,0,MAIN,7,Snover,0,Snover,90.0,46,False,0,ATTACH,39000.0,0,ATTACH,39000.0,0.0,False,0,ATTACH,True,WIN,
189,6,1,0,MAIN,4,Snover,1,Snover,90.0,46,False,0,PLAY,12000.0,0,PLAY,12000.0,0.0,False,0,PLAY,True,WIN,
189,7,1,0,TO_HAND,4,Snover,1,Snover,90.0,46,False,0,CARD,1000.0,0,CARD,1000.0,0.0,False,0,CARD,True,WIN,
189,8,1,0,MAIN,3,Snover,1,Snover,90.0,46,False,0,PLAY,12000.0,0,PLAY,12000.0,0.0,False,0,PLAY,True,WIN,
189,9,1,0,TO_HAND,4,Snover,1,Snover,90.0,46,False,0,CARD,1000.0,0,CARD,1000.0,0.0,False,0,CARD,True,WIN,
189,10,1,0,MAIN,2,Snover,1,Snover,90.0,46,False,0,PLAY,12000.0,0,PLAY,12000.0,0.0,False,0,PLAY,True,WIN,
189,11,1,0,TO_HAND,4,Snover,1,Snover,90.0,46,False,0,CARD,5000.0,0,CARD,5000.0,0.0,False,0,CARD,True,WIN,
189,12,1,0,MAIN,1,Snover,1,Snover,90.0,46,False,0,END,0.0,0,END,0.0,0.0,False,0,END,True,WIN,
189,15,3,0,MAIN,6,Snover,1,Snover,90.0,45,False,0,ATTACH,39700.0,0,ATTACH,39700.0,0.0,False,0,ATTACH,True,WIN,
189,16,3,0,MAIN,5,Snover,2,Snover,90.0,45,False,3,ATTACK_1045,18104.5,3,ATTACK_1045,18104.5,0.0,False,3,ATTACK_1045,True,WIN,
189,17,3,0,MAIN,8,Snover,2,Snover,90.0,39,False,2,EVOLVE,71000.0,2,EVOLVE,71000.0,0.0,False,2,EVOLVE,True,WIN,
189,18,3,0,MAIN,7,Snover,2,Snover,90.0,39,False,1,EVOLVE,71000.0,1,EVOLVE,71000.0,0.0,False,1,EVOLVE,True,WIN,
189,19,3,0,MAIN,6,Snover,2,Snover,90.0,39,False,0,EVOLVE,71000.0,0,EVOLVE,71000.0,0.0,False,0,EVOLVE,True,WIN,
189,20,3,0,MAIN,4,Mega Abomasnow ex,2,Snover,90.0,39,False,2,ATTACK_1046,18104.6,2,ATTACK_1046,18104.6,0.0,False,2,ATTACK_1046,True,WIN,
189,21,3,0,TO_HAND,3,Mega Abomasnow ex,2,Snover,90.0,39,False,0,CARD,5000.0,0,CARD,5000.0,0.0,False,0,CARD,True,WIN,
189,22,3,0,MAIN,3,Mega Abomasnow ex,2,Snover,90.0,39,False,1,ATTACK_1046,18104.6,1,ATTACK_1046,18104.6,0.0,False,1,ATTACK_1046,True,WIN,
189,23,3,0,MAIN,2,Mega Abomasnow ex,2,Snover,90.0,39,False,0,ATTACK_1046,18104.6,0,ATTACK_1046,18104.6,0.0,False,0,ATTACK_1046,True,WIN,
189,24,3,0,TO_HAND,6,Mega Abomasnow ex,2,NONE,0.0,33,False,0,CARD,5000.0,0,CARD,5000.0,0.0,False,0,CARD,True,WIN,
189,28,5,0,MAIN,17,Mega Abomasnow ex,2,Kyogre,150.0,32,False,0,ATTACH,40400.0,0,ATTACH,40400.0,0.0,False,0,ATTACH,True,WIN,
189,29,5,0,MAIN,3,Mega Abomasnow ex,3,Kyogre,150.0,32,True,1,ATTACK_1047,18104.7,1,ATTACK_1047,28104.7,0.0,False,1,ATTACK_1047,True,WIN,
189,30,5,0,TO_HAND,5,Mega Abomasnow ex,3,NONE,0.0,26,False,0,CARD,5000.0,0,CARD,5000.0,0.0,False,0,CARD,True,WIN,
190,2,0,1,SETUP_ACTIVE_POKEMON,1,NONE,0,NONE,0.0,53,False,0,CARD,10000.0,0,CARD,10000.0,0.0,False,0,CARD,True,WIN,
190,4,1,1,MAIN,7,Kyogre,0,Kyogre,150.0,46,False,0,ATTACH,39000.0,0,ATTACH,39000.0,0.0,False,0,ATTACH,True,WIN,
190,5,1,1,MAIN,1,Kyogre,1,Kyogre,150.0,46,False,0,END,0.0,0,END,0.0,0.0,False,0,END,True,WIN,
190,8,3,1,MAIN,9,Kyogre,1,Kyogre,150.0,45,False,1,ATTACH,39700.0,1,ATTACH,39700.0,0.0,False,1,ATTACH,True,WIN,
190,9,3,1,MAIN,10,Kyogre,1,Kyogre,150.0,43,False,0,ATTACH,39700.0,0,ATTACH,39700.0,0.0,False,0,ATTACH,True,WIN,
190,10,3,1,MAIN,5,Kyogre,2,Kyogre,150.0,43,False,3,ATTACK_1042,18104.2,3,ATTACK_1042,18104.2,0.0,False,3,ATTACK_1042,True,WIN,
190,11,3,1,TO_HAND,4,Kyogre,2,Kyogre,150.0,43,False,0,CARD,1000.0,0,CARD,1000.0,0.0,False,0,CARD,True,WIN,
190,12,3,1,MAIN,4,Kyogre,2,Kyogre,150.0,43,False,2,ATTACK_1042,18104.2,2,ATTACK_1042,18104.2,0.0,False,2,ATTACK_1042,True,WIN,
190,13,3,1,MAIN,3,Kyogre,2,Kyogre,150.0,43,False,1,ATTACK_1042,18104.2,1,ATTACK_1042,18104.2,0.0,False,1,ATTACK_1042,True,WIN,
190,14,3,1,MAIN,2,Kyogre,2,Kyogre,150.0,43,False,0,ATTACK_1042,18104.2,0,ATTACK_1042,18104.2,0.0,False,0,ATTACK_1042,True,WIN,
190,17,5,1,MAIN,17,Kyogre,2,Kyogre,150.0,42,False,0,ATTACH,40400.0,0,ATTACH,40400.0,0.0,False,0,ATTACH,True,WIN,
190,18,5,1,MAIN,4,Kyogre,3,Kyogre,150.0,42,False,1,ATTACK_1043,18104.3,1,ATTACK_1043,18104.3,0.0,False,1,ATTACK_1043,True,WIN,
190,23,7,1,MAIN,19,Kyogre,3,Kyogre,150.0,41,False,0,ATTACH,41100.0,0,ATTACH,41100.0,0.0,False,0,ATTACH,True,WIN,
190,24,7,1,MAIN,4,Kyogre,4,Kyogre,150.0,41,False,2,RETREAT,30000.0,2,RETREAT,30000.0,0.0,False,2,RETREAT,True,WIN,
190,28,8,1,TO_ACTIVE,2,NONE,0,Kyogre,150.0,41,False,0,CARD,5000.0,0,CARD,5000.0,0.0,False,0,CARD,True,WIN,
190,29,9,1,MAIN,10,Snover,0,Kyogre,150.0,40,False,8,EVOLVE,70000.0,8,EVOLVE,70000.0,0.0,False,8,EVOLVE,True,WIN,
190,30,9,1,MAIN,3,Snover,1,Kyogre,150.0,40,False,0,EVOLVE,70500.0,0,EVOLVE,70500.0,0.0,False,0,EVOLVE,True,WIN,
190,31,9,1,MAIN,1,Mega Abomasnow ex,1,Kyogre,150.0,40,False,0,END,0.0,0,END,0.0,0.0,False,0,END,True,WIN,
190,36,11,1,MAIN,9,Mega Abomasnow ex,1,Kyogre,150.0,39,False,0,ATTACH,39700.0,0,ATTACH,39700.0,0.0,False,0,ATTACH,True,WIN,
190,37,11,1,MAIN,2,Mega Abomasnow ex,2,Kyogre,150.0,39,False,0,ATTACK_1046,18104.6,0,ATTACK_1046,18104.6,0.0,False,0,ATTACK_1046,True,WIN,
190,38,11,1,TO_HAND,6,Mega Abomasnow ex,2,NONE,0.0,33,False,0,CARD,5000.0,0,CARD,5000.0,0.0,False,0,CARD,True,WIN,
191,0,0,0,IS_FIRST,2,NONE,0,NONE,0.0,60,False,1,NO,5000.0,1,NO,5000.0,0.0,False,1,NO,True,LOSS,
191,1,0,0,SETUP_ACTIVE_POKEMON,1,NONE,0,NONE,0.0,53,False,0,CARD,10000.0,0,CARD,10000.0,0.0,False,0,CARD,True,LOSS,
191,3,1,0,MAIN,6,Kyogre,0,Snover,90.0,46,False,0,ATTACH,39000.0,0,ATTACH,39000.0,0.0,False,0,ATTACH,True,LOSS,
191,4,1,0,MAIN,2,Kyogre,1,Snover,90.0,46,False,0,PLAY,12000.0,0,PLAY,12000.0,0.0,False,0,PLAY,True,LOSS,
191,5,1,0,TO_HAND,3,Kyogre,1,Snover,90.0,46,False,0,CARD,1000.0,0,CARD,1000.0,0.0,False,0,CARD,True,LOSS,
191,6,1,0,MAIN,1,Kyogre,1,Snover,90.0,46,False,0,END,0.0,0,END,0.0,0.0,False,0,END,True,LOSS,
191,9,3,0,MAIN,8,Kyogre,1,Snover,90.0,45,False,2,ATTACH,39700.0,2,ATTACH,39700.0,0.0,False,2,ATTACH,True,LOSS,
191,10,3,0,MAIN,7,Kyogre,1,Snover,90.0,42,False,0,ATTACH,39700.0,0,ATTACH,39700.0,0.0,False,0,ATTACH,True,LOSS,
191,11,3,0,MAIN,2,Kyogre,2,Snover,90.0,42,False,0,ATTACK_1042,18104.2,0,ATTACK_1042,18104.2,0.0,False,0,ATTACK_1042,True,LOSS,
191,15,5,0,MAIN,10,Kyogre,2,Snover,90.0,41,False,0,ATTACH,40400.0,0,ATTACH,40400.0,0.0,False,0,ATTACH,True,LOSS,
191,16,5,0,MAIN,6,Kyogre,3,Snover,90.0,41,False,4,ATTACK_1043,18104.3,4,ATTACK_1043,18104.3,0.0,False,4,ATTACK_1043,True,LOSS,
191,17,5,0,ATTACH_TO,3,Kyogre,3,Snover,90.0,35,False,0,CARD,5000.0,0,CARD,5000.0,0.0,False,0,CARD,True,LOSS,
191,18,5,0,MAIN,3,Kyogre,3,Snover,90.0,41,False,1,ATTACK_1043,18104.3,1,ATTACK_1043,18104.3,0.0,False,1,ATTACK_1043,True,LOSS,
191,21,7,0,MAIN,10,Kyogre,3,Snover,90.0,40,False,0,ATTACH,41100.0,0,ATTACH,41100.0,0.0,False,0,ATTACH,True,LOSS,
191,22,7,0,MAIN,5,Kyogre,4,Snover,90.0,40,False,3,ATTACK_1043,18104.3,3,ATTACK_1043,18104.3,0.0,False,3,ATTACK_1043,True,LOSS,
191,23,7,0,MAIN,3,Kyogre,4,Snover,90.0,37,False,1,ATTACK_1043,18104.3,1,ATTACK_1043,18104.3,0.0,False,1,ATTACK_1043,True,LOSS,
191,26,9,0,MAIN,10,Kyogre,4,Snover,90.0,36,False,0,ATTACH,41800.0,0,ATTACH,41800.0,0.0,False,0,ATTACH,True,LOSS,
191,27,9,0,MAIN,4,Kyogre,5,Snover,90.0,36,False,2,ATTACK_1043,18104.3,2,ATTACK_1043,18104.3,0.0,False,2,ATTACK_1043,True,LOSS,
191,28,9,0,ATTACH_TO,5,Kyogre,5,Snover,90.0,30,False,3,CARD,10000.0,3,CARD,10000.0,0.0,False,3,CARD,True,LOSS,
191,29,9,0,MAIN,3,Kyogre,5,Snover,90.0,36,False,1,ATTACK_1043,18104.3,1,ATTACK_1043,18104.3,0.0,False,1,ATTACK_1043,True,LOSS,
191,32,11,0,MAIN,9,Kyogre,5,Snover,90.0,35,False,0,ATTACH,41800.0,0,ATTACH,41800.0,0.0,False,0,ATTACH,True,LOSS,
191,33,11,0,MAIN,4,Kyogre,6,Snover,90.0,35,False,2,ATTACK_1043,18104.3,2,ATTACK_1043,18104.3,0.0,False,2,ATTACK_1043,True,LOSS,
191,34,11,0,TO_HAND,1,Kyogre,6,Snover,90.0,35,False,0,CARD,1000.0,0,CARD,1000.0,0.0,False,0,CARD,True,LOSS,
191,35,11,0,MAIN,3,Kyogre,6,Snover,90.0,35,False,1,ATTACK_1043,18104.3,1,ATTACK_1043,18104.3,0.0,False,1,ATTACK_1043,True,LOSS,
192,2,0,1,SETUP_ACTIVE_POKEMON,1,NONE,0,NONE,0.0,53,False,0,CARD,10000.0,0,CARD,10000.0,0.0,False,0,CARD,True,WIN,
192,4,1,1,MAIN,5,Snover,0,Kyogre,150.0,46,False,0,ATTACH,39000.0,0,ATTACH,39000.0,0.0,False,0,ATTACH,True,WIN,
192,5,1,1,MAIN,1,Snover,1,Kyogre,150.0,46,False,0,END,0.0,0,END,0.0,0.0,False,0,END,True,WIN,
192,8,3,1,MAIN,9,Snover,1,Kyogre,150.0,45,False,6,EVOLVE,70500.0,6,EVOLVE,70500.0,0.0,False,6,EVOLVE,True,WIN,
192,9,3,1,ATTACH_TO,6,Snover,1,Kyogre,150.0,39,False,5,CARD,10000.0,5,CARD,10000.0,0.0,False,5,CARD,True,WIN,
192,10,3,1,MAIN,6,Snover,1,Kyogre,150.0,45,False,3,EVOLVE,70500.0,3,EVOLVE,70500.0,0.0,False,3,EVOLVE,True,WIN,
192,11,3,1,MAIN,4,Snover,2,Kyogre,150.0,45,False,0,EVOLVE,71000.0,0,EVOLVE,71000.0,0.0,False,0,EVOLVE,True,WIN,
192,12,3,1,MAIN,2,Mega Abomasnow ex,2,Kyogre,150.0,45,False,0,ATTACK_1046,18104.6,0,ATTACK_1046,18104.6,0.0,False,0,ATTACK_1046,True,WIN,
192,13,3,1,TO_HAND,6,Mega Abomasnow ex,2,NONE,0.0,39,False,0,CARD,5000.0,0,CARD,5000.0,0.0,False,0,CARD,True,WIN,
193,0,0,0,IS_FIRST,2,NONE,0,NONE,0.0,60,False,1,NO,5000.0,1,NO,5000.0,0.0,False,1,NO,True,WIN,
193,1,0,0,SETUP_ACTIVE_POKEMON,2,NONE,0,NONE,0.0,53,False,0,CARD,10000.0,0,CARD,10000.0,0.0,False,0,CARD,True,WIN,
193,3,0,0,SETUP_BENCH_POKEMON,1,NONE,0,NONE,0.0,47,False,0,CARD,10000.0,0,CARD,10000.0,0.0,False,0,CARD,True,WIN,
193,4,1,0,MAIN,7,Snover,0,Kyogre,150.0,46,False,0,ATTACH,39000.0,0,ATTACH,39000.0,0.0,False,0,ATTACH,True,WIN,
193,5,1,0,MAIN,3,Snover,1,Kyogre,150.0,46,False,0,PLAY,12000.0,0,PLAY,12000.0,0.0,False,0,PLAY,True,WIN,
193,6,1,0,TO_HAND,3,Snover,1,Kyogre,150.0,46,False,0,CARD,1000.0,0,CARD,1000.0,0.0,False,0,CARD,True,WIN,
193,7,1,0,MAIN,2,Snover,1,Kyogre,150.0,46,False,0,PLAY,12000.0,0,PLAY,12000.0,0.0,False,0,PLAY,True,WIN,
193,8,1,0,MAIN,1,Snover,1,Kyogre,150.0,46,False,0,END,0.0,0,END,0.0,0.0,False,0,END,True,WIN,
193,11,3,0,MAIN,10,Snover,1,Kyogre,150.0,45,False,0,ATTACH,39700.0,0,ATTACH,39700.0,0.0,False,0,ATTACH,True,WIN,
193,12,3,0,MAIN,5,Snover,2,Kyogre,150.0,45,False,3,ATTACK_1045,18104.5,3,ATTACK_1045,18104.5,0.0,False,3,ATTACK_1045,True,WIN,
193,13,3,0,ATTACH_TO,1,Snover,2,Kyogre,150.0,39,False,0,CARD,1000.0,0,CARD,1000.0,0.0,False,0,CARD,True,WIN,
193,14,3,0,MAIN,3,Snover,2,Kyogre,150.0,45,False,1,ATTACK_1045,18104.5,1,ATTACK_1045,18104.5,0.0,False,1,ATTACK_1045,True,WIN,
193,17,5,0,MAIN,10,Snover,2,Kyogre,140.0,44,False,0,ATTACH,40400.0,0,ATTACH,40400.0,0.0,False,0,ATTACH,True,WIN,
193,18,5,0,MAIN,5,Snover,3,Kyogre,140.0,44,False,2,ATTACK_1045,18104.5,2,ATTACK_1045,18104.5,0.0,False,2,ATTACK_1045,True,WIN,
193,19,5,0,ATTACH_TO,3,Snover,3,Kyogre,140.0,38,False,0,CARD,1000.0,0,CARD,1000.0,0.0,False,0,CARD,True,WIN,
193,20,5,0,MAIN,4,Snover,3,Kyogre,140.0,44,False,1,ATTACK_1045,18104.5,1,ATTACK_1045,18104.5,0.0,False,1,ATTACK_1045,True,WIN,
193,26,6,0,TO_ACTIVE,1,NONE,0,Kyogre,130.0,44,False,0,CARD,5000.0,0,CARD,5000.0,0.0,False,0,CARD,True,WIN,
193,27,7,0,MAIN,4,Kyogre,0,Kyogre,130.0,43,False,0,ATTACH,39000.0,0,ATTACH,39000.0,0.0,False,0,ATTACH,True,WIN,
193,28,7,0,MAIN,3,Kyogre,1,Kyogre,130.0,43,False,1,ATTACK_1042,18104.2,1,ATTACK_1042,18104.2,0.0,False,1,ATTACK_1042,True,WIN,
193,29,7,0,TO_HAND,3,Kyogre,1,Kyogre,130.0,43,False,0,CARD,5000.0,0,CARD,5000.0,0.0,False,0,CARD,True,WIN,
193,30,7,0,MAIN,2,Kyogre,1,Kyogre,130.0,43,False,0,ATTACK_1042,18104.2,0,ATTACK_1042,18104.2,0.0,False,0,ATTACK_1042,True,WIN,
193,33,9,0,MAIN,4,Kyogre,1,Kyogre,70.0,45,False,0,ATTACH,39700.0,0,ATTACH,39700.0,0.0,False,0,ATTACH,True,WIN,
193,34,9,0,MAIN,3,Kyogre,2,Kyogre,70.0,45,False,1,ATTACK_1042,18104.2,1,ATTACK_1042,18104.2,0.0,False,1,ATTACK_1042,True,WIN,
193,35,9,0,MAIN,3,Kyogre,2,Kyogre,70.0,37,False,1,ATTACK_1042,18104.2,1,ATTACK_1042,18104.2,0.0,False,1,ATTACK_1042,True,WIN,
193,36,9,0,MAIN,2,Kyogre,2,Kyogre,70.0,37,False,0,ATTACK_1042,18104.2,0,ATTACK_1042,18104.2,0.0,False,0,ATTACK_1042,True,WIN,
193,42,10,0,TO_ACTIVE,1,NONE,0,Kyogre,70.0,37,False,0,CARD,10000.0,0,CARD,10000.0,0.0,False,0,CARD,True,WIN,
193,43,11,0,MAIN,9,Snover,0,Kyogre,70.0,36,False,0,EVOLVE,70000.0,0,EVOLVE,70000.0,0.0,False,0,EVOLVE,True,WIN,
193,44,11,0,MAIN,6,Mega Abomasnow ex,0,Kyogre,70.0,36,False,0,ATTACH,39000.0,0,ATTACH,39000.0,0.0,False,0,ATTACH,True,WIN,
193,45,11,0,MAIN,2,Mega Abomasnow ex,1,Kyogre,70.0,36,False,0,PLAY,12000.0,0,PLAY,12000.0,0.0,False,0,PLAY,True,WIN,
193,46,11,0,MAIN,2,Mega Abomasnow ex,1,Kyogre,70.0,33,False,0,ATTACH,39700.0,0,ATTACH,39700.0,0.0,False,0,ATTACH,True,WIN,
193,47,11,0,MAIN,1,Mega Abomasnow ex,1,Kyogre,70.0,33,False,0,END,0.0,0,END,0.0,0.0,False,0,END,True,WIN,
193,50,13,0,MAIN,9,Mega Abomasnow ex,1,Kyogre,70.0,32,False,0,ATTACH,39700.0,0,ATTACH,39700.0,0.0,False,0,ATTACH,True,WIN,
193,51,13,0,MAIN,4,Mega Abomasnow ex,2,Kyogre,70.0,32,False,2,ATTACK_1046,18104.6,2,ATTACK_1046,18104.6,0.0,False,2,ATTACK_1046,True,WIN,
193,52,13,0,ATTACH_TO,4,Mega Abomasnow ex,2,Kyogre,70.0,26,False,0,CARD,5000.0,0,CARD,5000.0,0.0,False,0,CARD,True,WIN,
193,53,13,0,MAIN,2,Mega Abomasnow ex,2,Kyogre,70.0,32,False,0,ATTACK_1046,18104.6,0,ATTACK_1046,18104.6,0.0,False,0,ATTACK_1046,True,WIN,
193,54,13,0,TO_HAND,6,Mega Abomasnow ex,2,NONE,0.0,26,False,0,CARD,5000.0,0,CARD,5000.0,0.0,False,0,CARD,True,WIN,
194,1,0,1,SETUP_ACTIVE_POKEMON,1,NONE,0,NONE,0.0,53,False,0,CARD,10000.0,0,CARD,10000.0,0.0,False,0,CARD,True,WIN,
194,3,1,1,MAIN,4,Snover,0,Snover,90.0,46,False,0,ATTACH,39000.0,0,ATTACH,39000.0,0.0,False,0,ATTACH,True,WIN,
194,4,1,1,MAIN,1,Snover,1,Snover,90.0,46,False,0,END,0.0,0,END,0.0,0.0,False,0,END,True,WIN,
194,7,3,1,MAIN,9,Snover,1,Snover,90.0,45,False,0,EVOLVE,70500.0,0,EVOLVE,70500.0,0.0,False,0,EVOLVE,True,WIN,
194,8,3,1,MAIN,5,Mega Abomasnow ex,1,Snover,90.0,45,False,0,ATTACH,39700.0,0,ATTACH,39700.0,0.0,False,0,ATTACH,True,WIN,
194,9,3,1,MAIN,4,Mega Abomasnow ex,2,Snover,90.0,45,False,2,ATTACK_1046,18104.6,2,ATTACK_1046,18104.6,0.0,False,2,ATTACK_1046,True,WIN,
194,10,3,1,ATTACH_TO,4,Mega Abomasnow ex,2,Snover,90.0,39,False,1,CARD,10000.0,1,CARD,10000.0,0.0,False,1,CARD,True,WIN,
194,11,3,1,MAIN,2,Mega Abomasnow ex,2,Snover,90.0,45,False,0,ATTACK_1046,18104.6,0,ATTACK_1046,18104.6,0.0,False,0,ATTACK_1046,True,WIN,
194,12,3,1,TO_HAND,6,Mega Abomasnow ex,2,NONE,0.0,39,False,0,CARD,10000.0,0,CARD,10000.0,0.0,False,0,CARD,True,WIN,
195,0,0,0,IS_FIRST,2,NONE,0,NONE,0.0,60,False,1,NO,5000.0,1,NO,5000.0,0.0,False,1,NO,True,WIN,
195,1,0,0,SETUP_ACTIVE_POKEMON,1,NONE,0,NONE,0.0,53,False,0,CARD,10000.0,0,CARD,10000.0,0.0,False,0,CARD,True,WIN,
195,3,1,0,MAIN,6,Kyogre,0,Kyogre,150.0,46,False,0,ATTACH,39000.0,0,ATTACH,39000.0,0.0,False,0,ATTACH,True,WIN,
195,4,1,0,MAIN,2,Kyogre,1,Kyogre,150.0,46,False,0,PLAY,12000.0,0,PLAY,12000.0,0.0,False,0,PLAY,True,WIN,
195,5,1,0,TO_HAND,3,Kyogre,1,Kyogre,150.0,46,False,0,CARD,1000.0,0,CARD,1000.0,0.0,False,0,CARD,True,WIN,
195,6,1,0,MAIN,1,Kyogre,1,Kyogre,150.0,46,False,0,END,0.0,0,END,0.0,0.0,False,0,END,True,WIN,
195,9,3,0,MAIN,8,Kyogre,1,Kyogre,150.0,45,False,0,ATTACH,39700.0,0,ATTACH,39700.0,0.0,False,0,ATTACH,True,WIN,
195,10,3,0,MAIN,4,Kyogre,2,Kyogre,150.0,45,False,2,ATTACK_1042,18104.2,2,ATTACK_1042,18104.2,0.0,False,2,ATTACK_1042,True,WIN,
195,11,3,0,MAIN,4,Kyogre,2,Kyogre,150.0,41,False,2,ATTACK_1042,18104.2,2,ATTACK_1042,18104.2,0.0,False,2,ATTACK_1042,True,WIN,
195,12,3,0,TO_HAND,2,Kyogre,2,Kyogre,150.0,41,False,0,CARD,5000.0,0,CARD,5000.0,0.0,False,0,CARD,True,WIN,
195,13,3,0,MAIN,3,Kyogre,2,Kyogre,150.0,41,False,1,ATTACK_1042,18104.2,1,ATTACK_1042,18104.2,0.0,False,1,ATTACK_1042,True,WIN,
195,14,3,0,MAIN,2,Kyogre,2,Kyogre,150.0,41,False,0,ATTACK_1042,18104.2,0,ATTACK_1042,18104.2,0.0,False,0,ATTACK_1042,True,WIN,
195,17,5,0,MAIN,15,Kyogre,2,Kyogre,150.0,40,False,4,EVOLVE,70000.0,4,EVOLVE,70000.0,0.0,False,4,EVOLVE,True,WIN,
195,18,5,0,MAIN,5,Kyogre,3,Kyogre,150.0,40,False,0,EVOLVE,70000.0,0,EVOLVE,70000.0,0.0,False,0,EVOLVE,True,WIN,
195,19,5,0,MAIN,4,Kyogre,3,Kyogre,150.0,40,False,1,ATTACK_1043,18104.3,1,ATTACK_1043,18104.3,0.0,False,1,ATTACK_1043,True,WIN,
195,24,7,0,MAIN,16,Kyogre,3,Kyogre,150.0,39,False,0,ATTACH,41100.0,0,ATTACH,41100.0,0.0,False,0,ATTACH,True,WIN,
195,25,7,0,MAIN,4,Kyogre,4,Kyogre,150.0,39,False,2,RETREAT,30000.0,2,RETREAT,30000.0,0.0,False,2,RETREAT,True,WIN,
195,29,8,0,TO_ACTIVE,1,NONE,0,Kyogre,150.0,39,False,0,CARD,5000.0,0,CARD,5000.0,0.0,False,0,CARD,True,WIN,
195,30,9,0,MAIN,7,Mega Abomasnow ex,0,Kyogre,150.0,38,False,0,ATTACH,39000.0,0,ATTACH,39000.0,0.0,False,0,ATTACH,True,WIN,
195,31,9,0,MAIN,1,Mega Abomasnow ex,1,Kyogre,150.0,38,False,0,END,0.0,0,END,0.0,0.0,False,0,END,True,WIN,
195,36,11,0,MAIN,7,Mega Abomasnow ex,1,Kyogre,150.0,37,False,0,ATTACH,39700.0,0,ATTACH,39700.0,0.0,False,0,ATTACH,True,WIN,
195,37,11,0,MAIN,3,Mega Abomasnow ex,2,Kyogre,150.0,37,False,1,ATTACK_1046,18104.6,1,ATTACK_1046,18104.6,0.0,False,1,ATTACK_1046,True,WIN,
195,38,11,0,ATTACH_TO,2,Mega Abomasnow ex,2,Kyogre,150.0,31,False,0,CARD,5000.0,0,CARD,5000.0,0.0,False,0,CARD,True,WIN,
195,39,11,0,MAIN,2,Mega Abomasnow ex,2,Kyogre,150.0,37,False,0,ATTACK_1046,18104.6,0,ATTACK_1046,18104.6,0.0,False,0,ATTACK_1046,True,WIN,
195,40,11,0,TO_HAND,6,Mega Abomasnow ex,2,NONE,0.0,31,False,0,CARD,5000.0,0,CARD,5000.0,0.0,False,0,CARD,True,WIN,
196,1,0,1,SETUP_ACTIVE_POKEMON,1,NONE,0,NONE,0.0,53,False,0,CARD,10000.0,0,CARD,10000.0,0.0,False,0,CARD,True,WIN,
196,3,0,1,DRAW_COUNT,5,NONE,0,NONE,0.0,47,False,4,NUMBER,4.0,4,NUMBER,4.0,0.0,False,4,NUMBER,True,WIN,
196,4,1,1,MAIN,7,Snover,0,Snover,90.0,46,False,0,ATTACH,39000.0,0,ATTACH,39000.0,0.0,False,0,ATTACH,True,WIN,
196,5,1,1,MAIN,1,Snover,1,Snover,90.0,46,False,0,END,0.0,0,END,0.0,0.0,False,0,END,True,WIN,
196,8,3,1,MAIN,9,Snover,1,Snover,90.0,45,False,0,ATTACH,39700.0,0,ATTACH,39700.0,0.0,False,0,ATTACH,True,WIN,
196,9,3,1,MAIN,5,Snover,2,Snover,90.0,45,False,3,ATTACK_1045,18104.5,3,ATTACK_1045,18104.5,0.0,False,3,ATTACK_1045,True,WIN,
196,10,3,1,MAIN,5,Snover,2,Snover,90.0,42,False,0,EVOLVE,71000.0,0,EVOLVE,71000.0,0.0,False,0,EVOLVE,True,WIN,
196,11,3,1,MAIN,3,Mega Abomasnow ex,2,Snover,90.0,42,False,1,ATTACK_1046,18104.6,1,ATTACK_1046,18104.6,0.0,False,1,ATTACK_1046,True,WIN,
196,12,3,1,MAIN,2,Mega Abomasnow ex,2,Snover,90.0,42,False,0,ATTACK_1046,18104.6,0,ATTACK_1046,18104.6,0.0,False,0,ATTACK_1046,True,WIN,
196,13,3,1,TO_HAND,6,Mega Abomasnow ex,2,NONE,0.0,36,False,0,CARD,5000.0,0,CARD,5000.0,0.0,False,0,CARD,True,WIN,
197,0,0,0,IS_FIRST,2,NONE,0,NONE,0.0,60,False,1,NO,5000.0,1,NO,5000.0,0.0,False,1,NO,True,WIN,
197,1,0,0,SETUP_ACTIVE_POKEMON,2,NONE,0,NONE,0.0,53,False,0,CARD,10000.0,0,CARD,10000.0,0.0,False,0,CARD,True,WIN,
197,3,0,0,SETUP_BENCH_POKEMON,1,NONE,0,NONE,0.0,47,False,0,CARD,10000.0,0,CARD,10000.0,0.0,False,0,CARD,True,WIN,
197,4,1,0,MAIN,7,Snover,0,Snover,90.0,46,False,0,ATTACH,39000.0,0,ATTACH,39000.0,0.0,False,0,ATTACH,True,WIN,
197,5,1,0,MAIN,3,Snover,1,Snover,90.0,46,False,0,PLAY,12000.0,0,PLAY,12000.0,0.0,False,0,PLAY,True,WIN,
197,6,1,0,MAIN,2,Snover,1,Snover,90.0,46,False,0,PLAY,12000.0,0,PLAY,12000.0,0.0,False,0,PLAY,True,WIN,
197,7,1,0,TO_HAND,3,Snover,1,Snover,90.0,46,False,0,CARD,1000.0,0,CARD,1000.0,0.0,False,0,CARD,True,WIN,
197,8,1,0,MAIN,1,Snover,1,Snover,90.0,46,False,0,END,0.0,0,END,0.0,0.0,False,0,END,True,WIN,
197,11,3,0,MAIN,12,Snover,1,Snover,90.0,45,False,0,EVOLVE,70500.0,0,EVOLVE,70500.0,0.0,False,0,EVOLVE,True,WIN,
197,12,3,0,MAIN,9,Mega Abomasnow ex,1,Snover,90.0,45,False,0,ATTACH,39700.0,0,ATTACH,39700.0,0.0,False,0,ATTACH,True,WIN,
197,13,3,0,MAIN,2,Mega Abomasnow ex,2,Snover,90.0,45,False,0,ATTACK_1046,18104.6,0,ATTACK_1046,18104.6,0.0,False,0,ATTACK_1046,True,WIN,
197,14,3,0,TO_HAND,6,Mega Abomasnow ex,2,NONE,0.0,39,False,4,CARD,10000.0,4,CARD,10000.0,0.0,False,4,CARD,True,WIN,
198,1,0,1,SETUP_ACTIVE_POKEMON,2,NONE,0,NONE,0.0,53,False,0,CARD,10000.0,0,CARD,10000.0,0.0,False,0,CARD,True,LOSS,
198,3,0,1,SETUP_BENCH_POKEMON,1,NONE,0,NONE,0.0,47,False,0,CARD,10000.0,0,CARD,10000.0,0.0,False,0,CARD,True,LOSS,
198,4,1,1,MAIN,7,Snover,0,Snover,90.0,46,False,0,ATTACH,39000.0,0,ATTACH,39000.0,0.0,False,0,ATTACH,True,LOSS,
198,5,1,1,MAIN,2,Snover,1,Snover,90.0,46,False,0,PLAY,12000.0,0,PLAY,12000.0,0.0,False,0,PLAY,True,LOSS,
198,6,1,1,MAIN,1,Snover,1,Snover,90.0,46,False,0,END,0.0,0,END,0.0,0.0,False,0,END,True,LOSS,
198,9,3,1,MAIN,13,Snover,1,Snover,90.0,45,False,0,ATTACH,39700.0,0,ATTACH,39700.0,0.0,False,0,ATTACH,True,LOSS,
198,10,3,1,MAIN,4,Snover,2,Snover,90.0,45,False,2,ATTACK_1045,18104.5,2,ATTACK_1045,18104.5,0.0,False,2,ATTACK_1045,True,LOSS,
198,11,3,1,MAIN,3,Snover,2,Snover,90.0,45,False,1,ATTACK_1045,18104.5,1,ATTACK_1045,18104.5,0.0,False,1,ATTACK_1045,True,LOSS,
198,16,4,1,TO_ACTIVE,1,NONE,0,Mega Abomasnow ex,340.0,45,False,0,CARD,5000.0,0,CARD,5000.0,0.0,False,0,CARD,True,LOSS,
198,17,5,1,MAIN,6,Kyogre,0,Mega Abomasnow ex,340.0,44,False,0,ATTACH,39000.0,0,ATTACH,39000.0,0.0,False,0,ATTACH,True,LOSS,
198,18,5,1,MAIN,2,Kyogre,1,Mega Abomasnow ex,340.0,44,False,0,ATTACK_1042,18104.2,0,ATTACK_1042,18104.2,0.0,False,0,ATTACK_1042,True,LOSS,
199,0,0,0,IS_FIRST,2,NONE,0,NONE,0.0,60,False,1,NO,5000.0,1,NO,5000.0,0.0,False,1,NO,True,WIN,
199,1,0,0,SETUP_ACTIVE_POKEMON,1,NONE,0,NONE,0.0,53,False,0,CARD,10000.0,0,CARD,10000.0,0.0,False,0,CARD,True,WIN,
199,3,0,0,DRAW_COUNT,2,NONE,0,NONE,0.0,47,False,1,NUMBER,1.0,1,NUMBER,1.0,0.0,False,1,NUMBER,True,WIN,
199,4,1,0,MAIN,7,Kyogre,0,Kyogre,150.0,46,False,1,ATTACH,39000.0,1,ATTACH,39000.0,0.0,False,1,ATTACH,True,WIN,
199,5,1,0,TO_HAND,3,Kyogre,0,Kyogre,150.0,46,False,0,CARD,5000.0,0,CARD,5000.0,0.0,False,0,CARD,True,WIN,
199,6,1,0,MAIN,6,Kyogre,0,Kyogre,150.0,46,False,0,ATTACH,39000.0,0,ATTACH,39000.0,0.0,False,0,ATTACH,True,WIN,
199,7,1,0,MAIN,2,Kyogre,1,Kyogre,150.0,46,False,0,PLAY,12000.0,0,PLAY,12000.0,0.0,False,0,PLAY,True,WIN,
199,8,1,0,MAIN,1,Kyogre,1,Kyogre,150.0,46,False,0,END,0.0,0,END,0.0,0.0,False,0,END,True,WIN,
199,11,3,0,MAIN,10,Kyogre,1,Kyogre,150.0,45,False,0,EVOLVE,70000.0,0,EVOLVE,70000.0,0.0,False,0,EVOLVE,True,WIN,
199,12,3,0,MAIN,9,Kyogre,1,Kyogre,150.0,45,False,0,ATTACH,39700.0,0,ATTACH,39700.0,0.0,False,0,ATTACH,True,WIN,
199,13,3,0,MAIN,3,Kyogre,2,Kyogre,150.0,45,False,1,ATTACK_1042,18104.2,1,ATTACK_1042,18104.2,0.0,False,1,ATTACK_1042,True,WIN,
199,14,3,0,TO_HAND,3,Kyogre,2,Kyogre,150.0,45,False,0,CARD,5000.0,0,CARD,5000.0,0.0,False,0,CARD,True,WIN,
199,15,3,0,MAIN,2,Kyogre,2,Kyogre,150.0,45,False,0,ATTACK_1042,18104.2,0,ATTACK_1042,18104.2,0.0,False,0,ATTACK_1042,True,WIN,
199,18,5,0,MAIN,8,Kyogre,2,Kyogre,150.0,44,False,0,ATTACH,40400.0,0,ATTACH,40400.0,0.0,False,0,ATTACH,True,WIN,
199,19,5,0,MAIN,4,Kyogre,3,Kyogre,150.0,44,False,1,ATTACK_1043,18104.3,1,ATTACK_1043,18104.3,0.0,False,1,ATTACK_1043,True,WIN,
199,24,7,0,MAIN,9,Kyogre,3,Kyogre,150.0,43,False,0,ATTACH,41100.0,0,ATTACH,41100.0,0.0,False,0,ATTACH,True,WIN,
199,25,7,0,MAIN,5,Kyogre,4,Kyogre,150.0,43,False,3,RETREAT,30000.0,3,RETREAT,30000.0,0.0,False,3,RETREAT,True,WIN,
199,26,7,0,MAIN,6,Kyogre,4,Kyogre,150.0,36,False,4,RETREAT,30000.0,4,RETREAT,30000.0,0.0,False,4,RETREAT,True,WIN,
199,27,7,0,MAIN,5,Kyogre,4,Kyogre,150.0,36,False,3,RETREAT,30000.0,3,RETREAT,30000.0,0.0,False,3,RETREAT,True,WIN,
199,28,7,0,TO_HAND,1,Kyogre,4,Kyogre,150.0,36,False,0,CARD,1000.0,0,CARD,1000.0,0.0,False,0,CARD,True,WIN,
199,29,7,0,MAIN,4,Kyogre,4,Kyogre,150.0,36,False,2,RETREAT,30000.0,2,RETREAT,30000.0,0.0,False,2,RETREAT,True,WIN,
199,33,8,0,TO_ACTIVE,2,NONE,0,Kyogre,150.0,36,False,0,CARD,5000.0,0,CARD,5000.0,0.0,False,0,CARD,True,WIN,
199,34,9,0,MAIN,13,Mega Abomasnow ex,0,Kyogre,150.0,35,False,4,EVOLVE,70000.0,4,EVOLVE,70000.0,0.0,False,4,EVOLVE,True,WIN,
199,35,9,0,MAIN,3,Mega Abomasnow ex,1,Kyogre,150.0,35,False,0,EVOLVE,70000.0,0,EVOLVE,70000.0,0.0,False,0,EVOLVE,True,WIN,
199,36,9,0,MAIN,1,Mega Abomasnow ex,1,Kyogre,150.0,35,False,0,END,0.0,0,END,0.0,0.0,False,0,END,True,WIN,
199,41,11,0,MAIN,11,Mega Abomasnow ex,1,Kyogre,150.0,34,False,0,ATTACH,39700.0,0,ATTACH,39700.0,0.0,False,0,ATTACH,True,WIN,
199,42,11,0,MAIN,2,Mega Abomasnow ex,2,Kyogre,150.0,34,False,0,ATTACK_1046,18104.6,0,ATTACK_1046,18104.6,0.0,False,0,ATTACK_1046,True,WIN,
199,43,11,0,TO_HAND,6,Mega Abomasnow ex,2,NONE,0.0,28,False,0,CARD,10000.0,0,CARD,10000.0,0.0,False,0,CARD,True,WIN,
200,1,0,1,SETUP_ACTIVE_POKEMON,2,NONE,0,NONE,0.0,53,False,0,CARD,10000.0,0,CARD,10000.0,0.0,False,0,CARD,True,LOSS,
200,3,0,1,SETUP_BENCH_POKEMON,1,NONE,0,NONE,0.0,47,False,0,CARD,10000.0,0,CARD,10000.0,0.0,False,0,CARD,True,LOSS,
200,5,1,1,MAIN,6,Kyogre,0,Snover,90.0,46,False,1,ATTACH,39000.0,1,ATTACH,39000.0,0.0,False,1,ATTACH,True,LOSS,
200,6,1,1,MAIN,9,Kyogre,0,Snover,90.0,46,False,0,ATTACH,39000.0,0,ATTACH,39000.0,0.0,False,0,ATTACH,True,LOSS,
200,7,1,1,MAIN,1,Kyogre,1,Snover,90.0,46,False,0,END,0.0,0,END,0.0,0.0,False,0,END,True,LOSS,
200,11,3,1,MAIN,12,Kyogre,1,Snover,90.0,45,False,6,EVOLVE,70000.0,6,EVOLVE,70000.0,0.0,False,6,EVOLVE,True,LOSS,
200,12,3,1,MAIN,4,Kyogre,2,Snover,90.0,45,False,0,EVOLVE,70000.0,0,EVOLVE,70000.0,0.0,False,0,EVOLVE,True,LOSS,
200,13,3,1,MAIN,2,Kyogre,2,Snover,90.0,45,False,0,ATTACK_1042,18104.2,0,ATTACK_1042,18104.2,0.0,False,0,ATTACK_1042,True,LOSS,
200,16,5,1,MAIN,10,Kyogre,2,Snover,90.0,44,False,0,ATTACH,40400.0,0,ATTACH,40400.0,0.0,False,0,ATTACH,True,LOSS,
200,17,5,1,MAIN,4,Kyogre,3,Snover,90.0,44,False,1,ATTACK_1043,18104.3,1,ATTACK_1043,18104.3,0.0,False,1,ATTACK_1043,True,LOSS,
200,20,7,1,MAIN,12,Kyogre,3,Snover,90.0,43,False,0,ATTACH,41100.0,0,ATTACH,41100.0,0.0,False,0,ATTACH,True,LOSS,
200,21,7,1,MAIN,4,Kyogre,4,Snover,90.0,43,False,1,ATTACK_1043,18104.3,1,ATTACK_1043,18104.3,0.0,False,1,ATTACK_1043,True,LOSS,
200,24,9,1,MAIN,12,Kyogre,4,Snover,90.0,42,False,0,ATTACH,41800.0,0,ATTACH,41800.0,0.0,False,0,ATTACH,True,LOSS,
200,25,9,1,MAIN,4,Kyogre,5,Snover,90.0,42,False,2,RETREAT,30000.0,2,RETREAT,30000.0,0.0,False,2,RETREAT,True,LOSS,
200,30,10,1,TO_ACTIVE,1,NONE,0,Mega Abomasnow ex,350.0,42,False,0,CARD,10000.0,0,CARD,10000.0,0.0,False,0,CARD,True,LOSS,
200,31,11,1,MAIN,5,Mega Abomasnow ex,0,Mega Abomasnow ex,350.0,41,False,0,ATTACH,39000.0,0,ATTACH,39000.0,0.0,False,0,ATTACH,True,LOSS,
200,32,11,1,MAIN,1,Mega Abomasnow ex,1,Mega Abomasnow ex,350.0,41,False,0,END,0.0,0,END,0.0,0.0,False,0,END,True,LOSS,
200,35,13,1,MAIN,4,Mega Abomasnow ex,1,Mega Abomasnow ex,350.0,40,False,0,ATTACH,39700.0,0,ATTACH,39700.0,0.0,False,0,ATTACH,True,LOSS,
200,36,13,1,MAIN,2,Mega Abomasnow ex,2,Mega Abomasnow ex,350.0,40,False,0,ATTACK_1046,18104.6,0,ATTACK_1046,18104.6,0.0,False,0,ATTACK_1046,True,LOSS,
200,51,15,1,MAIN,5,Mega Abomasnow ex,2,Kyogre,150.0,33,False,0,ATTACH,40400.0,0,ATTACH,40400.0,0.0,False,0,ATTACH,True,LOSS,
200,52,15,1,MAIN,3,Mega Abomasnow ex,3,Kyogre,150.0,33,True,1,ATTACK_1047,18104.7,1,ATTACK_1047,28104.7,0.0,False,1,ATTACK_1047,True,LOSS,
200,53,15,1,TO_HAND,6,Mega Abomasnow ex,3,NONE,0.0,27,False,0,CARD,10000.0,0,CARD,10000.0,0.0,False,0,CARD,True,LOSS,
200,58,17,1,MAIN,7,Mega Abomasnow ex,3,Mega Abomasnow ex,350.0,26,True,0,ATTACH,41100.0,0,ATTACH,41100.0,0.0,False,0,ATTACH,True,LOSS,
200,59,17,1,MAIN,5,Mega Abomasnow ex,4,Mega Abomasnow ex,350.0,26,True,3,ATTACK_1047,18104.7,2,ATTACK_1046,28104.6,9999.899999999998,True,2,ATTACK_1046,True,LOSS,False
200,60,17,1,MAIN,5,Mega Abomasnow ex,4,Mega Abomasnow ex,350.0,26,True,3,RETREAT,30000.0,3,RETREAT,30000.0,0.0,False,3,RETREAT,True,LOSS,
200,61,17,1,TO_HAND,1,Mega Abomasnow ex,4,Mega Abomasnow ex,350.0,26,False,0,CARD,5000.0,0,CARD,5000.0,0.0,False,0,CARD,True,LOSS,
200,62,17,1,MAIN,4,Mega Abomasnow ex,4,Mega Abomasnow ex,350.0,26,True,2,RETREAT,30000.0,2,RETREAT,30000.0,0.0,False,2,RETREAT,True,LOSS,
200,66,18,1,TO_ACTIVE,1,NONE,0,Mega Abomasnow ex,50.0,20,False,0,CARD,10000.0,0,CARD,10000.0,0.0,False,0,CARD,True,LOSS,
200,67,19,1,MAIN,5,Snover,0,Mega Abomasnow ex,50.0,19,False,0,EVOLVE,70000.0,0,EVOLVE,70000.0,0.0,False,0,EVOLVE,True,LOSS,
200,68,19,1,MAIN,3,Mega Abomasnow ex,0,Mega Abomasnow ex,50.0,19,False,0,ATTACH,39000.0,0,ATTACH,39000.0,0.0,False,0,ATTACH,True,LOSS,
200,69,19,1,MAIN,1,Mega Abomasnow ex,1,Mega Abomasnow ex,50.0,19,False,0,END,0.0,0,END,0.0,0.0,False,0,END,True,LOSS,
200,72,21,1,MAIN,3,Mega Abomasnow ex,1,Mega Abomasnow ex,50.0,18,False,0,ATTACH,39700.0,0,ATTACH,39700.0,0.0,False,0,ATTACH,True,LOSS,
200,73,21,1,MAIN,3,Mega Abomasnow ex,2,Mega Abomasnow ex,50.0,18,False,1,ATTACK_1046,18104.6,1,ATTACK_1046,18104.6,0.0,False,1,ATTACK_1046,True,LOSS,
200,74,21,1,MAIN,2,Mega Abomasnow ex,2,Mega Abomasnow ex,50.0,18,False,0,ATTACK_1046,18104.6,0,ATTACK_1046,18104.6,0.0,False,0,ATTACK_1046,True,LOSS,
200,75,21,1,TO_HAND,5,Mega Abomasnow ex,2,NONE,0.0,12,False,0,CARD,10000.0,0,CARD,10000.0,0.0,False,0,CARD,True,LOSS,
