game_id,step,turn,player_idx,context,num_options,legal_options,selected_idx,selected_action,selected_desc,heuristic_top_idx,heuristic_top_desc,heuristic_score,all_scores,search_invoked,search_override,courage_override,hand_size,deck_count,my_prizes,opp_prizes,my_active,my_bench,opp_active,opp_bench,game_outcome,opponent_deck
1,3,2,0,MAIN,6,ATTACH(Basic {P} Energy -> Dunsparce@4) | PLAY(Boss’s Orders) | PLAY(Dawn) | PLAY(Poké Pad) | PLAY(Hilda) | END_TURN,3,[3],PLAY(Poké Pad),3,PLAY(Poké Pad),17000,"-1,-1,16500,17000,3000,0",True,False,False,7,46,6,6,Dunsparce HP:60 En:0,Empty,Dunsparce HP:70 En:0,Abra HP:50 En:1/Abra HP:50 En:0/Abra HP:50 En:0/Abra HP:50 En:0,DRAW,SolEclipse_Mirror
1,5,2,0,MAIN,6,ATTACH(Basic {P} Energy -> Dunsparce@4) | PLAY(Boss’s Orders) | PLAY(Dawn) | PLAY(Hilda) | PLAY(Abra) | END_TURN,4,[4],PLAY(Abra),4,PLAY(Abra),20604,"-1,-1,16500,3000,20604,0",True,False,False,7,45,6,6,Dunsparce HP:60 En:0,Empty,Dunsparce HP:70 En:0,Abra HP:50 En:1/Abra HP:50 En:0/Abra HP:50 En:0/Abra HP:50 En:0,DRAW,SolEclipse_Mirror
1,6,2,0,MAIN,7,ATTACH(Basic {P} Energy -> Dunsparce@4) | ATTACH(Basic {P} Energy -> Abra@5) | PLAY(Boss’s Orders) | PLAY(Dawn) | PLAY(Hilda) | RETREAT | END_TURN,1,[1],ATTACH(Basic {P} Energy -> Abra@5),1,ATTACH(Basic {P} Energy -> Abra@5),8010,"-1,8010,-1,3100,3000,-1,0",True,False,False,6,45,6,6,Dunsparce HP:60 En:0,Abra HP:50 En:0,Dunsparce HP:70 En:0,Abra HP:50 En:1/Abra HP:50 En:0/Abra HP:50 En:0/Abra HP:50 En:0,DRAW,SolEclipse_Mirror
1,7,2,0,MAIN,5,PLAY(Boss’s Orders) | PLAY(Dawn) | PLAY(Hilda) | RETREAT | END_TURN,1,[1],PLAY(Dawn),1,PLAY(Dawn),3100,"-1,3100,3000,-1,0",True,False,False,5,45,6,6,Dunsparce HP:60 En:0,Abra HP:50 En:1,Dunsparce HP:70 En:0,Abra HP:50 En:1/Abra HP:50 En:0/Abra HP:50 En:0/Abra HP:50 En:0,DRAW,SolEclipse_Mirror
1,37,6,0,MAIN,9,PLAY(Boss’s Orders) | PLAY(Lillie's Determination) | PLAY(Boss’s Orders) | PLAY(Hilda) | PLAY(Poké Pad) | PLAY(Dawn) | ATTACK(Powerful Hand) | RETREAT | END_TURN,4,[4],PLAY(Poké Pad),4,PLAY(Poké Pad),14000,"2262,-1,2262,3000,14000,3100,1655,-1,0",True,False,False,9,30,6,4,Alakazam HP:140 En:1,Abra HP:50 En:0/Dunsparce HP:60 En:0,Alakazam HP:110 En:1,Alakazam HP:140 En:1/Alakazam HP:140 En:0/Alakazam HP:140 En:0/Dudunsparce HP:140 En:0/Dudunsparce HP:140 En:0,DRAW,SolEclipse_Mirror
1,39,6,0,MAIN,8,PLAY(Boss’s Orders) | PLAY(Lillie's Determination) | PLAY(Boss’s Orders) | PLAY(Hilda) | PLAY(Dawn) | ATTACK(Powerful Hand) | RETREAT | END_TURN,4,[4],PLAY(Dawn),4,PLAY(Dawn),3100,"2262,-1,2262,3000,3100,1655,-1,0",True,False,False,9,29,6,4,Alakazam HP:140 En:1,Abra HP:50 En:0/Dunsparce HP:60 En:0,Alakazam HP:110 En:1,Alakazam HP:140 En:1/Alakazam HP:140 En:0/Alakazam HP:140 En:0/Dudunsparce HP:140 En:0/Dudunsparce HP:140 En:0,DRAW,SolEclipse_Mirror
1,66,10,0,MAIN,10,PLAY(Boss’s Orders) | PLAY(Hilda) | PLAY(Lana’s Aid) | PLAY(Xerosic’s Machinations) | PLAY(Dawn) | PLAY(Xerosic’s Machinations) | PLAY(Buddy-Buddy Poffin) | ATTACK(Powerful Hand) | RETREAT | END_TURN,6,[6],PLAY(Buddy-Buddy Poffin),6,PLAY(Buddy-Buddy Poffin),15000,"-1,3000,4249,3250,3100,3250,15000,1655,-1,0",True,False,False,8,13,4,3,Alakazam HP:140 En:1,Kadabra HP:80 En:1/Abra HP:50 En:0,Alakazam HP:140 En:0,Alakazam HP:140 En:0/Dudunsparce HP:140 En:0/Dudunsparce HP:140 En:0/Abra HP:50 En:0,DRAW,SolEclipse_Mirror
1,68,10,0,MAIN,9,PLAY(Boss’s Orders) | PLAY(Hilda) | PLAY(Lana’s Aid) | PLAY(Xerosic’s Machinations) | PLAY(Dawn) | PLAY(Xerosic’s Machinations) | ATTACK(Powerful Hand) | RETREAT | END_TURN,2,[2],PLAY(Lana’s Aid),2,PLAY(Lana’s Aid),4249,"-1,3000,4249,3250,3100,3250,1655,-1,0",True,False,False,7,11,4,3,Alakazam HP:140 En:1,Kadabra HP:80 En:1/Abra HP:50 En:0/Dunsparce HP:60 En:0/Dunsparce HP:70 En:0,Alakazam HP:140 En:0,Alakazam HP:140 En:0/Dudunsparce HP:140 En:0/Dudunsparce HP:140 En:0/Abra HP:50 En:0,DRAW,SolEclipse_Mirror
1,77,12,0,MAIN,26,ATTACH(Telepath Psychic Energy -> Kadabra@4) | ATTACH(Telepath Psychic Energy -> Kadabra@5) | ATTACH(Telepath Psychic Energy -> Dunsparce@5) | ATTACH(Telepath Psychic Energy -> Dunsparce@5) | ATTACH(Telepath Psychic Energy -> Dunsparce@5) | PLAY(Boss’s Orders) | PLAY(Hilda) | PLAY(Xerosic’s Machinations) | PLAY(Dawn) | PLAY(Xerosic’s Machinations) | EVOLVE(Dudunsparce on Dunsparce) | EVOLVE(Dudunsparce on Dunsparce) | EVOLVE(Dudunsparce on Dunsparce) | ATTACH(Telepath Psychic Energy -> Kadabra@4) | ATTACH(Telepath Psychic Energy -> Kadabra@5) | ATTACH(Telepath Psychic Energy -> Dunsparce@5) | ATTACH(Telepath Psychic Energy -> Dunsparce@5) | ATTACH(Telepath Psychic Energy -> Dunsparce@5) | EVOLVE(Alakazam on Kadabra) | EVOLVE(Alakazam on Kadabra) | EVOLVE(Dudunsparce on Dunsparce) | EVOLVE(Dudunsparce on Dunsparce) | EVOLVE(Dudunsparce on Dunsparce) | ATTACK(Super Psy Bolt) | RETREAT | END_TURN,1,[1],ATTACH(Telepath Psychic Energy -> Kadabra@5),1,ATTACH(Telepath Psychic Energy -> Kadabra@5),8020,"-1,8020,-1,-1,-1,-1,3000,3250,3100,3250,6031,6031,6031,-1,8020,-1,-1,-1,6161,6001,6031,6031,6031,1127,-1,0",True,False,False,11,7,3,2,Kadabra HP:80 En:1,Kadabra HP:80 En:0/Dunsparce HP:60 En:0/Dunsparce HP:70 En:0/Dunsparce HP:60 En:0,Alakazam HP:140 En:1,Dudunsparce HP:140 En:0/Dudunsparce HP:140 En:0/Alakazam HP:140 En:0/Abra HP:50 En:0,DRAW,SolEclipse_Mirror
1,78,12,0,MAIN,16,PLAY(Boss’s Orders) | PLAY(Hilda) | PLAY(Xerosic’s Machinations) | PLAY(Dawn) | PLAY(Xerosic’s Machinations) | EVOLVE(Dudunsparce on Dunsparce) | EVOLVE(Dudunsparce on Dunsparce) | EVOLVE(Dudunsparce on Dunsparce) | EVOLVE(Alakazam on Kadabra) | EVOLVE(Alakazam on Kadabra) | EVOLVE(Dudunsparce on Dunsparce) | EVOLVE(Dudunsparce on Dunsparce) | EVOLVE(Dudunsparce on Dunsparce) | ATTACK(Super Psy Bolt) | RETREAT | END_TURN,8,[8],EVOLVE(Alakazam on Kadabra),8,EVOLVE(Alakazam on Kadabra),6161,"-1,3000,3250,3100,3250,6031,6031,6031,6161,6011,6031,6031,6031,1127,-1,0",True,False,False,10,7,3,2,Kadabra HP:80 En:1,Kadabra HP:80 En:1/Dunsparce HP:60 En:0/Dunsparce HP:70 En:0/Dunsparce HP:60 En:0,Alakazam HP:140 En:1,Dudunsparce HP:140 En:0/Dudunsparce HP:140 En:0/Alakazam HP:140 En:0/Abra HP:50 En:0,DRAW,SolEclipse_Mirror
1,80,12,0,MAIN,19,PLAY(Boss’s Orders) | PLAY(Hilda) | PLAY(Xerosic’s Machinations) | PLAY(Dawn) | PLAY(Xerosic’s Machinations) | EVOLVE(Dudunsparce on Dunsparce) | EVOLVE(Dudunsparce on Dunsparce) | EVOLVE(Dudunsparce on Dunsparce) | EVOLVE(Dudunsparce on Dunsparce) | EVOLVE(Dudunsparce on Dunsparce) | EVOLVE(Dudunsparce on Dunsparce) | PLAY(Buddy-Buddy Poffin) | PLAY(Poké Pad) | EVOLVE(Dudunsparce on Dunsparce) | EVOLVE(Dudunsparce on Dunsparce) | EVOLVE(Dudunsparce on Dunsparce) | ATTACK(Powerful Hand) | RETREAT | END_TURN,2,[2],PLAY(Xerosic’s Machinations),2,PLAY(Xerosic’s Machinations),3250,"-1,-1,3250,-1,3250,-1,-1,-1,-1,-1,-1,-1,-1,-1,-1,-1,1655,-1,0",True,False,False,12,4,3,2,Alakazam HP:140 En:1,Kadabra HP:80 En:1/Dunsparce HP:60 En:0/Dunsparce HP:70 En:0/Dunsparce HP:60 En:0,Alakazam HP:140 En:1,Dudunsparce HP:140 En:0/Dudunsparce HP:140 En:0/Alakazam HP:140 En:0/Abra HP:50 En:0,DRAW,SolEclipse_Mirror
2,9,3,1,MAIN,10,EVOLVE(Dudunsparce on Dunsparce) | PLAY(Dawn) | PLAY(Lillie's Determination) | PLAY(Hilda) | EVOLVE(Kadabra on Abra) | EVOLVE(Kadabra on Abra) | EVOLVE(Kadabra on Abra) | PLAY(Hilda) | RETREAT | END_TURN,4,[4],EVOLVE(Kadabra on Abra),4,EVOLVE(Kadabra on Abra),6101,"6031,3100,-1,3000,6101,6101,6101,3000,-1,0",True,False,False,7,41,6,6,Dunsparce HP:60 En:0,Abra HP:50 En:0/Abra HP:50 En:0/Abra HP:50 En:0,Dunsparce HP:60 En:0,Abra HP:50 En:0,DRAW,SolEclipse_Mirror
2,11,3,1,MAIN,7,EVOLVE(Dudunsparce on Dunsparce) | PLAY(Dawn) | PLAY(Lillie's Determination) | PLAY(Hilda) | PLAY(Hilda) | RETREAT | END_TURN,0,[0],EVOLVE(Dudunsparce on Dunsparce),0,EVOLVE(Dudunsparce on Dunsparce),6031,"6031,3100,-1,3000,3000,2000,0",True,False,False,8,39,6,6,Dunsparce HP:60 En:0,Kadabra HP:80 En:0/Abra HP:50 En:0/Abra HP:50 En:0,Dunsparce HP:60 En:0,Abra HP:50 En:0,DRAW,SolEclipse_Mirror
2,12,3,1,MAIN,6,PLAY(Dawn) | PLAY(Lillie's Determination) | PLAY(Hilda) | PLAY(Hilda) | ABILITY(Dudunsparce) | END_TURN,4,[4],ABILITY(Dudunsparce),4,ABILITY(Dudunsparce),30000,"3100,-1,3000,3000,30000,0",True,False,False,7,39,6,6,Dudunsparce HP:140 En:0,Kadabra HP:80 En:0/Abra HP:50 En:0/Abra HP:50 En:0,Dunsparce HP:60 En:0,Abra HP:50 En:0,DRAW,SolEclipse_Mirror
2,14,3,1,MAIN,9,PLAY(Dawn) | PLAY(Lillie's Determination) | PLAY(Hilda) | PLAY(Hilda) | PLAY(Neutralization Zone) | ATTACH(Telepath Psychic Energy -> Kadabra@4) | ATTACH(Telepath Psychic Energy -> Abra@5) | ATTACH(Telepath Psychic Energy -> Abra@5) | END_TURN,5,[5],ATTACH(Telepath Psychic Energy -> Kadabra@4),5,ATTACH(Telepath Psychic Energy -> Kadabra@4),8025,"3100,-1,3000,3000,-1,8025,8010,8010,0",True,False,False,10,38,6,6,Kadabra HP:80 En:0,Abra HP:50 En:0/Abra HP:50 En:0,Dunsparce HP:60 En:0,Abra HP:50 En:0,DRAW,SolEclipse_Mirror
2,16,3,1,MAIN,8,PLAY(Dawn) | PLAY(Lillie's Determination) | PLAY(Hilda) | PLAY(Hilda) | PLAY(Neutralization Zone) | ATTACK(Super Psy Bolt) | RETREAT | END_TURN,0,[0],PLAY(Dawn),0,PLAY(Dawn),3100,"3100,-1,3000,3000,-1,1127,-1,0",True,False,False,9,37,6,6,Kadabra HP:80 En:1,Abra HP:50 En:0/Abra HP:50 En:0/Abra HP:50 En:0,Dunsparce HP:60 En:0,Abra HP:50 En:0,DRAW,SolEclipse_Mirror
4,6,3,1,MAIN,4,PLAY(Hilda) | PLAY(Dawn) | PLAY(Poké Pad) | END_TURN,1,[1],PLAY(Dawn),1,PLAY(Dawn),16500,"3000,16500,14000,0",True,False,False,9,42,6,6,Alakazam HP:130 En:0,Empty,Snover HP:90 En:1,Snover HP:90 En:0,WIN,Mike_V4
4,15,5,1,MAIN,7,EVOLVE(Kadabra on Abra) | EVOLVE(Kadabra on Abra) | EVOLVE(Kadabra on Abra) | EVOLVE(Kadabra on Abra) | PLAY(Hilda) | PLAY(Dawn) | END_TURN,0,[0],EVOLVE(Kadabra on Abra),0,EVOLVE(Kadabra on Abra),6101,"6101,6101,6101,6101,3000,3100,0",True,False,False,10,37,6,6,Alakazam HP:100 En:0,Abra HP:50 En:0/Abra HP:50 En:0,Snover HP:90 En:2,Snover HP:90 En:0,WIN,Mike_V4
4,17,5,1,MAIN,5,EVOLVE(Kadabra on Abra) | PLAY(Hilda) | PLAY(Dawn) | EVOLVE(Kadabra on Abra) | END_TURN,0,[0],EVOLVE(Kadabra on Abra),0,EVOLVE(Kadabra on Abra),6101,"6101,3000,3100,6101,0",True,False,False,11,35,6,6,Alakazam HP:100 En:0,Kadabra HP:80 En:0/Abra HP:50 En:0,Snover HP:90 En:2,Snover HP:90 En:0,WIN,Mike_V4
4,19,5,1,MAIN,4,PLAY(Hilda) | PLAY(Dawn) | PLAY(Lillie's Determination) | END_TURN,1,[1],PLAY(Dawn),1,PLAY(Dawn),3100,"3000,3100,-1,0",True,False,False,12,33,6,6,Alakazam HP:100 En:0,Kadabra HP:80 En:0/Kadabra HP:80 En:0,Snover HP:90 En:2,Snover HP:90 En:0,WIN,Mike_V4
4,28,7,1,MAIN,8,PLAY(Hilda) | EVOLVE(Alakazam on Kadabra) | PLAY(Lillie's Determination) | EVOLVE(Alakazam on Kadabra) | PLAY(Dawn) | PLAY(Hilda) | ABILITY(Dudunsparce) | END_TURN,1,[1],EVOLVE(Alakazam on Kadabra),1,EVOLVE(Alakazam on Kadabra),6001,"3000,6001,-1,6001,3100,3000,-1,0",True,False,False,15,26,6,6,Alakazam HP:70 En:0,Alakazam HP:140 En:0/Kadabra HP:80 En:0/Dudunsparce HP:140 En:0,Snover HP:90 En:3,Snover HP:90 En:0,WIN,Mike_V4
4,30,7,1,MAIN,12,PLAY(Hilda) | PLAY(Lillie's Determination) | PLAY(Dawn) | PLAY(Hilda) | ATTACH(Telepath Psychic Energy -> Alakazam@4) | ATTACH(Telepath Psychic Energy -> Alakazam@5) | ATTACH(Telepath Psychic Energy -> Alakazam@5) | ATTACH(Telepath Psychic Energy -> Dudunsparce@5) | PLAY(Dunsparce) | PLAY(Poké Pad) | ABILITY(Dudunsparce) | END_TURN,8,[8],PLAY(Dunsparce),8,PLAY(Dunsparce),20050,"3000,-1,3100,3000,8035,8030,8030,-1,20050,12000,-1,0",True,False,False,17,23,6,6,Alakazam HP:70 En:0,Alakazam HP:140 En:0/Alakazam HP:140 En:0/Dudunsparce HP:140 En:0,Snover HP:90 En:3,Snover HP:90 En:0,WIN,Mike_V4
4,31,7,1,MAIN,12,PLAY(Hilda) | PLAY(Lillie's Determination) | PLAY(Dawn) | PLAY(Hilda) | ATTACH(Telepath Psychic Energy -> Alakazam@4) | ATTACH(Telepath Psychic Energy -> Alakazam@5) | ATTACH(Telepath Psychic Energy -> Alakazam@5) | ATTACH(Telepath Psychic Energy -> Dudunsparce@5) | ATTACH(Telepath Psychic Energy -> Dunsparce@5) | PLAY(Poké Pad) | ABILITY(Dudunsparce) | END_TURN,9,[9],PLAY(Poké Pad),9,PLAY(Poké Pad),12000,"3000,-1,3100,3000,8035,8030,8030,-1,-1,12000,-1,0",True,False,False,16,23,6,6,Alakazam HP:70 En:0,Alakazam HP:140 En:0/Alakazam HP:140 En:0/Dudunsparce HP:140 En:0/Dunsparce HP:60 En:0,Snover HP:90 En:3,Snover HP:90 En:0,WIN,Mike_V4
4,33,7,1,MAIN,12,PLAY(Hilda) | PLAY(Lillie's Determination) | PLAY(Dawn) | PLAY(Hilda) | ATTACH(Telepath Psychic Energy -> Alakazam@4) | ATTACH(Telepath Psychic Energy -> Alakazam@5) | ATTACH(Telepath Psychic Energy -> Alakazam@5) | ATTACH(Telepath Psychic Energy -> Dudunsparce@5) | ATTACH(Telepath Psychic Energy -> Dunsparce@5) | PLAY(Dunsparce) | ABILITY(Dudunsparce) | END_TURN,4,[4],ATTACH(Telepath Psychic Energy -> Alakazam@4),4,ATTACH(Telepath Psychic Energy -> Alakazam@4),8035,"3000,-1,3100,3000,8035,8030,8030,-1,-1,-1,-1,0",True,False,False,16,22,6,6,Alakazam HP:70 En:0,Alakazam HP:140 En:0/Alakazam HP:140 En:0/Dudunsparce HP:140 En:0/Dunsparce HP:60 En:0,Snover HP:90 En:3,Snover HP:90 En:0,WIN,Mike_V4
4,34,7,1,MAIN,9,PLAY(Hilda) | PLAY(Lillie's Determination) | PLAY(Dawn) | PLAY(Hilda) | PLAY(Dunsparce) | ABILITY(Dudunsparce) | ATTACK(Powerful Hand) | RETREAT | END_TURN,2,[2],PLAY(Dawn),2,PLAY(Dawn),3100,"3000,-1,3100,3000,-1,-1,1655,-1,0",True,False,False,15,22,6,6,Alakazam HP:70 En:1,Alakazam HP:140 En:0/Alakazam HP:140 En:0/Dudunsparce HP:140 En:0/Dunsparce HP:60 En:0,Snover HP:90 En:3,Snover HP:90 En:0,WIN,Mike_V4
6,33,7,1,MAIN,21,PLAY(Sacred Ash) | PLAY(Xerosic’s Machinations) | PLAY(Enhanced Hammer) | PLAY(Dawn) | ATTACH(Basic {P} Energy -> Kadabra@4) | ATTACH(Basic {P} Energy -> Dunsparce@5) | ATTACH(Basic {P} Energy -> Kadabra@5) | ATTACH(Basic {P} Energy -> Abra@5) | ATTACH(Basic {P} Energy -> Dunsparce@5) | PLAY(Dawn) | PLAY(Enhanced Hammer) | PLAY(Buddy-Buddy Poffin) | ATTACH(Telepath Psychic Energy -> Kadabra@4) | ATTACH(Telepath Psychic Energy -> Dunsparce@5) | ATTACH(Telepath Psychic Energy -> Kadabra@5) | ATTACH(Telepath Psychic Energy -> Abra@5) | ATTACH(Telepath Psychic Energy -> Dunsparce@5) | PLAY(Hilda) | ATTACK(Super Psy Bolt) | RETREAT | END_TURN,0,[0],PLAY(Sacred Ash),0,PLAY(Sacred Ash),13500,"13500,3250,-1,3100,-1,-1,8020,8010,-1,3100,-1,4083,-1,-1,8020,8010,-1,3000,1127,-1,0",True,False,False,10,29,5,5,Kadabra HP:80 En:1,Dunsparce HP:70 En:0/Kadabra HP:80 En:0/Abra HP:50 En:0/Dunsparce HP:60 En:0,Alakazam HP:140 En:1,Alakazam HP:140 En:1/Dudunsparce HP:140 En:0/Dudunsparce HP:140 En:0/Abra HP:50 En:0,DRAW,SolEclipse_Mirror
6,35,7,1,MAIN,20,PLAY(Xerosic’s Machinations) | PLAY(Enhanced Hammer) | PLAY(Dawn) | ATTACH(Basic {P} Energy -> Kadabra@4) | ATTACH(Basic {P} Energy -> Dunsparce@5) | ATTACH(Basic {P} Energy -> Kadabra@5) | ATTACH(Basic {P} Energy -> Abra@5) | ATTACH(Basic {P} Energy -> Dunsparce@5) | PLAY(Dawn) | PLAY(Enhanced Hammer) | PLAY(Buddy-Buddy Poffin) | ATTACH(Telepath Psychic Energy -> Kadabra@4) | ATTACH(Telepath Psychic Energy -> Dunsparce@5) | ATTACH(Telepath Psychic Energy -> Kadabra@5) | ATTACH(Telepath Psychic Energy -> Abra@5) | ATTACH(Telepath Psychic Energy -> Dunsparce@5) | PLAY(Hilda) | ATTACK(Super Psy Bolt) | RETREAT | END_TURN,5,[5],ATTACH(Basic {P} Energy -> Kadabra@5),5,ATTACH(Basic {P} Energy -> Kadabra@5),8020,"3250,-1,3100,-1,-1,8020,8010,-1,3100,-1,4083,-1,-1,8020,8010,-1,3000,1127,-1,0",True,False,False,9,32,5,5,Kadabra HP:80 En:1,Dunsparce HP:70 En:0/Kadabra HP:80 En:0/Abra HP:50 En:0/Dunsparce HP:60 En:0,Alakazam HP:140 En:1,Alakazam HP:140 En:1/Dudunsparce HP:140 En:0/Dudunsparce HP:140 En:0/Abra HP:50 En:0,DRAW,SolEclipse_Mirror
6,36,7,1,MAIN,10,PLAY(Xerosic’s Machinations) | PLAY(Enhanced Hammer) | PLAY(Dawn) | PLAY(Dawn) | PLAY(Enhanced Hammer) | PLAY(Buddy-Buddy Poffin) | PLAY(Hilda) | ATTACK(Super Psy Bolt) | RETREAT | END_TURN,5,[5],PLAY(Buddy-Buddy Poffin),5,PLAY(Buddy-Buddy Poffin),4083,"3250,-1,3100,3100,-1,4083,3000,1127,-1,0",True,False,False,8,32,5,5,Kadabra HP:80 En:1,Dunsparce HP:70 En:0/Kadabra HP:80 En:1/Abra HP:50 En:0/Dunsparce HP:60 En:0,Alakazam HP:140 En:1,Alakazam HP:140 En:1/Dudunsparce HP:140 En:0/Dudunsparce HP:140 En:0/Abra HP:50 En:0,DRAW,SolEclipse_Mirror
6,38,7,1,MAIN,9,PLAY(Xerosic’s Machinations) | PLAY(Enhanced Hammer) | PLAY(Dawn) | PLAY(Dawn) | PLAY(Enhanced Hammer) | PLAY(Hilda) | ATTACK(Super Psy Bolt) | RETREAT | END_TURN,0,[0],PLAY(Xerosic’s Machinations),0,PLAY(Xerosic’s Machinations),3250,"3250,-1,3100,3100,-1,3000,1127,-1,0",True,False,False,7,31,5,5,Kadabra HP:80 En:1,Dunsparce HP:70 En:0/Kadabra HP:80 En:1/Abra HP:50 En:0/Dunsparce HP:60 En:0/Abra HP:50 En:0,Alakazam HP:140 En:1,Alakazam HP:140 En:1/Dudunsparce HP:140 En:0/Dudunsparce HP:140 En:0/Abra HP:50 En:0,DRAW,SolEclipse_Mirror
6,41,9,1,MAIN,18,PLAY(Enhanced Hammer) | PLAY(Dawn) | PLAY(Dawn) | PLAY(Enhanced Hammer) | ATTACH(Telepath Psychic Energy -> Kadabra@4) | ATTACH(Telepath Psychic Energy -> Dunsparce@5) | ATTACH(Telepath Psychic Energy -> Abra@5) | ATTACH(Telepath Psychic Energy -> Dunsparce@5) | ATTACH(Telepath Psychic Energy -> Abra@5) | PLAY(Hilda) | ATTACH(Basic {P} Energy -> Kadabra@4) | ATTACH(Basic {P} Energy -> Dunsparce@5) | ATTACH(Basic {P} Energy -> Abra@5) | ATTACH(Basic {P} Energy -> Dunsparce@5) | ATTACH(Basic {P} Energy -> Abra@5) | ATTACK(Super Psy Bolt) | RETREAT | END_TURN,6,[6],ATTACH(Telepath Psychic Energy -> Abra@5),6,ATTACH(Telepath Psychic Energy -> Abra@5),8010,"-1,3100,3100,-1,-1,-1,8010,-1,8010,3000,-1,-1,8010,-1,8010,1127,-1,0",True,False,False,7,30,5,4,Kadabra HP:80 En:1,Dunsparce HP:70 En:0/Abra HP:50 En:0/Dunsparce HP:60 En:0/Abra HP:50 En:0,Alakazam HP:110 En:1,Alakazam HP:140 En:1/Dudunsparce HP:140 En:0/Alakazam HP:140 En:1/Dunsparce HP:60 En:0,DRAW,SolEclipse_Mirror
6,42,9,1,MAIN,8,PLAY(Enhanced Hammer) | PLAY(Dawn) | PLAY(Dawn) | PLAY(Enhanced Hammer) | PLAY(Hilda) | ATTACK(Super Psy Bolt) | RETREAT | END_TURN,1,[1],PLAY(Dawn),1,PLAY(Dawn),3100,"-1,3100,3100,-1,3000,1127,-1,0",True,False,False,6,30,5,4,Kadabra HP:80 En:1,Dunsparce HP:70 En:0/Abra HP:50 En:1/Dunsparce HP:60 En:0/Abra HP:50 En:0,Alakazam HP:110 En:1,Alakazam HP:140 En:1/Dudunsparce HP:140 En:0/Alakazam HP:140 En:1/Dunsparce HP:60 En:0,DRAW,SolEclipse_Mirror
6,52,11,1,MAIN,16,PLAY(Enhanced Hammer) | PLAY(Dawn) | PLAY(Enhanced Hammer) | PLAY(Hilda) | ATTACH(Basic {P} Energy -> Abra@4) | ATTACH(Basic {P} Energy -> Dudunsparce@5) | ATTACH(Basic {P} Energy -> Dunsparce@5) | ATTACH(Basic {P} Energy -> Abra@5) | PLAY(Dunsparce) | PLAY(Lillie's Determination) | PLAY(Dawn) | PLAY(Xerosic’s Machinations) | ABILITY(Dudunsparce) | ATTACK(Teleportation) | RETREAT | END_TURN,7,[7],ATTACH(Basic {P} Energy -> Abra@5),7,ATTACH(Basic {P} Energy -> Abra@5),8010,"-1,3100,-1,3000,-1,-1,-1,8010,-1,-1,3100,3250,-1,1067,-1,0",True,False,False,11,23,4,3,Abra HP:50 En:1,Dudunsparce HP:140 En:0/Dunsparce HP:60 En:0/Abra HP:50 En:0,Alakazam HP:140 En:1,Alakazam HP:140 En:1/Dudunsparce HP:140 En:0/Abra HP:50 En:1/Dunsparce HP:70 En:0,DRAW,SolEclipse_Mirror
6,53,11,1,MAIN,12,PLAY(Enhanced Hammer) | PLAY(Dawn) | PLAY(Enhanced Hammer) | PLAY(Hilda) | PLAY(Dunsparce) | PLAY(Lillie's Determination) | PLAY(Dawn) | PLAY(Xerosic’s Machinations) | ABILITY(Dudunsparce) | ATTACK(Teleportation) | RETREAT | END_TURN,7,[7],PLAY(Xerosic’s Machinations),7,PLAY(Xerosic’s Machinations),3250,"-1,3100,-1,3000,-1,-1,3100,3250,-1,1067,-1,0",True,False,False,10,23,4,3,Abra HP:50 En:1,Dudunsparce HP:140 En:0/Dunsparce HP:60 En:0/Abra HP:50 En:1,Alakazam HP:140 En:1,Alakazam HP:140 En:1/Dudunsparce HP:140 En:0/Abra HP:50 En:1/Dunsparce HP:70 En:0,DRAW,SolEclipse_Mirror
6,57,13,1,MAIN,12,PLAY(Enhanced Hammer) | PLAY(Dawn) | PLAY(Enhanced Hammer) | PLAY(Hilda) | PLAY(Dunsparce) | PLAY(Lillie's Determination) | PLAY(Dawn) | PLAY(Night Stretcher) | ABILITY(Dudunsparce) | ATTACK(Teleportation) | RETREAT | END_TURN,7,[7],PLAY(Night Stretcher),7,PLAY(Night Stretcher),13000,"-1,3100,-1,3000,-1,-1,3100,13000,-1,1067,-1,0",True,False,False,10,22,4,2,Abra HP:50 En:1,Dudunsparce HP:140 En:0/Dunsparce HP:60 En:0,Alakazam HP:130 En:1,Alakazam HP:140 En:1/Abra HP:50 En:1/Dunsparce HP:70 En:0/Dunsparce HP:60 En:0,DRAW,SolEclipse_Mirror
6,59,13,1,MAIN,12,PLAY(Enhanced Hammer) | PLAY(Dawn) | PLAY(Enhanced Hammer) | PLAY(Hilda) | PLAY(Dunsparce) | PLAY(Lillie's Determination) | PLAY(Dawn) | EVOLVE(Kadabra on Abra) | ABILITY(Dudunsparce) | ATTACK(Teleportation) | RETREAT | END_TURN,7,[7],EVOLVE(Kadabra on Abra),7,EVOLVE(Kadabra on Abra),6051,"-1,3100,-1,3000,-1,-1,3100,6051,-1,1067,-1,0",True,False,False,10,22,4,2,Abra HP:50 En:1,Dudunsparce HP:140 En:0/Dunsparce HP:60 En:0,Alakazam HP:130 En:1,Alakazam HP:140 En:1/Abra HP:50 En:1/Dunsparce HP:70 En:0/Dunsparce HP:60 En:0,DRAW,SolEclipse_Mirror
6,61,13,1,MAIN,12,PLAY(Enhanced Hammer) | PLAY(Dawn) | PLAY(Enhanced Hammer) | PLAY(Hilda) | PLAY(Dunsparce) | PLAY(Lillie's Determination) | PLAY(Dawn) | PLAY(Boss’s Orders) | ABILITY(Dudunsparce) | ATTACK(Super Psy Bolt) | RETREAT | END_TURN,1,[1],PLAY(Dawn),1,PLAY(Dawn),3100,"-1,3100,-1,3000,-1,-1,3100,2262,-1,1127,-1,0",True,False,False,11,20,4,2,Kadabra HP:80 En:1,Dudunsparce HP:140 En:0/Dunsparce HP:60 En:0,Alakazam HP:130 En:1,Alakazam HP:140 En:1/Abra HP:50 En:1/Dunsparce HP:70 En:0/Dunsparce HP:60 En:0,DRAW,SolEclipse_Mirror
9,44,8,0,MAIN,13,PLAY(Boss’s Orders) | PLAY(Boss’s Orders) | PLAY(Lillie's Determination) | PLAY(Neutralization Zone) | PLAY(Hilda) | PLAY(Hilda) | PLAY(Hilda) | EVOLVE(Dudunsparce on Dunsparce) | PLAY(Hilda) | PLAY(Xerosic’s Machinations) | PLAY(Dawn) | PLAY(Buddy-Buddy Poffin) | END_TURN,11,[11],PLAY(Buddy-Buddy Poffin),11,PLAY(Buddy-Buddy Poffin),15000,"2262,2262,-1,-1,3000,3000,3000,6031,3000,3250,3100,15000,0",True,False,False,14,22,6,4,Alakazam HP:140 En:0,Alakazam HP:110 En:1/Kadabra HP:80 En:0/Dunsparce HP:60 En:0,Alakazam HP:120 En:1,Dudunsparce HP:140 En:0/Alakazam HP:140 En:1/Alakazam HP:140 En:1/Abra HP:50 En:0/Dunsparce HP:60 En:0,LOSS,SolEclipse_Mirror
9,46,8,0,MAIN,12,PLAY(Boss’s Orders) | PLAY(Boss’s Orders) | PLAY(Lillie's Determination) | PLAY(Neutralization Zone) | PLAY(Hilda) | PLAY(Hilda) | PLAY(Hilda) | EVOLVE(Dudunsparce on Dunsparce) | PLAY(Hilda) | PLAY(Xerosic’s Machinations) | PLAY(Dawn) | END_TURN,7,[7],EVOLVE(Dudunsparce on Dunsparce),7,EVOLVE(Dudunsparce on Dunsparce),6031,"2262,2262,-1,-1,3000,3000,3000,6031,3000,3250,3100,0",True,False,False,13,20,6,4,Alakazam HP:140 En:0,Alakazam HP:110 En:1/Kadabra HP:80 En:0/Dunsparce HP:60 En:0/Dunsparce HP:70 En:0/Dunsparce HP:60 En:0,Alakazam HP:120 En:1,Dudunsparce HP:140 En:0/Alakazam HP:140 En:1/Alakazam HP:140 En:1/Abra HP:50 En:0/Dunsparce HP:60 En:0,LOSS,SolEclipse_Mirror
9,47,8,0,MAIN,12,PLAY(Boss’s Orders) | PLAY(Boss’s Orders) | PLAY(Lillie's Determination) | PLAY(Neutralization Zone) | PLAY(Hilda) | PLAY(Hilda) | PLAY(Hilda) | PLAY(Hilda) | PLAY(Xerosic’s Machinations) | PLAY(Dawn) | ABILITY(Dudunsparce) | END_TURN,8,[8],PLAY(Xerosic’s Machinations),8,PLAY(Xerosic’s Machinations),3250,"2262,2262,-1,-1,3000,3000,3000,3000,3250,3100,-1,0",True,False,False,12,20,6,4,Alakazam HP:140 En:0,Alakazam HP:110 En:1/Kadabra HP:80 En:0/Dudunsparce HP:140 En:0/Dunsparce HP:70 En:0/Dunsparce HP:60 En:0,Alakazam HP:120 En:1,Dudunsparce HP:140 En:0/Alakazam HP:140 En:1/Alakazam HP:140 En:1/Abra HP:50 En:0/Dunsparce HP:60 En:0,LOSS,SolEclipse_Mirror
9,51,10,0,MAIN,8,PLAY(Hilda) | PLAY(Hilda) | PLAY(Dawn) | PLAY(Enhanced Hammer) | ABILITY(Dudunsparce) | ATTACK(Powerful Hand) | RETREAT | END_TURN,4,[4],ABILITY(Dudunsparce),4,ABILITY(Dudunsparce),30000,"3000,3000,3100,-1,30000,1655,-1,0",True,False,False,4,19,6,3,Alakazam HP:110 En:1,Kadabra HP:80 En:0/Dudunsparce HP:140 En:0/Dunsparce HP:70 En:0/Dunsparce HP:60 En:0,Alakazam HP:120 En:1,Alakazam HP:140 En:1/Alakazam HP:140 En:1/Kadabra HP:80 En:0/Dunsparce HP:70 En:0/Dunsparce HP:60 En:0,LOSS,SolEclipse_Mirror
9,52,10,0,MAIN,10,PLAY(Hilda) | PLAY(Hilda) | PLAY(Dawn) | PLAY(Enhanced Hammer) | EVOLVE(Dudunsparce on Dunsparce) | EVOLVE(Dudunsparce on Dunsparce) | PLAY(Buddy-Buddy Poffin) | ATTACK(Powerful Hand) | RETREAT | END_TURN,6,[6],PLAY(Buddy-Buddy Poffin),6,PLAY(Buddy-Buddy Poffin),15000,"3000,3000,3100,-1,6031,6031,15000,1655,-1,0",True,False,False,7,18,6,3,Alakazam HP:110 En:1,Kadabra HP:80 En:0/Dunsparce HP:70 En:0/Dunsparce HP:60 En:0,Alakazam HP:120 En:1,Alakazam HP:140 En:1/Alakazam HP:140 En:1/Kadabra HP:80 En:0/Dunsparce HP:70 En:0/Dunsparce HP:60 En:0,LOSS,SolEclipse_Mirror
9,54,10,0,MAIN,9,PLAY(Hilda) | PLAY(Hilda) | PLAY(Dawn) | PLAY(Enhanced Hammer) | EVOLVE(Dudunsparce on Dunsparce) | EVOLVE(Dudunsparce on Dunsparce) | ATTACK(Powerful Hand) | RETREAT | END_TURN,4,[4],EVOLVE(Dudunsparce on Dunsparce),4,EVOLVE(Dudunsparce on Dunsparce),6031,"3000,3000,3100,-1,6031,6031,1655,-1,0",True,False,False,6,17,6,3,Alakazam HP:110 En:1,Kadabra HP:80 En:0/Dunsparce HP:70 En:0/Dunsparce HP:60 En:0/Dunsparce HP:60 En:0,Alakazam HP:120 En:1,Alakazam HP:140 En:1/Alakazam HP:140 En:1/Kadabra HP:80 En:0/Dunsparce HP:70 En:0/Dunsparce HP:60 En:0,LOSS,SolEclipse_Mirror
9,55,10,0,MAIN,8,PLAY(Hilda) | PLAY(Hilda) | PLAY(Dawn) | PLAY(Enhanced Hammer) | ABILITY(Dudunsparce) | ATTACK(Powerful Hand) | RETREAT | END_TURN,4,[4],ABILITY(Dudunsparce),4,ABILITY(Dudunsparce),30000,"3000,3000,3100,-1,30000,1655,-1,0",True,False,False,5,17,6,3,Alakazam HP:110 En:1,Kadabra HP:80 En:0/Dudunsparce HP:140 En:0/Dunsparce HP:60 En:0/Dunsparce HP:60 En:0,Alakazam HP:120 En:1,Alakazam HP:140 En:1/Alakazam HP:140 En:1/Kadabra HP:80 En:0/Dunsparce HP:70 En:0/Dunsparce HP:60 En:0,LOSS,SolEclipse_Mirror
9,56,10,0,MAIN,16,PLAY(Hilda) | PLAY(Hilda) | PLAY(Dawn) | PLAY(Enhanced Hammer) | PLAY(Dawn) | ATTACH(Telepath Psychic Energy -> Alakazam@4) | ATTACH(Telepath Psychic Energy -> Kadabra@5) | ATTACH(Telepath Psychic Energy -> Dunsparce@5) | ATTACH(Telepath Psychic Energy -> Dunsparce@5) | ATTACH(Basic {P} Energy -> Alakazam@4) | ATTACH(Basic {P} Energy -> Kadabra@5) | ATTACH(Basic {P} Energy -> Dunsparce@5) | ATTACH(Basic {P} Energy -> Dunsparce@5) | ATTACK(Powerful Hand) | RETREAT | END_TURN,6,[6],ATTACH(Telepath Psychic Energy -> Kadabra@5),6,ATTACH(Telepath Psychic Energy -> Kadabra@5),8020,"3000,3000,3100,-1,3100,-1,8020,-1,-1,-1,8020,-1,-1,1655,-1,0",True,False,False,8,16,6,3,Alakazam HP:110 En:1,Kadabra HP:80 En:0/Dunsparce HP:60 En:0/Dunsparce HP:60 En:0,Alakazam HP:120 En:1,Alakazam HP:140 En:1/Alakazam HP:140 En:1/Kadabra HP:80 En:0/Dunsparce HP:70 En:0/Dunsparce HP:60 En:0,LOSS,SolEclipse_Mirror
9,57,10,0,MAIN,8,PLAY(Hilda) | PLAY(Hilda) | PLAY(Dawn) | PLAY(Enhanced Hammer) | PLAY(Dawn) | ATTACK(Powerful Hand) | RETREAT | END_TURN,2,[2],PLAY(Dawn),2,PLAY(Dawn),3100,"3000,3000,3100,-1,3100,1655,-1,0",True,False,False,7,16,6,3,Alakazam HP:110 En:1,Kadabra HP:80 En:1/Dunsparce HP:60 En:0/Dunsparce HP:60 En:0,Alakazam HP:120 En:1,Alakazam HP:140 En:1/Alakazam HP:140 En:1/Kadabra HP:80 En:0/Dunsparce HP:70 En:0/Dunsparce HP:60 En:0,LOSS,SolEclipse_Mirror
9,64,12,0,MAIN,14,PLAY(Hilda) | PLAY(Hilda) | PLAY(Enhanced Hammer) | PLAY(Dawn) | ATTACH(Basic {P} Energy -> Alakazam@4) | ATTACH(Basic {P} Energy -> Kadabra@5) | ATTACH(Basic {P} Energy -> Dunsparce@5) | PLAY(Dunsparce) | ATTACH(Telepath Psychic Energy -> Alakazam@4) | ATTACH(Telepath Psychic Energy -> Kadabra@5) | ATTACH(Telepath Psychic Energy -> Dunsparce@5) | ATTACK(Powerful Hand) | RETREAT | END_TURN,7,[7],PLAY(Dunsparce),7,PLAY(Dunsparce),20050,"3000,3000,-1,3100,-1,-1,-1,20050,-1,-1,-1,1655,-1,0",True,False,False,9,13,5,2,Alakazam HP:110 En:1,Kadabra HP:80 En:1/Dunsparce HP:60 En:0,Alakazam HP:140 En:1,Alakazam HP:140 En:1/Alakazam HP:140 En:1/Dudunsparce HP:140 En:0/Dunsparce HP:60 En:0/Dunsparce HP:70 En:0,LOSS,SolEclipse_Mirror
9,65,12,0,MAIN,15,PLAY(Hilda) | PLAY(Hilda) | PLAY(Enhanced Hammer) | PLAY(Dawn) | ATTACH(Basic {P} Energy -> Alakazam@4) | ATTACH(Basic {P} Energy -> Kadabra@5) | ATTACH(Basic {P} Energy -> Dunsparce@5) | ATTACH(Basic {P} Energy -> Dunsparce@5) | ATTACH(Telepath Psychic Energy -> Alakazam@4) | ATTACH(Telepath Psychic Energy -> Kadabra@5) | ATTACH(Telepath Psychic Energy -> Dunsparce@5) | ATTACH(Telepath Psychic Energy -> Dunsparce@5) | ATTACK(Powerful Hand) | RETREAT | END_TURN,3,[3],PLAY(Dawn),3,PLAY(Dawn),3100,"3000,3000,-1,3100,-1,-1,-1,-1,-1,-1,-1,-1,1655,-1,0",True,False,False,8,13,5,2,Alakazam HP:110 En:1,Kadabra HP:80 En:1/Dunsparce HP:60 En:0/Dunsparce HP:70 En:0,Alakazam HP:140 En:1,Alakazam HP:140 En:1/Alakazam HP:140 En:1/Dudunsparce HP:140 En:0/Dunsparce HP:60 En:0/Dunsparce HP:70 En:0,LOSS,SolEclipse_Mirror
9,71,14,0,MAIN,14,PLAY(Hilda) | PLAY(Hilda) | PLAY(Enhanced Hammer) | ATTACH(Basic {P} Energy -> Kadabra@4) | ATTACH(Basic {P} Energy -> Dudunsparce@5) | ATTACH(Basic {P} Energy -> Dunsparce@5) | ATTACH(Telepath Psychic Energy -> Kadabra@4) | ATTACH(Telepath Psychic Energy -> Dudunsparce@5) | ATTACH(Telepath Psychic Energy -> Dunsparce@5) | PLAY(Dawn) | ABILITY(Dudunsparce) | ATTACK(Super Psy Bolt) | RETREAT | END_TURN,9,[9],PLAY(Dawn),9,PLAY(Dawn),3100,"3000,3000,-1,-1,-1,-1,-1,-1,-1,3100,-1,1127,-1,0",True,False,False,9,11,4,1,Kadabra HP:80 En:1,Dudunsparce HP:140 En:0/Dunsparce HP:70 En:0,Alakazam HP:140 En:1,Alakazam HP:140 En:1/Dudunsparce HP:140 En:0/Dunsparce HP:60 En:0/Dunsparce HP:70 En:0,LOSS,SolEclipse_Mirror
10,63,15,1,MAIN,10,PLAY(Boss’s Orders) | ATTACH(Telepath Psychic Energy -> Dudunsparce@4) | PLAY(Neutralization Zone) | PLAY(Buddy-Buddy Poffin) | PLAY(Lana’s Aid) | PLAY(Dawn) | PLAY(Boss’s Orders) | PLAY(Hilda) | ABILITY(Dudunsparce) | END_TURN,5,[5],PLAY(Dawn),5,PLAY(Dawn),16500,"-1,-1,-1,15000,4249,16500,-1,3000,-1,0",True,False,False,14,12,3,1,Dudunsparce HP:140 En:0,Empty,Alakazam HP:140 En:1,Dudunsparce HP:140 En:0/Kadabra HP:80 En:0/Abra HP:50 En:0,DRAW,SolEclipse_Mirror
11,15,4,0,MAIN,14,PLAY(Neutralization Zone) | EVOLVE(Kadabra on Abra) | ATTACH(Telepath Psychic Energy -> Alakazam@4) | ATTACH(Telepath Psychic Energy -> Alakazam@5) | ATTACH(Telepath Psychic Energy -> Abra@5) | PLAY(Hilda) | ATTACH(Telepath Psychic Energy -> Alakazam@4) | ATTACH(Telepath Psychic Energy -> Alakazam@5) | ATTACH(Telepath Psychic Energy -> Abra@5) | PLAY(Dawn) | ATTACH(Basic {P} Energy -> Alakazam@4) | ATTACH(Basic {P} Energy -> Alakazam@5) | ATTACH(Basic {P} Energy -> Abra@5) | END_TURN,2,[2],ATTACH(Telepath Psychic Energy -> Alakazam@4),2,ATTACH(Telepath Psychic Energy -> Alakazam@4),8035,"-1,6101,8035,-1,8010,3000,8035,-1,8010,3100,8035,-1,8010,0",True,False,False,12,33,6,6,Alakazam HP:100 En:0,Alakazam HP:140 En:1/Abra HP:50 En:0,Kyogre HP:140 En:2,Empty,WIN,Mike_V4
11,16,4,0,MAIN,7,PLAY(Neutralization Zone) | EVOLVE(Kadabra on Abra) | PLAY(Hilda) | PLAY(Dawn) | ATTACK(Powerful Hand) | RETREAT | END_TURN,1,[1],EVOLVE(Kadabra on Abra),1,EVOLVE(Kadabra on Abra),6101,"-1,6101,3000,3100,1655,-1,0",True,False,False,11,33,6,6,Alakazam HP:100 En:1,Alakazam HP:140 En:1/Abra HP:50 En:0,Kyogre HP:140 En:2,Empty,WIN,Mike_V4
11,18,4,0,MAIN,7,PLAY(Neutralization Zone) | PLAY(Hilda) | PLAY(Dawn) | PLAY(Lillie's Determination) | ATTACK(Powerful Hand) | RETREAT | END_TURN,2,[2],PLAY(Dawn),2,PLAY(Dawn),3100,"-1,3000,3100,-1,1655,-1,0",True,False,False,12,31,6,6,Alakazam HP:100 En:1,Alakazam HP:140 En:1/Kadabra HP:80 En:0,Kyogre HP:140 En:2,Empty,WIN,Mike_V4
12,7,3,1,MAIN,7,PLAY(Dawn) | PLAY(Hilda) | EVOLVE(Kadabra on Abra) | EVOLVE(Kadabra on Abra) | EVOLVE(Kadabra on Abra) | PLAY(Dawn) | END_TURN,2,[2],EVOLVE(Kadabra on Abra),2,EVOLVE(Kadabra on Abra),6101,"3100,3000,6101,6101,6101,3100,0",True,False,False,7,42,6,6,Abra HP:40 En:0,Abra HP:50 En:0/Abra HP:50 En:0,Snover HP:90 En:1,Empty,WIN,Mike_V4
12,9,3,1,MAIN,8,PLAY(Dawn) | PLAY(Hilda) | PLAY(Dawn) | ATTACH(Telepath Psychic Energy -> Kadabra@4) | ATTACH(Telepath Psychic Energy -> Abra@5) | ATTACH(Telepath Psychic Energy -> Abra@5) | PLAY(Poké Pad) | END_TURN,6,[6],PLAY(Poké Pad),6,PLAY(Poké Pad),12000,"3100,3000,3100,8025,8010,8010,12000,0",True,False,False,8,40,6,6,Kadabra HP:70 En:0,Abra HP:50 En:0/Abra HP:50 En:0,Snover HP:90 En:1,Empty,WIN,Mike_V4
12,11,3,1,MAIN,7,PLAY(Dawn) | PLAY(Hilda) | PLAY(Dawn) | ATTACH(Telepath Psychic Energy -> Kadabra@4) | ATTACH(Telepath Psychic Energy -> Abra@5) | ATTACH(Telepath Psychic Energy -> Abra@5) | END_TURN,3,[3],ATTACH(Telepath Psychic Energy -> Kadabra@4),3,ATTACH(Telepath Psychic Energy -> Kadabra@4),8025,"3100,3000,3100,8025,8010,8010,0",True,False,False,8,39,6,6,Kadabra HP:70 En:0,Abra HP:50 En:0/Abra HP:50 En:0,Snover HP:90 En:1,Empty,WIN,Mike_V4
12,13,3,1,MAIN,6,PLAY(Dawn) | PLAY(Hilda) | PLAY(Dawn) | ATTACK(Super Psy Bolt) | RETREAT | END_TURN,0,[0],PLAY(Dawn),0,PLAY(Dawn),3100,"3100,3000,3100,1127,-1,0",True,False,False,7,38,6,6,Kadabra HP:70 En:1,Abra HP:50 En:0/Abra HP:50 En:0/Abra HP:50 En:0,Snover HP:90 En:1,Empty,WIN,Mike_V4
12,20,5,1,MAIN,7,EVOLVE(Dudunsparce on Dunsparce) | PLAY(Lana’s Aid) | PLAY(Hilda) | PLAY(Dawn) | EVOLVE(Dudunsparce on Dunsparce) | PLAY(Buddy-Buddy Poffin) | END_TURN,5,[5],PLAY(Buddy-Buddy Poffin),5,PLAY(Buddy-Buddy Poffin),15000,"6031,4249,3000,3100,6031,15000,0",True,False,False,9,34,6,5,Abra HP:50 En:0,Abra HP:50 En:0/Abra HP:50 En:0/Dunsparce HP:60 En:0,Mega Abomasnow ex HP:320 En:2,Empty,WIN,Mike_V4
12,22,5,1,MAIN,6,EVOLVE(Dudunsparce on Dunsparce) | PLAY(Lana’s Aid) | PLAY(Hilda) | PLAY(Dawn) | EVOLVE(Dudunsparce on Dunsparce) | END_TURN,0,[0],EVOLVE(Dudunsparce on Dunsparce),0,EVOLVE(Dudunsparce on Dunsparce),6031,"6031,4249,3000,3100,6031,0",True,False,False,8,32,6,5,Abra HP:50 En:0,Abra HP:50 En:0/Abra HP:50 En:0/Dunsparce HP:60 En:0/Dunsparce HP:70 En:0/Dunsparce HP:60 En:0,Mega Abomasnow ex HP:320 En:2,Empty,WIN,Mike_V4
12,23,5,1,MAIN,5,PLAY(Lana’s Aid) | PLAY(Hilda) | PLAY(Dawn) | ABILITY(Dudunsparce) | END_TURN,3,[3],ABILITY(Dudunsparce),3,ABILITY(Dudunsparce),30000,"4249,3000,3100,30000,0",True,False,False,7,32,6,5,Abra HP:50 En:0,Abra HP:50 En:0/Abra HP:50 En:0/Dudunsparce HP:140 En:0/Dunsparce HP:70 En:0/Dunsparce HP:60 En:0,Mega Abomasnow ex HP:320 En:2,Empty,WIN,Mike_V4
12,24,5,1,MAIN,11,PLAY(Lana’s Aid) | PLAY(Hilda) | PLAY(Dawn) | PLAY(Rare Candy) | ATTACH(Telepath Psychic Energy -> Abra@4) | ATTACH(Telepath Psychic Energy -> Abra@5) | ATTACH(Telepath Psychic Energy -> Abra@5) | ATTACH(Telepath Psychic Energy -> Dunsparce@5) | ATTACH(Telepath Psychic Energy -> Dunsparce@5) | PLAY(Poké Pad) | END_TURN,3,[3],PLAY(Rare Candy),3,PLAY(Rare Candy),16000,"4249,3000,3100,16000,8015,8010,8010,-1,-1,12000,0",True,False,False,10,31,6,5,Abra HP:50 En:0,Abra HP:50 En:0/Abra HP:50 En:0/Dunsparce HP:70 En:0/Dunsparce HP:60 En:0,Mega Abomasnow ex HP:320 En:2,Empty,WIN,Mike_V4
12,27,5,1,MAIN,16,PLAY(Lana’s Aid) | PLAY(Hilda) | PLAY(Dawn) | ATTACH(Telepath Psychic Energy -> Alakazam@4) | ATTACH(Telepath Psychic Energy -> Abra@5) | ATTACH(Telepath Psychic Energy -> Abra@5) | ATTACH(Telepath Psychic Energy -> Dunsparce@5) | ATTACH(Telepath Psychic Energy -> Dunsparce@5) | PLAY(Poké Pad) | ATTACH(Basic {P} Energy -> Alakazam@4) | ATTACH(Basic {P} Energy -> Abra@5) | ATTACH(Basic {P} Energy -> Abra@5) | ATTACH(Basic {P} Energy -> Dunsparce@5) | ATTACH(Basic {P} Energy -> Dunsparce@5) | PLAY(Buddy-Buddy Poffin) | END_TURN,8,[8],PLAY(Poké Pad),8,PLAY(Poké Pad),12000,"4249,3000,3100,8035,8010,8010,-1,-1,12000,8035,8010,8010,-1,-1,-1,0",True,False,False,11,28,6,5,Alakazam HP:140 En:0,Abra HP:50 En:0/Abra HP:50 En:0/Dunsparce HP:70 En:0/Dunsparce HP:60 En:0,Mega Abomasnow ex HP:320 En:2,Empty,WIN,Mike_V4
12,29,5,1,MAIN,15,PLAY(Lana’s Aid) | PLAY(Hilda) | PLAY(Dawn) | ATTACH(Telepath Psychic Energy -> Alakazam@4) | ATTACH(Telepath Psychic Energy -> Abra@5) | ATTACH(Telepath Psychic Energy -> Abra@5) | ATTACH(Telepath Psychic Energy -> Dunsparce@5) | ATTACH(Telepath Psychic Energy -> Dunsparce@5) | ATTACH(Basic {P} Energy -> Alakazam@4) | ATTACH(Basic {P} Energy -> Abra@5) | ATTACH(Basic {P} Energy -> Abra@5) | ATTACH(Basic {P} Energy -> Dunsparce@5) | ATTACH(Basic {P} Energy -> Dunsparce@5) | PLAY(Buddy-Buddy Poffin) | END_TURN,3,[3],ATTACH(Telepath Psychic Energy -> Alakazam@4),3,ATTACH(Telepath Psychic Energy -> Alakazam@4),8035,"4249,3000,3100,8035,8010,8010,-1,-1,8035,8010,8010,-1,-1,-1,0",True,False,False,11,27,6,5,Alakazam HP:140 En:0,Abra HP:50 En:0/Abra HP:50 En:0/Dunsparce HP:70 En:0/Dunsparce HP:60 En:0,Mega Abomasnow ex HP:320 En:2,Empty,WIN,Mike_V4
12,30,5,1,MAIN,7,PLAY(Lana’s Aid) | PLAY(Hilda) | PLAY(Dawn) | PLAY(Buddy-Buddy Poffin) | ATTACK(Powerful Hand) | RETREAT | END_TURN,0,[0],PLAY(Lana’s Aid),0,PLAY(Lana’s Aid),4249,"4249,3000,3100,-1,1655,-1,0",True,False,False,10,27,6,5,Alakazam HP:140 En:1,Abra HP:50 En:0/Abra HP:50 En:0/Dunsparce HP:70 En:0/Dunsparce HP:60 En:0,Mega Abomasnow ex HP:320 En:2,Empty,WIN,Mike_V4
12,38,7,1,MAIN,20,PLAY(Hilda) | PLAY(Dawn) | EVOLVE(Dudunsparce on Dunsparce) | EVOLVE(Dudunsparce on Dunsparce) | EVOLVE(Dudunsparce on Dunsparce) | EVOLVE(Alakazam on Kadabra) | ATTACH(Basic {P} Energy -> Kadabra@4) | ATTACH(Basic {P} Energy -> Abra@5) | ATTACH(Basic {P} Energy -> Dunsparce@5) | ATTACH(Basic {P} Energy -> Dunsparce@5) | ATTACH(Basic {P} Energy -> Dunsparce@5) | EVOLVE(Dudunsparce on Dunsparce) | EVOLVE(Dudunsparce on Dunsparce) | EVOLVE(Dudunsparce on Dunsparce) | PLAY(Abra) | EVOLVE(Dudunsparce on Dunsparce) | EVOLVE(Dudunsparce on Dunsparce) | EVOLVE(Dudunsparce on Dunsparce) | PLAY(Hilda) | END_TURN,14,[14],PLAY(Abra),14,PLAY(Abra),20200,"3000,3100,6031,6031,6031,6151,8025,8010,-1,-1,-1,6031,6031,6031,20200,6031,6031,6031,3000,0",True,False,False,12,23,6,4,Kadabra HP:80 En:0,Abra HP:50 En:0/Dunsparce HP:70 En:0/Dunsparce HP:60 En:0/Dunsparce HP:60 En:0,Mega Abomasnow ex HP:100 En:3,Empty,WIN,Mike_V4
12,39,7,1,MAIN,20,PLAY(Hilda) | PLAY(Dawn) | EVOLVE(Dudunsparce on Dunsparce) | EVOLVE(Dudunsparce on Dunsparce) | EVOLVE(Dudunsparce on Dunsparce) | EVOLVE(Alakazam on Kadabra) | ATTACH(Basic {P} Energy -> Kadabra@4) | ATTACH(Basic {P} Energy -> Abra@5) | ATTACH(Basic {P} Energy -> Dunsparce@5) | ATTACH(Basic {P} Energy -> Dunsparce@5) | ATTACH(Basic {P} Energy -> Dunsparce@5) | ATTACH(Basic {P} Energy -> Abra@5) | EVOLVE(Dudunsparce on Dunsparce) | EVOLVE(Dudunsparce on Dunsparce) | EVOLVE(Dudunsparce on Dunsparce) | EVOLVE(Dudunsparce on Dunsparce) | EVOLVE(Dudunsparce on Dunsparce) | EVOLVE(Dudunsparce on Dunsparce) | PLAY(Hilda) | END_TURN,6,[6],ATTACH(Basic {P} Energy -> Kadabra@4),6,ATTACH(Basic {P} Energy -> Kadabra@4),8025,"3000,3100,6031,6031,6031,6151,8025,8010,-1,-1,-1,8010,6031,6031,6031,6031,6031,6031,3000,0",True,False,False,11,23,6,4,Kadabra HP:80 En:0,Abra HP:50 En:0/Dunsparce HP:70 En:0/Dunsparce HP:60 En:0/Dunsparce HP:60 En:0/Abra HP:50 En:0,Mega Abomasnow ex HP:100 En:3,Empty,WIN,Mike_V4
12,40,7,1,MAIN,16,PLAY(Hilda) | PLAY(Dawn) | EVOLVE(Dudunsparce on Dunsparce) | EVOLVE(Dudunsparce on Dunsparce) | EVOLVE(Dudunsparce on Dunsparce) | EVOLVE(Alakazam on Kadabra) | EVOLVE(Dudunsparce on Dunsparce) | EVOLVE(Dudunsparce on Dunsparce) | EVOLVE(Dudunsparce on Dunsparce) | EVOLVE(Dudunsparce on Dunsparce) | EVOLVE(Dudunsparce on Dunsparce) | EVOLVE(Dudunsparce on Dunsparce) | PLAY(Hilda) | ATTACK(Super Psy Bolt) | RETREAT | END_TURN,5,[5],EVOLVE(Alakazam on Kadabra),5,EVOLVE(Alakazam on Kadabra),6161,"3000,3100,6031,6031,6031,6161,6031,6031,6031,6031,6031,6031,3000,1127,-1,0",True,False,False,10,23,6,4,Kadabra HP:80 En:1,Abra HP:50 En:0/Dunsparce HP:70 En:0/Dunsparce HP:60 En:0/Dunsparce HP:60 En:0/Abra HP:50 En:0,Mega Abomasnow ex HP:100 En:3,Empty,WIN,Mike_V4
12,42,7,1,MAIN,18,PLAY(Hilda) | PLAY(Dawn) | EVOLVE(Dudunsparce on Dunsparce) | EVOLVE(Dudunsparce on Dunsparce) | EVOLVE(Dudunsparce on Dunsparce) | EVOLVE(Dudunsparce on Dunsparce) | EVOLVE(Dudunsparce on Dunsparce) | EVOLVE(Dudunsparce on Dunsparce) | EVOLVE(Dudunsparce on Dunsparce) | EVOLVE(Dudunsparce on Dunsparce) | EVOLVE(Dudunsparce on Dunsparce) | PLAY(Hilda) | EVOLVE(Dudunsparce on Dunsparce) | EVOLVE(Dudunsparce on Dunsparce) | EVOLVE(Dudunsparce on Dunsparce) | ATTACK(Powerful Hand) | RETREAT | END_TURN,2,[2],EVOLVE(Dudunsparce on Dunsparce),2,EVOLVE(Dudunsparce on Dunsparce),6031,"3000,3100,6031,6031,6031,6031,6031,6031,6031,6031,6031,3000,6031,6031,6031,1655,-1,0",True,False,False,12,20,6,4,Alakazam HP:140 En:1,Abra HP:50 En:0/Dunsparce HP:70 En:0/Dunsparce HP:60 En:0/Dunsparce HP:60 En:0/Abra HP:50 En:0,Mega Abomasnow ex HP:100 En:3,Empty,WIN,Mike_V4
12,43,7,1,MAIN,13,PLAY(Hilda) | PLAY(Dawn) | EVOLVE(Dudunsparce on Dunsparce) | EVOLVE(Dudunsparce on Dunsparce) | EVOLVE(Dudunsparce on Dunsparce) | EVOLVE(Dudunsparce on Dunsparce) | PLAY(Hilda) | EVOLVE(Dudunsparce on Dunsparce) | EVOLVE(Dudunsparce on Dunsparce) | ABILITY(Dudunsparce) | ATTACK(Powerful Hand) | RETREAT | END_TURN,2,[2],EVOLVE(Dudunsparce on Dunsparce),2,EVOLVE(Dudunsparce on Dunsparce),6031,"3000,3100,6031,6031,6031,6031,3000,6031,6031,-1,1655,-1,0",True,False,False,11,20,6,4,Alakazam HP:140 En:1,Abra HP:50 En:0/Dudunsparce HP:140 En:0/Dunsparce HP:60 En:0/Dunsparce HP:60 En:0/Abra HP:50 En:0,Mega Abomasnow ex HP:100 En:3,Empty,WIN,Mike_V4
12,44,7,1,MAIN,10,PLAY(Hilda) | PLAY(Dawn) | EVOLVE(Dudunsparce on Dunsparce) | PLAY(Hilda) | EVOLVE(Dudunsparce on Dunsparce) | ABILITY(Dudunsparce) | ABILITY(Dudunsparce) | ATTACK(Powerful Hand) | RETREAT | END_TURN,2,[2],EVOLVE(Dudunsparce on Dunsparce),2,EVOLVE(Dudunsparce on Dunsparce),6031,"3000,3100,6031,3000,6031,-1,-1,1655,-1,0",True,False,False,10,20,6,4,Alakazam HP:140 En:1,Abra HP:50 En:0/Dudunsparce HP:140 En:0/Dudunsparce HP:140 En:0/Dunsparce HP:60 En:0/Abra HP:50 En:0,Mega Abomasnow ex HP:100 En:3,Empty,WIN,Mike_V4
12,45,7,1,MAIN,9,PLAY(Hilda) | PLAY(Dawn) | PLAY(Hilda) | ABILITY(Dudunsparce) | ABILITY(Dudunsparce) | ABILITY(Dudunsparce) | ATTACK(Powerful Hand) | RETREAT | END_TURN,1,[1],PLAY(Dawn),1,PLAY(Dawn),3100,"3000,3100,3000,-1,-1,-1,1655,-1,0",True,False,False,9,20,6,4,Alakazam HP:140 En:1,Abra HP:50 En:0/Dudunsparce HP:140 En:0/Dudunsparce HP:140 En:0/Dudunsparce HP:140 En:0/Abra HP:50 En:0,Mega Abomasnow ex HP:100 En:3,Empty,WIN,Mike_V4
13,4,2,0,MAIN,4,PLAY(Hilda) | PLAY(Xerosic’s Machinations) | PLAY(Dawn) | END_TURN,2,[2],PLAY(Dawn),2,PLAY(Dawn),16500,"3000,-1,16500,0",True,False,False,9,44,6,6,Abra HP:50 En:0,Empty,Abra HP:50 En:1,Abra HP:50 En:0/Abra HP:50 En:0,LOSS,SolEclipse_Mirror
14,12,3,1,MAIN,19,PLAY(Boss’s Orders) | PLAY(Dawn) | PLAY(Hilda) | EVOLVE(Dudunsparce on Dunsparce) | EVOLVE(Dudunsparce on Dunsparce) | PLAY(Dawn) | EVOLVE(Kadabra on Abra) | EVOLVE(Kadabra on Abra) | EVOLVE(Kadabra on Abra) | EVOLVE(Kadabra on Abra) | PLAY(Rare Candy) | EVOLVE(Kadabra on Abra) | EVOLVE(Kadabra on Abra) | EVOLVE(Kadabra on Abra) | EVOLVE(Kadabra on Abra) | PLAY(Poké Pad) | ATTACK(Teleportation) | RETREAT | END_TURN,10,[10],PLAY(Rare Candy),10,PLAY(Rare Candy),16000,"2262,3100,3000,6031,6031,3100,5931,6101,6101,6101,16000,5931,6101,6101,6101,12000,1067,-1,0",True,False,False,12,32,6,6,Abra HP:50 En:1,Abra HP:50 En:0/Abra HP:50 En:0/Abra HP:50 En:0/Dunsparce HP:60 En:0/Dunsparce HP:70 En:0,Dunsparce HP:60 En:0,Abra HP:50 En:0/Abra HP:50 En:0/Abra HP:50 En:0/Dunsparce HP:70 En:0,WIN,SolEclipse_Mirror
14,15,3,1,MAIN,17,PLAY(Boss’s Orders) | PLAY(Dawn) | PLAY(Hilda) | EVOLVE(Dudunsparce on Dunsparce) | EVOLVE(Dudunsparce on Dunsparce) | PLAY(Dawn) | EVOLVE(Kadabra on Abra) | EVOLVE(Kadabra on Abra) | EVOLVE(Kadabra on Abra) | EVOLVE(Kadabra on Abra) | EVOLVE(Kadabra on Abra) | EVOLVE(Kadabra on Abra) | PLAY(Poké Pad) | PLAY(Poké Pad) | ATTACK(Powerful Hand) | RETREAT | END_TURN,12,[12],PLAY(Poké Pad),12,PLAY(Poké Pad),12000,"2262,3100,3000,6031,6031,3100,6101,6101,6101,6101,6101,6101,12000,12000,1655,-1,0",True,False,False,13,29,6,6,Alakazam HP:140 En:1,Abra HP:50 En:0/Abra HP:50 En:0/Abra HP:50 En:0/Dunsparce HP:60 En:0/Dunsparce HP:70 En:0,Dunsparce HP:60 En:0,Abra HP:50 En:0/Abra HP:50 En:0/Abra HP:50 En:0/Dunsparce HP:70 En:0,WIN,SolEclipse_Mirror
14,17,3,1,MAIN,17,PLAY(Boss’s Orders) | PLAY(Dawn) | PLAY(Hilda) | EVOLVE(Dudunsparce on Dunsparce) | EVOLVE(Dudunsparce on Dunsparce) | PLAY(Dawn) | EVOLVE(Kadabra on Abra) | EVOLVE(Kadabra on Abra) | EVOLVE(Kadabra on Abra) | EVOLVE(Kadabra on Abra) | EVOLVE(Kadabra on Abra) | EVOLVE(Kadabra on Abra) | PLAY(Rare Candy) | PLAY(Poké Pad) | ATTACK(Powerful Hand) | RETREAT | END_TURN,12,[12],PLAY(Rare Candy),12,PLAY(Rare Candy),16000,"2262,3100,3000,6031,6031,3100,6101,6101,6101,6101,6101,6101,16000,12000,1655,-1,0",True,False,False,13,28,6,6,Alakazam HP:140 En:1,Abra HP:50 En:0/Abra HP:50 En:0/Abra HP:50 En:0/Dunsparce HP:60 En:0/Dunsparce HP:70 En:0,Dunsparce HP:60 En:0,Abra HP:50 En:0/Abra HP:50 En:0/Abra HP:50 En:0/Dunsparce HP:70 En:0,WIN,SolEclipse_Mirror
14,20,3,1,MAIN,18,PLAY(Boss’s Orders) | PLAY(Dawn) | PLAY(Hilda) | EVOLVE(Dudunsparce on Dunsparce) | EVOLVE(Dudunsparce on Dunsparce) | PLAY(Dawn) | EVOLVE(Kadabra on Abra) | EVOLVE(Kadabra on Abra) | EVOLVE(Kadabra on Abra) | EVOLVE(Kadabra on Abra) | PLAY(Poké Pad) | EVOLVE(Kadabra on Abra) | EVOLVE(Kadabra on Abra) | EVOLVE(Dudunsparce on Dunsparce) | EVOLVE(Dudunsparce on Dunsparce) | ATTACK(Powerful Hand) | RETREAT | END_TURN,10,[10],PLAY(Poké Pad),10,PLAY(Poké Pad),12000,"2262,3100,3000,6031,6031,3100,6101,6101,6101,6101,12000,6101,6101,6031,6031,1655,-1,0",True,False,False,14,25,6,6,Alakazam HP:140 En:1,Alakazam HP:140 En:0/Abra HP:50 En:0/Abra HP:50 En:0/Dunsparce HP:60 En:0/Dunsparce HP:70 En:0,Dunsparce HP:60 En:0,Abra HP:50 En:0/Abra HP:50 En:0/Abra HP:50 En:0/Dunsparce HP:70 En:0,WIN,SolEclipse_Mirror
14,22,3,1,MAIN,19,PLAY(Boss’s Orders) | PLAY(Dawn) | PLAY(Hilda) | EVOLVE(Dudunsparce on Dunsparce) | EVOLVE(Dudunsparce on Dunsparce) | PLAY(Dawn) | EVOLVE(Kadabra on Abra) | EVOLVE(Kadabra on Abra) | EVOLVE(Kadabra on Abra) | EVOLVE(Kadabra on Abra) | EVOLVE(Kadabra on Abra) | EVOLVE(Kadabra on Abra) | EVOLVE(Dudunsparce on Dunsparce) | EVOLVE(Dudunsparce on Dunsparce) | EVOLVE(Dudunsparce on Dunsparce) | EVOLVE(Dudunsparce on Dunsparce) | ATTACK(Powerful Hand) | RETREAT | END_TURN,6,[6],EVOLVE(Kadabra on Abra),6,EVOLVE(Kadabra on Abra),6101,"2262,3100,3000,6031,6031,3100,6101,6101,6101,6101,6101,6101,6031,6031,6031,6031,1655,-1,0",True,False,False,14,24,6,6,Alakazam HP:140 En:1,Alakazam HP:140 En:0/Abra HP:50 En:0/Abra HP:50 En:0/Dunsparce HP:60 En:0/Dunsparce HP:70 En:0,Dunsparce HP:60 En:0,Abra HP:50 En:0/Abra HP:50 En:0/Abra HP:50 En:0/Dunsparce HP:70 En:0,WIN,SolEclipse_Mirror
14,24,3,1,MAIN,15,PLAY(Boss’s Orders) | PLAY(Dawn) | PLAY(Hilda) | EVOLVE(Dudunsparce on Dunsparce) | EVOLVE(Dudunsparce on Dunsparce) | PLAY(Dawn) | EVOLVE(Kadabra on Abra) | EVOLVE(Kadabra on Abra) | EVOLVE(Dudunsparce on Dunsparce) | EVOLVE(Dudunsparce on Dunsparce) | EVOLVE(Dudunsparce on Dunsparce) | EVOLVE(Dudunsparce on Dunsparce) | ATTACK(Powerful Hand) | RETREAT | END_TURN,6,[6],EVOLVE(Kadabra on Abra),6,EVOLVE(Kadabra on Abra),6101,"2262,3100,3000,6031,6031,3100,6101,6101,6031,6031,6031,6031,1655,-1,0",True,False,False,15,22,6,6,Alakazam HP:140 En:1,Alakazam HP:140 En:0/Kadabra HP:80 En:0/Abra HP:50 En:0/Dunsparce HP:60 En:0/Dunsparce HP:70 En:0,Dunsparce HP:60 En:0,Abra HP:50 En:0/Abra HP:50 En:0/Abra HP:50 En:0/Dunsparce HP:70 En:0,WIN,SolEclipse_Mirror
14,26,3,1,MAIN,15,PLAY(Boss’s Orders) | PLAY(Dawn) | PLAY(Hilda) | EVOLVE(Dudunsparce on Dunsparce) | EVOLVE(Dudunsparce on Dunsparce) | PLAY(Dawn) | EVOLVE(Dudunsparce on Dunsparce) | EVOLVE(Dudunsparce on Dunsparce) | EVOLVE(Dudunsparce on Dunsparce) | EVOLVE(Dudunsparce on Dunsparce) | PLAY(Poké Pad) | PLAY(Dawn) | ATTACK(Powerful Hand) | RETREAT | END_TURN,10,[10],PLAY(Poké Pad),10,PLAY(Poké Pad),12000,"2262,3100,3000,6031,6031,3100,6031,6031,6031,6031,12000,3100,1655,-1,0",True,False,False,16,20,6,6,Alakazam HP:140 En:1,Alakazam HP:140 En:0/Kadabra HP:80 En:0/Kadabra HP:80 En:0/Dunsparce HP:60 En:0/Dunsparce HP:70 En:0,Dunsparce HP:60 En:0,Abra HP:50 En:0/Abra HP:50 En:0/Abra HP:50 En:0/Dunsparce HP:70 En:0,WIN,SolEclipse_Mirror
14,28,3,1,MAIN,14,PLAY(Boss’s Orders) | PLAY(Dawn) | PLAY(Hilda) | EVOLVE(Dudunsparce on Dunsparce) | EVOLVE(Dudunsparce on Dunsparce) | PLAY(Dawn) | EVOLVE(Dudunsparce on Dunsparce) | EVOLVE(Dudunsparce on Dunsparce) | EVOLVE(Dudunsparce on Dunsparce) | EVOLVE(Dudunsparce on Dunsparce) | PLAY(Dawn) | ATTACK(Powerful Hand) | RETREAT | END_TURN,3,[3],EVOLVE(Dudunsparce on Dunsparce),3,EVOLVE(Dudunsparce on Dunsparce),6031,"2262,3100,3000,6031,6031,3100,6031,6031,6031,6031,3100,1655,-1,0",True,False,False,16,19,6,6,Alakazam HP:140 En:1,Alakazam HP:140 En:0/Kadabra HP:80 En:0/Kadabra HP:80 En:0/Dunsparce HP:60 En:0/Dunsparce HP:70 En:0,Dunsparce HP:60 En:0,Abra HP:50 En:0/Abra HP:50 En:0/Abra HP:50 En:0/Dunsparce HP:70 En:0,WIN,SolEclipse_Mirror
14,29,3,1,MAIN,11,PLAY(Boss’s Orders) | PLAY(Dawn) | PLAY(Hilda) | PLAY(Dawn) | EVOLVE(Dudunsparce on Dunsparce) | EVOLVE(Dudunsparce on Dunsparce) | PLAY(Dawn) | ABILITY(Dudunsparce) | ATTACK(Powerful Hand) | RETREAT | END_TURN,4,[4],EVOLVE(Dudunsparce on Dunsparce),4,EVOLVE(Dudunsparce on Dunsparce),6031,"2262,3100,3000,3100,6031,6031,3100,-1,1655,-1,0",True,False,False,15,19,6,6,Alakazam HP:140 En:1,Alakazam HP:140 En:0/Kadabra HP:80 En:0/Kadabra HP:80 En:0/Dudunsparce HP:140 En:0/Dunsparce HP:70 En:0,Dunsparce HP:60 En:0,Abra HP:50 En:0/Abra HP:50 En:0/Abra HP:50 En:0/Dunsparce HP:70 En:0,WIN,SolEclipse_Mirror
14,30,3,1,MAIN,10,PLAY(Boss’s Orders) | PLAY(Dawn) | PLAY(Hilda) | PLAY(Dawn) | PLAY(Dawn) | ABILITY(Dudunsparce) | ABILITY(Dudunsparce) | ATTACK(Powerful Hand) | RETREAT | END_TURN,1,[1],PLAY(Dawn),1,PLAY(Dawn),3100,"2262,3100,3000,3100,3100,-1,-1,1655,-1,0",True,False,False,14,19,6,6,Alakazam HP:140 En:1,Alakazam HP:140 En:0/Kadabra HP:80 En:0/Kadabra HP:80 En:0/Dudunsparce HP:140 En:0/Dudunsparce HP:140 En:0,Dunsparce HP:60 En:0,Abra HP:50 En:0/Abra HP:50 En:0/Abra HP:50 En:0/Dunsparce HP:70 En:0,WIN,SolEclipse_Mirror
14,47,7,1,MAIN,8,PLAY(Boss’s Orders) | PLAY(Hilda) | PLAY(Dawn) | PLAY(Buddy-Buddy Poffin) | EVOLVE(Dudunsparce on Dunsparce) | ATTACK(Powerful Hand) | RETREAT | END_TURN,3,[3],PLAY(Buddy-Buddy Poffin),3,PLAY(Buddy-Buddy Poffin),15000,"-1,3000,3100,15000,6031,1655,-1,0",True,False,False,5,11,4,6,Alakazam HP:140 En:1,Alakazam HP:140 En:1/Alakazam HP:140 En:1/Kadabra HP:80 En:0/Dunsparce HP:60 En:0,Alakazam HP:140 En:0,Alakazam HP:140 En:0/Abra HP:50 En:0/Dudunsparce HP:140 En:0/Dudunsparce HP:140 En:0,WIN,SolEclipse_Mirror
14,49,7,1,MAIN,7,PLAY(Boss’s Orders) | PLAY(Hilda) | PLAY(Dawn) | EVOLVE(Dudunsparce on Dunsparce) | ATTACK(Powerful Hand) | RETREAT | END_TURN,3,[3],EVOLVE(Dudunsparce on Dunsparce),3,EVOLVE(Dudunsparce on Dunsparce),6031,"-1,3000,3100,6031,1655,-1,0",True,False,False,4,10,4,6,Alakazam HP:140 En:1,Alakazam HP:140 En:1/Alakazam HP:140 En:1/Kadabra HP:80 En:0/Dunsparce HP:60 En:0/Dunsparce HP:60 En:0,Alakazam HP:140 En:0,Alakazam HP:140 En:0/Abra HP:50 En:0/Dudunsparce HP:140 En:0/Dudunsparce HP:140 En:0,WIN,SolEclipse_Mirror
14,50,7,1,MAIN,7,PLAY(Boss’s Orders) | PLAY(Hilda) | PLAY(Dawn) | ABILITY(Dudunsparce) | ATTACK(Powerful Hand) | RETREAT | END_TURN,3,[3],ABILITY(Dudunsparce),3,ABILITY(Dudunsparce),30000,"-1,3000,3100,30000,1655,-1,0",True,False,False,3,10,4,6,Alakazam HP:140 En:1,Alakazam HP:140 En:1/Alakazam HP:140 En:1/Kadabra HP:80 En:0/Dudunsparce HP:140 En:0/Dunsparce HP:60 En:0,Alakazam HP:140 En:0,Alakazam HP:140 En:0/Abra HP:50 En:0/Dudunsparce HP:140 En:0/Dudunsparce HP:140 En:0,WIN,SolEclipse_Mirror
14,51,7,1,MAIN,8,PLAY(Boss’s Orders) | PLAY(Hilda) | PLAY(Dawn) | PLAY(Dunsparce) | PLAY(Lillie's Determination) | ATTACK(Powerful Hand) | RETREAT | END_TURN,3,[3],PLAY(Dunsparce),3,PLAY(Dunsparce),16127,"-1,3000,3100,16127,-1,1655,-1,0",True,False,False,6,9,4,6,Alakazam HP:140 En:1,Alakazam HP:140 En:1/Alakazam HP:140 En:1/Kadabra HP:80 En:0/Dunsparce HP:60 En:0,Alakazam HP:140 En:0,Alakazam HP:140 En:0/Abra HP:50 En:0/Dudunsparce HP:140 En:0/Dudunsparce HP:140 En:0,WIN,SolEclipse_Mirror
14,52,7,1,MAIN,7,PLAY(Boss’s Orders) | PLAY(Hilda) | PLAY(Dawn) | PLAY(Lillie's Determination) | ATTACK(Powerful Hand) | RETREAT | END_TURN,2,[2],PLAY(Dawn),2,PLAY(Dawn),3100,"-1,3000,3100,-1,1655,-1,0",True,False,False,5,9,4,6,Alakazam HP:140 En:1,Alakazam HP:140 En:1/Alakazam HP:140 En:1/Kadabra HP:80 En:0/Dunsparce HP:60 En:0/Dunsparce HP:70 En:0,Alakazam HP:140 En:0,Alakazam HP:140 En:0/Abra HP:50 En:0/Dudunsparce HP:140 En:0/Dudunsparce HP:140 En:0,WIN,SolEclipse_Mirror
15,3,2,0,MAIN,7,PLAY(Poké Pad) | ATTACH(Telepath Psychic Energy -> Abra@4) | ATTACH(Telepath Psychic Energy -> Abra@4) | PLAY(Dawn) | PLAY(Buddy-Buddy Poffin) | PLAY(Hilda) | END_TURN,4,[4],PLAY(Buddy-Buddy Poffin),4,PLAY(Buddy-Buddy Poffin),18000,"17000,8015,8015,16500,18000,3000,0",True,False,False,7,46,6,6,Abra HP:50 En:0,Empty,Snover HP:90 En:1,Empty,WIN,Mike_V4
15,5,2,0,MAIN,10,PLAY(Poké Pad) | ATTACH(Telepath Psychic Energy -> Abra@4) | ATTACH(Telepath Psychic Energy -> Abra@5) | ATTACH(Telepath Psychic Energy -> Abra@5) | ATTACH(Telepath Psychic Energy -> Abra@4) | ATTACH(Telepath Psychic Energy -> Abra@5) | ATTACH(Telepath Psychic Energy -> Abra@5) | PLAY(Dawn) | PLAY(Hilda) | END_TURN,0,[0],PLAY(Poké Pad),0,PLAY(Poké Pad),17000,"17000,8015,8010,8010,8015,8010,8010,3100,3000,0",True,False,False,6,44,6,6,Abra HP:50 En:0,Abra HP:50 En:0/Abra HP:50 En:0,Snover HP:90 En:1,Empty,WIN,Mike_V4
15,7,2,0,MAIN,9,ATTACH(Telepath Psychic Energy -> Abra@4) | ATTACH(Telepath Psychic Energy -> Abra@5) | ATTACH(Telepath Psychic Energy -> Abra@5) | ATTACH(Telepath Psychic Energy -> Abra@4) | ATTACH(Telepath Psychic Energy -> Abra@5) | ATTACH(Telepath Psychic Energy -> Abra@5) | PLAY(Dawn) | PLAY(Hilda) | END_TURN,0,[0],ATTACH(Telepath Psychic Energy -> Abra@4),0,ATTACH(Telepath Psychic Energy -> Abra@4),8015,"8015,8010,8010,8015,8010,8010,3100,3000,0",True,False,False,6,43,6,6,Abra HP:50 En:0,Abra HP:50 En:0/Abra HP:50 En:0,Snover HP:90 En:1,Empty,WIN,Mike_V4
15,9,2,0,MAIN,5,PLAY(Dawn) | PLAY(Hilda) | ATTACK(Teleportation) | RETREAT | END_TURN,0,[0],PLAY(Dawn),0,PLAY(Dawn),3100,"3100,3000,1067,-1,0",True,False,False,5,42,6,6,Abra HP:50 En:1,Abra HP:50 En:0/Abra HP:50 En:0/Abra HP:50 En:0,Snover HP:90 En:1,Empty,WIN,Mike_V4
15,27,4,0,MAIN,7,PLAY(Hilda) | EVOLVE(Dudunsparce on Dunsparce) | PLAY(Dawn) | PLAY(Dawn) | ATTACK(Super Psy Bolt) | RETREAT | END_TURN,1,[1],EVOLVE(Dudunsparce on Dunsparce),1,EVOLVE(Dudunsparce on Dunsparce),6031,"3000,6031,3100,3100,1127,-1,0",True,False,False,7,33,6,5,Kadabra HP:80 En:1,Abra HP:50 En:1/Kadabra HP:80 En:0/Dunsparce HP:60 En:0/Abra HP:50 En:0,Mega Abomasnow ex HP:340 En:2,Empty,WIN,Mike_V4
15,28,4,0,MAIN,7,PLAY(Hilda) | PLAY(Dawn) | PLAY(Dawn) | ABILITY(Dudunsparce) | ATTACK(Super Psy Bolt) | RETREAT | END_TURN,3,[3],ABILITY(Dudunsparce),3,ABILITY(Dudunsparce),30000,"3000,3100,3100,30000,1127,-1,0",True,False,False,6,33,6,5,Kadabra HP:80 En:1,Abra HP:50 En:1/Kadabra HP:80 En:0/Dudunsparce HP:140 En:0/Abra HP:50 En:0,Mega Abomasnow ex HP:340 En:2,Empty,WIN,Mike_V4
15,29,4,0,MAIN,7,PLAY(Hilda) | PLAY(Dawn) | PLAY(Dawn) | EVOLVE(Kadabra on Abra) | ATTACK(Super Psy Bolt) | RETREAT | END_TURN,3,[3],EVOLVE(Kadabra on Abra),3,EVOLVE(Kadabra on Abra),6051,"3000,3100,3100,6051,1127,-1,0",True,False,False,9,32,6,5,Kadabra HP:80 En:1,Abra HP:50 En:1/Kadabra HP:80 En:0/Abra HP:50 En:0,Mega Abomasnow ex HP:340 En:2,Empty,WIN,Mike_V4
15,31,4,0,MAIN,7,PLAY(Hilda) | PLAY(Dawn) | PLAY(Dawn) | PLAY(Xerosic’s Machinations) | ATTACK(Super Psy Bolt) | RETREAT | END_TURN,3,[3],PLAY(Xerosic’s Machinations),3,PLAY(Xerosic’s Machinations),3250,"3000,3100,3100,3250,1127,-1,0",True,False,False,10,30,6,5,Kadabra HP:80 En:1,Kadabra HP:80 En:1/Kadabra HP:80 En:0/Abra HP:50 En:0,Mega Abomasnow ex HP:340 En:2,Empty,WIN,Mike_V4
15,34,6,0,MAIN,10,PLAY(Hilda) | EVOLVE(Alakazam on Kadabra) | EVOLVE(Alakazam on Kadabra) | PLAY(Dawn) | PLAY(Dawn) | EVOLVE(Alakazam on Kadabra) | EVOLVE(Alakazam on Kadabra) | ATTACK(Super Psy Bolt) | RETREAT | END_TURN,1,[1],EVOLVE(Alakazam on Kadabra),1,EVOLVE(Alakazam on Kadabra),6161,"3000,6161,6001,3100,3100,6161,6001,1127,-1,0",True,False,False,10,29,6,4,Kadabra HP:80 En:1,Kadabra HP:80 En:0/Abra HP:50 En:0,Mega Abomasnow ex HP:310 En:3,Empty,WIN,Mike_V4
15,36,6,0,MAIN,9,PLAY(Hilda) | PLAY(Dawn) | PLAY(Dawn) | EVOLVE(Alakazam on Kadabra) | PLAY(Night Stretcher) | PLAY(Dunsparce) | ATTACK(Powerful Hand) | RETREAT | END_TURN,5,[5],PLAY(Dunsparce),5,PLAY(Dunsparce),20070,"3000,3100,3100,6001,13000,20070,1655,-1,0",True,False,False,12,26,6,4,Alakazam HP:140 En:1,Kadabra HP:80 En:0/Abra HP:50 En:0,Mega Abomasnow ex HP:310 En:3,Empty,WIN,Mike_V4
15,37,6,0,MAIN,8,PLAY(Hilda) | PLAY(Dawn) | PLAY(Dawn) | EVOLVE(Alakazam on Kadabra) | PLAY(Night Stretcher) | ATTACK(Powerful Hand) | RETREAT | END_TURN,4,[4],PLAY(Night Stretcher),4,PLAY(Night Stretcher),13000,"3000,3100,3100,6001,13000,1655,-1,0",True,False,False,11,26,6,4,Alakazam HP:140 En:1,Kadabra HP:80 En:0/Abra HP:50 En:0/Dunsparce HP:70 En:0,Mega Abomasnow ex HP:310 En:3,Empty,WIN,Mike_V4
15,39,6,0,MAIN,8,PLAY(Hilda) | PLAY(Dawn) | PLAY(Dawn) | EVOLVE(Alakazam on Kadabra) | EVOLVE(Kadabra on Abra) | ATTACK(Powerful Hand) | RETREAT | END_TURN,4,[4],EVOLVE(Kadabra on Abra),4,EVOLVE(Kadabra on Abra),6101,"3000,3100,3100,6001,6101,1655,-1,0",True,False,False,11,26,6,4,Alakazam HP:140 En:1,Kadabra HP:80 En:0/Abra HP:50 En:0/Dunsparce HP:70 En:0,Mega Abomasnow ex HP:310 En:3,Empty,WIN,Mike_V4
15,41,6,0,MAIN,9,PLAY(Hilda) | PLAY(Dawn) | PLAY(Dawn) | EVOLVE(Alakazam on Kadabra) | PLAY(Dunsparce) | PLAY(Hilda) | ATTACK(Powerful Hand) | RETREAT | END_TURN,4,[4],PLAY(Dunsparce),4,PLAY(Dunsparce),20050,"3000,3100,3100,6001,20050,3000,1655,-1,0",True,False,False,12,24,6,4,Alakazam HP:140 En:1,Kadabra HP:80 En:0/Kadabra HP:80 En:0/Dunsparce HP:70 En:0,Mega Abomasnow ex HP:310 En:3,Empty,WIN,Mike_V4
15,42,6,0,MAIN,8,PLAY(Hilda) | PLAY(Dawn) | PLAY(Dawn) | EVOLVE(Alakazam on Kadabra) | PLAY(Hilda) | ATTACK(Powerful Hand) | RETREAT | END_TURN,3,[3],EVOLVE(Alakazam on Kadabra),3,EVOLVE(Alakazam on Kadabra),6001,"3000,3100,3100,6001,3000,1655,-1,0",True,False,False,11,24,6,4,Alakazam HP:140 En:1,Kadabra HP:80 En:0/Kadabra HP:80 En:0/Dunsparce HP:70 En:0/Dunsparce HP:60 En:0,Mega Abomasnow ex HP:310 En:3,Empty,WIN,Mike_V4
15,44,6,0,MAIN,8,PLAY(Hilda) | PLAY(Dawn) | PLAY(Dawn) | PLAY(Hilda) | PLAY(Buddy-Buddy Poffin) | ATTACK(Powerful Hand) | RETREAT | END_TURN,4,[4],PLAY(Buddy-Buddy Poffin),4,PLAY(Buddy-Buddy Poffin),4083,"3000,3100,3100,3000,4083,1655,-1,0",True,False,False,13,21,6,4,Alakazam HP:140 En:1,Alakazam HP:140 En:0/Kadabra HP:80 En:0/Dunsparce HP:70 En:0/Dunsparce HP:60 En:0,Mega Abomasnow ex HP:310 En:3,Empty,WIN,Mike_V4
15,46,6,0,MAIN,7,PLAY(Hilda) | PLAY(Dawn) | PLAY(Dawn) | PLAY(Hilda) | ATTACK(Powerful Hand) | RETREAT | END_TURN,1,[1],PLAY(Dawn),1,PLAY(Dawn),3100,"3000,3100,3100,3000,1655,-1,0",True,False,False,12,20,6,4,Alakazam HP:140 En:1,Alakazam HP:140 En:0/Kadabra HP:80 En:0/Dunsparce HP:70 En:0/Dunsparce HP:60 En:0/Dunsparce HP:60 En:0,Mega Abomasnow ex HP:310 En:3,Empty,WIN,Mike_V4
15,51,8,0,MAIN,11,PLAY(Hilda) | PLAY(Dawn) | PLAY(Hilda) | EVOLVE(Dudunsparce on Dunsparce) | EVOLVE(Dudunsparce on Dunsparce) | EVOLVE(Dudunsparce on Dunsparce) | EVOLVE(Dudunsparce on Dunsparce) | EVOLVE(Dudunsparce on Dunsparce) | EVOLVE(Dudunsparce on Dunsparce) | EVOLVE(Alakazam on Kadabra) | END_TURN,3,[3],EVOLVE(Dudunsparce on Dunsparce),3,EVOLVE(Dudunsparce on Dunsparce),6031,"3000,3100,3000,6031,6031,6031,6031,6031,6031,6001,0",True,False,False,14,17,6,3,Alakazam HP:140 En:0,Kadabra HP:80 En:0/Dunsparce HP:70 En:0/Dunsparce HP:60 En:0/Dunsparce HP:60 En:0,Mega Abomasnow ex HP:50 En:4,Empty,WIN,Mike_V4
15,52,8,0,MAIN,8,PLAY(Hilda) | PLAY(Dawn) | PLAY(Hilda) | EVOLVE(Dudunsparce on Dunsparce) | EVOLVE(Dudunsparce on Dunsparce) | EVOLVE(Alakazam on Kadabra) | ABILITY(Dudunsparce) | END_TURN,3,[3],EVOLVE(Dudunsparce on Dunsparce),3,EVOLVE(Dudunsparce on Dunsparce),6031,"3000,3100,3000,6031,6031,6001,-1,0",True,False,False,13,17,6,3,Alakazam HP:140 En:0,Kadabra HP:80 En:0/Dudunsparce HP:140 En:0/Dunsparce HP:60 En:0/Dunsparce HP:60 En:0,Mega Abomasnow ex HP:50 En:4,Empty,WIN,Mike_V4
15,53,8,0,MAIN,7,PLAY(Hilda) | PLAY(Dawn) | PLAY(Hilda) | EVOLVE(Alakazam on Kadabra) | ABILITY(Dudunsparce) | ABILITY(Dudunsparce) | END_TURN,3,[3],EVOLVE(Alakazam on Kadabra),3,EVOLVE(Alakazam on Kadabra),6001,"3000,3100,3000,6001,-1,-1,0",True,False,False,12,17,6,3,Alakazam HP:140 En:0,Kadabra HP:80 En:0/Dudunsparce HP:140 En:0/Dudunsparce HP:140 En:0/Dunsparce HP:60 En:0,Mega Abomasnow ex HP:50 En:4,Empty,WIN,Mike_V4
15,55,8,0,MAIN,17,PLAY(Hilda) | PLAY(Dawn) | PLAY(Hilda) | PLAY(Night Stretcher) | ATTACH(Basic {P} Energy -> Alakazam@4) | ATTACH(Basic {P} Energy -> Alakazam@5) | ATTACH(Basic {P} Energy -> Dudunsparce@5) | ATTACH(Basic {P} Energy -> Dudunsparce@5) | ATTACH(Basic {P} Energy -> Dunsparce@5) | ATTACH(Telepath Psychic Energy -> Alakazam@4) | ATTACH(Telepath Psychic Energy -> Alakazam@5) | ATTACH(Telepath Psychic Energy -> Dudunsparce@5) | ATTACH(Telepath Psychic Energy -> Dudunsparce@5) | ATTACH(Telepath Psychic Energy -> Dunsparce@5) | ABILITY(Dudunsparce) | ABILITY(Dudunsparce) | END_TURN,3,[3],PLAY(Night Stretcher),3,PLAY(Night Stretcher),13000,"3000,3100,3000,13000,8035,8030,-1,-1,-1,8035,8030,-1,-1,-1,-1,-1,0",True,False,False,14,14,6,3,Alakazam HP:140 En:0,Alakazam HP:140 En:0/Dudunsparce HP:140 En:0/Dudunsparce HP:140 En:0/Dunsparce HP:60 En:0,Mega Abomasnow ex HP:50 En:4,Empty,WIN,Mike_V4
15,57,8,0,MAIN,17,PLAY(Hilda) | PLAY(Dawn) | PLAY(Hilda) | ATTACH(Basic {P} Energy -> Alakazam@4) | ATTACH(Basic {P} Energy -> Alakazam@5) | ATTACH(Basic {P} Energy -> Dudunsparce@5) | ATTACH(Basic {P} Energy -> Dudunsparce@5) | ATTACH(Basic {P} Energy -> Dunsparce@5) | ATTACH(Telepath Psychic Energy -> Alakazam@4) | ATTACH(Telepath Psychic Energy -> Alakazam@5) | ATTACH(Telepath Psychic Energy -> Dudunsparce@5) | ATTACH(Telepath Psychic Energy -> Dudunsparce@5) | ATTACH(Telepath Psychic Energy -> Dunsparce@5) | PLAY(Abra) | ABILITY(Dudunsparce) | ABILITY(Dudunsparce) | END_TURN,13,[13],PLAY(Abra),13,PLAY(Abra),20200,"3000,3100,3000,8035,8030,-1,-1,-1,8035,8030,-1,-1,-1,20200,-1,-1,0",True,False,False,14,14,6,3,Alakazam HP:140 En:0,Alakazam HP:140 En:0/Dudunsparce HP:140 En:0/Dudunsparce HP:140 En:0/Dunsparce HP:60 En:0,Mega Abomasnow ex HP:50 En:4,Empty,WIN,Mike_V4
15,58,8,0,MAIN,18,PLAY(Hilda) | PLAY(Dawn) | PLAY(Hilda) | ATTACH(Basic {P} Energy -> Alakazam@4) | ATTACH(Basic {P} Energy -> Alakazam@5) | ATTACH(Basic {P} Energy -> Dudunsparce@5) | ATTACH(Basic {P} Energy -> Dudunsparce@5) | ATTACH(Basic {P} Energy -> Dunsparce@5) | ATTACH(Basic {P} Energy -> Abra@5) | ATTACH(Telepath Psychic Energy -> Alakazam@4) | ATTACH(Telepath Psychic Energy -> Alakazam@5) | ATTACH(Telepath Psychic Energy -> Dudunsparce@5) | ATTACH(Telepath Psychic Energy -> Dudunsparce@5) | ATTACH(Telepath Psychic Energy -> Dunsparce@5) | ATTACH(Telepath Psychic Energy -> Abra@5) | ABILITY(Dudunsparce) | ABILITY(Dudunsparce) | END_TURN,3,[3],ATTACH(Basic {P} Energy -> Alakazam@4),3,ATTACH(Basic {P} Energy -> Alakazam@4),8035,"3000,3100,3000,8035,8030,-1,-1,-1,8010,8035,8030,-1,-1,-1,8010,-1,-1,0",True,False,False,13,14,6,3,Alakazam HP:140 En:0,Alakazam HP:140 En:0/Dudunsparce HP:140 En:0/Dudunsparce HP:140 En:0/Dunsparce HP:60 En:0/Abra HP:50 En:0,Mega Abomasnow ex HP:50 En:4,Empty,WIN,Mike_V4
15,59,8,0,MAIN,8,PLAY(Hilda) | PLAY(Dawn) | PLAY(Hilda) | ABILITY(Dudunsparce) | ABILITY(Dudunsparce) | ATTACK(Powerful Hand) | RETREAT | END_TURN,1,[1],PLAY(Dawn),1,PLAY(Dawn),3100,"3000,3100,3000,-1,-1,1655,-1,0",True,False,False,12,14,6,3,Alakazam HP:140 En:1,Alakazam HP:140 En:0/Dudunsparce HP:140 En:0/Dudunsparce HP:140 En:0/Dunsparce HP:60 En:0/Abra HP:50 En:0,Mega Abomasnow ex HP:50 En:4,Empty,WIN,Mike_V4
17,4,2,0,MAIN,4,PLAY(Dawn) | PLAY(Neutralization Zone) | PLAY(Hilda) | END_TURN,0,[0],PLAY(Dawn),0,PLAY(Dawn),16500,"16500,-1,3000,0",True,False,False,8,45,6,6,Abra HP:50 En:0,Empty,Abra HP:50 En:0,Abra HP:50 En:0/Abra HP:50 En:0/Dunsparce HP:70 En:0/Dunsparce HP:60 En:0,WIN,SolEclipse_Mirror
17,33,6,0,MAIN,9,PLAY(Night Stretcher) | PLAY(Night Stretcher) | PLAY(Sacred Ash) | PLAY(Dawn) | PLAY(Hilda) | PLAY(Dawn) | ATTACK(Powerful Hand) | RETREAT | END_TURN,3,[3],PLAY(Dawn),3,PLAY(Dawn),3100,"-1,-1,-1,3100,3000,3100,1655,-1,0",True,False,False,8,26,6,6,Alakazam HP:80 En:1,Alakazam HP:140 En:0/Dunsparce HP:60 En:0/Kadabra HP:80 En:0/Abra HP:50 En:0,Kadabra HP:80 En:1,Kadabra HP:80 En:0/Alakazam HP:140 En:1/Dunsparce HP:60 En:0,WIN,SolEclipse_Mirror
18,28,7,1,MAIN,13,PLAY(Dawn) | PLAY(Xerosic’s Machinations) | PLAY(Boss’s Orders) | PLAY(Lana’s Aid) | PLAY(Neutralization Zone) | PLAY(Hilda) | EVOLVE(Alakazam on Kadabra) | PLAY(Boss’s Orders) | PLAY(Enhanced Hammer) | PLAY(Buddy-Buddy Poffin) | PLAY(Hilda) | ABILITY(Dudunsparce) | END_TURN,1,[1],PLAY(Xerosic’s Machinations),9,PLAY(Buddy-Buddy Poffin),15000,"3100,3250,-1,4249,-1,3000,6151,-1,-1,15000,3000,-1,0",True,True,False,11,28,5,5,Kadabra HP:80 En:0,Abra HP:50 En:0/Abra HP:50 En:0/Dudunsparce HP:140 En:0,Alakazam HP:140 En:1,Alakazam HP:140 En:1/Alakazam HP:140 En:0/Dudunsparce HP:140 En:0/Dunsparce HP:70 En:0,WIN,SolEclipse_Mirror
18,42,9,1,MAIN,22,PLAY(Dawn) | PLAY(Boss’s Orders) | PLAY(Lana’s Aid) | PLAY(Neutralization Zone) | PLAY(Hilda) | PLAY(Boss’s Orders) | PLAY(Enhanced Hammer) | PLAY(Hilda) | PLAY(Hilda) | ATTACH(Telepath Psychic Energy -> Alakazam@4) | ATTACH(Telepath Psychic Energy -> Kadabra@5) | ATTACH(Telepath Psychic Energy -> Abra@5) | ATTACH(Telepath Psychic Energy -> Dudunsparce@5) | ATTACH(Telepath Psychic Energy -> Dunsparce@5) | ATTACH(Telepath Psychic Energy -> Dunsparce@5) | EVOLVE(Alakazam on Kadabra) | EVOLVE(Kadabra on Abra) | EVOLVE(Kadabra on Abra) | ABILITY(Dudunsparce) | ATTACK(Powerful Hand) | RETREAT | END_TURN,10,[10],ATTACH(Telepath Psychic Energy -> Kadabra@5),10,ATTACH(Telepath Psychic Energy -> Kadabra@5),8020,"3100,-1,-1,-1,3000,-1,-1,3000,3000,-1,8020,8010,-1,-1,-1,6001,6101,6101,-1,1655,-1,0",True,False,False,13,19,4,5,Alakazam HP:20 En:1,Kadabra HP:80 En:0/Abra HP:50 En:0/Dudunsparce HP:140 En:0/Dunsparce HP:60 En:0/Dunsparce HP:60 En:0,Alakazam HP:140 En:1,Alakazam HP:140 En:1/Abra HP:50 En:0/Dunsparce HP:70 En:0/Dunsparce HP:60 En:0,WIN,SolEclipse_Mirror
18,43,9,1,MAIN,16,PLAY(Dawn) | PLAY(Boss’s Orders) | PLAY(Lana’s Aid) | PLAY(Neutralization Zone) | PLAY(Hilda) | PLAY(Boss’s Orders) | PLAY(Enhanced Hammer) | PLAY(Hilda) | PLAY(Hilda) | EVOLVE(Alakazam on Kadabra) | EVOLVE(Kadabra on Abra) | EVOLVE(Kadabra on Abra) | ABILITY(Dudunsparce) | ATTACK(Powerful Hand) | RETREAT | END_TURN,10,[10],EVOLVE(Kadabra on Abra),10,EVOLVE(Kadabra on Abra),6101,"3100,-1,-1,-1,3000,-1,-1,3000,3000,6011,6101,6101,-1,1655,-1,0",True,False,False,12,19,4,5,Alakazam HP:20 En:1,Kadabra HP:80 En:1/Abra HP:50 En:0/Dudunsparce HP:140 En:0/Dunsparce HP:60 En:0/Dunsparce HP:60 En:0,Alakazam HP:140 En:1,Alakazam HP:140 En:1/Abra HP:50 En:0/Dunsparce HP:70 En:0/Dunsparce HP:60 En:0,WIN,SolEclipse_Mirror
18,45,9,1,MAIN,14,PLAY(Dawn) | PLAY(Boss’s Orders) | PLAY(Lana’s Aid) | PLAY(Neutralization Zone) | PLAY(Hilda) | PLAY(Boss’s Orders) | PLAY(Enhanced Hammer) | PLAY(Hilda) | PLAY(Hilda) | EVOLVE(Alakazam on Kadabra) | ABILITY(Dudunsparce) | ATTACK(Powerful Hand) | RETREAT | END_TURN,9,[9],EVOLVE(Alakazam on Kadabra),9,EVOLVE(Alakazam on Kadabra),6011,"3100,-1,-1,-1,3000,-1,-1,3000,3000,6011,-1,1655,-1,0",True,False,False,13,17,4,5,Alakazam HP:20 En:1,Kadabra HP:80 En:1/Kadabra HP:80 En:0/Dudunsparce HP:140 En:0/Dunsparce HP:60 En:0/Dunsparce HP:60 En:0,Alakazam HP:140 En:1,Alakazam HP:140 En:1/Abra HP:50 En:0/Dunsparce HP:70 En:0/Dunsparce HP:60 En:0,WIN,SolEclipse_Mirror
18,47,9,1,MAIN,15,PLAY(Dawn) | PLAY(Boss’s Orders) | PLAY(Lana’s Aid) | PLAY(Neutralization Zone) | PLAY(Hilda) | PLAY(Boss’s Orders) | PLAY(Enhanced Hammer) | PLAY(Hilda) | PLAY(Hilda) | PLAY(Dawn) | PLAY(Xerosic’s Machinations) | ABILITY(Dudunsparce) | ATTACK(Powerful Hand) | RETREAT | END_TURN,10,[10],PLAY(Xerosic’s Machinations),10,PLAY(Xerosic’s Machinations),3250,"3100,-1,-1,-1,3000,-1,-1,3000,3000,3100,3250,-1,1655,-1,0",True,False,False,15,14,4,5,Alakazam HP:20 En:1,Alakazam HP:140 En:1/Kadabra HP:80 En:0/Dudunsparce HP:140 En:0/Dunsparce HP:60 En:0/Dunsparce HP:60 En:0,Alakazam HP:140 En:1,Alakazam HP:140 En:1/Abra HP:50 En:0/Dunsparce HP:70 En:0/Dunsparce HP:60 En:0,WIN,SolEclipse_Mirror
18,51,11,1,MAIN,23,PLAY(Dawn) | PLAY(Boss’s Orders) | PLAY(Lana’s Aid) | PLAY(Neutralization Zone) | PLAY(Hilda) | PLAY(Boss’s Orders) | PLAY(Enhanced Hammer) | PLAY(Hilda) | PLAY(Hilda) | PLAY(Buddy-Buddy Poffin) | PLAY(Dawn) | ATTACH(Telepath Psychic Energy -> Alakazam@4) | ATTACH(Telepath Psychic Energy -> Kadabra@5) | ATTACH(Telepath Psychic Energy -> Dudunsparce@5) | ATTACH(Telepath Psychic Energy -> Dunsparce@5) | ATTACH(Telepath Psychic Energy -> Dunsparce@5) | PLAY(Dawn) | EVOLVE(Dudunsparce on Dunsparce) | EVOLVE(Dudunsparce on Dunsparce) | ABILITY(Dudunsparce) | ATTACK(Powerful Hand) | RETREAT | END_TURN,9,[9],PLAY(Buddy-Buddy Poffin),9,PLAY(Buddy-Buddy Poffin),15000,"3100,-1,4249,-1,3000,-1,-1,3000,3000,15000,3100,-1,8020,-1,-1,-1,3100,6031,6031,-1,1655,-1,0",True,False,False,16,13,3,4,Alakazam HP:140 En:1,Kadabra HP:80 En:0/Dudunsparce HP:140 En:0/Dunsparce HP:60 En:0/Dunsparce HP:60 En:0,Alakazam HP:140 En:1,Abra HP:50 En:0/Dunsparce HP:70 En:0/Dunsparce HP:60 En:0,WIN,SolEclipse_Mirror
18,52,11,1,MAIN,22,PLAY(Dawn) | PLAY(Boss’s Orders) | PLAY(Lana’s Aid) | PLAY(Neutralization Zone) | PLAY(Hilda) | PLAY(Boss’s Orders) | PLAY(Enhanced Hammer) | PLAY(Hilda) | PLAY(Hilda) | PLAY(Dawn) | ATTACH(Telepath Psychic Energy -> Alakazam@4) | ATTACH(Telepath Psychic Energy -> Kadabra@5) | ATTACH(Telepath Psychic Energy -> Dudunsparce@5) | ATTACH(Telepath Psychic Energy -> Dunsparce@5) | ATTACH(Telepath Psychic Energy -> Dunsparce@5) | PLAY(Dawn) | EVOLVE(Dudunsparce on Dunsparce) | EVOLVE(Dudunsparce on Dunsparce) | ABILITY(Dudunsparce) | ATTACK(Powerful Hand) | RETREAT | END_TURN,11,[11],ATTACH(Telepath Psychic Energy -> Kadabra@5),11,ATTACH(Telepath Psychic Energy -> Kadabra@5),8020,"3100,-1,4249,-1,3000,-1,-1,3000,3000,3100,-1,8020,-1,-1,-1,3100,6031,6031,-1,1655,-1,0",True,False,False,15,13,3,4,Alakazam HP:140 En:1,Kadabra HP:80 En:0/Dudunsparce HP:140 En:0/Dunsparce HP:60 En:0/Dunsparce HP:60 En:0,Alakazam HP:140 En:1,Abra HP:50 En:0/Dunsparce HP:70 En:0/Dunsparce HP:60 En:0,WIN,SolEclipse_Mirror
18,53,11,1,MAIN,17,PLAY(Dawn) | PLAY(Boss’s Orders) | PLAY(Lana’s Aid) | PLAY(Neutralization Zone) | PLAY(Hilda) | PLAY(Boss’s Orders) | PLAY(Enhanced Hammer) | PLAY(Hilda) | PLAY(Hilda) | PLAY(Dawn) | PLAY(Dawn) | EVOLVE(Dudunsparce on Dunsparce) | EVOLVE(Dudunsparce on Dunsparce) | ABILITY(Dudunsparce) | ATTACK(Powerful Hand) | RETREAT | END_TURN,11,[11],EVOLVE(Dudunsparce on Dunsparce),11,EVOLVE(Dudunsparce on Dunsparce),6031,"3100,-1,4249,-1,3000,-1,-1,3000,3000,3100,3100,6031,6031,-1,1655,-1,0",True,False,False,14,13,3,4,Alakazam HP:140 En:1,Kadabra HP:80 En:1/Dudunsparce HP:140 En:0/Dunsparce HP:60 En:0/Dunsparce HP:60 En:0,Alakazam HP:140 En:1,Abra HP:50 En:0/Dunsparce HP:70 En:0/Dunsparce HP:60 En:0,WIN,SolEclipse_Mirror
18,54,11,1,MAIN,16,PLAY(Dawn) | PLAY(Boss’s Orders) | PLAY(Lana’s Aid) | PLAY(Neutralization Zone) | PLAY(Hilda) | PLAY(Boss’s Orders) | PLAY(Enhanced Hammer) | PLAY(Hilda) | PLAY(Hilda) | PLAY(Dawn) | PLAY(Dawn) | ABILITY(Dudunsparce) | ABILITY(Dudunsparce) | ATTACK(Powerful Hand) | RETREAT | END_TURN,2,[2],PLAY(Lana’s Aid),2,PLAY(Lana’s Aid),4249,"3100,-1,4249,-1,3000,-1,-1,3000,3000,3100,3100,-1,-1,1655,-1,0",True,False,False,13,13,3,4,Alakazam HP:140 En:1,Kadabra HP:80 En:1/Dudunsparce HP:140 En:0/Dudunsparce HP:140 En:0/Dunsparce HP:60 En:0,Alakazam HP:140 En:1,Abra HP:50 En:0/Dunsparce HP:70 En:0/Dunsparce HP:60 En:0,WIN,SolEclipse_Mirror
18,64,13,1,MAIN,29,PLAY(Dawn) | PLAY(Boss’s Orders) | PLAY(Neutralization Zone) | PLAY(Hilda) | PLAY(Boss’s Orders) | PLAY(Hilda) | PLAY(Hilda) | EVOLVE(Kadabra on Abra) | PLAY(Rare Candy) | PLAY(Dawn) | PLAY(Dawn) | ATTACH(Basic {P} Energy -> Alakazam@4) | ATTACH(Basic {P} Energy -> Alakazam@5) | ATTACH(Basic {P} Energy -> Dudunsparce@5) | ATTACH(Basic {P} Energy -> Dudunsparce@5) | ATTACH(Basic {P} Energy -> Dudunsparce@5) | ATTACH(Basic {P} Energy -> Abra@5) | ATTACH(Basic {P} Energy -> Alakazam@4) | ATTACH(Basic {P} Energy -> Alakazam@5) | ATTACH(Basic {P} Energy -> Dudunsparce@5) | ATTACH(Basic {P} Energy -> Dudunsparce@5) | ATTACH(Basic {P} Energy -> Dudunsparce@5) | ATTACH(Basic {P} Energy -> Abra@5) | ABILITY(Dudunsparce) | ABILITY(Dudunsparce) | ABILITY(Dudunsparce) | ATTACK(Powerful Hand) | RETREAT | END_TURN,8,[8],PLAY(Rare Candy),8,PLAY(Rare Candy),16000,"3100,2262,-1,3000,2262,3000,3000,6101,16000,3100,3100,-1,-1,-1,-1,-1,8010,-1,-1,-1,-1,-1,8010,-1,-1,-1,1655,-1,0",True,False,False,16,10,2,4,Alakazam HP:140 En:1,Alakazam HP:140 En:1/Dudunsparce HP:140 En:0/Dudunsparce HP:140 En:0/Dudunsparce HP:140 En:0/Abra HP:50 En:0,Abra HP:50 En:0,Dunsparce HP:70 En:0/Dunsparce HP:60 En:0,WIN,SolEclipse_Mirror
18,67,13,1,MAIN,28,PLAY(Dawn) | PLAY(Boss’s Orders) | PLAY(Neutralization Zone) | PLAY(Hilda) | PLAY(Boss’s Orders) | PLAY(Hilda) | PLAY(Hilda) | PLAY(Dawn) | PLAY(Dawn) | ATTACH(Basic {P} Energy -> Alakazam@4) | ATTACH(Basic {P} Energy -> Alakazam@5) | ATTACH(Basic {P} Energy -> Dudunsparce@5) | ATTACH(Basic {P} Energy -> Dudunsparce@5) | ATTACH(Basic {P} Energy -> Dudunsparce@5) | ATTACH(Basic {P} Energy -> Alakazam@5) | ATTACH(Basic {P} Energy -> Alakazam@4) | ATTACH(Basic {P} Energy -> Alakazam@5) | ATTACH(Basic {P} Energy -> Dudunsparce@5) | ATTACH(Basic {P} Energy -> Dudunsparce@5) | ATTACH(Basic {P} Energy -> Dudunsparce@5) | ATTACH(Basic {P} Energy -> Alakazam@5) | PLAY(Boss’s Orders) | ABILITY(Dudunsparce) | ABILITY(Dudunsparce) | ABILITY(Dudunsparce) | ATTACK(Powerful Hand) | RETREAT | END_TURN,14,[14],ATTACH(Basic {P} Energy -> Alakazam@5),14,ATTACH(Basic {P} Energy -> Alakazam@5),8030,"3100,2262,-1,3000,2262,3000,3000,3100,3100,-1,-1,-1,-1,-1,8030,-1,-1,-1,-1,-1,8030,2262,-1,-1,-1,1655,-1,0",True,False,False,17,7,2,4,Alakazam HP:140 En:1,Alakazam HP:140 En:1/Dudunsparce HP:140 En:0/Dudunsparce HP:140 En:0/Dudunsparce HP:140 En:0/Alakazam HP:140 En:0,Abra HP:50 En:0,Dunsparce HP:70 En:0/Dunsparce HP:60 En:0,WIN,SolEclipse_Mirror
18,68,13,1,MAIN,16,PLAY(Dawn) | PLAY(Boss’s Orders) | PLAY(Neutralization Zone) | PLAY(Hilda) | PLAY(Boss’s Orders) | PLAY(Hilda) | PLAY(Hilda) | PLAY(Dawn) | PLAY(Dawn) | PLAY(Boss’s Orders) | ABILITY(Dudunsparce) | ABILITY(Dudunsparce) | ABILITY(Dudunsparce) | ATTACK(Powerful Hand) | RETREAT | END_TURN,0,[0],PLAY(Dawn),0,PLAY(Dawn),3100,"3100,2262,-1,3000,2262,3000,3000,3100,3100,2262,-1,-1,-1,1655,-1,0",True,False,False,16,7,2,4,Alakazam HP:140 En:1,Alakazam HP:140 En:1/Dudunsparce HP:140 En:0/Dudunsparce HP:140 En:0/Dudunsparce HP:140 En:0/Alakazam HP:140 En:1,Abra HP:50 En:0,Dunsparce HP:70 En:0/Dunsparce HP:60 En:0,WIN,SolEclipse_Mirror
18,73,15,1,MAIN,21,PLAY(Boss’s Orders) | PLAY(Neutralization Zone) | PLAY(Hilda) | PLAY(Boss’s Orders) | PLAY(Hilda) | PLAY(Hilda) | PLAY(Dawn) | PLAY(Dawn) | ATTACH(Basic {P} Energy -> Alakazam@4) | ATTACH(Basic {P} Energy -> Alakazam@5) | ATTACH(Basic {P} Energy -> Dudunsparce@5) | ATTACH(Basic {P} Energy -> Dudunsparce@5) | ATTACH(Basic {P} Energy -> Dudunsparce@5) | ATTACH(Basic {P} Energy -> Alakazam@5) | PLAY(Boss’s Orders) | ABILITY(Dudunsparce) | ABILITY(Dudunsparce) | ABILITY(Dudunsparce) | ATTACK(Powerful Hand) | RETREAT | END_TURN,6,[6],PLAY(Dawn),6,PLAY(Dawn),3100,"-1,-1,3000,-1,3000,3000,3100,3100,-1,-1,-1,-1,-1,-1,-1,-1,-1,-1,1655,-1,0",True,False,False,19,4,1,4,Alakazam HP:140 En:1,Alakazam HP:140 En:1/Dudunsparce HP:140 En:0/Dudunsparce HP:140 En:0/Dudunsparce HP:140 En:0/Alakazam HP:140 En:1,Dunsparce HP:70 En:0,Dunsparce HP:60 En:0,WIN,SolEclipse_Mirror
19,15,4,0,MAIN,6,PLAY(Xerosic’s Machinations) | PLAY(Boss’s Orders) | PLAY(Hilda) | PLAY(Dawn) | PLAY(Boss’s Orders) | END_TURN,3,[3],PLAY(Dawn),3,PLAY(Dawn),16500,"-1,-1,3000,16500,-1,0",True,False,False,11,39,6,6,Kadabra HP:80 En:0,Empty,Kyogre HP:150 En:2,Mega Abomasnow ex HP:350 En:0,WIN,Mike_V4
19,25,6,0,MAIN,9,PLAY(Xerosic’s Machinations) | PLAY(Boss’s Orders) | PLAY(Hilda) | PLAY(Night Stretcher) | PLAY(Boss’s Orders) | PLAY(Buddy-Buddy Poffin) | PLAY(Dawn) | PLAY(Sacred Ash) | END_TURN,6,[6],PLAY(Dawn),6,PLAY(Dawn),16500,"-1,-1,3000,13000,-1,15000,16500,13500,0",True,False,False,14,32,6,5,Alakazam HP:140 En:0,Empty,Kyogre HP:150 En:1,Mega Abomasnow ex HP:350 En:0,WIN,Mike_V4
19,66,10,0,MAIN,11,PLAY(Xerosic’s Machinations) | PLAY(Xerosic’s Machinations) | PLAY(Abra) | PLAY(Lillie's Determination) | PLAY(Hilda) | PLAY(Dawn) | PLAY(Neutralization Zone) | ABILITY(Dudunsparce) | ATTACK(Powerful Hand) | RETREAT | END_TURN,6,[6],PLAY(Neutralization Zone),6,PLAY(Neutralization Zone),19500,"-1,-1,-1,-1,3000,3100,19500,-1,1655,-1,0",True,False,False,20,12,5,4,Alakazam HP:140 En:1,Kadabra HP:80 En:0/Dudunsparce HP:140 En:0/Abra HP:50 En:0/Dunsparce HP:70 En:0,Mega Abomasnow ex HP:350 En:2,Empty,WIN,Mike_V4
19,67,10,0,MAIN,10,PLAY(Xerosic’s Machinations) | PLAY(Xerosic’s Machinations) | PLAY(Abra) | PLAY(Lillie's Determination) | PLAY(Hilda) | PLAY(Dawn) | ABILITY(Dudunsparce) | ATTACK(Powerful Hand) | RETREAT | END_TURN,5,[5],PLAY(Dawn),5,PLAY(Dawn),3100,"-1,-1,-1,-1,3000,3100,-1,1655,-1,0",True,False,False,19,12,5,4,Alakazam HP:140 En:1,Kadabra HP:80 En:0/Dudunsparce HP:140 En:0/Abra HP:50 En:0/Dunsparce HP:70 En:0,Mega Abomasnow ex HP:350 En:2,Empty,WIN,Mike_V4
20,35,5,1,MAIN,18,EVOLVE(Alakazam on Kadabra) | EVOLVE(Alakazam on Kadabra) | ATTACH(Telepath Psychic Energy -> Kadabra@4) | ATTACH(Telepath Psychic Energy -> Kadabra@5) | ATTACH(Telepath Psychic Energy -> Dunsparce@5) | PLAY(Dawn) | EVOLVE(Alakazam on Kadabra) | EVOLVE(Alakazam on Kadabra) | ATTACH(Basic {P} Energy -> Kadabra@4) | ATTACH(Basic {P} Energy -> Kadabra@5) | ATTACH(Basic {P} Energy -> Dunsparce@5) | PLAY(Buddy-Buddy Poffin) | PLAY(Hilda) | EVOLVE(Alakazam on Kadabra) | EVOLVE(Alakazam on Kadabra) | ATTACK(Super Psy Bolt) | RETREAT | END_TURN,11,[11],PLAY(Buddy-Buddy Poffin),11,PLAY(Buddy-Buddy Poffin),15000,"6161,6001,-1,8020,-1,3100,6161,6001,-1,8020,-1,15000,3000,6161,6001,1127,-1,0",True,False,False,13,29,6,5,Kadabra HP:80 En:1,Kadabra HP:80 En:0/Dunsparce HP:60 En:0,Mega Abomasnow ex HP:320 En:2,Empty,WIN,Mike_V4
20,37,5,1,MAIN,21,EVOLVE(Alakazam on Kadabra) | EVOLVE(Alakazam on Kadabra) | ATTACH(Telepath Psychic Energy -> Kadabra@4) | ATTACH(Telepath Psychic Energy -> Kadabra@5) | ATTACH(Telepath Psychic Energy -> Dunsparce@5) | ATTACH(Telepath Psychic Energy -> Abra@5) | ATTACH(Telepath Psychic Energy -> Dunsparce@5) | PLAY(Dawn) | EVOLVE(Alakazam on Kadabra) | EVOLVE(Alakazam on Kadabra) | ATTACH(Basic {P} Energy -> Kadabra@4) | ATTACH(Basic {P} Energy -> Kadabra@5) | ATTACH(Basic {P} Energy -> Dunsparce@5) | ATTACH(Basic {P} Energy -> Abra@5) | ATTACH(Basic {P} Energy -> Dunsparce@5) | PLAY(Hilda) | EVOLVE(Alakazam on Kadabra) | EVOLVE(Alakazam on Kadabra) | ATTACK(Super Psy Bolt) | RETREAT | END_TURN,3,[3],ATTACH(Telepath Psychic Energy -> Kadabra@5),3,ATTACH(Telepath Psychic Energy -> Kadabra@5),8020,"6161,6001,-1,8020,-1,8010,-1,3100,6161,6001,-1,8020,-1,8010,-1,3000,6161,6001,1127,-1,0",True,False,False,12,27,6,5,Kadabra HP:80 En:1,Kadabra HP:80 En:0/Dunsparce HP:60 En:0/Abra HP:50 En:0/Dunsparce HP:70 En:0,Mega Abomasnow ex HP:320 En:2,Empty,WIN,Mike_V4
20,38,5,1,MAIN,11,EVOLVE(Alakazam on Kadabra) | EVOLVE(Alakazam on Kadabra) | PLAY(Dawn) | EVOLVE(Alakazam on Kadabra) | EVOLVE(Alakazam on Kadabra) | PLAY(Hilda) | EVOLVE(Alakazam on Kadabra) | EVOLVE(Alakazam on Kadabra) | ATTACK(Super Psy Bolt) | RETREAT | END_TURN,0,[0],EVOLVE(Alakazam on Kadabra),0,EVOLVE(Alakazam on Kadabra),6161,"6161,6011,3100,6161,6011,3000,6161,6011,1127,-1,0",True,False,False,11,27,6,5,Kadabra HP:80 En:1,Kadabra HP:80 En:1/Dunsparce HP:60 En:0/Abra HP:50 En:0/Dunsparce HP:70 En:0,Mega Abomasnow ex HP:320 En:2,Empty,WIN,Mike_V4
20,40,5,1,MAIN,9,PLAY(Dawn) | EVOLVE(Alakazam on Kadabra) | PLAY(Hilda) | EVOLVE(Alakazam on Kadabra) | PLAY(Buddy-Buddy Poffin) | PLAY(Buddy-Buddy Poffin) | ATTACK(Powerful Hand) | RETREAT | END_TURN,1,[1],EVOLVE(Alakazam on Kadabra),1,EVOLVE(Alakazam on Kadabra),6011,"3100,6011,3000,6011,4083,4083,1655,-1,0",True,False,False,13,24,6,5,Alakazam HP:140 En:1,Kadabra HP:80 En:1/Dunsparce HP:60 En:0/Abra HP:50 En:0/Dunsparce HP:70 En:0,Mega Abomasnow ex HP:320 En:2,Empty,WIN,Mike_V4
20,42,5,1,MAIN,8,PLAY(Dawn) | PLAY(Hilda) | PLAY(Buddy-Buddy Poffin) | PLAY(Buddy-Buddy Poffin) | PLAY(Dawn) | ATTACK(Powerful Hand) | RETREAT | END_TURN,2,[2],PLAY(Buddy-Buddy Poffin),2,PLAY(Buddy-Buddy Poffin),4083,"3100,3000,4083,4083,3100,1655,-1,0",True,False,False,15,21,6,5,Alakazam HP:140 En:1,Alakazam HP:140 En:1/Dunsparce HP:60 En:0/Abra HP:50 En:0/Dunsparce HP:70 En:0,Mega Abomasnow ex HP:320 En:2,Empty,WIN,Mike_V4
20,44,5,1,MAIN,6,PLAY(Dawn) | PLAY(Hilda) | PLAY(Dawn) | ATTACK(Powerful Hand) | RETREAT | END_TURN,0,[0],PLAY(Dawn),0,PLAY(Dawn),3100,"3100,3000,3100,1655,-1,0",True,False,False,14,20,6,5,Alakazam HP:140 En:1,Alakazam HP:140 En:1/Dunsparce HP:60 En:0/Abra HP:50 En:0/Dunsparce HP:70 En:0/Dunsparce HP:60 En:0,Mega Abomasnow ex HP:320 En:2,Empty,WIN,Mike_V4
20,48,7,1,MAIN,19,PLAY(Lana’s Aid) | PLAY(Rare Candy) | ATTACH(Basic {P} Energy -> Alakazam@4) | ATTACH(Basic {P} Energy -> Dunsparce@5) | ATTACH(Basic {P} Energy -> Abra@5) | ATTACH(Basic {P} Energy -> Dunsparce@5) | ATTACH(Basic {P} Energy -> Dunsparce@5) | PLAY(Hilda) | PLAY(Buddy-Buddy Poffin) | EVOLVE(Dudunsparce on Dunsparce) | EVOLVE(Dudunsparce on Dunsparce) | EVOLVE(Dudunsparce on Dunsparce) | PLAY(Dawn) | PLAY(Rare Candy) | EVOLVE(Kadabra on Abra) | EVOLVE(Kadabra on Abra) | ATTACK(Powerful Hand) | RETREAT | END_TURN,1,[1],PLAY(Rare Candy),1,PLAY(Rare Candy),16000,"4249,16000,-1,-1,8010,-1,-1,3000,15000,6031,6031,6031,3100,16000,6101,6101,1655,-1,0",True,False,False,15,18,6,4,Alakazam HP:140 En:1,Dunsparce HP:60 En:0/Abra HP:50 En:0/Dunsparce HP:70 En:0/Dunsparce HP:60 En:0,Mega Abomasnow ex HP:40 En:3,Empty,WIN,Mike_V4
20,51,7,1,MAIN,22,PLAY(Lana’s Aid) | ATTACH(Basic {P} Energy -> Alakazam@4) | ATTACH(Basic {P} Energy -> Dunsparce@5) | ATTACH(Basic {P} Energy -> Alakazam@5) | ATTACH(Basic {P} Energy -> Dunsparce@5) | ATTACH(Basic {P} Energy -> Dunsparce@5) | PLAY(Hilda) | PLAY(Buddy-Buddy Poffin) | EVOLVE(Dudunsparce on Dunsparce) | EVOLVE(Dudunsparce on Dunsparce) | EVOLVE(Dudunsparce on Dunsparce) | PLAY(Dawn) | PLAY(Poké Pad) | PLAY(Hilda) | ATTACH(Telepath Psychic Energy -> Alakazam@4) | ATTACH(Telepath Psychic Energy -> Dunsparce@5) | ATTACH(Telepath Psychic Energy -> Alakazam@5) | ATTACH(Telepath Psychic Energy -> Dunsparce@5) | ATTACH(Telepath Psychic Energy -> Dunsparce@5) | ATTACK(Powerful Hand) | RETREAT | END_TURN,7,[7],PLAY(Buddy-Buddy Poffin),7,PLAY(Buddy-Buddy Poffin),15000,"4249,-1,-1,8030,-1,-1,3000,15000,6031,6031,6031,3100,14000,3000,-1,-1,8030,-1,-1,1655,-1,0",True,False,False,16,15,6,4,Alakazam HP:140 En:1,Dunsparce HP:60 En:0/Alakazam HP:140 En:0/Dunsparce HP:70 En:0/Dunsparce HP:60 En:0,Mega Abomasnow ex HP:40 En:3,Empty,WIN,Mike_V4
20,52,7,1,MAIN,21,PLAY(Lana’s Aid) | ATTACH(Basic {P} Energy -> Alakazam@4) | ATTACH(Basic {P} Energy -> Dunsparce@5) | ATTACH(Basic {P} Energy -> Alakazam@5) | ATTACH(Basic {P} Energy -> Dunsparce@5) | ATTACH(Basic {P} Energy -> Dunsparce@5) | PLAY(Hilda) | EVOLVE(Dudunsparce on Dunsparce) | EVOLVE(Dudunsparce on Dunsparce) | EVOLVE(Dudunsparce on Dunsparce) | PLAY(Dawn) | PLAY(Poké Pad) | PLAY(Hilda) | ATTACH(Telepath Psychic Energy -> Alakazam@4) | ATTACH(Telepath Psychic Energy -> Dunsparce@5) | ATTACH(Telepath Psychic Energy -> Alakazam@5) | ATTACH(Telepath Psychic Energy -> Dunsparce@5) | ATTACH(Telepath Psychic Energy -> Dunsparce@5) | ATTACK(Powerful Hand) | RETREAT | END_TURN,11,[11],PLAY(Poké Pad),11,PLAY(Poké Pad),14000,"4249,-1,-1,8030,-1,-1,3000,6031,6031,6031,3100,14000,3000,-1,-1,8030,-1,-1,1655,-1,0",True,False,False,15,15,6,4,Alakazam HP:140 En:1,Dunsparce HP:60 En:0/Alakazam HP:140 En:0/Dunsparce HP:70 En:0/Dunsparce HP:60 En:0,Mega Abomasnow ex HP:40 En:3,Empty,WIN,Mike_V4
20,54,7,1,MAIN,23,PLAY(Lana’s Aid) | ATTACH(Basic {P} Energy -> Alakazam@4) | ATTACH(Basic {P} Energy -> Dunsparce@5) | ATTACH(Basic {P} Energy -> Alakazam@5) | ATTACH(Basic {P} Energy -> Dunsparce@5) | ATTACH(Basic {P} Energy -> Dunsparce@5) | PLAY(Hilda) | EVOLVE(Dudunsparce on Dunsparce) | EVOLVE(Dudunsparce on Dunsparce) | EVOLVE(Dudunsparce on Dunsparce) | PLAY(Dawn) | PLAY(Hilda) | ATTACH(Telepath Psychic Energy -> Alakazam@4) | ATTACH(Telepath Psychic Energy -> Dunsparce@5) | ATTACH(Telepath Psychic Energy -> Alakazam@5) | ATTACH(Telepath Psychic Energy -> Dunsparce@5) | ATTACH(Telepath Psychic Energy -> Dunsparce@5) | EVOLVE(Dudunsparce on Dunsparce) | EVOLVE(Dudunsparce on Dunsparce) | EVOLVE(Dudunsparce on Dunsparce) | ATTACK(Powerful Hand) | RETREAT | END_TURN,3,[3],ATTACH(Basic {P} Energy -> Alakazam@5),3,ATTACH(Basic {P} Energy -> Alakazam@5),8030,"4249,-1,-1,8030,-1,-1,3000,6031,6031,6031,3100,3000,-1,-1,8030,-1,-1,6031,6031,6031,1655,-1,0",True,False,False,15,14,6,4,Alakazam HP:140 En:1,Dunsparce HP:60 En:0/Alakazam HP:140 En:0/Dunsparce HP:70 En:0/Dunsparce HP:60 En:0,Mega Abomasnow ex HP:40 En:3,Empty,WIN,Mike_V4
20,55,7,1,MAIN,13,PLAY(Lana’s Aid) | PLAY(Hilda) | EVOLVE(Dudunsparce on Dunsparce) | EVOLVE(Dudunsparce on Dunsparce) | EVOLVE(Dudunsparce on Dunsparce) | PLAY(Dawn) | PLAY(Hilda) | EVOLVE(Dudunsparce on Dunsparce) | EVOLVE(Dudunsparce on Dunsparce) | EVOLVE(Dudunsparce on Dunsparce) | ATTACK(Powerful Hand) | RETREAT | END_TURN,2,[2],EVOLVE(Dudunsparce on Dunsparce),2,EVOLVE(Dudunsparce on Dunsparce),6031,"4249,3000,6031,6031,6031,3100,3000,6031,6031,6031,1655,-1,0",True,False,False,14,14,6,4,Alakazam HP:140 En:1,Dunsparce HP:60 En:0/Alakazam HP:140 En:1/Dunsparce HP:70 En:0/Dunsparce HP:60 En:0,Mega Abomasnow ex HP:40 En:3,Empty,WIN,Mike_V4
20,56,7,1,MAIN,10,PLAY(Lana’s Aid) | PLAY(Hilda) | PLAY(Dawn) | PLAY(Hilda) | EVOLVE(Dudunsparce on Dunsparce) | EVOLVE(Dudunsparce on Dunsparce) | ABILITY(Dudunsparce) | ATTACK(Powerful Hand) | RETREAT | END_TURN,4,[4],EVOLVE(Dudunsparce on Dunsparce),4,EVOLVE(Dudunsparce on Dunsparce),6031,"4249,3000,3100,3000,6031,6031,-1,1655,-1,0",True,False,False,13,14,6,4,Alakazam HP:140 En:1,Dudunsparce HP:140 En:0/Alakazam HP:140 En:1/Dunsparce HP:70 En:0/Dunsparce HP:60 En:0,Mega Abomasnow ex HP:40 En:3,Empty,WIN,Mike_V4
20,57,7,1,MAIN,9,PLAY(Lana’s Aid) | PLAY(Hilda) | PLAY(Dawn) | PLAY(Hilda) | ABILITY(Dudunsparce) | ABILITY(Dudunsparce) | ATTACK(Powerful Hand) | RETREAT | END_TURN,0,[0],PLAY(Lana’s Aid),0,PLAY(Lana’s Aid),4249,"4249,3000,3100,3000,-1,-1,1655,-1,0",True,False,False,12,14,6,4,Alakazam HP:140 En:1,Dudunsparce HP:140 En:0/Alakazam HP:140 En:1/Dudunsparce HP:140 En:0/Dunsparce HP:60 En:0,Mega Abomasnow ex HP:40 En:3,Empty,WIN,Mike_V4
22,39,9,1,MAIN,13,PLAY(Enhanced Hammer) | PLAY(Neutralization Zone) | PLAY(Enhanced Hammer) | EVOLVE(Kadabra on Abra) | PLAY(Dawn) | PLAY(Abra) | PLAY(Dawn) | PLAY(Enhanced Hammer) | PLAY(Hilda) | ABILITY(Dudunsparce) | ATTACK(Powerful Hand) | RETREAT | END_TURN,5,[5],PLAY(Abra),5,PLAY(Abra),20200,"-1,-1,-1,6101,3100,20200,3100,-1,3000,-1,1655,-1,0",True,False,False,11,26,5,4,Alakazam HP:140 En:1,Dudunsparce HP:140 En:0/Abra HP:50 En:0,Alakazam HP:140 En:1,Alakazam HP:130 En:1/Kadabra HP:80 En:1/Dudunsparce HP:140 En:0/Dudunsparce HP:140 En:0,DRAW,SolEclipse_Mirror
22,40,9,1,MAIN,12,PLAY(Enhanced Hammer) | PLAY(Neutralization Zone) | PLAY(Enhanced Hammer) | EVOLVE(Kadabra on Abra) | PLAY(Dawn) | PLAY(Dawn) | PLAY(Enhanced Hammer) | PLAY(Hilda) | ABILITY(Dudunsparce) | ATTACK(Powerful Hand) | RETREAT | END_TURN,3,[3],EVOLVE(Kadabra on Abra),3,EVOLVE(Kadabra on Abra),6101,"-1,-1,-1,6101,3100,3100,-1,3000,-1,1655,-1,0",True,False,False,10,26,5,4,Alakazam HP:140 En:1,Dudunsparce HP:140 En:0/Abra HP:50 En:0/Abra HP:50 En:0,Alakazam HP:140 En:1,Alakazam HP:130 En:1/Kadabra HP:80 En:1/Dudunsparce HP:140 En:0/Dudunsparce HP:140 En:0,DRAW,SolEclipse_Mirror
22,42,9,1,MAIN,13,PLAY(Enhanced Hammer) | PLAY(Neutralization Zone) | PLAY(Enhanced Hammer) | PLAY(Dawn) | PLAY(Dawn) | PLAY(Enhanced Hammer) | PLAY(Hilda) | PLAY(Dunsparce) | PLAY(Boss’s Orders) | ABILITY(Dudunsparce) | ATTACK(Powerful Hand) | RETREAT | END_TURN,7,[7],PLAY(Dunsparce),7,PLAY(Dunsparce),20050,"-1,-1,-1,3100,3100,-1,3000,20050,-1,-1,1655,-1,0",True,False,False,11,24,5,4,Alakazam HP:140 En:1,Dudunsparce HP:140 En:0/Kadabra HP:80 En:0/Abra HP:50 En:0,Alakazam HP:140 En:1,Alakazam HP:130 En:1/Kadabra HP:80 En:1/Dudunsparce HP:140 En:0/Dudunsparce HP:140 En:0,DRAW,SolEclipse_Mirror
22,43,9,1,MAIN,12,PLAY(Enhanced Hammer) | PLAY(Neutralization Zone) | PLAY(Enhanced Hammer) | PLAY(Dawn) | PLAY(Dawn) | PLAY(Enhanced Hammer) | PLAY(Hilda) | PLAY(Boss’s Orders) | ABILITY(Dudunsparce) | ATTACK(Powerful Hand) | RETREAT | END_TURN,3,[3],PLAY(Dawn),3,PLAY(Dawn),3100,"-1,-1,-1,3100,3100,-1,3000,-1,-1,1655,-1,0",True,False,False,10,24,5,4,Alakazam HP:140 En:1,Dudunsparce HP:140 En:0/Kadabra HP:80 En:0/Abra HP:50 En:0/Dunsparce HP:60 En:0,Alakazam HP:140 En:1,Alakazam HP:130 En:1/Kadabra HP:80 En:1/Dudunsparce HP:140 En:0/Dudunsparce HP:140 En:0,DRAW,SolEclipse_Mirror
22,49,11,1,MAIN,15,PLAY(Enhanced Hammer) | PLAY(Neutralization Zone) | PLAY(Rare Candy) | PLAY(Enhanced Hammer) | PLAY(Dawn) | EVOLVE(Dudunsparce on Dunsparce) | PLAY(Enhanced Hammer) | PLAY(Hilda) | PLAY(Boss’s Orders) | EVOLVE(Kadabra on Abra) | EVOLVE(Alakazam on Kadabra) | PLAY(Dunsparce) | EVOLVE(Dudunsparce on Dunsparce) | ABILITY(Dudunsparce) | END_TURN,2,[2],PLAY(Rare Candy),2,PLAY(Rare Candy),16000,"-1,-1,16000,-1,3100,6031,-1,3000,2262,6101,6151,-1,6031,-1,0",True,False,False,13,21,4,3,Kadabra HP:80 En:0,Dudunsparce HP:140 En:0/Abra HP:50 En:0/Dunsparce HP:60 En:0,Alakazam HP:130 En:1,Kadabra HP:80 En:1/Dudunsparce HP:140 En:0/Dudunsparce HP:140 En:0,DRAW,SolEclipse_Mirror
22,52,11,1,MAIN,15,PLAY(Enhanced Hammer) | PLAY(Neutralization Zone) | PLAY(Enhanced Hammer) | PLAY(Dawn) | EVOLVE(Dudunsparce on Dunsparce) | PLAY(Enhanced Hammer) | PLAY(Hilda) | PLAY(Boss’s Orders) | PLAY(Dunsparce) | EVOLVE(Dudunsparce on Dunsparce) | PLAY(Night Stretcher) | PLAY(Dawn) | PLAY(Sacred Ash) | ABILITY(Dudunsparce) | END_TURN,12,[12],PLAY(Sacred Ash),12,PLAY(Sacred Ash),13500,"-1,-1,-1,3100,6031,-1,3000,2262,-1,6031,13000,3100,13500,-1,0",True,False,False,14,18,4,3,Kadabra HP:80 En:0,Dudunsparce HP:140 En:0/Alakazam HP:140 En:0/Dunsparce HP:60 En:0,Alakazam HP:130 En:1,Kadabra HP:80 En:1/Dudunsparce HP:140 En:0/Dudunsparce HP:140 En:0,DRAW,SolEclipse_Mirror
22,54,11,1,MAIN,13,PLAY(Enhanced Hammer) | PLAY(Neutralization Zone) | PLAY(Enhanced Hammer) | PLAY(Dawn) | EVOLVE(Dudunsparce on Dunsparce) | PLAY(Enhanced Hammer) | PLAY(Hilda) | PLAY(Boss’s Orders) | PLAY(Dunsparce) | EVOLVE(Dudunsparce on Dunsparce) | PLAY(Dawn) | ABILITY(Dudunsparce) | END_TURN,4,[4],EVOLVE(Dudunsparce on Dunsparce),4,EVOLVE(Dudunsparce on Dunsparce),6031,"-1,-1,-1,3100,6031,-1,3000,2262,-1,6031,3100,-1,0",True,False,False,13,23,4,3,Kadabra HP:80 En:0,Dudunsparce HP:140 En:0/Alakazam HP:140 En:0/Dunsparce HP:60 En:0,Alakazam HP:130 En:1,Kadabra HP:80 En:1/Dudunsparce HP:140 En:0/Dudunsparce HP:140 En:0,DRAW,SolEclipse_Mirror
22,55,11,1,MAIN,12,PLAY(Enhanced Hammer) | PLAY(Neutralization Zone) | PLAY(Enhanced Hammer) | PLAY(Dawn) | PLAY(Enhanced Hammer) | PLAY(Hilda) | PLAY(Boss’s Orders) | PLAY(Dunsparce) | PLAY(Dawn) | ABILITY(Dudunsparce) | ABILITY(Dudunsparce) | END_TURN,3,[3],PLAY(Dawn),3,PLAY(Dawn),3100,"-1,-1,-1,3100,-1,3000,2262,-1,3100,-1,-1,0",True,False,False,12,23,4,3,Kadabra HP:80 En:0,Dudunsparce HP:140 En:0/Alakazam HP:140 En:0/Dudunsparce HP:140 En:0,Alakazam HP:130 En:1,Kadabra HP:80 En:1/Dudunsparce HP:140 En:0/Dudunsparce HP:140 En:0,DRAW,SolEclipse_Mirror
22,66,13,1,MAIN,18,PLAY(Enhanced Hammer) | PLAY(Neutralization Zone) | PLAY(Enhanced Hammer) | PLAY(Enhanced Hammer) | PLAY(Hilda) | PLAY(Boss’s Orders) | EVOLVE(Kadabra on Abra) | EVOLVE(Kadabra on Abra) | PLAY(Dunsparce) | PLAY(Night Stretcher) | PLAY(Dawn) | EVOLVE(Kadabra on Abra) | EVOLVE(Kadabra on Abra) | PLAY(Lana’s Aid) | PLAY(Hilda) | ABILITY(Dudunsparce) | ABILITY(Dudunsparce) | END_TURN,9,[9],PLAY(Night Stretcher),9,PLAY(Night Stretcher),13000,"-1,-1,-1,-1,3000,2262,6101,6101,-1,13000,3100,6101,6101,4249,3000,-1,-1,0",True,False,False,15,15,4,2,Alakazam HP:140 En:0,Dudunsparce HP:140 En:0/Dudunsparce HP:140 En:0/Abra HP:50 En:0/Abra HP:50 En:0,Alakazam HP:130 En:1,Alakazam HP:140 En:1/Dudunsparce HP:140 En:0/Dudunsparce HP:140 En:0/Abra HP:50 En:1/Abra HP:50 En:0,DRAW,SolEclipse_Mirror
22,68,13,1,MAIN,17,PLAY(Enhanced Hammer) | PLAY(Neutralization Zone) | PLAY(Enhanced Hammer) | PLAY(Enhanced Hammer) | PLAY(Hilda) | PLAY(Boss’s Orders) | EVOLVE(Kadabra on Abra) | EVOLVE(Kadabra on Abra) | PLAY(Dunsparce) | PLAY(Dawn) | EVOLVE(Kadabra on Abra) | EVOLVE(Kadabra on Abra) | PLAY(Lana’s Aid) | PLAY(Hilda) | ABILITY(Dudunsparce) | ABILITY(Dudunsparce) | END_TURN,6,[6],EVOLVE(Kadabra on Abra),6,EVOLVE(Kadabra on Abra),6101,"-1,-1,-1,-1,3000,2262,6101,6101,-1,3100,6101,6101,4249,3000,-1,-1,0",True,False,False,15,15,4,2,Alakazam HP:140 En:0,Dudunsparce HP:140 En:0/Dudunsparce HP:140 En:0/Abra HP:50 En:0/Abra HP:50 En:0,Alakazam HP:130 En:1,Alakazam HP:140 En:1/Dudunsparce HP:140 En:0/Dudunsparce HP:140 En:0/Abra HP:50 En:1/Abra HP:50 En:0,DRAW,SolEclipse_Mirror
22,70,13,1,MAIN,15,PLAY(Enhanced Hammer) | PLAY(Neutralization Zone) | PLAY(Enhanced Hammer) | PLAY(Enhanced Hammer) | PLAY(Hilda) | PLAY(Boss’s Orders) | PLAY(Dunsparce) | PLAY(Dawn) | EVOLVE(Kadabra on Abra) | PLAY(Lana’s Aid) | PLAY(Hilda) | PLAY(Rare Candy) | ABILITY(Dudunsparce) | ABILITY(Dudunsparce) | END_TURN,11,[11],PLAY(Rare Candy),11,PLAY(Rare Candy),16000,"-1,-1,-1,-1,3000,2262,-1,3100,6101,4249,3000,16000,-1,-1,0",True,False,False,16,13,4,2,Alakazam HP:140 En:0,Dudunsparce HP:140 En:0/Dudunsparce HP:140 En:0/Kadabra HP:80 En:0/Abra HP:50 En:0,Alakazam HP:130 En:1,Alakazam HP:140 En:1/Dudunsparce HP:140 En:0/Dudunsparce HP:140 En:0/Abra HP:50 En:1/Abra HP:50 En:0,DRAW,SolEclipse_Mirror
22,73,13,1,MAIN,20,PLAY(Enhanced Hammer) | PLAY(Neutralization Zone) | PLAY(Enhanced Hammer) | PLAY(Enhanced Hammer) | PLAY(Hilda) | PLAY(Boss’s Orders) | PLAY(Dunsparce) | PLAY(Dawn) | PLAY(Lana’s Aid) | PLAY(Hilda) | PLAY(Xerosic’s Machinations) | ATTACH(Telepath Psychic Energy -> Alakazam@4) | ATTACH(Telepath Psychic Energy -> Dudunsparce@5) | ATTACH(Telepath Psychic Energy -> Dudunsparce@5) | ATTACH(Telepath Psychic Energy -> Kadabra@5) | ATTACH(Telepath Psychic Energy -> Alakazam@5) | PLAY(Night Stretcher) | ABILITY(Dudunsparce) | ABILITY(Dudunsparce) | END_TURN,16,[16],PLAY(Night Stretcher),16,PLAY(Night Stretcher),13000,"-1,-1,-1,-1,3000,2262,-1,3100,4249,3000,3250,9500,-1,-1,8020,8030,13000,-1,-1,0",True,False,False,17,10,4,2,Alakazam HP:140 En:0,Dudunsparce HP:140 En:0/Dudunsparce HP:140 En:0/Kadabra HP:80 En:0/Alakazam HP:140 En:0,Alakazam HP:130 En:1,Alakazam HP:140 En:1/Dudunsparce HP:140 En:0/Dudunsparce HP:140 En:0/Abra HP:50 En:1/Abra HP:50 En:0,DRAW,SolEclipse_Mirror
22,75,13,1,MAIN,20,PLAY(Enhanced Hammer) | PLAY(Neutralization Zone) | PLAY(Enhanced Hammer) | PLAY(Enhanced Hammer) | PLAY(Hilda) | PLAY(Boss’s Orders) | PLAY(Dunsparce) | PLAY(Dawn) | PLAY(Lana’s Aid) | PLAY(Hilda) | PLAY(Xerosic’s Machinations) | ATTACH(Telepath Psychic Energy -> Alakazam@4) | ATTACH(Telepath Psychic Energy -> Dudunsparce@5) | ATTACH(Telepath Psychic Energy -> Dudunsparce@5) | ATTACH(Telepath Psychic Energy -> Kadabra@5) | ATTACH(Telepath Psychic Energy -> Alakazam@5) | PLAY(Abra) | ABILITY(Dudunsparce) | ABILITY(Dudunsparce) | END_TURN,11,[11],ATTACH(Telepath Psychic Energy -> Alakazam@4),11,ATTACH(Telepath Psychic Energy -> Alakazam@4),9500,"-1,-1,-1,-1,3000,2262,-1,3100,-1,3000,3250,9500,-1,-1,8020,8030,-1,-1,-1,0",True,False,False,17,10,4,2,Alakazam HP:140 En:0,Dudunsparce HP:140 En:0/Dudunsparce HP:140 En:0/Kadabra HP:80 En:0/Alakazam HP:140 En:0,Alakazam HP:130 En:1,Alakazam HP:140 En:1/Dudunsparce HP:140 En:0/Dudunsparce HP:140 En:0/Abra HP:50 En:1/Abra HP:50 En:0,DRAW,SolEclipse_Mirror
22,76,13,1,MAIN,17,PLAY(Enhanced Hammer) | PLAY(Neutralization Zone) | PLAY(Enhanced Hammer) | PLAY(Enhanced Hammer) | PLAY(Hilda) | PLAY(Boss’s Orders) | PLAY(Dunsparce) | PLAY(Dawn) | PLAY(Lana’s Aid) | PLAY(Hilda) | PLAY(Xerosic’s Machinations) | PLAY(Abra) | ABILITY(Dudunsparce) | ABILITY(Dudunsparce) | ATTACK(Powerful Hand) | RETREAT | END_TURN,10,[10],PLAY(Xerosic’s Machinations),10,PLAY(Xerosic’s Machinations),3250,"-1,-1,-1,-1,3000,2262,-1,3100,-1,3000,3250,-1,-1,-1,1655,-1,0",True,False,False,16,10,4,2,Alakazam HP:140 En:1,Dudunsparce HP:140 En:0/Dudunsparce HP:140 En:0/Kadabra HP:80 En:0/Alakazam HP:140 En:0,Alakazam HP:130 En:1,Alakazam HP:140 En:1/Dudunsparce HP:140 En:0/Dudunsparce HP:140 En:0/Abra HP:50 En:1/Abra HP:50 En:0,DRAW,SolEclipse_Mirror
24,13,3,1,MAIN,5,PLAY(Neutralization Zone) | PLAY(Boss’s Orders) | PLAY(Dawn) | PLAY(Hilda) | END_TURN,2,[2],PLAY(Dawn),2,PLAY(Dawn),3100,"-1,-1,3100,3000,0",True,False,False,8,39,6,6,Kadabra HP:80 En:0,Kadabra HP:80 En:0/Abra HP:50 En:0,Kyogre HP:150 En:1,Snover HP:90 En:0,WIN,Mike_V4
24,24,5,1,MAIN,13,PLAY(Neutralization Zone) | EVOLVE(Alakazam on Kadabra) | EVOLVE(Alakazam on Kadabra) | EVOLVE(Alakazam on Kadabra) | PLAY(Boss’s Orders) | PLAY(Hilda) | EVOLVE(Alakazam on Kadabra) | EVOLVE(Alakazam on Kadabra) | EVOLVE(Alakazam on Kadabra) | EVOLVE(Dudunsparce on Dunsparce) | EVOLVE(Dudunsparce on Dunsparce) | PLAY(Dawn) | END_TURN,0,[0],PLAY(Neutralization Zone),0,PLAY(Neutralization Zone),19500,"19500,6151,6001,6001,2262,3000,6151,6001,6001,6031,6031,3100,0",True,False,False,10,32,6,6,Kadabra HP:80 En:0,Kadabra HP:80 En:0/Kadabra HP:80 En:0/Dunsparce HP:60 En:0/Dunsparce HP:70 En:0,Kyogre HP:150 En:2,Mega Abomasnow ex HP:350 En:0,WIN,Mike_V4
24,25,5,1,MAIN,12,EVOLVE(Alakazam on Kadabra) | EVOLVE(Alakazam on Kadabra) | EVOLVE(Alakazam on Kadabra) | PLAY(Boss’s Orders) | PLAY(Hilda) | EVOLVE(Alakazam on Kadabra) | EVOLVE(Alakazam on Kadabra) | EVOLVE(Alakazam on Kadabra) | EVOLVE(Dudunsparce on Dunsparce) | EVOLVE(Dudunsparce on Dunsparce) | PLAY(Dawn) | END_TURN,0,[0],EVOLVE(Alakazam on Kadabra),0,EVOLVE(Alakazam on Kadabra),6151,"6151,6001,6001,2262,3000,6151,6001,6001,6031,6031,3100,0",True,False,False,9,32,6,6,Kadabra HP:80 En:0,Kadabra HP:80 En:0/Kadabra HP:80 En:0/Dunsparce HP:60 En:0/Dunsparce HP:70 En:0,Kyogre HP:150 En:2,Mega Abomasnow ex HP:350 En:0,WIN,Mike_V4
24,27,5,1,MAIN,8,PLAY(Boss’s Orders) | PLAY(Hilda) | EVOLVE(Alakazam on Kadabra) | EVOLVE(Alakazam on Kadabra) | EVOLVE(Dudunsparce on Dunsparce) | EVOLVE(Dudunsparce on Dunsparce) | PLAY(Dawn) | END_TURN,4,[4],EVOLVE(Dudunsparce on Dunsparce),4,EVOLVE(Dudunsparce on Dunsparce),6031,"2262,3000,6001,6001,6031,6031,3100,0",True,False,False,11,29,6,6,Alakazam HP:140 En:0,Kadabra HP:80 En:0/Kadabra HP:80 En:0/Dunsparce HP:60 En:0/Dunsparce HP:70 En:0,Kyogre HP:150 En:2,Mega Abomasnow ex HP:350 En:0,WIN,Mike_V4
24,28,5,1,MAIN,7,PLAY(Boss’s Orders) | PLAY(Hilda) | EVOLVE(Alakazam on Kadabra) | EVOLVE(Alakazam on Kadabra) | PLAY(Dawn) | ABILITY(Dudunsparce) | END_TURN,5,[5],ABILITY(Dudunsparce),5,ABILITY(Dudunsparce),30000,"2262,3000,6001,6001,3100,30000,0",True,False,False,10,29,6,6,Alakazam HP:140 En:0,Kadabra HP:80 En:0/Kadabra HP:80 En:0/Dudunsparce HP:140 En:0/Dunsparce HP:70 En:0,Kyogre HP:150 En:2,Mega Abomasnow ex HP:350 En:0,WIN,Mike_V4
24,29,5,1,MAIN,7,PLAY(Boss’s Orders) | PLAY(Hilda) | EVOLVE(Alakazam on Kadabra) | EVOLVE(Alakazam on Kadabra) | PLAY(Dawn) | PLAY(Buddy-Buddy Poffin) | END_TURN,5,[5],PLAY(Buddy-Buddy Poffin),5,PLAY(Buddy-Buddy Poffin),15000,"2262,3000,6001,6001,3100,15000,0",True,False,False,13,28,6,6,Alakazam HP:140 En:0,Kadabra HP:80 En:0/Kadabra HP:80 En:0/Dunsparce HP:70 En:0,Kyogre HP:150 En:2,Mega Abomasnow ex HP:350 En:0,WIN,Mike_V4
24,31,5,1,MAIN,6,PLAY(Boss’s Orders) | PLAY(Hilda) | EVOLVE(Alakazam on Kadabra) | EVOLVE(Alakazam on Kadabra) | PLAY(Dawn) | END_TURN,2,[2],EVOLVE(Alakazam on Kadabra),2,EVOLVE(Alakazam on Kadabra),6001,"2262,3000,6001,6001,3100,0",True,False,False,12,26,6,6,Alakazam HP:140 En:0,Kadabra HP:80 En:0/Kadabra HP:80 En:0/Dunsparce HP:70 En:0/Abra HP:50 En:0/Dunsparce HP:60 En:0,Kyogre HP:150 En:2,Mega Abomasnow ex HP:350 En:0,WIN,Mike_V4
24,33,5,1,MAIN,7,PLAY(Boss’s Orders) | PLAY(Hilda) | PLAY(Dawn) | EVOLVE(Dudunsparce on Dunsparce) | PLAY(Poké Pad) | PLAY(Boss’s Orders) | END_TURN,4,[4],PLAY(Poké Pad),4,PLAY(Poké Pad),12000,"2262,3000,3100,6031,12000,2262,0",True,False,False,14,23,6,6,Alakazam HP:140 En:0,Alakazam HP:140 En:0/Kadabra HP:80 En:0/Dunsparce HP:70 En:0/Abra HP:50 En:0/Dunsparce HP:60 En:0,Kyogre HP:150 En:2,Mega Abomasnow ex HP:350 En:0,WIN,Mike_V4
24,35,5,1,MAIN,6,PLAY(Boss’s Orders) | PLAY(Hilda) | PLAY(Dawn) | EVOLVE(Dudunsparce on Dunsparce) | PLAY(Boss’s Orders) | END_TURN,3,[3],EVOLVE(Dudunsparce on Dunsparce),3,EVOLVE(Dudunsparce on Dunsparce),6031,"2262,3000,3100,6031,2262,0",True,False,False,14,22,6,6,Alakazam HP:140 En:0,Alakazam HP:140 En:0/Kadabra HP:80 En:0/Dunsparce HP:70 En:0/Abra HP:50 En:0/Dunsparce HP:60 En:0,Kyogre HP:150 En:2,Mega Abomasnow ex HP:350 En:0,WIN,Mike_V4
24,36,5,1,MAIN,6,PLAY(Boss’s Orders) | PLAY(Hilda) | PLAY(Dawn) | PLAY(Boss’s Orders) | ABILITY(Dudunsparce) | END_TURN,4,[4],ABILITY(Dudunsparce),4,ABILITY(Dudunsparce),30000,"2262,3000,3100,2262,30000,0",True,False,False,13,22,6,6,Alakazam HP:140 En:0,Alakazam HP:140 En:0/Kadabra HP:80 En:0/Dudunsparce HP:140 En:0/Abra HP:50 En:0/Dunsparce HP:60 En:0,Kyogre HP:150 En:2,Mega Abomasnow ex HP:350 En:0,WIN,Mike_V4
24,37,5,1,MAIN,7,PLAY(Boss’s Orders) | PLAY(Hilda) | PLAY(Dawn) | PLAY(Boss’s Orders) | PLAY(Dawn) | EVOLVE(Alakazam on Kadabra) | END_TURN,5,[5],EVOLVE(Alakazam on Kadabra),5,EVOLVE(Alakazam on Kadabra),6001,"2262,3000,3100,2262,3100,6001,0",True,False,False,16,21,6,6,Alakazam HP:140 En:0,Alakazam HP:140 En:0/Kadabra HP:80 En:0/Abra HP:50 En:0/Dunsparce HP:60 En:0,Kyogre HP:150 En:2,Mega Abomasnow ex HP:350 En:0,WIN,Mike_V4
24,39,5,1,MAIN,17,PLAY(Boss’s Orders) | PLAY(Hilda) | PLAY(Dawn) | PLAY(Boss’s Orders) | PLAY(Dawn) | ATTACH(Basic {P} Energy -> Alakazam@4) | ATTACH(Basic {P} Energy -> Alakazam@5) | ATTACH(Basic {P} Energy -> Alakazam@5) | ATTACH(Basic {P} Energy -> Abra@5) | ATTACH(Basic {P} Energy -> Dunsparce@5) | ATTACH(Telepath Psychic Energy -> Alakazam@4) | ATTACH(Telepath Psychic Energy -> Alakazam@5) | ATTACH(Telepath Psychic Energy -> Alakazam@5) | ATTACH(Telepath Psychic Energy -> Abra@5) | ATTACH(Telepath Psychic Energy -> Dunsparce@5) | PLAY(Hilda) | END_TURN,5,[5],ATTACH(Basic {P} Energy -> Alakazam@4),5,ATTACH(Basic {P} Energy -> Alakazam@4),8035,"2262,3000,3100,2262,3100,8035,8030,8030,8010,-1,8035,8030,8030,8010,-1,3000,0",True,False,False,18,18,6,6,Alakazam HP:140 En:0,Alakazam HP:140 En:0/Alakazam HP:140 En:0/Abra HP:50 En:0/Dunsparce HP:60 En:0,Kyogre HP:150 En:2,Mega Abomasnow ex HP:350 En:0,WIN,Mike_V4
24,40,5,1,MAIN,9,PLAY(Boss’s Orders) | PLAY(Hilda) | PLAY(Dawn) | PLAY(Boss’s Orders) | PLAY(Dawn) | PLAY(Hilda) | ATTACK(Powerful Hand) | RETREAT | END_TURN,2,[2],PLAY(Dawn),2,PLAY(Dawn),3100,"2262,3000,3100,2262,3100,3000,1655,-1,0",True,False,False,17,18,6,6,Alakazam HP:140 En:1,Alakazam HP:140 En:0/Alakazam HP:140 En:0/Abra HP:50 En:0/Dunsparce HP:60 En:0,Kyogre HP:150 En:2,Mega Abomasnow ex HP:350 En:0,WIN,Mike_V4
24,46,7,1,MAIN,15,PLAY(Hilda) | EVOLVE(Kadabra on Abra) | PLAY(Dawn) | ATTACH(Telepath Psychic Energy -> Alakazam@4) | ATTACH(Telepath Psychic Energy -> Alakazam@5) | ATTACH(Telepath Psychic Energy -> Alakazam@5) | ATTACH(Telepath Psychic Energy -> Abra@5) | ATTACH(Telepath Psychic Energy -> Dunsparce@5) | ATTACH(Telepath Psychic Energy -> Dunsparce@5) | PLAY(Hilda) | EVOLVE(Dudunsparce on Dunsparce) | EVOLVE(Dudunsparce on Dunsparce) | ATTACK(Powerful Hand) | RETREAT | END_TURN,4,[4],ATTACH(Telepath Psychic Energy -> Alakazam@5),4,ATTACH(Telepath Psychic Energy -> Alakazam@5),8030,"3000,6101,3100,-1,8030,8030,8010,-1,-1,3000,6031,6031,1655,-1,0",True,False,False,19,15,5,6,Alakazam HP:140 En:1,Alakazam HP:140 En:0/Alakazam HP:140 En:0/Abra HP:50 En:0/Dunsparce HP:60 En:0/Dunsparce HP:70 En:0,Mega Abomasnow ex HP:350 En:2,Empty,WIN,Mike_V4
24,47,7,1,MAIN,9,PLAY(Hilda) | EVOLVE(Kadabra on Abra) | PLAY(Dawn) | PLAY(Hilda) | EVOLVE(Dudunsparce on Dunsparce) | EVOLVE(Dudunsparce on Dunsparce) | ATTACK(Powerful Hand) | RETREAT | END_TURN,1,[1],EVOLVE(Kadabra on Abra),1,EVOLVE(Kadabra on Abra),6101,"3000,6101,3100,3000,6031,6031,1655,-1,0",True,False,False,18,15,5,6,Alakazam HP:140 En:1,Alakazam HP:140 En:1/Alakazam HP:140 En:0/Abra HP:50 En:0/Dunsparce HP:60 En:0/Dunsparce HP:70 En:0,Mega Abomasnow ex HP:350 En:2,Empty,WIN,Mike_V4
24,49,7,1,MAIN,11,PLAY(Hilda) | PLAY(Dawn) | PLAY(Hilda) | EVOLVE(Dudunsparce on Dunsparce) | EVOLVE(Dudunsparce on Dunsparce) | EVOLVE(Dudunsparce on Dunsparce) | EVOLVE(Dudunsparce on Dunsparce) | PLAY(Dawn) | ATTACK(Powerful Hand) | RETREAT | END_TURN,3,[3],EVOLVE(Dudunsparce on Dunsparce),3,EVOLVE(Dudunsparce on Dunsparce),6031,"3000,3100,3000,6031,6031,6031,6031,3100,1655,-1,0",True,False,False,19,13,5,6,Alakazam HP:140 En:1,Alakazam HP:140 En:1/Alakazam HP:140 En:0/Kadabra HP:80 En:0/Dunsparce HP:60 En:0/Dunsparce HP:70 En:0,Mega Abomasnow ex HP:350 En:2,Empty,WIN,Mike_V4
24,50,7,1,MAIN,9,PLAY(Hilda) | PLAY(Dawn) | PLAY(Hilda) | EVOLVE(Dudunsparce on Dunsparce) | PLAY(Dawn) | ABILITY(Dudunsparce) | ATTACK(Powerful Hand) | RETREAT | END_TURN,3,[3],EVOLVE(Dudunsparce on Dunsparce),3,EVOLVE(Dudunsparce on Dunsparce),6031,"3000,3100,3000,6031,3100,-1,1655,-1,0",True,False,False,18,13,5,6,Alakazam HP:140 En:1,Alakazam HP:140 En:1/Alakazam HP:140 En:0/Kadabra HP:80 En:0/Dudunsparce HP:140 En:0/Dunsparce HP:70 En:0,Mega Abomasnow ex HP:350 En:2,Empty,WIN,Mike_V4
24,51,7,1,MAIN,9,PLAY(Hilda) | PLAY(Dawn) | PLAY(Hilda) | PLAY(Dawn) | ABILITY(Dudunsparce) | ABILITY(Dudunsparce) | ATTACK(Powerful Hand) | RETREAT | END_TURN,4,[4],ABILITY(Dudunsparce),4,ABILITY(Dudunsparce),30000,"3000,3100,3000,3100,30000,30000,1655,-1,0",True,False,False,17,13,5,6,Alakazam HP:140 En:1,Alakazam HP:140 En:1/Alakazam HP:140 En:0/Kadabra HP:80 En:0/Dudunsparce HP:140 En:0/Dudunsparce HP:140 En:0,Mega Abomasnow ex HP:350 En:2,Empty,WIN,Mike_V4
24,52,7,1,MAIN,10,PLAY(Hilda) | PLAY(Dawn) | PLAY(Hilda) | PLAY(Buddy-Buddy Poffin) | PLAY(Dawn) | PLAY(Xerosic’s Machinations) | ABILITY(Dudunsparce) | ATTACK(Powerful Hand) | RETREAT | END_TURN,3,[3],PLAY(Buddy-Buddy Poffin),3,PLAY(Buddy-Buddy Poffin),15000,"3000,3100,3000,15000,3100,-1,-1,1655,-1,0",True,False,False,20,12,5,6,Alakazam HP:140 En:1,Alakazam HP:140 En:1/Alakazam HP:140 En:0/Kadabra HP:80 En:0/Dudunsparce HP:140 En:0,Mega Abomasnow ex HP:350 En:2,Empty,WIN,Mike_V4
24,54,7,1,MAIN,9,PLAY(Hilda) | PLAY(Dawn) | PLAY(Hilda) | PLAY(Dawn) | PLAY(Xerosic’s Machinations) | ABILITY(Dudunsparce) | ATTACK(Powerful Hand) | RETREAT | END_TURN,1,[1],PLAY(Dawn),1,PLAY(Dawn),3100,"3000,3100,3000,3100,-1,-1,1655,-1,0",True,False,False,19,11,5,6,Alakazam HP:140 En:1,Alakazam HP:140 En:1/Alakazam HP:140 En:0/Kadabra HP:80 En:0/Dudunsparce HP:140 En:0/Dunsparce HP:60 En:0,Mega Abomasnow ex HP:350 En:2,Empty,WIN,Mike_V4
25,36,6,0,MAIN,8,PLAY(Hilda) | PLAY(Boss’s Orders) | PLAY(Enhanced Hammer) | PLAY(Dunsparce) | PLAY(Dawn) | ATTACK(Powerful Hand) | RETREAT | END_TURN,3,[3],PLAY(Dunsparce),3,PLAY(Dunsparce),20070,"3000,2262,-1,20070,3100,1655,-1,0",True,False,False,10,29,6,4,Alakazam HP:140 En:1,Kadabra HP:80 En:1,Alakazam HP:110 En:1,Kadabra HP:80 En:0/Kadabra HP:80 En:0/Alakazam HP:140 En:1/Dudunsparce HP:140 En:0/Dunsparce HP:70 En:0,DRAW,SolEclipse_Mirror
25,37,6,0,MAIN,7,PLAY(Hilda) | PLAY(Boss’s Orders) | PLAY(Enhanced Hammer) | PLAY(Dawn) | ATTACK(Powerful Hand) | RETREAT | END_TURN,3,[3],PLAY(Dawn),3,PLAY(Dawn),3100,"3000,2262,-1,3100,1655,-1,0",True,False,False,9,29,6,4,Alakazam HP:140 En:1,Kadabra HP:80 En:1/Dunsparce HP:60 En:0,Alakazam HP:110 En:1,Kadabra HP:80 En:0/Kadabra HP:80 En:0/Alakazam HP:140 En:1/Dudunsparce HP:140 En:0/Dunsparce HP:70 En:0,DRAW,SolEclipse_Mirror
26,29,5,1,MAIN,10,EVOLVE(Kadabra on Abra) | PLAY(Hilda) | PLAY(Dawn) | EVOLVE(Kadabra on Abra) | ATTACH(Telepath Psychic Energy -> Alakazam@4) | ATTACH(Telepath Psychic Energy -> Abra@5) | ATTACH(Telepath Psychic Energy -> Dunsparce@5) | ATTACH(Telepath Psychic Energy -> Dunsparce@5) | ATTACH(Telepath Psychic Energy -> Dunsparce@5) | END_TURN,4,[4],ATTACH(Telepath Psychic Energy -> Alakazam@4),4,ATTACH(Telepath Psychic Energy -> Alakazam@4),8035,"6101,3000,3100,6101,8035,8010,-1,-1,-1,0",True,False,False,7,29,6,6,Alakazam HP:110 En:0,Abra HP:50 En:0/Dunsparce HP:60 En:0/Dunsparce HP:70 En:0/Dunsparce HP:60 En:0,Kadabra HP:80 En:1,Kadabra HP:80 En:1,DRAW,SolEclipse_Mirror
26,30,5,1,MAIN,7,EVOLVE(Kadabra on Abra) | PLAY(Hilda) | PLAY(Dawn) | EVOLVE(Kadabra on Abra) | ATTACK(Powerful Hand) | RETREAT | END_TURN,0,[0],EVOLVE(Kadabra on Abra),0,EVOLVE(Kadabra on Abra),6101,"6101,3000,3100,6101,1655,-1,0",True,False,False,6,29,6,6,Alakazam HP:110 En:1,Abra HP:50 En:0/Dunsparce HP:60 En:0/Dunsparce HP:70 En:0/Dunsparce HP:60 En:0,Kadabra HP:80 En:1,Kadabra HP:80 En:1,DRAW,SolEclipse_Mirror
26,32,5,1,MAIN,5,PLAY(Hilda) | PLAY(Dawn) | ATTACK(Powerful Hand) | RETREAT | END_TURN,1,[1],PLAY(Dawn),1,PLAY(Dawn),3100,"3000,3100,1655,-1,0",True,False,False,7,27,6,6,Alakazam HP:110 En:1,Kadabra HP:80 En:0/Dunsparce HP:60 En:0/Dunsparce HP:70 En:0/Dunsparce HP:60 En:0,Kadabra HP:80 En:1,Kadabra HP:80 En:1,DRAW,SolEclipse_Mirror
27,27,4,0,MAIN,9,PLAY(Night Stretcher) | PLAY(Hilda) | PLAY(Xerosic’s Machinations) | PLAY(Rare Candy) | PLAY(Sacred Ash) | PLAY(Dawn) | ATTACK(Super Psy Bolt) | RETREAT | END_TURN,3,[3],PLAY(Rare Candy),3,PLAY(Rare Candy),16000,"-1,3000,3250,16000,-1,3100,1127,-1,0",True,False,False,11,30,6,5,Kadabra HP:80 En:1,Alakazam HP:140 En:0/Abra HP:50 En:0/Abra HP:50 En:0,Mega Abomasnow ex HP:350 En:2,Empty,WIN,Mike_V4
27,30,4,0,MAIN,9,PLAY(Night Stretcher) | PLAY(Hilda) | PLAY(Xerosic’s Machinations) | PLAY(Sacred Ash) | PLAY(Dawn) | PLAY(Dawn) | ATTACK(Super Psy Bolt) | RETREAT | END_TURN,2,[2],PLAY(Xerosic’s Machinations),2,PLAY(Xerosic’s Machinations),3250,"-1,3000,3250,-1,3100,3100,1127,-1,0",True,False,False,12,27,6,5,Kadabra HP:80 En:1,Alakazam HP:140 En:0/Alakazam HP:140 En:0/Abra HP:50 En:0,Mega Abomasnow ex HP:350 En:2,Empty,WIN,Mike_V4
27,33,6,0,MAIN,17,PLAY(Night Stretcher) | PLAY(Hilda) | ATTACH(Basic {P} Energy -> Alakazam@4) | ATTACH(Basic {P} Energy -> Alakazam@5) | ATTACH(Basic {P} Energy -> Abra@5) | ATTACH(Telepath Psychic Energy -> Alakazam@4) | ATTACH(Telepath Psychic Energy -> Alakazam@5) | ATTACH(Telepath Psychic Energy -> Abra@5) | PLAY(Sacred Ash) | PLAY(Dawn) | ATTACH(Telepath Psychic Energy -> Alakazam@4) | ATTACH(Telepath Psychic Energy -> Alakazam@5) | ATTACH(Telepath Psychic Energy -> Abra@5) | PLAY(Dawn) | EVOLVE(Kadabra on Abra) | PLAY(Buddy-Buddy Poffin) | END_TURN,15,[15],PLAY(Buddy-Buddy Poffin),15,PLAY(Buddy-Buddy Poffin),15000,"13000,3000,8035,8030,8010,8035,8030,8010,13500,3100,8035,8030,8010,3100,6101,15000,0",True,False,False,12,26,6,4,Alakazam HP:140 En:0,Alakazam HP:140 En:0/Abra HP:50 En:0,Mega Abomasnow ex HP:320 En:3,Empty,WIN,Mike_V4
27,35,6,0,MAIN,22,PLAY(Night Stretcher) | PLAY(Hilda) | ATTACH(Basic {P} Energy -> Alakazam@4) | ATTACH(Basic {P} Energy -> Alakazam@5) | ATTACH(Basic {P} Energy -> Abra@5) | ATTACH(Basic {P} Energy -> Dunsparce@5) | ATTACH(Basic {P} Energy -> Dunsparce@5) | ATTACH(Telepath Psychic Energy -> Alakazam@4) | ATTACH(Telepath Psychic Energy -> Alakazam@5) | ATTACH(Telepath Psychic Energy -> Abra@5) | ATTACH(Telepath Psychic Energy -> Dunsparce@5) | ATTACH(Telepath Psychic Energy -> Dunsparce@5) | PLAY(Sacred Ash) | PLAY(Dawn) | ATTACH(Telepath Psychic Energy -> Alakazam@4) | ATTACH(Telepath Psychic Energy -> Alakazam@5) | ATTACH(Telepath Psychic Energy -> Abra@5) | ATTACH(Telepath Psychic Energy -> Dunsparce@5) | ATTACH(Telepath Psychic Energy -> Dunsparce@5) | PLAY(Dawn) | EVOLVE(Kadabra on Abra) | END_TURN,12,[12],PLAY(Sacred Ash),12,PLAY(Sacred Ash),13500,"13000,3000,8035,8030,8010,-1,-1,8035,8030,8010,-1,-1,13500,3100,8035,8030,8010,-1,-1,3100,6101,0",True,False,False,11,24,6,4,Alakazam HP:140 En:0,Alakazam HP:140 En:0/Abra HP:50 En:0/Dunsparce HP:70 En:0/Dunsparce HP:60 En:0,Mega Abomasnow ex HP:320 En:3,Empty,WIN,Mike_V4
27,37,6,0,MAIN,20,PLAY(Hilda) | ATTACH(Basic {P} Energy -> Alakazam@4) | ATTACH(Basic {P} Energy -> Alakazam@5) | ATTACH(Basic {P} Energy -> Abra@5) | ATTACH(Basic {P} Energy -> Dunsparce@5) | ATTACH(Basic {P} Energy -> Dunsparce@5) | ATTACH(Telepath Psychic Energy -> Alakazam@4) | ATTACH(Telepath Psychic Energy -> Alakazam@5) | ATTACH(Telepath Psychic Energy -> Abra@5) | ATTACH(Telepath Psychic Energy -> Dunsparce@5) | ATTACH(Telepath Psychic Energy -> Dunsparce@5) | PLAY(Dawn) | ATTACH(Telepath Psychic Energy -> Alakazam@4) | ATTACH(Telepath Psychic Energy -> Alakazam@5) | ATTACH(Telepath Psychic Energy -> Abra@5) | ATTACH(Telepath Psychic Energy -> Dunsparce@5) | ATTACH(Telepath Psychic Energy -> Dunsparce@5) | PLAY(Dawn) | EVOLVE(Kadabra on Abra) | END_TURN,1,[1],ATTACH(Basic {P} Energy -> Alakazam@4),1,ATTACH(Basic {P} Energy -> Alakazam@4),8035,"3000,8035,8030,8010,-1,-1,8035,8030,8010,-1,-1,3100,8035,8030,8010,-1,-1,3100,6101,0",True,False,False,10,27,6,4,Alakazam HP:140 En:0,Alakazam HP:140 En:0/Abra HP:50 En:0/Dunsparce HP:70 En:0/Dunsparce HP:60 En:0,Mega Abomasnow ex HP:320 En:3,Empty,WIN,Mike_V4
27,38,6,0,MAIN,7,PLAY(Hilda) | PLAY(Dawn) | PLAY(Dawn) | EVOLVE(Kadabra on Abra) | ATTACK(Powerful Hand) | RETREAT | END_TURN,3,[3],EVOLVE(Kadabra on Abra),3,EVOLVE(Kadabra on Abra),6101,"3000,3100,3100,6101,1655,-1,0",True,False,False,9,27,6,4,Alakazam HP:140 En:1,Alakazam HP:140 En:0/Abra HP:50 En:0/Dunsparce HP:70 En:0/Dunsparce HP:60 En:0,Mega Abomasnow ex HP:320 En:3,Empty,WIN,Mike_V4
27,40,6,0,MAIN,6,PLAY(Hilda) | PLAY(Dawn) | PLAY(Dawn) | ATTACK(Powerful Hand) | RETREAT | END_TURN,1,[1],PLAY(Dawn),1,PLAY(Dawn),3100,"3000,3100,3100,1655,-1,0",True,False,False,10,25,6,4,Alakazam HP:140 En:1,Alakazam HP:140 En:0/Kadabra HP:80 En:0/Dunsparce HP:70 En:0/Dunsparce HP:60 En:0,Mega Abomasnow ex HP:320 En:3,Empty,WIN,Mike_V4
27,45,8,0,MAIN,18,PLAY(Night Stretcher) | EVOLVE(Dudunsparce on Dunsparce) | EVOLVE(Dudunsparce on Dunsparce) | PLAY(Hilda) | ATTACH(Telepath Psychic Energy -> Alakazam@4) | ATTACH(Telepath Psychic Energy -> Kadabra@5) | ATTACH(Telepath Psychic Energy -> Dunsparce@5) | ATTACH(Telepath Psychic Energy -> Dunsparce@5) | ATTACH(Telepath Psychic Energy -> Alakazam@4) | ATTACH(Telepath Psychic Energy -> Kadabra@5) | ATTACH(Telepath Psychic Energy -> Dunsparce@5) | ATTACH(Telepath Psychic Energy -> Dunsparce@5) | PLAY(Dawn) | EVOLVE(Alakazam on Kadabra) | PLAY(Abra) | EVOLVE(Dudunsparce on Dunsparce) | EVOLVE(Dudunsparce on Dunsparce) | END_TURN,14,[14],PLAY(Abra),14,PLAY(Abra),20200,"13000,6031,6031,3000,9500,8020,-1,-1,9500,8020,-1,-1,3100,6001,20200,6031,6031,0",True,False,False,12,22,6,3,Alakazam HP:140 En:0,Kadabra HP:80 En:0/Dunsparce HP:70 En:0/Dunsparce HP:60 En:0,Mega Abomasnow ex HP:100 En:4,Empty,WIN,Mike_V4
27,46,8,0,MAIN,19,PLAY(Night Stretcher) | EVOLVE(Dudunsparce on Dunsparce) | EVOLVE(Dudunsparce on Dunsparce) | PLAY(Hilda) | ATTACH(Telepath Psychic Energy -> Alakazam@4) | ATTACH(Telepath Psychic Energy -> Kadabra@5) | ATTACH(Telepath Psychic Energy -> Dunsparce@5) | ATTACH(Telepath Psychic Energy -> Dunsparce@5) | ATTACH(Telepath Psychic Energy -> Abra@5) | ATTACH(Telepath Psychic Energy -> Alakazam@4) | ATTACH(Telepath Psychic Energy -> Kadabra@5) | ATTACH(Telepath Psychic Energy -> Dunsparce@5) | ATTACH(Telepath Psychic Energy -> Dunsparce@5) | ATTACH(Telepath Psychic Energy -> Abra@5) | PLAY(Dawn) | EVOLVE(Alakazam on Kadabra) | EVOLVE(Dudunsparce on Dunsparce) | EVOLVE(Dudunsparce on Dunsparce) | END_TURN,0,[0],PLAY(Night Stretcher),0,PLAY(Night Stretcher),13000,"13000,6031,6031,3000,9500,8020,-1,-1,8010,9500,8020,-1,-1,8010,3100,6001,6031,6031,0",True,False,False,11,22,6,3,Alakazam HP:140 En:0,Kadabra HP:80 En:0/Dunsparce HP:70 En:0/Dunsparce HP:60 En:0/Abra HP:50 En:0,Mega Abomasnow ex HP:100 En:4,Empty,WIN,Mike_V4
27,48,8,0,MAIN,23,EVOLVE(Dudunsparce on Dunsparce) | EVOLVE(Dudunsparce on Dunsparce) | PLAY(Hilda) | ATTACH(Telepath Psychic Energy -> Alakazam@4) | ATTACH(Telepath Psychic Energy -> Kadabra@5) | ATTACH(Telepath Psychic Energy -> Dunsparce@5) | ATTACH(Telepath Psychic Energy -> Dunsparce@5) | ATTACH(Telepath Psychic Energy -> Abra@5) | ATTACH(Telepath Psychic Energy -> Alakazam@4) | ATTACH(Telepath Psychic Energy -> Kadabra@5) | ATTACH(Telepath Psychic Energy -> Dunsparce@5) | ATTACH(Telepath Psychic Energy -> Dunsparce@5) | ATTACH(Telepath Psychic Energy -> Abra@5) | PLAY(Dawn) | EVOLVE(Alakazam on Kadabra) | EVOLVE(Dudunsparce on Dunsparce) | EVOLVE(Dudunsparce on Dunsparce) | ATTACH(Basic {P} Energy -> Alakazam@4) | ATTACH(Basic {P} Energy -> Kadabra@5) | ATTACH(Basic {P} Energy -> Dunsparce@5) | ATTACH(Basic {P} Energy -> Dunsparce@5) | ATTACH(Basic {P} Energy -> Abra@5) | END_TURN,3,[3],ATTACH(Telepath Psychic Energy -> Alakazam@4),3,ATTACH(Telepath Psychic Energy -> Alakazam@4),9500,"6031,6031,3000,9500,8020,-1,-1,8010,9500,8020,-1,-1,8010,3100,6001,6031,6031,9500,8020,-1,-1,8010,0",True,False,False,11,22,6,3,Alakazam HP:140 En:0,Kadabra HP:80 En:0/Dunsparce HP:70 En:0/Dunsparce HP:60 En:0/Abra HP:50 En:0,Mega Abomasnow ex HP:100 En:4,Empty,WIN,Mike_V4
27,49,8,0,MAIN,10,EVOLVE(Dudunsparce on Dunsparce) | EVOLVE(Dudunsparce on Dunsparce) | PLAY(Hilda) | PLAY(Dawn) | EVOLVE(Alakazam on Kadabra) | EVOLVE(Dudunsparce on Dunsparce) | EVOLVE(Dudunsparce on Dunsparce) | ATTACK(Powerful Hand) | RETREAT | END_TURN,0,[0],EVOLVE(Dudunsparce on Dunsparce),0,EVOLVE(Dudunsparce on Dunsparce),6031,"6031,6031,3000,3100,6001,6031,6031,1655,-1,0",True,False,False,10,22,6,3,Alakazam HP:140 En:1,Kadabra HP:80 En:0/Dunsparce HP:70 En:0/Dunsparce HP:60 En:0/Abra HP:50 En:0,Mega Abomasnow ex HP:100 En:4,Empty,WIN,Mike_V4
27,50,8,0,MAIN,8,PLAY(Hilda) | PLAY(Dawn) | EVOLVE(Alakazam on Kadabra) | EVOLVE(Dudunsparce on Dunsparce) | ABILITY(Dudunsparce) | ATTACK(Powerful Hand) | RETREAT | END_TURN,3,[3],EVOLVE(Dudunsparce on Dunsparce),3,EVOLVE(Dudunsparce on Dunsparce),6031,"3000,3100,6001,6031,-1,1655,-1,0",True,False,False,9,22,6,3,Alakazam HP:140 En:1,Kadabra HP:80 En:0/Dudunsparce HP:140 En:0/Dunsparce HP:60 En:0/Abra HP:50 En:0,Mega Abomasnow ex HP:100 En:4,Empty,WIN,Mike_V4
27,51,8,0,MAIN,8,PLAY(Hilda) | PLAY(Dawn) | EVOLVE(Alakazam on Kadabra) | ABILITY(Dudunsparce) | ABILITY(Dudunsparce) | ATTACK(Powerful Hand) | RETREAT | END_TURN,3,[3],ABILITY(Dudunsparce),3,ABILITY(Dudunsparce),30000,"3000,3100,6001,30000,30000,1655,-1,0",True,False,False,8,22,6,3,Alakazam HP:140 En:1,Kadabra HP:80 En:0/Dudunsparce HP:140 En:0/Dudunsparce HP:140 En:0/Abra HP:50 En:0,Mega Abomasnow ex HP:100 En:4,Empty,WIN,Mike_V4
27,52,8,0,MAIN,9,PLAY(Hilda) | PLAY(Dawn) | EVOLVE(Alakazam on Kadabra) | PLAY(Poké Pad) | PLAY(Lillie's Determination) | ABILITY(Dudunsparce) | ATTACK(Powerful Hand) | RETREAT | END_TURN,3,[3],PLAY(Poké Pad),3,PLAY(Poké Pad),12000,"3000,3100,6001,12000,-1,-1,1655,-1,0",True,False,False,11,21,6,3,Alakazam HP:140 En:1,Kadabra HP:80 En:0/Dudunsparce HP:140 En:0/Abra HP:50 En:0,Mega Abomasnow ex HP:100 En:4,Empty,WIN,Mike_V4
27,54,8,0,MAIN,8,PLAY(Hilda) | PLAY(Dawn) | EVOLVE(Alakazam on Kadabra) | PLAY(Lillie's Determination) | ABILITY(Dudunsparce) | ATTACK(Powerful Hand) | RETREAT | END_TURN,2,[2],EVOLVE(Alakazam on Kadabra),2,EVOLVE(Alakazam on Kadabra),6001,"3000,3100,6001,-1,-1,1655,-1,0",True,False,False,11,20,6,3,Alakazam HP:140 En:1,Kadabra HP:80 En:0/Dudunsparce HP:140 En:0/Abra HP:50 En:0,Mega Abomasnow ex HP:100 En:4,Empty,WIN,Mike_V4
27,56,8,0,MAIN,10,PLAY(Hilda) | PLAY(Dawn) | PLAY(Lillie's Determination) | PLAY(Hilda) | PLAY(Night Stretcher) | PLAY(Dunsparce) | ABILITY(Dudunsparce) | ATTACK(Powerful Hand) | RETREAT | END_TURN,5,[5],PLAY(Dunsparce),5,PLAY(Dunsparce),20050,"3000,3100,-1,3000,13000,20050,-1,1655,-1,0",True,False,False,13,17,6,3,Alakazam HP:140 En:1,Alakazam HP:140 En:0/Dudunsparce HP:140 En:0/Abra HP:50 En:0,Mega Abomasnow ex HP:100 En:4,Empty,WIN,Mike_V4
27,57,8,0,MAIN,9,PLAY(Hilda) | PLAY(Dawn) | PLAY(Lillie's Determination) | PLAY(Hilda) | PLAY(Night Stretcher) | ABILITY(Dudunsparce) | ATTACK(Powerful Hand) | RETREAT | END_TURN,4,[4],PLAY(Night Stretcher),4,PLAY(Night Stretcher),13000,"3000,3100,-1,3000,13000,-1,1655,-1,0",True,False,False,12,17,6,3,Alakazam HP:140 En:1,Alakazam HP:140 En:0/Dudunsparce HP:140 En:0/Abra HP:50 En:0/Dunsparce HP:60 En:0,Mega Abomasnow ex HP:100 En:4,Empty,WIN,Mike_V4
27,59,8,0,MAIN,8,PLAY(Hilda) | PLAY(Dawn) | PLAY(Lillie's Determination) | PLAY(Hilda) | ABILITY(Dudunsparce) | ATTACK(Powerful Hand) | RETREAT | END_TURN,1,[1],PLAY(Dawn),1,PLAY(Dawn),3100,"3000,3100,-1,3000,-1,1655,-1,0",True,False,False,12,17,6,3,Alakazam HP:140 En:1,Alakazam HP:140 En:0/Dudunsparce HP:140 En:0/Abra HP:50 En:0/Dunsparce HP:60 En:0,Mega Abomasnow ex HP:100 En:4,Empty,WIN,Mike_V4
28,14,3,1,MAIN,7,PLAY(Hilda) | EVOLVE(Dudunsparce on Dunsparce) | PLAY(Hilda) | PLAY(Xerosic’s Machinations) | PLAY(Dawn) | RETREAT | END_TURN,1,[1],EVOLVE(Dudunsparce on Dunsparce),1,EVOLVE(Dudunsparce on Dunsparce),6031,"3000,6031,3000,3250,3100,2000,0",True,False,False,6,38,6,6,Dunsparce HP:60 En:0,Abra HP:50 En:1/Kadabra HP:80 En:0/Abra HP:50 En:0/Abra HP:50 En:0,Kyogre HP:150 En:1,Empty,WIN,Mike_V4
28,15,3,1,MAIN,6,PLAY(Hilda) | PLAY(Hilda) | PLAY(Xerosic’s Machinations) | PLAY(Dawn) | ABILITY(Dudunsparce) | END_TURN,4,[4],ABILITY(Dudunsparce),4,ABILITY(Dudunsparce),30000,"3000,3000,3250,3100,30000,0",True,False,False,5,38,6,6,Dudunsparce HP:140 En:0,Abra HP:50 En:1/Kadabra HP:80 En:0/Abra HP:50 En:0/Abra HP:50 En:0,Kyogre HP:150 En:1,Empty,WIN,Mike_V4
28,17,3,1,MAIN,7,PLAY(Hilda) | PLAY(Hilda) | PLAY(Xerosic’s Machinations) | PLAY(Dawn) | PLAY(Lillie's Determination) | PLAY(Rare Candy) | END_TURN,5,[5],PLAY(Rare Candy),5,PLAY(Rare Candy),16000,"3000,3000,3250,3100,-1,16000,0",True,False,False,8,37,6,6,Kadabra HP:80 En:0,Abra HP:50 En:1/Abra HP:50 En:0/Abra HP:50 En:0,Kyogre HP:150 En:1,Empty,WIN,Mike_V4
28,20,3,1,MAIN,7,PLAY(Hilda) | PLAY(Hilda) | PLAY(Xerosic’s Machinations) | PLAY(Dawn) | PLAY(Lillie's Determination) | PLAY(Dawn) | END_TURN,2,[2],PLAY(Xerosic’s Machinations),2,PLAY(Xerosic’s Machinations),3250,"3000,3000,3250,3100,-1,3100,0",True,False,False,9,34,6,6,Kadabra HP:80 En:0,Alakazam HP:140 En:1/Abra HP:50 En:0/Abra HP:50 En:0,Kyogre HP:150 En:1,Empty,WIN,Mike_V4
28,22,5,1,MAIN,7,PLAY(Hilda) | PLAY(Hilda) | PLAY(Dawn) | PLAY(Lillie's Determination) | PLAY(Dawn) | PLAY(Poké Pad) | END_TURN,5,[5],PLAY(Poké Pad),5,PLAY(Poké Pad),12000,"3000,3000,3100,-1,3100,12000,0",True,False,False,9,33,6,6,Kadabra HP:60 En:0,Alakazam HP:140 En:1/Abra HP:50 En:0/Abra HP:50 En:0,Kyogre HP:150 En:2,Empty,WIN,Mike_V4
28,24,5,1,MAIN,8,PLAY(Hilda) | PLAY(Hilda) | PLAY(Dawn) | PLAY(Lillie's Determination) | PLAY(Dawn) | EVOLVE(Kadabra on Abra) | EVOLVE(Kadabra on Abra) | END_TURN,5,[5],EVOLVE(Kadabra on Abra),5,EVOLVE(Kadabra on Abra),6101,"3000,3000,3100,-1,3100,6101,6101,0",True,False,False,9,32,6,6,Kadabra HP:60 En:0,Alakazam HP:140 En:1/Abra HP:50 En:0/Abra HP:50 En:0,Kyogre HP:150 En:2,Empty,WIN,Mike_V4
28,26,5,1,MAIN,8,PLAY(Hilda) | PLAY(Hilda) | PLAY(Dawn) | PLAY(Lillie's Determination) | PLAY(Dawn) | PLAY(Hilda) | PLAY(Dunsparce) | END_TURN,6,[6],PLAY(Dunsparce),6,PLAY(Dunsparce),20070,"3000,3000,3100,-1,3100,3000,20070,0",True,False,False,10,30,6,6,Kadabra HP:60 En:0,Alakazam HP:140 En:1/Kadabra HP:80 En:0/Abra HP:50 En:0,Kyogre HP:150 En:2,Empty,WIN,Mike_V4
28,27,5,1,MAIN,7,PLAY(Hilda) | PLAY(Hilda) | PLAY(Dawn) | PLAY(Lillie's Determination) | PLAY(Dawn) | PLAY(Hilda) | END_TURN,2,[2],PLAY(Dawn),2,PLAY(Dawn),3100,"3000,3000,3100,-1,3100,3000,0",True,False,False,9,30,6,6,Kadabra HP:60 En:0,Alakazam HP:140 En:1/Kadabra HP:80 En:0/Abra HP:50 En:0/Dunsparce HP:70 En:0,Kyogre HP:150 En:2,Empty,WIN,Mike_V4
31,4,2,0,MAIN,6,PLAY(Poké Pad) | PLAY(Hilda) | PLAY(Dawn) | PLAY(Lillie's Determination) | RETREAT | END_TURN,0,[0],PLAY(Poké Pad),0,PLAY(Poké Pad),17000,"17000,3000,3100,-1,-1,0",True,False,False,6,46,6,6,Dunsparce HP:60 En:0,Dunsparce HP:70 En:0,Snover HP:90 En:1,Empty,WIN,Mike_V4
31,6,2,0,MAIN,5,PLAY(Hilda) | PLAY(Dawn) | PLAY(Lillie's Determination) | RETREAT | END_TURN,1,[1],PLAY(Dawn),1,PLAY(Dawn),3100,"3000,3100,-1,-1,0",True,False,False,6,45,6,6,Dunsparce HP:60 En:0,Dunsparce HP:70 En:0,Snover HP:90 En:1,Empty,WIN,Mike_V4
31,68,10,0,MAIN,10,PLAY(Lillie's Determination) | PLAY(Xerosic’s Machinations) | PLAY(Dawn) | PLAY(Poké Pad) | PLAY(Night Stretcher) | PLAY(Dunsparce) | PLAY(Hilda) | ATTACK(Super Psy Bolt) | RETREAT | END_TURN,5,[5],PLAY(Dunsparce),5,PLAY(Dunsparce),20070,"-1,-1,3100,14000,13000,20070,3000,1127,-1,0",True,False,False,16,16,6,2,Kadabra HP:80 En:1,Alakazam HP:140 En:1,Mega Abomasnow ex HP:320 En:5,Empty,WIN,Mike_V4
31,69,10,0,MAIN,9,PLAY(Lillie's Determination) | PLAY(Xerosic’s Machinations) | PLAY(Dawn) | PLAY(Poké Pad) | PLAY(Night Stretcher) | PLAY(Hilda) | ATTACK(Super Psy Bolt) | RETREAT | END_TURN,3,[3],PLAY(Poké Pad),3,PLAY(Poké Pad),14000,"-1,-1,3100,14000,13000,3000,1127,-1,0",True,False,False,15,16,6,2,Kadabra HP:80 En:1,Alakazam HP:140 En:1/Dunsparce HP:60 En:0,Mega Abomasnow ex HP:320 En:5,Empty,WIN,Mike_V4
31,71,10,0,MAIN,8,PLAY(Lillie's Determination) | PLAY(Xerosic’s Machinations) | PLAY(Dawn) | PLAY(Night Stretcher) | PLAY(Hilda) | ATTACK(Super Psy Bolt) | RETREAT | END_TURN,3,[3],PLAY(Night Stretcher),3,PLAY(Night Stretcher),13000,"-1,-1,3100,13000,3000,1127,-1,0",True,False,False,15,15,6,2,Kadabra HP:80 En:1,Alakazam HP:140 En:1/Dunsparce HP:60 En:0,Mega Abomasnow ex HP:320 En:5,Empty,WIN,Mike_V4
31,73,10,0,MAIN,8,PLAY(Lillie's Determination) | PLAY(Xerosic’s Machinations) | PLAY(Dawn) | PLAY(Hilda) | PLAY(Abra) | ATTACK(Super Psy Bolt) | RETREAT | END_TURN,4,[4],PLAY(Abra),4,PLAY(Abra),20200,"-1,-1,3100,3000,20200,1127,-1,0",True,False,False,15,15,6,2,Kadabra HP:80 En:1,Alakazam HP:140 En:1/Dunsparce HP:60 En:0,Mega Abomasnow ex HP:320 En:5,Empty,WIN,Mike_V4
31,74,10,0,MAIN,7,PLAY(Lillie's Determination) | PLAY(Xerosic’s Machinations) | PLAY(Dawn) | PLAY(Hilda) | ATTACK(Super Psy Bolt) | RETREAT | END_TURN,2,[2],PLAY(Dawn),2,PLAY(Dawn),3100,"-1,-1,3100,3000,1127,-1,0",True,False,False,14,15,6,2,Kadabra HP:80 En:1,Alakazam HP:140 En:1/Dunsparce HP:60 En:0/Abra HP:50 En:0,Mega Abomasnow ex HP:320 En:5,Empty,WIN,Mike_V4
32,9,3,1,MAIN,11,PLAY(Xerosic’s Machinations) | PLAY(Dawn) | PLAY(Hilda) | ATTACH(Basic {P} Energy -> Abra@4) | ATTACH(Basic {P} Energy -> Abra@5) | ATTACH(Basic {P} Energy -> Abra@5) | ATTACH(Basic {P} Energy -> Abra@5) | PLAY(Rare Candy) | ATTACK(Teleportation) | RETREAT | END_TURN,7,[7],PLAY(Rare Candy),7,PLAY(Rare Candy),16000,"-1,3100,3000,-1,8010,8010,8010,16000,1067,-1,0",True,False,False,7,41,6,6,Abra HP:40 En:1,Abra HP:50 En:0/Abra HP:50 En:0/Abra HP:50 En:0,Snover HP:90 En:1,Empty,WIN,Mike_V4
32,12,3,1,MAIN,12,PLAY(Xerosic’s Machinations) | PLAY(Dawn) | PLAY(Hilda) | ATTACH(Basic {P} Energy -> Alakazam@4) | ATTACH(Basic {P} Energy -> Abra@5) | ATTACH(Basic {P} Energy -> Abra@5) | ATTACH(Basic {P} Energy -> Abra@5) | PLAY(Dawn) | PLAY(Xerosic’s Machinations) | ATTACK(Powerful Hand) | RETREAT | END_TURN,4,[4],ATTACH(Basic {P} Energy -> Abra@5),4,ATTACH(Basic {P} Energy -> Abra@5),8010,"-1,3100,3000,-1,8010,8010,8010,3100,-1,1655,-1,0",True,False,False,8,38,6,6,Alakazam HP:130 En:1,Abra HP:50 En:0/Abra HP:50 En:0/Abra HP:50 En:0,Snover HP:90 En:1,Empty,WIN,Mike_V4
32,13,3,1,MAIN,8,PLAY(Xerosic’s Machinations) | PLAY(Dawn) | PLAY(Hilda) | PLAY(Dawn) | PLAY(Xerosic’s Machinations) | ATTACK(Powerful Hand) | RETREAT | END_TURN,1,[1],PLAY(Dawn),1,PLAY(Dawn),3100,"-1,3100,3000,3100,-1,1655,-1,0",True,False,False,7,38,6,6,Alakazam HP:130 En:1,Abra HP:50 En:1/Abra HP:50 En:0/Abra HP:50 En:0,Snover HP:90 En:1,Empty,WIN,Mike_V4
34,12,3,1,MAIN,17,ATTACH(Telepath Psychic Energy -> Alakazam@4) | ATTACH(Telepath Psychic Energy -> Abra@5) | ATTACH(Telepath Psychic Energy -> Abra@5) | ATTACH(Telepath Psychic Energy -> Abra@5) | PLAY(Boss’s Orders) | PLAY(Dawn) | PLAY(Neutralization Zone) | ATTACH(Basic {P} Energy -> Alakazam@4) | ATTACH(Basic {P} Energy -> Abra@5) | ATTACH(Basic {P} Energy -> Abra@5) | ATTACH(Basic {P} Energy -> Abra@5) | PLAY(Poké Pad) | PLAY(Dunsparce) | PLAY(Hilda) | ATTACK(Powerful Hand) | RETREAT | END_TURN,12,[12],PLAY(Dunsparce),12,PLAY(Dunsparce),20070,"-1,8010,8010,8010,2262,3100,-1,-1,8010,8010,8010,12000,20070,3000,1655,-1,0",True,False,False,8,38,6,6,Alakazam HP:140 En:1,Abra HP:50 En:0/Abra HP:50 En:0/Abra HP:50 En:0,Abra HP:50 En:0,Abra HP:50 En:0/Abra HP:50 En:0/Dunsparce HP:70 En:0,DRAW,SolEclipse_Mirror
34,13,3,1,MAIN,18,ATTACH(Telepath Psychic Energy -> Alakazam@4) | ATTACH(Telepath Psychic Energy -> Abra@5) | ATTACH(Telepath Psychic Energy -> Abra@5) | ATTACH(Telepath Psychic Energy -> Abra@5) | ATTACH(Telepath Psychic Energy -> Dunsparce@5) | PLAY(Boss’s Orders) | PLAY(Dawn) | PLAY(Neutralization Zone) | ATTACH(Basic {P} Energy -> Alakazam@4) | ATTACH(Basic {P} Energy -> Abra@5) | ATTACH(Basic {P} Energy -> Abra@5) | ATTACH(Basic {P} Energy -> Abra@5) | ATTACH(Basic {P} Energy -> Dunsparce@5) | PLAY(Poké Pad) | PLAY(Hilda) | ATTACK(Powerful Hand) | RETREAT | END_TURN,13,[13],PLAY(Poké Pad),13,PLAY(Poké Pad),12000,"-1,8010,8010,8010,-1,2262,3100,-1,-1,8010,8010,8010,-1,12000,3000,1655,-1,0",True,False,False,7,38,6,6,Alakazam HP:140 En:1,Abra HP:50 En:0/Abra HP:50 En:0/Abra HP:50 En:0/Dunsparce HP:60 En:0,Abra HP:50 En:0,Abra HP:50 En:0/Abra HP:50 En:0/Dunsparce HP:70 En:0,DRAW,SolEclipse_Mirror
34,15,3,1,MAIN,17,ATTACH(Telepath Psychic Energy -> Alakazam@4) | ATTACH(Telepath Psychic Energy -> Abra@5) | ATTACH(Telepath Psychic Energy -> Abra@5) | ATTACH(Telepath Psychic Energy -> Abra@5) | ATTACH(Telepath Psychic Energy -> Dunsparce@5) | PLAY(Boss’s Orders) | PLAY(Dawn) | PLAY(Neutralization Zone) | ATTACH(Basic {P} Energy -> Alakazam@4) | ATTACH(Basic {P} Energy -> Abra@5) | ATTACH(Basic {P} Energy -> Abra@5) | ATTACH(Basic {P} Energy -> Abra@5) | ATTACH(Basic {P} Energy -> Dunsparce@5) | PLAY(Hilda) | ATTACK(Powerful Hand) | RETREAT | END_TURN,1,[1],ATTACH(Telepath Psychic Energy -> Abra@5),1,ATTACH(Telepath Psychic Energy -> Abra@5),8010,"-1,8010,8010,8010,-1,2262,3100,-1,-1,8010,8010,8010,-1,3000,1655,-1,0",True,False,False,7,37,6,6,Alakazam HP:140 En:1,Abra HP:50 En:0/Abra HP:50 En:0/Abra HP:50 En:0/Dunsparce HP:60 En:0,Abra HP:50 En:0,Abra HP:50 En:0/Abra HP:50 En:0/Dunsparce HP:70 En:0,DRAW,SolEclipse_Mirror
34,16,3,1,MAIN,7,PLAY(Boss’s Orders) | PLAY(Dawn) | PLAY(Neutralization Zone) | PLAY(Hilda) | ATTACK(Powerful Hand) | RETREAT | END_TURN,1,[1],PLAY(Dawn),1,PLAY(Dawn),3100,"2262,3100,-1,3000,1655,-1,0",True,False,False,6,37,6,6,Alakazam HP:140 En:1,Abra HP:50 En:1/Abra HP:50 En:0/Abra HP:50 En:0/Dunsparce HP:60 En:0,Abra HP:50 En:0,Abra HP:50 En:0/Abra HP:50 En:0/Dunsparce HP:70 En:0,DRAW,SolEclipse_Mirror
34,58,9,1,MAIN,10,PLAY(Boss’s Orders) | PLAY(Dawn) | PLAY(Dawn) | PLAY(Buddy-Buddy Poffin) | PLAY(Hilda) | EVOLVE(Dudunsparce on Dunsparce) | PLAY(Enhanced Hammer) | ATTACK(Powerful Hand) | RETREAT | END_TURN,5,[5],EVOLVE(Dudunsparce on Dunsparce),5,EVOLVE(Dudunsparce on Dunsparce),6031,"-1,3100,3100,4083,3000,6031,-1,1655,-1,0",True,False,False,8,10,3,5,Alakazam HP:140 En:1,Alakazam HP:140 En:1/Alakazam HP:140 En:0/Dunsparce HP:60 En:0/Dunsparce HP:70 En:0,Alakazam HP:140 En:1,Alakazam HP:140 En:0/Dudunsparce HP:140 En:0/Dunsparce HP:60 En:0/Abra HP:50 En:0,DRAW,SolEclipse_Mirror
34,59,9,1,MAIN,10,PLAY(Boss’s Orders) | PLAY(Dawn) | PLAY(Dawn) | PLAY(Buddy-Buddy Poffin) | PLAY(Hilda) | PLAY(Enhanced Hammer) | ABILITY(Dudunsparce) | ATTACK(Powerful Hand) | RETREAT | END_TURN,3,[3],PLAY(Buddy-Buddy Poffin),3,PLAY(Buddy-Buddy Poffin),4083,"-1,3100,3100,4083,3000,-1,-1,1655,-1,0",True,False,False,7,10,3,5,Alakazam HP:140 En:1,Alakazam HP:140 En:1/Alakazam HP:140 En:0/Dudunsparce HP:140 En:0/Dunsparce HP:70 En:0,Alakazam HP:140 En:1,Alakazam HP:140 En:0/Dudunsparce HP:140 En:0/Dunsparce HP:60 En:0/Abra HP:50 En:0,DRAW,SolEclipse_Mirror
34,61,9,1,MAIN,9,PLAY(Boss’s Orders) | PLAY(Dawn) | PLAY(Dawn) | PLAY(Hilda) | PLAY(Enhanced Hammer) | ABILITY(Dudunsparce) | ATTACK(Powerful Hand) | RETREAT | END_TURN,5,[5],ABILITY(Dudunsparce),5,ABILITY(Dudunsparce),30000,"-1,3100,3100,3000,-1,30000,1655,-1,0",True,False,False,6,9,3,5,Alakazam HP:140 En:1,Alakazam HP:140 En:1/Alakazam HP:140 En:0/Dudunsparce HP:140 En:0/Dunsparce HP:70 En:0/Dunsparce HP:60 En:0,Alakazam HP:140 En:1,Alakazam HP:140 En:0/Dudunsparce HP:140 En:0/Dunsparce HP:60 En:0/Abra HP:50 En:0,DRAW,SolEclipse_Mirror
34,62,9,1,MAIN,10,PLAY(Boss’s Orders) | PLAY(Dawn) | PLAY(Dawn) | PLAY(Hilda) | PLAY(Enhanced Hammer) | PLAY(Sacred Ash) | PLAY(Hilda) | ATTACK(Powerful Hand) | RETREAT | END_TURN,5,[5],PLAY(Sacred Ash),5,PLAY(Sacred Ash),13500,"-1,3100,3100,3000,-1,13500,3000,1655,-1,0",True,False,False,9,8,3,5,Alakazam HP:140 En:1,Alakazam HP:140 En:1/Alakazam HP:140 En:0/Dunsparce HP:70 En:0/Dunsparce HP:60 En:0,Alakazam HP:140 En:1,Alakazam HP:140 En:0/Dudunsparce HP:140 En:0/Dunsparce HP:60 En:0/Abra HP:50 En:0,DRAW,SolEclipse_Mirror
34,64,9,1,MAIN,9,PLAY(Boss’s Orders) | PLAY(Dawn) | PLAY(Dawn) | PLAY(Hilda) | PLAY(Enhanced Hammer) | PLAY(Hilda) | ATTACK(Powerful Hand) | RETREAT | END_TURN,1,[1],PLAY(Dawn),1,PLAY(Dawn),3100,"-1,3100,3100,3000,-1,3000,1655,-1,0",True,False,False,8,10,3,5,Alakazam HP:140 En:1,Alakazam HP:140 En:1/Alakazam HP:140 En:0/Dunsparce HP:70 En:0/Dunsparce HP:60 En:0,Alakazam HP:140 En:1,Alakazam HP:140 En:0/Dudunsparce HP:140 En:0/Dunsparce HP:60 En:0/Abra HP:50 En:0,DRAW,SolEclipse_Mirror
34,71,11,1,MAIN,18,PLAY(Boss’s Orders) | PLAY(Dawn) | PLAY(Hilda) | PLAY(Enhanced Hammer) | EVOLVE(Dudunsparce on Dunsparce) | EVOLVE(Dudunsparce on Dunsparce) | PLAY(Hilda) | PLAY(Abra) | EVOLVE(Dudunsparce on Dunsparce) | EVOLVE(Dudunsparce on Dunsparce) | PLAY(Xerosic’s Machinations) | ATTACH(Basic {P} Energy -> Alakazam@4) | ATTACH(Basic {P} Energy -> Alakazam@5) | ATTACH(Basic {P} Energy -> Dunsparce@5) | ATTACH(Basic {P} Energy -> Dunsparce@5) | ATTACK(Powerful Hand) | RETREAT | END_TURN,7,[7],PLAY(Abra),7,PLAY(Abra),20200,"-1,3100,3000,-1,6031,6031,3000,20200,6031,6031,3250,-1,8030,-1,-1,1655,-1,0",True,False,False,12,6,2,4,Alakazam HP:140 En:1,Alakazam HP:140 En:0/Dunsparce HP:70 En:0/Dunsparce HP:60 En:0,Alakazam HP:140 En:1,Dudunsparce HP:140 En:0/Dunsparce HP:60 En:0/Alakazam HP:140 En:0/Dunsparce HP:70 En:0/Abra HP:50 En:0,DRAW,SolEclipse_Mirror
34,72,11,1,MAIN,18,PLAY(Boss’s Orders) | PLAY(Dawn) | PLAY(Hilda) | PLAY(Enhanced Hammer) | EVOLVE(Dudunsparce on Dunsparce) | EVOLVE(Dudunsparce on Dunsparce) | PLAY(Hilda) | EVOLVE(Dudunsparce on Dunsparce) | EVOLVE(Dudunsparce on Dunsparce) | PLAY(Xerosic’s Machinations) | ATTACH(Basic {P} Energy -> Alakazam@4) | ATTACH(Basic {P} Energy -> Alakazam@5) | ATTACH(Basic {P} Energy -> Dunsparce@5) | ATTACH(Basic {P} Energy -> Dunsparce@5) | ATTACH(Basic {P} Energy -> Abra@5) | ATTACK(Powerful Hand) | RETREAT | END_TURN,11,[11],ATTACH(Basic {P} Energy -> Alakazam@5),11,ATTACH(Basic {P} Energy -> Alakazam@5),8030,"-1,3100,3000,-1,6031,6031,3000,6031,6031,3250,-1,8030,-1,-1,8010,1655,-1,0",True,False,False,11,6,2,4,Alakazam HP:140 En:1,Alakazam HP:140 En:0/Dunsparce HP:70 En:0/Dunsparce HP:60 En:0/Abra HP:50 En:0,Alakazam HP:140 En:1,Dudunsparce HP:140 En:0/Dunsparce HP:60 En:0/Alakazam HP:140 En:0/Dunsparce HP:70 En:0/Abra HP:50 En:0,DRAW,SolEclipse_Mirror
34,73,11,1,MAIN,13,PLAY(Boss’s Orders) | PLAY(Dawn) | PLAY(Hilda) | PLAY(Enhanced Hammer) | EVOLVE(Dudunsparce on Dunsparce) | EVOLVE(Dudunsparce on Dunsparce) | PLAY(Hilda) | EVOLVE(Dudunsparce on Dunsparce) | EVOLVE(Dudunsparce on Dunsparce) | PLAY(Xerosic’s Machinations) | ATTACK(Powerful Hand) | RETREAT | END_TURN,4,[4],EVOLVE(Dudunsparce on Dunsparce),4,EVOLVE(Dudunsparce on Dunsparce),6031,"-1,3100,3000,-1,6031,6031,3000,6031,6031,3250,1655,-1,0",True,False,False,10,6,2,4,Alakazam HP:140 En:1,Alakazam HP:140 En:1/Dunsparce HP:70 En:0/Dunsparce HP:60 En:0/Abra HP:50 En:0,Alakazam HP:140 En:1,Dudunsparce HP:140 En:0/Dunsparce HP:60 En:0/Alakazam HP:140 En:0/Dunsparce HP:70 En:0/Abra HP:50 En:0,DRAW,SolEclipse_Mirror
34,74,11,1,MAIN,11,PLAY(Boss’s Orders) | PLAY(Dawn) | PLAY(Hilda) | PLAY(Enhanced Hammer) | PLAY(Hilda) | EVOLVE(Dudunsparce on Dunsparce) | PLAY(Xerosic’s Machinations) | ABILITY(Dudunsparce) | ATTACK(Powerful Hand) | RETREAT | END_TURN,5,[5],EVOLVE(Dudunsparce on Dunsparce),5,EVOLVE(Dudunsparce on Dunsparce),6031,"-1,3100,3000,-1,3000,6031,3250,-1,1655,-1,0",True,False,False,9,6,2,4,Alakazam HP:140 En:1,Alakazam HP:140 En:1/Dudunsparce HP:140 En:0/Dunsparce HP:60 En:0/Abra HP:50 En:0,Alakazam HP:140 En:1,Dudunsparce HP:140 En:0/Dunsparce HP:60 En:0/Alakazam HP:140 En:0/Dunsparce HP:70 En:0/Abra HP:50 En:0,DRAW,SolEclipse_Mirror
34,75,11,1,MAIN,11,PLAY(Boss’s Orders) | PLAY(Dawn) | PLAY(Hilda) | PLAY(Enhanced Hammer) | PLAY(Hilda) | PLAY(Xerosic’s Machinations) | ABILITY(Dudunsparce) | ABILITY(Dudunsparce) | ATTACK(Powerful Hand) | RETREAT | END_TURN,5,[5],PLAY(Xerosic’s Machinations),5,PLAY(Xerosic’s Machinations),3250,"-1,3100,3000,-1,3000,3250,-1,-1,1655,-1,0",True,False,False,8,6,2,4,Alakazam HP:140 En:1,Alakazam HP:140 En:1/Dudunsparce HP:140 En:0/Dudunsparce HP:140 En:0/Abra HP:50 En:0,Alakazam HP:140 En:1,Dudunsparce HP:140 En:0/Dunsparce HP:60 En:0/Alakazam HP:140 En:0/Dunsparce HP:70 En:0/Abra HP:50 En:0,DRAW,SolEclipse_Mirror
37,4,2,0,MAIN,6,PLAY(Dawn) | PLAY(Hilda) | PLAY(Boss’s Orders) | PLAY(Abra) | RETREAT | END_TURN,3,[3],PLAY(Abra),3,PLAY(Abra),20604,"3100,3000,2262,20604,-1,0",True,False,False,6,46,6,6,Dunsparce HP:60 En:0,Abra HP:50 En:0,Abra HP:50 En:0,Dunsparce HP:60 En:0/Abra HP:50 En:0/Abra HP:50 En:0/Dunsparce HP:60 En:0,DRAW,SolEclipse_Mirror
37,5,2,0,MAIN,5,PLAY(Dawn) | PLAY(Hilda) | PLAY(Boss’s Orders) | RETREAT | END_TURN,0,[0],PLAY(Dawn),0,PLAY(Dawn),3100,"3100,3000,2262,-1,0",True,False,False,5,46,6,6,Dunsparce HP:60 En:0,Abra HP:50 En:0/Abra HP:50 En:0,Abra HP:50 En:0,Dunsparce HP:60 En:0/Abra HP:50 En:0/Abra HP:50 En:0/Dunsparce HP:60 En:0,DRAW,SolEclipse_Mirror
37,42,8,0,MAIN,10,PLAY(Boss’s Orders) | PLAY(Neutralization Zone) | EVOLVE(Alakazam on Kadabra) | PLAY(Hilda) | PLAY(Dawn) | PLAY(Lillie's Determination) | PLAY(Xerosic’s Machinations) | PLAY(Xerosic’s Machinations) | ABILITY(Dudunsparce) | END_TURN,2,[2],EVOLVE(Alakazam on Kadabra),2,EVOLVE(Alakazam on Kadabra),6151,"-1,-1,6151,3000,3100,-1,3250,3250,-1,0",True,False,False,8,25,6,4,Kadabra HP:80 En:0,Abra HP:50 En:0/Dudunsparce HP:140 En:0/Dunsparce HP:60 En:0/Dunsparce HP:60 En:0,Alakazam HP:140 En:1,Alakazam HP:140 En:1/Alakazam HP:140 En:0/Dudunsparce HP:140 En:0/Alakazam HP:140 En:0/Dudunsparce HP:140 En:0,DRAW,SolEclipse_Mirror
37,44,8,0,MAIN,11,PLAY(Boss’s Orders) | PLAY(Neutralization Zone) | PLAY(Hilda) | PLAY(Dawn) | PLAY(Lillie's Determination) | PLAY(Xerosic’s Machinations) | PLAY(Xerosic’s Machinations) | PLAY(Lana’s Aid) | PLAY(Boss’s Orders) | ABILITY(Dudunsparce) | END_TURN,5,[5],PLAY(Xerosic’s Machinations),7,PLAY(Lana’s Aid),4249,"-1,-1,3000,3100,-1,3250,3250,4249,-1,-1,0",True,True,False,10,22,6,4,Alakazam HP:140 En:0,Abra HP:50 En:0/Dudunsparce HP:140 En:0/Dunsparce HP:60 En:0/Dunsparce HP:60 En:0,Alakazam HP:140 En:1,Alakazam HP:140 En:1/Alakazam HP:140 En:0/Dudunsparce HP:140 En:0/Alakazam HP:140 En:0/Dudunsparce HP:140 En:0,DRAW,SolEclipse_Mirror
37,47,10,0,MAIN,14,PLAY(Boss’s Orders) | PLAY(Neutralization Zone) | PLAY(Hilda) | PLAY(Dawn) | PLAY(Lillie's Determination) | PLAY(Xerosic’s Machinations) | PLAY(Lana’s Aid) | PLAY(Boss’s Orders) | ATTACH(Basic {P} Energy -> Abra@4) | ATTACH(Basic {P} Energy -> Dudunsparce@5) | ATTACH(Basic {P} Energy -> Dunsparce@5) | ATTACH(Basic {P} Energy -> Dunsparce@5) | ABILITY(Dudunsparce) | END_TURN,8,[8],ATTACH(Basic {P} Energy -> Abra@4),8,ATTACH(Basic {P} Energy -> Abra@4),8015,"-1,-1,3000,3100,-1,3250,4249,-1,8015,-1,-1,-1,-1,0",True,False,False,10,21,6,3,Abra HP:50 En:0,Dudunsparce HP:140 En:0/Dunsparce HP:60 En:0/Dunsparce HP:60 En:0,Alakazam HP:140 En:1,Alakazam HP:140 En:1/Alakazam HP:140 En:1/Alakazam HP:140 En:0/Dunsparce HP:60 En:0/Dunsparce HP:70 En:0,DRAW,SolEclipse_Mirror
37,48,10,0,MAIN,12,PLAY(Boss’s Orders) | PLAY(Neutralization Zone) | PLAY(Hilda) | PLAY(Dawn) | PLAY(Lillie's Determination) | PLAY(Xerosic’s Machinations) | PLAY(Lana’s Aid) | PLAY(Boss’s Orders) | ABILITY(Dudunsparce) | ATTACK(Teleportation) | RETREAT | END_TURN,6,[6],PLAY(Lana’s Aid),6,PLAY(Lana’s Aid),4249,"-1,-1,3000,3100,-1,3250,4249,-1,-1,1067,-1,0",True,False,False,9,21,6,3,Abra HP:50 En:1,Dudunsparce HP:140 En:0/Dunsparce HP:60 En:0/Dunsparce HP:60 En:0,Alakazam HP:140 En:1,Alakazam HP:140 En:1/Alakazam HP:140 En:1/Alakazam HP:140 En:0/Dunsparce HP:60 En:0/Dunsparce HP:70 En:0,DRAW,SolEclipse_Mirror
37,60,12,0,MAIN,13,PLAY(Boss’s Orders) | PLAY(Neutralization Zone) | PLAY(Hilda) | PLAY(Dawn) | PLAY(Lillie's Determination) | PLAY(Xerosic’s Machinations) | PLAY(Boss’s Orders) | PLAY(Boss’s Orders) | PLAY(Hilda) | ABILITY(Dudunsparce) | ABILITY(Dudunsparce) | ABILITY(Dudunsparce) | END_TURN,5,[5],PLAY(Xerosic’s Machinations),9,ABILITY(Dudunsparce),30000,"-1,-1,3000,3100,-1,3250,-1,-1,3000,30000,-1,-1,0",True,True,False,12,16,5,2,Dudunsparce HP:140 En:0,Dudunsparce HP:140 En:0/Dudunsparce HP:140 En:0,Alakazam HP:140 En:1,Alakazam HP:140 En:1/Alakazam HP:140 En:1/Dudunsparce HP:140 En:0/Dudunsparce HP:140 En:0,DRAW,SolEclipse_Mirror
37,76,14,0,MAIN,18,PLAY(Boss’s Orders) | PLAY(Neutralization Zone) | PLAY(Hilda) | PLAY(Dawn) | PLAY(Lillie's Determination) | PLAY(Boss’s Orders) | EVOLVE(Kadabra on Abra) | EVOLVE(Kadabra on Abra) | PLAY(Boss’s Orders) | PLAY(Hilda) | PLAY(Enhanced Hammer) | EVOLVE(Kadabra on Abra) | PLAY(Rare Candy) | ATTACH(Basic {P} Energy -> Abra@4) | ATTACH(Telepath Psychic Energy -> Abra@4) | EVOLVE(Kadabra on Abra) | ATTACK(Teleportation) | END_TURN,7,[7],EVOLVE(Kadabra on Abra),3,PLAY(Dawn),16500,"-1,-1,3000,16500,-1,-1,5931,5931,-1,3000,-1,5931,16000,-1,-1,5931,1067,0",True,True,False,18,11,5,1,Abra HP:50 En:1,Empty,Alakazam HP:140 En:1,Alakazam HP:140 En:1/Alakazam HP:140 En:1/Dudunsparce HP:140 En:0/Dudunsparce HP:140 En:0,DRAW,SolEclipse_Mirror
37,78,14,0,MAIN,15,PLAY(Boss’s Orders) | PLAY(Neutralization Zone) | PLAY(Hilda) | PLAY(Dawn) | PLAY(Lillie's Determination) | PLAY(Boss’s Orders) | PLAY(Boss’s Orders) | PLAY(Hilda) | PLAY(Enhanced Hammer) | ATTACH(Basic {P} Energy -> Kadabra@4) | ATTACH(Telepath Psychic Energy -> Kadabra@4) | PLAY(Dawn) | PLAY(Buddy-Buddy Poffin) | ATTACK(Super Psy Bolt) | END_TURN,3,[3],PLAY(Dawn),3,PLAY(Dawn),16500,"-1,-1,3000,16500,-1,-1,-1,3000,-1,-1,-1,16500,15000,1127,0",True,False,False,19,9,5,1,Kadabra HP:80 En:1,Empty,Alakazam HP:140 En:1,Alakazam HP:140 En:1/Alakazam HP:140 En:1/Dudunsparce HP:140 En:0/Dudunsparce HP:140 En:0,DRAW,SolEclipse_Mirror
38,7,3,1,MAIN,11,PLAY(Dawn) | PLAY(Boss’s Orders) | EVOLVE(Kadabra on Abra) | EVOLVE(Kadabra on Abra) | EVOLVE(Kadabra on Abra) | EVOLVE(Kadabra on Abra) | PLAY(Boss’s Orders) | PLAY(Hilda) | ATTACK(Teleportation) | RETREAT | END_TURN,3,[3],EVOLVE(Kadabra on Abra),3,EVOLVE(Kadabra on Abra),6101,"3100,-1,6051,6101,6101,6101,-1,3000,1067,-1,0",True,False,False,6,42,6,6,Abra HP:50 En:1,Abra HP:50 En:0/Abra HP:50 En:0/Abra HP:50 En:0,Abra HP:50 En:0,Abra HP:50 En:0/Abra HP:50 En:0,WIN,SolEclipse_Mirror
38,9,3,1,MAIN,8,PLAY(Dawn) | PLAY(Boss’s Orders) | PLAY(Boss’s Orders) | PLAY(Hilda) | PLAY(Buddy-Buddy Poffin) | ATTACK(Teleportation) | RETREAT | END_TURN,4,[4],PLAY(Buddy-Buddy Poffin),4,PLAY(Buddy-Buddy Poffin),15000,"3100,-1,-1,3000,15000,1067,2000,0",True,False,False,7,40,6,6,Abra HP:50 En:1,Kadabra HP:80 En:0/Abra HP:50 En:0/Abra HP:50 En:0,Abra HP:50 En:0,Abra HP:50 En:0/Abra HP:50 En:0,WIN,SolEclipse_Mirror
38,11,3,1,MAIN,7,PLAY(Dawn) | PLAY(Boss’s Orders) | PLAY(Boss’s Orders) | PLAY(Hilda) | ATTACK(Teleportation) | RETREAT | END_TURN,0,[0],PLAY(Dawn),0,PLAY(Dawn),3100,"3100,-1,-1,3000,1067,2000,0",True,False,False,6,38,6,6,Abra HP:50 En:1,Kadabra HP:80 En:0/Abra HP:50 En:0/Abra HP:50 En:0/Dunsparce HP:60 En:0/Dunsparce HP:70 En:0,Abra HP:50 En:0,Abra HP:50 En:0/Abra HP:50 En:0,WIN,SolEclipse_Mirror
38,21,5,1,MAIN,20,PLAY(Boss’s Orders) | PLAY(Boss’s Orders) | PLAY(Hilda) | PLAY(Night Stretcher) | PLAY(Dunsparce) | EVOLVE(Dudunsparce on Dunsparce) | EVOLVE(Dudunsparce on Dunsparce) | PLAY(Sacred Ash) | PLAY(Enhanced Hammer) | EVOLVE(Dudunsparce on Dunsparce) | EVOLVE(Dudunsparce on Dunsparce) | PLAY(Dawn) | ATTACH(Basic {P} Energy -> Alakazam@4) | ATTACH(Basic {P} Energy -> Abra@5) | ATTACH(Basic {P} Energy -> Abra@5) | ATTACH(Basic {P} Energy -> Dunsparce@5) | ATTACH(Basic {P} Energy -> Dunsparce@5) | ATTACK(Powerful Hand) | RETREAT | END_TURN,7,[7],PLAY(Sacred Ash),7,PLAY(Sacred Ash),13500,"-1,-1,3000,13000,-1,6031,6031,13500,-1,6031,6031,3100,-1,8010,8010,-1,-1,1655,-1,0",True,False,False,11,31,5,5,Alakazam HP:140 En:1,Abra HP:50 En:0/Abra HP:50 En:0/Dunsparce HP:60 En:0/Dunsparce HP:70 En:0,Alakazam HP:140 En:1,Abra HP:50 En:0/Abra HP:50 En:0/Dunsparce HP:60 En:0/Dunsparce HP:70 En:0,WIN,SolEclipse_Mirror
38,23,5,1,MAIN,18,PLAY(Boss’s Orders) | PLAY(Boss’s Orders) | PLAY(Hilda) | PLAY(Dunsparce) | EVOLVE(Dudunsparce on Dunsparce) | EVOLVE(Dudunsparce on Dunsparce) | PLAY(Enhanced Hammer) | EVOLVE(Dudunsparce on Dunsparce) | EVOLVE(Dudunsparce on Dunsparce) | PLAY(Dawn) | ATTACH(Basic {P} Energy -> Alakazam@4) | ATTACH(Basic {P} Energy -> Abra@5) | ATTACH(Basic {P} Energy -> Abra@5) | ATTACH(Basic {P} Energy -> Dunsparce@5) | ATTACH(Basic {P} Energy -> Dunsparce@5) | ATTACK(Powerful Hand) | RETREAT | END_TURN,11,[11],ATTACH(Basic {P} Energy -> Abra@5),11,ATTACH(Basic {P} Energy -> Abra@5),8010,"-1,-1,3000,-1,6031,6031,-1,6031,6031,3100,-1,8010,8010,-1,-1,1655,-1,0",True,False,False,10,33,5,5,Alakazam HP:140 En:1,Abra HP:50 En:0/Abra HP:50 En:0/Dunsparce HP:60 En:0/Dunsparce HP:70 En:0,Alakazam HP:140 En:1,Abra HP:50 En:0/Abra HP:50 En:0/Dunsparce HP:60 En:0/Dunsparce HP:70 En:0,WIN,SolEclipse_Mirror
38,24,5,1,MAIN,13,PLAY(Boss’s Orders) | PLAY(Boss’s Orders) | PLAY(Hilda) | PLAY(Dunsparce) | EVOLVE(Dudunsparce on Dunsparce) | EVOLVE(Dudunsparce on Dunsparce) | PLAY(Enhanced Hammer) | EVOLVE(Dudunsparce on Dunsparce) | EVOLVE(Dudunsparce on Dunsparce) | PLAY(Dawn) | ATTACK(Powerful Hand) | RETREAT | END_TURN,4,[4],EVOLVE(Dudunsparce on Dunsparce),4,EVOLVE(Dudunsparce on Dunsparce),6031,"-1,-1,3000,-1,6031,6031,-1,6031,6031,3100,1655,-1,0",True,False,False,9,33,5,5,Alakazam HP:140 En:1,Abra HP:50 En:1/Abra HP:50 En:0/Dunsparce HP:60 En:0/Dunsparce HP:70 En:0,Alakazam HP:140 En:1,Abra HP:50 En:0/Abra HP:50 En:0/Dunsparce HP:60 En:0/Dunsparce HP:70 En:0,WIN,SolEclipse_Mirror
38,25,5,1,MAIN,11,PLAY(Boss’s Orders) | PLAY(Boss’s Orders) | PLAY(Hilda) | PLAY(Dunsparce) | PLAY(Enhanced Hammer) | EVOLVE(Dudunsparce on Dunsparce) | PLAY(Dawn) | ABILITY(Dudunsparce) | ATTACK(Powerful Hand) | RETREAT | END_TURN,5,[5],EVOLVE(Dudunsparce on Dunsparce),5,EVOLVE(Dudunsparce on Dunsparce),6031,"-1,-1,3000,-1,-1,6031,3100,-1,1655,-1,0",True,False,False,8,33,5,5,Alakazam HP:140 En:1,Abra HP:50 En:1/Abra HP:50 En:0/Dudunsparce HP:140 En:0/Dunsparce HP:70 En:0,Alakazam HP:140 En:1,Abra HP:50 En:0/Abra HP:50 En:0/Dunsparce HP:60 En:0/Dunsparce HP:70 En:0,WIN,SolEclipse_Mirror
38,26,5,1,MAIN,11,PLAY(Boss’s Orders) | PLAY(Boss’s Orders) | PLAY(Hilda) | PLAY(Dunsparce) | PLAY(Enhanced Hammer) | PLAY(Dawn) | ABILITY(Dudunsparce) | ABILITY(Dudunsparce) | ATTACK(Powerful Hand) | RETREAT | END_TURN,5,[5],PLAY(Dawn),5,PLAY(Dawn),3100,"-1,-1,3000,-1,-1,3100,-1,-1,1655,-1,0",True,False,False,7,33,5,5,Alakazam HP:140 En:1,Abra HP:50 En:1/Abra HP:50 En:0/Dudunsparce HP:140 En:0/Dudunsparce HP:140 En:0,Alakazam HP:140 En:1,Abra HP:50 En:0/Abra HP:50 En:0/Dunsparce HP:60 En:0/Dunsparce HP:70 En:0,WIN,SolEclipse_Mirror
38,83,13,1,MAIN,22,PLAY(Lillie's Determination) | PLAY(Xerosic’s Machinations) | EVOLVE(Kadabra on Abra) | PLAY(Enhanced Hammer) | PLAY(Xerosic’s Machinations) | EVOLVE(Kadabra on Abra) | PLAY(Dunsparce) | ATTACH(Telepath Psychic Energy -> Alakazam@4) | ATTACH(Telepath Psychic Energy -> Dudunsparce@5) | ATTACH(Telepath Psychic Energy -> Dudunsparce@5) | ATTACH(Telepath Psychic Energy -> Alakazam@5) | ATTACH(Telepath Psychic Energy -> Abra@5) | PLAY(Rare Candy) | PLAY(Xerosic’s Machinations) | PLAY(Neutralization Zone) | PLAY(Dawn) | PLAY(Hilda) | ABILITY(Dudunsparce) | ABILITY(Dudunsparce) | ATTACK(Powerful Hand) | RETREAT | END_TURN,15,[15],PLAY(Dawn),12,PLAY(Rare Candy),16000,"-1,3250,5931,-1,3250,5931,-1,-1,-1,-1,-1,-1,16000,3250,-1,3100,3000,-1,-1,1655,-1,0",True,True,False,15,4,1,3,Alakazam HP:110 En:1,Dudunsparce HP:140 En:0/Dudunsparce HP:140 En:0/Alakazam HP:140 En:1/Abra HP:50 En:1,Kadabra HP:80 En:1,Dudunsparce HP:140 En:0/Dudunsparce HP:140 En:0/Dunsparce HP:60 En:0/Abra HP:50 En:0/Abra HP:50 En:0,WIN,SolEclipse_Mirror
39,48,8,0,MAIN,17,PLAY(Lillie's Determination) | ATTACH(Telepath Psychic Energy -> Alakazam@4) | ATTACH(Telepath Psychic Energy -> Abra@5) | ATTACH(Telepath Psychic Energy -> Dunsparce@5) | EVOLVE(Kadabra on Abra) | PLAY(Dawn) | ATTACH(Telepath Psychic Energy -> Alakazam@4) | ATTACH(Telepath Psychic Energy -> Abra@5) | ATTACH(Telepath Psychic Energy -> Dunsparce@5) | ATTACH(Telepath Psychic Energy -> Alakazam@4) | ATTACH(Telepath Psychic Energy -> Abra@5) | ATTACH(Telepath Psychic Energy -> Dunsparce@5) | PLAY(Rare Candy) | EVOLVE(Dudunsparce on Dunsparce) | PLAY(Lana’s Aid) | PLAY(Hilda) | END_TURN,12,[12],PLAY(Rare Candy),12,PLAY(Rare Candy),16000,"-1,8035,8010,-1,6101,3100,8035,8010,-1,8035,8010,-1,16000,6031,4249,3000,0",True,False,False,15,18,6,3,Alakazam HP:140 En:0,Abra HP:50 En:0/Dunsparce HP:60 En:0,Mega Abomasnow ex HP:70 En:4,Empty,WIN,Mike_V4
39,51,8,0,MAIN,17,PLAY(Lillie's Determination) | ATTACH(Telepath Psychic Energy -> Alakazam@4) | ATTACH(Telepath Psychic Energy -> Alakazam@5) | ATTACH(Telepath Psychic Energy -> Dunsparce@5) | PLAY(Dawn) | ATTACH(Telepath Psychic Energy -> Alakazam@4) | ATTACH(Telepath Psychic Energy -> Alakazam@5) | ATTACH(Telepath Psychic Energy -> Dunsparce@5) | ATTACH(Telepath Psychic Energy -> Alakazam@4) | ATTACH(Telepath Psychic Energy -> Alakazam@5) | ATTACH(Telepath Psychic Energy -> Dunsparce@5) | EVOLVE(Dudunsparce on Dunsparce) | PLAY(Lana’s Aid) | PLAY(Hilda) | PLAY(Buddy-Buddy Poffin) | PLAY(Neutralization Zone) | END_TURN,15,[15],PLAY(Neutralization Zone),15,PLAY(Neutralization Zone),19500,"-1,8035,8030,-1,3100,8035,8030,-1,8035,8030,-1,6031,4249,3000,15000,19500,0",True,False,False,16,15,6,3,Alakazam HP:140 En:0,Alakazam HP:140 En:0/Dunsparce HP:60 En:0,Mega Abomasnow ex HP:70 En:4,Empty,WIN,Mike_V4
39,52,8,0,MAIN,16,PLAY(Lillie's Determination) | ATTACH(Telepath Psychic Energy -> Alakazam@4) | ATTACH(Telepath Psychic Energy -> Alakazam@5) | ATTACH(Telepath Psychic Energy -> Dunsparce@5) | PLAY(Dawn) | ATTACH(Telepath Psychic Energy -> Alakazam@4) | ATTACH(Telepath Psychic Energy -> Alakazam@5) | ATTACH(Telepath Psychic Energy -> Dunsparce@5) | ATTACH(Telepath Psychic Energy -> Alakazam@4) | ATTACH(Telepath Psychic Energy -> Alakazam@5) | ATTACH(Telepath Psychic Energy -> Dunsparce@5) | EVOLVE(Dudunsparce on Dunsparce) | PLAY(Lana’s Aid) | PLAY(Hilda) | PLAY(Buddy-Buddy Poffin) | END_TURN,14,[14],PLAY(Buddy-Buddy Poffin),14,PLAY(Buddy-Buddy Poffin),15000,"-1,8035,8030,-1,3100,8035,8030,-1,8035,8030,-1,6031,4249,3000,15000,0",True,False,False,15,15,6,3,Alakazam HP:140 En:0,Alakazam HP:140 En:0/Dunsparce HP:60 En:0,Mega Abomasnow ex HP:70 En:4,Empty,WIN,Mike_V4
39,54,8,0,MAIN,18,PLAY(Lillie's Determination) | ATTACH(Telepath Psychic Energy -> Alakazam@4) | ATTACH(Telepath Psychic Energy -> Alakazam@5) | ATTACH(Telepath Psychic Energy -> Dunsparce@5) | ATTACH(Telepath Psychic Energy -> Dunsparce@5) | PLAY(Dawn) | ATTACH(Telepath Psychic Energy -> Alakazam@4) | ATTACH(Telepath Psychic Energy -> Alakazam@5) | ATTACH(Telepath Psychic Energy -> Dunsparce@5) | ATTACH(Telepath Psychic Energy -> Dunsparce@5) | ATTACH(Telepath Psychic Energy -> Alakazam@4) | ATTACH(Telepath Psychic Energy -> Alakazam@5) | ATTACH(Telepath Psychic Energy -> Dunsparce@5) | ATTACH(Telepath Psychic Energy -> Dunsparce@5) | EVOLVE(Dudunsparce on Dunsparce) | PLAY(Lana’s Aid) | PLAY(Hilda) | END_TURN,1,[1],ATTACH(Telepath Psychic Energy -> Alakazam@4),1,ATTACH(Telepath Psychic Energy -> Alakazam@4),8035,"-1,8035,8030,-1,-1,3100,8035,8030,-1,-1,8035,8030,-1,-1,6031,4249,3000,0",True,False,False,14,14,6,3,Alakazam HP:140 En:0,Alakazam HP:140 En:0/Dunsparce HP:60 En:0/Dunsparce HP:70 En:0,Mega Abomasnow ex HP:70 En:4,Empty,WIN,Mike_V4
39,55,8,0,MAIN,8,PLAY(Lillie's Determination) | PLAY(Dawn) | EVOLVE(Dudunsparce on Dunsparce) | PLAY(Lana’s Aid) | PLAY(Hilda) | ATTACK(Powerful Hand) | RETREAT | END_TURN,2,[2],EVOLVE(Dudunsparce on Dunsparce),2,EVOLVE(Dudunsparce on Dunsparce),6031,"-1,3100,6031,4249,3000,1655,-1,0",True,False,False,13,14,6,3,Alakazam HP:140 En:1,Alakazam HP:140 En:0/Dunsparce HP:60 En:0/Dunsparce HP:70 En:0,Mega Abomasnow ex HP:70 En:4,Empty,WIN,Mike_V4
39,56,8,0,MAIN,8,PLAY(Lillie's Determination) | PLAY(Dawn) | PLAY(Lana’s Aid) | PLAY(Hilda) | ABILITY(Dudunsparce) | ATTACK(Powerful Hand) | RETREAT | END_TURN,2,[2],PLAY(Lana’s Aid),2,PLAY(Lana’s Aid),4249,"-1,3100,4249,3000,-1,1655,-1,0",True,False,False,12,14,6,3,Alakazam HP:140 En:1,Alakazam HP:140 En:0/Dudunsparce HP:140 En:0/Dunsparce HP:70 En:0,Mega Abomasnow ex HP:70 En:4,Empty,WIN,Mike_V4
40,26,5,1,MAIN,7,PLAY(Xerosic’s Machinations) | PLAY(Buddy-Buddy Poffin) | PLAY(Hilda) | PLAY(Dawn) | ATTACK(Teleportation) | RETREAT | END_TURN,1,[1],PLAY(Buddy-Buddy Poffin),1,PLAY(Buddy-Buddy Poffin),15000,"-1,15000,3000,3100,1067,-1,0",True,False,False,7,37,6,5,Abra HP:50 En:1,Abra HP:50 En:1/Abra HP:50 En:0/Dunsparce HP:60 En:0,Mega Abomasnow ex HP:320 En:2,Empty,LOSS,Mike_V4
40,28,5,1,MAIN,6,PLAY(Xerosic’s Machinations) | PLAY(Hilda) | PLAY(Dawn) | ATTACK(Teleportation) | RETREAT | END_TURN,2,[2],PLAY(Dawn),2,PLAY(Dawn),3100,"-1,3000,3100,1067,-1,0",True,False,False,6,35,6,5,Abra HP:50 En:1,Abra HP:50 En:1/Abra HP:50 En:0/Dunsparce HP:60 En:0/Abra HP:50 En:0/Dunsparce HP:70 En:0,Mega Abomasnow ex HP:320 En:2,Empty,LOSS,Mike_V4
41,21,4,0,MAIN,7,PLAY(Enhanced Hammer) | PLAY(Xerosic’s Machinations) | PLAY(Hilda) | PLAY(Rare Candy) | PLAY(Xerosic’s Machinations) | PLAY(Dawn) | END_TURN,3,[3],PLAY(Rare Candy),3,PLAY(Rare Candy),16000,"-1,3250,3000,16000,3250,3100,0",True,False,False,8,32,6,6,Alakazam HP:140 En:0,Abra HP:50 En:1/Kadabra HP:80 En:0/Kadabra HP:80 En:0/Dunsparce HP:70 En:0/Dunsparce HP:60 En:0,Kadabra HP:80 En:0,Abra HP:50 En:1/Abra HP:50 En:1/Abra HP:50 En:0/Dunsparce HP:60 En:0,DRAW,SolEclipse_Mirror
41,24,4,0,MAIN,6,PLAY(Enhanced Hammer) | PLAY(Xerosic’s Machinations) | PLAY(Hilda) | PLAY(Xerosic’s Machinations) | PLAY(Dawn) | END_TURN,1,[1],PLAY(Xerosic’s Machinations),1,PLAY(Xerosic’s Machinations),3250,"-1,3250,3000,3250,3100,0",True,False,False,9,29,6,6,Alakazam HP:140 En:0,Alakazam HP:140 En:1/Kadabra HP:80 En:0/Kadabra HP:80 En:0/Dunsparce HP:70 En:0/Dunsparce HP:60 En:0,Kadabra HP:80 En:0,Abra HP:50 En:1/Abra HP:50 En:1/Abra HP:50 En:0/Dunsparce HP:60 En:0,DRAW,SolEclipse_Mirror
41,42,8,0,MAIN,6,PLAY(Enhanced Hammer) | PLAY(Dawn) | PLAY(Hilda) | ATTACK(Powerful Hand) | RETREAT | END_TURN,1,[1],PLAY(Dawn),1,PLAY(Dawn),3100,"-1,3100,3000,1655,-1,0",True,False,False,6,24,5,5,Alakazam HP:140 En:1,Kadabra HP:80 En:1/Kadabra HP:80 En:0/Dunsparce HP:60 En:0,Alakazam HP:140 En:1,Abra HP:50 En:1/Kadabra HP:80 En:1/Alakazam HP:140 En:1/Dunsparce HP:60 En:0/Dunsparce HP:60 En:0,DRAW,SolEclipse_Mirror
43,12,4,0,MAIN,6,PLAY(Hilda) | PLAY(Dawn) | EVOLVE(Dudunsparce on Dunsparce) | PLAY(Abra) | RETREAT | END_TURN,3,[3],PLAY(Abra),3,PLAY(Abra),20200,"3000,3100,6031,20200,-1,0",True,False,False,8,39,6,6,Dunsparce HP:60 En:0,Abra HP:50 En:1/Abra HP:50 En:0,Kyogre HP:150 En:2,Kyogre HP:150 En:0/Mega Abomasnow ex HP:350 En:0,WIN,Mike_V4
43,13,4,0,MAIN,5,PLAY(Hilda) | PLAY(Dawn) | EVOLVE(Dudunsparce on Dunsparce) | RETREAT | END_TURN,2,[2],EVOLVE(Dudunsparce on Dunsparce),2,EVOLVE(Dudunsparce on Dunsparce),6031,"3000,3100,6031,-1,0",True,False,False,7,39,6,6,Dunsparce HP:60 En:0,Abra HP:50 En:1/Abra HP:50 En:0/Abra HP:50 En:0,Kyogre HP:150 En:2,Kyogre HP:150 En:0/Mega Abomasnow ex HP:350 En:0,WIN,Mike_V4
43,14,4,0,MAIN,4,PLAY(Hilda) | PLAY(Dawn) | ABILITY(Dudunsparce) | END_TURN,2,[2],ABILITY(Dudunsparce),2,ABILITY(Dudunsparce),30000,"3000,3100,30000,0",True,False,False,6,39,6,6,Dudunsparce HP:140 En:0,Abra HP:50 En:1/Abra HP:50 En:0/Abra HP:50 En:0,Kyogre HP:150 En:2,Kyogre HP:150 En:0/Mega Abomasnow ex HP:350 En:0,WIN,Mike_V4
43,16,4,0,MAIN,7,PLAY(Hilda) | PLAY(Dawn) | PLAY(Dawn) | PLAY(Hilda) | ATTACK(Teleportation) | RETREAT | END_TURN,1,[1],PLAY(Dawn),1,PLAY(Dawn),3100,"3000,3100,3100,3000,1067,-1,0",True,False,False,9,38,6,6,Abra HP:50 En:1,Abra HP:50 En:0/Abra HP:50 En:0,Kyogre HP:150 En:2,Kyogre HP:150 En:0/Mega Abomasnow ex HP:350 En:0,WIN,Mike_V4
43,28,6,0,MAIN,12,PLAY(Sacred Ash) | PLAY(Night Stretcher) | PLAY(Hilda) | PLAY(Dawn) | PLAY(Hilda) | EVOLVE(Dudunsparce on Dunsparce) | EVOLVE(Dudunsparce on Dunsparce) | EVOLVE(Dudunsparce on Dunsparce) | PLAY(Boss’s Orders) | ATTACK(Teleportation) | RETREAT | END_TURN,0,[0],PLAY(Sacred Ash),0,PLAY(Sacred Ash),13500,"13500,13000,3000,3100,3000,6031,6031,6031,2262,1067,-1,0",True,False,False,11,30,6,5,Abra HP:50 En:1,Abra HP:50 En:0/Dunsparce HP:70 En:0/Dunsparce HP:60 En:0/Dunsparce HP:60 En:0,Kyogre HP:140 En:1,Kyogre HP:150 En:0/Mega Abomasnow ex HP:350 En:0,WIN,Mike_V4
43,30,6,0,MAIN,10,PLAY(Hilda) | PLAY(Dawn) | PLAY(Hilda) | EVOLVE(Dudunsparce on Dunsparce) | EVOLVE(Dudunsparce on Dunsparce) | EVOLVE(Dudunsparce on Dunsparce) | PLAY(Boss’s Orders) | ATTACK(Teleportation) | RETREAT | END_TURN,3,[3],EVOLVE(Dudunsparce on Dunsparce),3,EVOLVE(Dudunsparce on Dunsparce),6031,"3000,3100,3000,6031,6031,6031,2262,1067,-1,0",True,False,False,10,32,6,5,Abra HP:50 En:1,Abra HP:50 En:0/Dunsparce HP:70 En:0/Dunsparce HP:60 En:0/Dunsparce HP:60 En:0,Kyogre HP:140 En:1,Kyogre HP:150 En:0/Mega Abomasnow ex HP:350 En:0,WIN,Mike_V4
43,31,6,0,MAIN,8,PLAY(Hilda) | PLAY(Dawn) | PLAY(Hilda) | PLAY(Boss’s Orders) | ABILITY(Dudunsparce) | ATTACK(Teleportation) | RETREAT | END_TURN,1,[1],PLAY(Dawn),1,PLAY(Dawn),3100,"3000,3100,3000,2262,-1,1067,-1,0",True,False,False,9,32,6,5,Abra HP:50 En:1,Abra HP:50 En:0/Dudunsparce HP:140 En:0/Dunsparce HP:60 En:0/Dunsparce HP:60 En:0,Kyogre HP:140 En:1,Kyogre HP:150 En:0/Mega Abomasnow ex HP:350 En:0,WIN,Mike_V4
43,63,10,0,MAIN,11,PLAY(Hilda) | PLAY(Hilda) | PLAY(Xerosic’s Machinations) | PLAY(Xerosic’s Machinations) | PLAY(Dawn) | EVOLVE(Dudunsparce on Dunsparce) | EVOLVE(Dudunsparce on Dunsparce) | EVOLVE(Dudunsparce on Dunsparce) | ATTACK(Powerful Hand) | RETREAT | END_TURN,5,[5],EVOLVE(Dudunsparce on Dunsparce),5,EVOLVE(Dudunsparce on Dunsparce),6031,"3000,3000,-1,-1,3100,6031,6031,6031,1655,-1,0",True,False,False,18,10,6,5,Alakazam HP:100 En:1,Alakazam HP:140 En:1/Alakazam HP:140 En:0/Dunsparce HP:60 En:0/Dunsparce HP:70 En:0/Dunsparce HP:60 En:0,Mega Abomasnow ex HP:10 En:1,Kyogre HP:150 En:0/Kyogre HP:130 En:2,WIN,Mike_V4
43,64,10,0,MAIN,9,PLAY(Hilda) | PLAY(Hilda) | PLAY(Xerosic’s Machinations) | PLAY(Xerosic’s Machinations) | PLAY(Dawn) | ABILITY(Dudunsparce) | ATTACK(Powerful Hand) | RETREAT | END_TURN,4,[4],PLAY(Dawn),4,PLAY(Dawn),3100,"3000,3000,-1,-1,3100,-1,1655,-1,0",True,False,False,17,10,6,5,Alakazam HP:100 En:1,Alakazam HP:140 En:1/Alakazam HP:140 En:0/Dudunsparce HP:140 En:0/Dunsparce HP:70 En:0/Dunsparce HP:60 En:0,Mega Abomasnow ex HP:10 En:1,Kyogre HP:150 En:0/Kyogre HP:130 En:2,WIN,Mike_V4
44,30,5,1,MAIN,10,PLAY(Dawn) | PLAY(Dawn) | PLAY(Dunsparce) | EVOLVE(Dudunsparce on Dunsparce) | PLAY(Xerosic’s Machinations) | PLAY(Rare Candy) | PLAY(Hilda) | ATTACK(Super Psy Bolt) | RETREAT | END_TURN,2,[2],PLAY(Dunsparce),2,PLAY(Dunsparce),20050,"3100,3100,20050,6031,3250,16000,3000,1127,-1,0",True,False,False,11,28,6,5,Kadabra HP:80 En:1,Kadabra HP:80 En:0/Abra HP:50 En:0/Dunsparce HP:60 En:0,Mega Abomasnow ex HP:350 En:2,Empty,WIN,Mike_V4
44,31,5,1,MAIN,9,PLAY(Dawn) | PLAY(Dawn) | EVOLVE(Dudunsparce on Dunsparce) | PLAY(Xerosic’s Machinations) | PLAY(Rare Candy) | PLAY(Hilda) | ATTACK(Super Psy Bolt) | RETREAT | END_TURN,4,[4],PLAY(Rare Candy),4,PLAY(Rare Candy),16000,"3100,3100,6031,3250,16000,3000,1127,-1,0",True,False,False,10,28,6,5,Kadabra HP:80 En:1,Kadabra HP:80 En:0/Abra HP:50 En:0/Dunsparce HP:60 En:0/Dunsparce HP:70 En:0,Mega Abomasnow ex HP:350 En:2,Empty,WIN,Mike_V4
44,34,5,1,MAIN,10,PLAY(Dawn) | PLAY(Dawn) | EVOLVE(Dudunsparce on Dunsparce) | PLAY(Xerosic’s Machinations) | PLAY(Hilda) | EVOLVE(Dudunsparce on Dunsparce) | EVOLVE(Dudunsparce on Dunsparce) | ATTACK(Super Psy Bolt) | RETREAT | END_TURN,2,[2],EVOLVE(Dudunsparce on Dunsparce),2,EVOLVE(Dudunsparce on Dunsparce),6031,"3100,3100,6031,3250,3000,6031,6031,1127,-1,0",True,False,False,11,25,6,5,Kadabra HP:80 En:1,Kadabra HP:80 En:0/Alakazam HP:140 En:0/Dunsparce HP:60 En:0/Dunsparce HP:70 En:0,Mega Abomasnow ex HP:350 En:2,Empty,WIN,Mike_V4
44,35,5,1,MAIN,8,PLAY(Dawn) | PLAY(Dawn) | PLAY(Xerosic’s Machinations) | PLAY(Hilda) | ABILITY(Dudunsparce) | ATTACK(Super Psy Bolt) | RETREAT | END_TURN,4,[4],ABILITY(Dudunsparce),4,ABILITY(Dudunsparce),30000,"3100,3100,3250,3000,30000,1127,-1,0",True,False,False,10,25,6,5,Kadabra HP:80 En:1,Kadabra HP:80 En:0/Alakazam HP:140 En:0/Dudunsparce HP:140 En:0/Dunsparce HP:70 En:0,Mega Abomasnow ex HP:350 En:2,Empty,WIN,Mike_V4
44,36,5,1,MAIN,8,PLAY(Dawn) | PLAY(Dawn) | PLAY(Xerosic’s Machinations) | PLAY(Hilda) | PLAY(Dunsparce) | ATTACK(Super Psy Bolt) | RETREAT | END_TURN,4,[4],PLAY(Dunsparce),4,PLAY(Dunsparce),20050,"3100,3100,3250,3000,20050,1127,-1,0",True,False,False,13,24,6,5,Kadabra HP:80 En:1,Kadabra HP:80 En:0/Alakazam HP:140 En:0/Dunsparce HP:70 En:0,Mega Abomasnow ex HP:350 En:2,Empty,WIN,Mike_V4
44,37,5,1,MAIN,7,PLAY(Dawn) | PLAY(Dawn) | PLAY(Xerosic’s Machinations) | PLAY(Hilda) | ATTACK(Super Psy Bolt) | RETREAT | END_TURN,2,[2],PLAY(Xerosic’s Machinations),2,PLAY(Xerosic’s Machinations),3250,"3100,3100,3250,3000,1127,-1,0",True,False,False,12,24,6,5,Kadabra HP:80 En:1,Kadabra HP:80 En:0/Alakazam HP:140 En:0/Dunsparce HP:70 En:0/Dunsparce HP:60 En:0,Mega Abomasnow ex HP:350 En:2,Empty,WIN,Mike_V4
44,39,7,1,MAIN,23,PLAY(Dawn) | PLAY(Dawn) | EVOLVE(Alakazam on Kadabra) | EVOLVE(Alakazam on Kadabra) | PLAY(Hilda) | EVOLVE(Dudunsparce on Dunsparce) | EVOLVE(Dudunsparce on Dunsparce) | EVOLVE(Dudunsparce on Dunsparce) | EVOLVE(Dudunsparce on Dunsparce) | ATTACH(Basic {P} Energy -> Kadabra@4) | ATTACH(Basic {P} Energy -> Kadabra@5) | ATTACH(Basic {P} Energy -> Alakazam@5) | ATTACH(Basic {P} Energy -> Dunsparce@5) | ATTACH(Basic {P} Energy -> Dunsparce@5) | ATTACH(Telepath Psychic Energy -> Kadabra@4) | ATTACH(Telepath Psychic Energy -> Kadabra@5) | ATTACH(Telepath Psychic Energy -> Alakazam@5) | ATTACH(Telepath Psychic Energy -> Dunsparce@5) | ATTACH(Telepath Psychic Energy -> Dunsparce@5) | PLAY(Dawn) | ATTACK(Super Psy Bolt) | RETREAT | END_TURN,11,[11],ATTACH(Basic {P} Energy -> Alakazam@5),11,ATTACH(Basic {P} Energy -> Alakazam@5),8030,"3100,3100,6161,6001,3000,6031,6031,6031,6031,-1,8020,8030,-1,-1,-1,8020,8030,-1,-1,3100,1127,-1,0",True,False,False,12,23,6,5,Kadabra HP:80 En:1,Kadabra HP:80 En:0/Alakazam HP:140 En:0/Dunsparce HP:70 En:0/Dunsparce HP:60 En:0,Mega Abomasnow ex HP:320 En:3,Empty,WIN,Mike_V4
44,40,7,1,MAIN,13,PLAY(Dawn) | PLAY(Dawn) | EVOLVE(Alakazam on Kadabra) | EVOLVE(Alakazam on Kadabra) | PLAY(Hilda) | EVOLVE(Dudunsparce on Dunsparce) | EVOLVE(Dudunsparce on Dunsparce) | EVOLVE(Dudunsparce on Dunsparce) | EVOLVE(Dudunsparce on Dunsparce) | PLAY(Dawn) | ATTACK(Super Psy Bolt) | RETREAT | END_TURN,2,[2],EVOLVE(Alakazam on Kadabra),2,EVOLVE(Alakazam on Kadabra),6161,"3100,3100,6161,6001,3000,6031,6031,6031,6031,3100,1127,-1,0",True,False,False,11,23,6,5,Kadabra HP:80 En:1,Kadabra HP:80 En:0/Alakazam HP:140 En:1/Dunsparce HP:70 En:0/Dunsparce HP:60 En:0,Mega Abomasnow ex HP:320 En:3,Empty,WIN,Mike_V4
44,42,7,1,MAIN,15,PLAY(Dawn) | PLAY(Dawn) | PLAY(Hilda) | EVOLVE(Dudunsparce on Dunsparce) | EVOLVE(Dudunsparce on Dunsparce) | EVOLVE(Dudunsparce on Dunsparce) | EVOLVE(Dudunsparce on Dunsparce) | PLAY(Dawn) | PLAY(Poké Pad) | PLAY(Hilda) | EVOLVE(Dudunsparce on Dunsparce) | EVOLVE(Dudunsparce on Dunsparce) | ATTACK(Powerful Hand) | RETREAT | END_TURN,3,[3],EVOLVE(Dudunsparce on Dunsparce),8,PLAY(Poké Pad),12000,"3100,3100,3000,6031,6031,6031,6031,3100,12000,3000,6031,6031,1655,-1,0",True,True,False,13,20,6,5,Alakazam HP:140 En:1,Kadabra HP:80 En:0/Alakazam HP:140 En:1/Dunsparce HP:70 En:0/Dunsparce HP:60 En:0,Mega Abomasnow ex HP:320 En:3,Empty,WIN,Mike_V4
44,43,7,1,MAIN,12,PLAY(Dawn) | PLAY(Dawn) | PLAY(Hilda) | EVOLVE(Dudunsparce on Dunsparce) | PLAY(Dawn) | PLAY(Poké Pad) | PLAY(Hilda) | EVOLVE(Dudunsparce on Dunsparce) | ABILITY(Dudunsparce) | ATTACK(Powerful Hand) | RETREAT | END_TURN,8,[8],ABILITY(Dudunsparce),8,ABILITY(Dudunsparce),30000,"3100,3100,3000,6031,3100,12000,3000,6031,30000,1655,-1,0",True,False,False,12,20,6,5,Alakazam HP:140 En:1,Kadabra HP:80 En:0/Alakazam HP:140 En:1/Dudunsparce HP:140 En:0/Dunsparce HP:60 En:0,Mega Abomasnow ex HP:320 En:3,Empty,WIN,Mike_V4
44,44,7,1,MAIN,12,PLAY(Dawn) | PLAY(Dawn) | PLAY(Hilda) | EVOLVE(Dudunsparce on Dunsparce) | PLAY(Dawn) | PLAY(Poké Pad) | PLAY(Hilda) | EVOLVE(Dudunsparce on Dunsparce) | PLAY(Dunsparce) | ATTACK(Powerful Hand) | RETREAT | END_TURN,8,[8],PLAY(Dunsparce),8,PLAY(Dunsparce),20050,"3100,3100,3000,6031,3100,12000,3000,6031,20050,1655,-1,0",True,False,False,15,19,6,5,Alakazam HP:140 En:1,Kadabra HP:80 En:0/Alakazam HP:140 En:1/Dunsparce HP:60 En:0,Mega Abomasnow ex HP:320 En:3,Empty,WIN,Mike_V4
44,45,7,1,MAIN,11,PLAY(Dawn) | PLAY(Dawn) | PLAY(Hilda) | EVOLVE(Dudunsparce on Dunsparce) | PLAY(Dawn) | PLAY(Poké Pad) | PLAY(Hilda) | EVOLVE(Dudunsparce on Dunsparce) | ATTACK(Powerful Hand) | RETREAT | END_TURN,5,[5],PLAY(Poké Pad),5,PLAY(Poké Pad),12000,"3100,3100,3000,6031,3100,12000,3000,6031,1655,-1,0",True,False,False,14,19,6,5,Alakazam HP:140 En:1,Kadabra HP:80 En:0/Alakazam HP:140 En:1/Dunsparce HP:60 En:0/Dunsparce HP:60 En:0,Mega Abomasnow ex HP:320 En:3,Empty,WIN,Mike_V4
44,47,7,1,MAIN,11,PLAY(Dawn) | PLAY(Dawn) | PLAY(Hilda) | EVOLVE(Dudunsparce on Dunsparce) | PLAY(Dawn) | PLAY(Hilda) | EVOLVE(Dudunsparce on Dunsparce) | EVOLVE(Alakazam on Kadabra) | ATTACK(Powerful Hand) | RETREAT | END_TURN,3,[3],EVOLVE(Dudunsparce on Dunsparce),3,EVOLVE(Dudunsparce on Dunsparce),6031,"3100,3100,3000,6031,3100,3000,6031,6001,1655,-1,0",True,False,False,14,18,6,5,Alakazam HP:140 En:1,Kadabra HP:80 En:0/Alakazam HP:140 En:1/Dunsparce HP:60 En:0/Dunsparce HP:60 En:0,Mega Abomasnow ex HP:320 En:3,Empty,WIN,Mike_V4
44,48,7,1,MAIN,10,PLAY(Dawn) | PLAY(Dawn) | PLAY(Hilda) | PLAY(Dawn) | PLAY(Hilda) | EVOLVE(Alakazam on Kadabra) | ABILITY(Dudunsparce) | ATTACK(Powerful Hand) | RETREAT | END_TURN,6,[6],ABILITY(Dudunsparce),6,ABILITY(Dudunsparce),30000,"3100,3100,3000,3100,3000,6001,30000,1655,-1,0",True,False,False,13,18,6,5,Alakazam HP:140 En:1,Kadabra HP:80 En:0/Alakazam HP:140 En:1/Dudunsparce HP:140 En:0/Dunsparce HP:60 En:0,Mega Abomasnow ex HP:320 En:3,Empty,WIN,Mike_V4
44,49,7,1,MAIN,10,PLAY(Dawn) | PLAY(Dawn) | PLAY(Hilda) | PLAY(Dawn) | PLAY(Hilda) | EVOLVE(Alakazam on Kadabra) | PLAY(Lana’s Aid) | ATTACK(Powerful Hand) | RETREAT | END_TURN,5,[5],EVOLVE(Alakazam on Kadabra),5,EVOLVE(Alakazam on Kadabra),6001,"3100,3100,3000,3100,3000,6001,-1,1655,-1,0",True,False,False,16,17,6,5,Alakazam HP:140 En:1,Kadabra HP:80 En:0/Alakazam HP:140 En:1/Dunsparce HP:60 En:0,Mega Abomasnow ex HP:320 En:3,Empty,WIN,Mike_V4
44,51,7,1,MAIN,11,PLAY(Dawn) | PLAY(Dawn) | PLAY(Hilda) | PLAY(Dawn) | PLAY(Hilda) | PLAY(Lana’s Aid) | PLAY(Hilda) | PLAY(Buddy-Buddy Poffin) | ATTACK(Powerful Hand) | RETREAT | END_TURN,7,[7],PLAY(Buddy-Buddy Poffin),7,PLAY(Buddy-Buddy Poffin),15000,"3100,3100,3000,3100,3000,-1,3000,15000,1655,-1,0",True,False,False,18,14,6,5,Alakazam HP:140 En:1,Alakazam HP:140 En:0/Alakazam HP:140 En:1/Dunsparce HP:60 En:0,Mega Abomasnow ex HP:320 En:3,Empty,WIN,Mike_V4
44,53,7,1,MAIN,10,PLAY(Dawn) | PLAY(Dawn) | PLAY(Hilda) | PLAY(Dawn) | PLAY(Hilda) | PLAY(Lana’s Aid) | PLAY(Hilda) | ATTACK(Powerful Hand) | RETREAT | END_TURN,0,[0],PLAY(Dawn),0,PLAY(Dawn),3100,"3100,3100,3000,3100,3000,-1,3000,1655,-1,0",True,False,False,17,12,6,5,Alakazam HP:140 En:1,Alakazam HP:140 En:0/Alakazam HP:140 En:1/Dunsparce HP:60 En:0/Dunsparce HP:60 En:0/Dunsparce HP:70 En:0,Mega Abomasnow ex HP:320 En:3,Empty,WIN,Mike_V4
45,4,2,0,MAIN,3,PLAY(Dawn) | PLAY(Hilda) | END_TURN,0,[0],PLAY(Dawn),0,PLAY(Dawn),3100,"3100,3000,0",True,False,False,6,46,6,6,Abra HP:50 En:0,Abra HP:50 En:0,Abra HP:50 En:1,Abra HP:50 En:0,DRAW,SolEclipse_Mirror
45,85,12,0,MAIN,9,EVOLVE(Dudunsparce on Dunsparce) | EVOLVE(Dudunsparce on Dunsparce) | EVOLVE(Dudunsparce on Dunsparce) | EVOLVE(Dudunsparce on Dunsparce) | PLAY(Hilda) | EVOLVE(Alakazam on Kadabra) | PLAY(Buddy-Buddy Poffin) | PLAY(Dawn) | END_TURN,6,[6],PLAY(Buddy-Buddy Poffin),6,PLAY(Buddy-Buddy Poffin),15000,"6031,6031,6031,6031,3000,6151,15000,3100,0",True,False,False,6,8,3,2,Kadabra HP:80 En:0,Kadabra HP:80 En:1/Dunsparce HP:70 En:0/Dunsparce HP:60 En:0,Alakazam HP:40 En:1,Dudunsparce HP:140 En:0/Dudunsparce HP:140 En:0/Dudunsparce HP:140 En:0/Kadabra HP:80 En:1/Abra HP:50 En:1,DRAW,SolEclipse_Mirror
45,87,12,0,MAIN,8,EVOLVE(Dudunsparce on Dunsparce) | EVOLVE(Dudunsparce on Dunsparce) | EVOLVE(Dudunsparce on Dunsparce) | EVOLVE(Dudunsparce on Dunsparce) | PLAY(Hilda) | EVOLVE(Alakazam on Kadabra) | PLAY(Dawn) | END_TURN,5,[5],EVOLVE(Alakazam on Kadabra),5,EVOLVE(Alakazam on Kadabra),6151,"6031,6031,6031,6031,3000,6151,3100,0",True,False,False,5,7,3,2,Kadabra HP:80 En:0,Kadabra HP:80 En:1/Dunsparce HP:70 En:0/Dunsparce HP:60 En:0/Dunsparce HP:60 En:0,Alakazam HP:40 En:1,Dudunsparce HP:140 En:0/Dudunsparce HP:140 En:0/Dudunsparce HP:140 En:0/Kadabra HP:80 En:1/Abra HP:50 En:1,DRAW,SolEclipse_Mirror
46,44,7,1,MAIN,18,PLAY(Lillie's Determination) | PLAY(Boss’s Orders) | PLAY(Enhanced Hammer) | PLAY(Neutralization Zone) | EVOLVE(Alakazam on Kadabra) | EVOLVE(Alakazam on Kadabra) | PLAY(Abra) | PLAY(Hilda) | EVOLVE(Alakazam on Kadabra) | EVOLVE(Alakazam on Kadabra) | ATTACH(Basic {P} Energy -> Kadabra@4) | ATTACH(Basic {P} Energy -> Kadabra@5) | ATTACH(Basic {P} Energy -> Dudunsparce@5) | ATTACH(Basic {P} Energy -> Dudunsparce@5) | PLAY(Dawn) | ABILITY(Dudunsparce) | ABILITY(Dudunsparce) | END_TURN,6,[6],PLAY(Abra),6,PLAY(Abra),20200,"-1,-1,-1,-1,6151,6001,20200,3000,6151,6001,8025,8020,-1,-1,3100,-1,-1,0",True,False,False,11,21,5,4,Kadabra HP:80 En:0,Kadabra HP:80 En:0/Dudunsparce HP:140 En:0/Dudunsparce HP:140 En:0,Alakazam HP:140 En:1,Kadabra HP:80 En:1/Dudunsparce HP:140 En:0/Dunsparce HP:60 En:0/Abra HP:50 En:0/Dunsparce HP:60 En:0,DRAW,SolEclipse_Mirror
46,45,7,1,MAIN,18,PLAY(Lillie's Determination) | PLAY(Boss’s Orders) | PLAY(Enhanced Hammer) | PLAY(Neutralization Zone) | EVOLVE(Alakazam on Kadabra) | EVOLVE(Alakazam on Kadabra) | PLAY(Hilda) | EVOLVE(Alakazam on Kadabra) | EVOLVE(Alakazam on Kadabra) | ATTACH(Basic {P} Energy -> Kadabra@4) | ATTACH(Basic {P} Energy -> Kadabra@5) | ATTACH(Basic {P} Energy -> Dudunsparce@5) | ATTACH(Basic {P} Energy -> Dudunsparce@5) | ATTACH(Basic {P} Energy -> Abra@5) | PLAY(Dawn) | ABILITY(Dudunsparce) | ABILITY(Dudunsparce) | END_TURN,9,[9],ATTACH(Basic {P} Energy -> Kadabra@4),9,ATTACH(Basic {P} Energy -> Kadabra@4),8025,"-1,-1,-1,-1,6151,6001,3000,6151,6001,8025,8020,-1,-1,8010,3100,-1,-1,0",True,False,False,10,21,5,4,Kadabra HP:80 En:0,Kadabra HP:80 En:0/Dudunsparce HP:140 En:0/Dudunsparce HP:140 En:0/Abra HP:50 En:0,Alakazam HP:140 En:1,Kadabra HP:80 En:1/Dudunsparce HP:140 En:0/Dunsparce HP:60 En:0/Abra HP:50 En:0/Dunsparce HP:60 En:0,DRAW,SolEclipse_Mirror
46,46,7,1,MAIN,15,PLAY(Lillie's Determination) | PLAY(Boss’s Orders) | PLAY(Enhanced Hammer) | PLAY(Neutralization Zone) | EVOLVE(Alakazam on Kadabra) | EVOLVE(Alakazam on Kadabra) | PLAY(Hilda) | EVOLVE(Alakazam on Kadabra) | EVOLVE(Alakazam on Kadabra) | PLAY(Dawn) | ABILITY(Dudunsparce) | ABILITY(Dudunsparce) | ATTACK(Super Psy Bolt) | RETREAT | END_TURN,4,[4],EVOLVE(Alakazam on Kadabra),4,EVOLVE(Alakazam on Kadabra),6161,"-1,-1,-1,-1,6161,6001,3000,6161,6001,3100,-1,-1,1127,-1,0",True,False,False,9,21,5,4,Kadabra HP:80 En:1,Kadabra HP:80 En:0/Dudunsparce HP:140 En:0/Dudunsparce HP:140 En:0/Abra HP:50 En:0,Alakazam HP:140 En:1,Kadabra HP:80 En:1/Dudunsparce HP:140 En:0/Dunsparce HP:60 En:0/Abra HP:50 En:0/Dunsparce HP:60 En:0,DRAW,SolEclipse_Mirror
46,48,7,1,MAIN,15,PLAY(Lillie's Determination) | PLAY(Boss’s Orders) | PLAY(Enhanced Hammer) | PLAY(Neutralization Zone) | PLAY(Hilda) | EVOLVE(Alakazam on Kadabra) | PLAY(Dawn) | PLAY(Enhanced Hammer) | PLAY(Buddy-Buddy Poffin) | PLAY(Sacred Ash) | ABILITY(Dudunsparce) | ABILITY(Dudunsparce) | ATTACK(Powerful Hand) | RETREAT | END_TURN,9,[9],PLAY(Sacred Ash),9,PLAY(Sacred Ash),13500,"-1,-1,-1,-1,3000,6001,3100,-1,4083,13500,-1,-1,1655,-1,0",True,False,False,11,18,5,4,Alakazam HP:140 En:1,Kadabra HP:80 En:0/Dudunsparce HP:140 En:0/Dudunsparce HP:140 En:0/Abra HP:50 En:0,Alakazam HP:140 En:1,Kadabra HP:80 En:1/Dudunsparce HP:140 En:0/Dunsparce HP:60 En:0/Abra HP:50 En:0/Dunsparce HP:60 En:0,DRAW,SolEclipse_Mirror
46,50,7,1,MAIN,14,PLAY(Lillie's Determination) | PLAY(Boss’s Orders) | PLAY(Enhanced Hammer) | PLAY(Neutralization Zone) | PLAY(Hilda) | EVOLVE(Alakazam on Kadabra) | PLAY(Dawn) | PLAY(Enhanced Hammer) | PLAY(Buddy-Buddy Poffin) | ABILITY(Dudunsparce) | ABILITY(Dudunsparce) | ATTACK(Powerful Hand) | RETREAT | END_TURN,5,[5],EVOLVE(Alakazam on Kadabra),5,EVOLVE(Alakazam on Kadabra),6001,"-1,-1,-1,-1,3000,6001,3100,-1,4083,-1,-1,1655,-1,0",True,False,False,10,21,5,4,Alakazam HP:140 En:1,Kadabra HP:80 En:0/Dudunsparce HP:140 En:0/Dudunsparce HP:140 En:0/Abra HP:50 En:0,Alakazam HP:140 En:1,Kadabra HP:80 En:1/Dudunsparce HP:140 En:0/Dunsparce HP:60 En:0/Abra HP:50 En:0/Dunsparce HP:60 En:0,DRAW,SolEclipse_Mirror
46,52,7,1,MAIN,14,PLAY(Lillie's Determination) | PLAY(Boss’s Orders) | PLAY(Enhanced Hammer) | PLAY(Neutralization Zone) | PLAY(Hilda) | PLAY(Dawn) | PLAY(Enhanced Hammer) | PLAY(Buddy-Buddy Poffin) | PLAY(Xerosic’s Machinations) | ABILITY(Dudunsparce) | ABILITY(Dudunsparce) | ATTACK(Powerful Hand) | RETREAT | END_TURN,5,[5],PLAY(Dawn),7,PLAY(Buddy-Buddy Poffin),4083,"-1,-1,-1,-1,3000,3100,-1,4083,3250,-1,-1,1655,-1,0",True,True,False,12,18,5,4,Alakazam HP:140 En:1,Alakazam HP:140 En:0/Dudunsparce HP:140 En:0/Dudunsparce HP:140 En:0/Abra HP:50 En:0,Alakazam HP:140 En:1,Kadabra HP:80 En:1/Dudunsparce HP:140 En:0/Dunsparce HP:60 En:0/Abra HP:50 En:0/Dunsparce HP:60 En:0,DRAW,SolEclipse_Mirror
47,41,8,0,MAIN,8,PLAY(Lana’s Aid) | EVOLVE(Alakazam on Kadabra) | PLAY(Dawn) | EVOLVE(Alakazam on Kadabra) | PLAY(Hilda) | ATTACK(Super Psy Bolt) | RETREAT | END_TURN,1,[1],EVOLVE(Alakazam on Kadabra),1,EVOLVE(Alakazam on Kadabra),6161,"4249,6161,3100,6161,3000,1127,-1,0",True,False,False,7,28,6,3,Kadabra HP:80 En:1,Abra HP:50 En:0/Dunsparce HP:60 En:0/Dunsparce HP:70 En:0,Mega Abomasnow ex HP:120 En:4,Empty,WIN,Mike_V4
47,43,8,0,MAIN,9,PLAY(Lana’s Aid) | PLAY(Dawn) | PLAY(Hilda) | PLAY(Poké Pad) | PLAY(Poké Pad) | PLAY(Buddy-Buddy Poffin) | ATTACK(Powerful Hand) | RETREAT | END_TURN,5,[5],PLAY(Buddy-Buddy Poffin),5,PLAY(Buddy-Buddy Poffin),15000,"4249,3100,3000,14000,14000,15000,1655,-1,0",True,False,False,9,25,6,3,Alakazam HP:140 En:1,Abra HP:50 En:0/Dunsparce HP:60 En:0/Dunsparce HP:70 En:0,Mega Abomasnow ex HP:120 En:4,Empty,WIN,Mike_V4
47,45,8,0,MAIN,8,PLAY(Lana’s Aid) | PLAY(Dawn) | PLAY(Hilda) | PLAY(Poké Pad) | PLAY(Poké Pad) | ATTACK(Powerful Hand) | RETREAT | END_TURN,3,[3],PLAY(Poké Pad),3,PLAY(Poké Pad),14000,"4249,3100,3000,14000,14000,1655,-1,0",True,False,False,8,24,6,3,Alakazam HP:140 En:1,Abra HP:50 En:0/Dunsparce HP:60 En:0/Dunsparce HP:70 En:0/Dunsparce HP:60 En:0,Mega Abomasnow ex HP:120 En:4,Empty,WIN,Mike_V4
47,47,8,0,MAIN,9,PLAY(Lana’s Aid) | PLAY(Dawn) | PLAY(Hilda) | PLAY(Poké Pad) | EVOLVE(Dudunsparce on Dunsparce) | EVOLVE(Dudunsparce on Dunsparce) | ATTACK(Powerful Hand) | RETREAT | END_TURN,3,[3],PLAY(Poké Pad),3,PLAY(Poké Pad),14000,"4249,3100,3000,14000,6031,6031,1655,-1,0",True,False,False,8,23,6,3,Alakazam HP:140 En:1,Abra HP:50 En:0/Dunsparce HP:60 En:0/Dunsparce HP:70 En:0/Dunsparce HP:60 En:0,Mega Abomasnow ex HP:120 En:4,Empty,WIN,Mike_V4
47,49,8,0,MAIN,9,PLAY(Lana’s Aid) | PLAY(Dawn) | PLAY(Hilda) | EVOLVE(Dudunsparce on Dunsparce) | EVOLVE(Dudunsparce on Dunsparce) | EVOLVE(Kadabra on Abra) | ATTACK(Powerful Hand) | RETREAT | END_TURN,5,[5],EVOLVE(Kadabra on Abra),5,EVOLVE(Kadabra on Abra),6101,"4249,3100,3000,6031,6031,6101,1655,-1,0",True,False,False,8,22,6,3,Alakazam HP:140 En:1,Abra HP:50 En:0/Dunsparce HP:60 En:0/Dunsparce HP:70 En:0/Dunsparce HP:60 En:0,Mega Abomasnow ex HP:120 En:4,Empty,WIN,Mike_V4
47,51,8,0,MAIN,13,PLAY(Lana’s Aid) | PLAY(Dawn) | PLAY(Hilda) | EVOLVE(Dudunsparce on Dunsparce) | EVOLVE(Dudunsparce on Dunsparce) | ATTACH(Telepath Psychic Energy -> Alakazam@4) | ATTACH(Telepath Psychic Energy -> Kadabra@5) | ATTACH(Telepath Psychic Energy -> Dunsparce@5) | ATTACH(Telepath Psychic Energy -> Dunsparce@5) | ATTACH(Telepath Psychic Energy -> Dunsparce@5) | ATTACK(Powerful Hand) | RETREAT | END_TURN,6,[6],ATTACH(Telepath Psychic Energy -> Kadabra@5),6,ATTACH(Telepath Psychic Energy -> Kadabra@5),8020,"4249,3100,3000,6031,6031,-1,8020,-1,-1,-1,1655,-1,0",True,False,False,9,20,6,3,Alakazam HP:140 En:1,Kadabra HP:80 En:0/Dunsparce HP:60 En:0/Dunsparce HP:70 En:0/Dunsparce HP:60 En:0,Mega Abomasnow ex HP:120 En:4,Empty,WIN,Mike_V4
47,52,8,0,MAIN,8,PLAY(Lana’s Aid) | PLAY(Dawn) | PLAY(Hilda) | EVOLVE(Dudunsparce on Dunsparce) | EVOLVE(Dudunsparce on Dunsparce) | ATTACK(Powerful Hand) | RETREAT | END_TURN,3,[3],EVOLVE(Dudunsparce on Dunsparce),3,EVOLVE(Dudunsparce on Dunsparce),6031,"4249,3100,3000,6031,6031,1655,-1,0",True,False,False,8,20,6,3,Alakazam HP:140 En:1,Kadabra HP:80 En:1/Dunsparce HP:60 En:0/Dunsparce HP:70 En:0/Dunsparce HP:60 En:0,Mega Abomasnow ex HP:120 En:4,Empty,WIN,Mike_V4
47,53,8,0,MAIN,7,PLAY(Lana’s Aid) | PLAY(Dawn) | PLAY(Hilda) | ABILITY(Dudunsparce) | ATTACK(Powerful Hand) | RETREAT | END_TURN,3,[3],ABILITY(Dudunsparce),3,ABILITY(Dudunsparce),30000,"4249,3100,3000,30000,1655,-1,0",True,False,False,7,20,6,3,Alakazam HP:140 En:1,Kadabra HP:80 En:1/Dudunsparce HP:140 En:0/Dunsparce HP:70 En:0/Dunsparce HP:60 En:0,Mega Abomasnow ex HP:120 En:4,Empty,WIN,Mike_V4
47,54,8,0,MAIN,8,PLAY(Lana’s Aid) | PLAY(Dawn) | PLAY(Hilda) | PLAY(Poké Pad) | PLAY(Xerosic’s Machinations) | ATTACK(Powerful Hand) | RETREAT | END_TURN,3,[3],PLAY(Poké Pad),3,PLAY(Poké Pad),14000,"4249,3100,3000,14000,-1,1655,-1,0",True,False,False,10,19,6,3,Alakazam HP:140 En:1,Kadabra HP:80 En:1/Dunsparce HP:70 En:0/Dunsparce HP:60 En:0,Mega Abomasnow ex HP:120 En:4,Empty,WIN,Mike_V4
47,56,8,0,MAIN,8,PLAY(Lana’s Aid) | PLAY(Dawn) | PLAY(Hilda) | PLAY(Xerosic’s Machinations) | EVOLVE(Dudunsparce on Dunsparce) | ATTACK(Powerful Hand) | RETREAT | END_TURN,4,[4],EVOLVE(Dudunsparce on Dunsparce),4,EVOLVE(Dudunsparce on Dunsparce),6031,"4249,3100,3000,-1,6031,1655,-1,0",True,False,False,10,18,6,3,Alakazam HP:140 En:1,Kadabra HP:80 En:1/Dunsparce HP:70 En:0/Dunsparce HP:60 En:0,Mega Abomasnow ex HP:120 En:4,Empty,WIN,Mike_V4
47,57,8,0,MAIN,8,PLAY(Lana’s Aid) | PLAY(Dawn) | PLAY(Hilda) | PLAY(Xerosic’s Machinations) | ABILITY(Dudunsparce) | ATTACK(Powerful Hand) | RETREAT | END_TURN,0,[0],PLAY(Lana’s Aid),0,PLAY(Lana’s Aid),4249,"4249,3100,3000,-1,-1,1655,-1,0",True,False,False,9,18,6,3,Alakazam HP:140 En:1,Kadabra HP:80 En:1/Dudunsparce HP:140 En:0/Dunsparce HP:60 En:0,Mega Abomasnow ex HP:120 En:4,Empty,WIN,Mike_V4
48,6,3,1,MAIN,6,PLAY(Hilda) | EVOLVE(Kadabra on Abra) | EVOLVE(Kadabra on Abra) | PLAY(Dawn) | PLAY(Xerosic’s Machinations) | END_TURN,1,[1],EVOLVE(Kadabra on Abra),1,EVOLVE(Kadabra on Abra),6101,"3000,6101,6101,3100,3250,0",True,False,False,7,44,6,6,Abra HP:50 En:0,Abra HP:50 En:0,Kyogre HP:150 En:1,Snover HP:90 En:0,WIN,Mike_V4
48,8,3,1,MAIN,6,PLAY(Hilda) | PLAY(Dawn) | PLAY(Xerosic’s Machinations) | PLAY(Dunsparce) | PLAY(Dawn) | END_TURN,3,[3],PLAY(Dunsparce),3,PLAY(Dunsparce),20070,"3000,3100,3250,20070,3100,0",True,False,False,8,42,6,6,Kadabra HP:80 En:0,Abra HP:50 En:0,Kyogre HP:150 En:1,Snover HP:90 En:0,WIN,Mike_V4
48,9,3,1,MAIN,5,PLAY(Hilda) | PLAY(Dawn) | PLAY(Xerosic’s Machinations) | PLAY(Dawn) | END_TURN,2,[2],PLAY(Xerosic’s Machinations),2,PLAY(Xerosic’s Machinations),3250,"3000,3100,3250,3100,0",True,False,False,7,42,6,6,Kadabra HP:80 En:0,Abra HP:50 En:0/Dunsparce HP:60 En:0,Kyogre HP:150 En:1,Snover HP:90 En:0,WIN,Mike_V4
48,11,5,1,MAIN,7,EVOLVE(Alakazam on Kadabra) | PLAY(Hilda) | PLAY(Dawn) | EVOLVE(Dudunsparce on Dunsparce) | PLAY(Dawn) | PLAY(Poké Pad) | END_TURN,5,[5],PLAY(Poké Pad),5,PLAY(Poké Pad),14000,"6151,3000,3100,6031,3100,14000,0",True,False,False,7,41,6,6,Kadabra HP:80 En:0,Abra HP:50 En:0/Dunsparce HP:60 En:0,Kyogre HP:150 En:2,Snover HP:90 En:0,WIN,Mike_V4
48,13,5,1,MAIN,7,EVOLVE(Alakazam on Kadabra) | PLAY(Hilda) | PLAY(Dawn) | EVOLVE(Dudunsparce on Dunsparce) | PLAY(Dawn) | EVOLVE(Kadabra on Abra) | END_TURN,0,[0],EVOLVE(Alakazam on Kadabra),0,EVOLVE(Alakazam on Kadabra),6151,"6151,3000,3100,6031,3100,6101,0",True,False,False,7,40,6,6,Kadabra HP:80 En:0,Abra HP:50 En:0/Dunsparce HP:60 En:0,Kyogre HP:150 En:2,Snover HP:90 En:0,WIN,Mike_V4
48,15,5,1,MAIN,11,PLAY(Hilda) | PLAY(Dawn) | EVOLVE(Dudunsparce on Dunsparce) | PLAY(Dawn) | EVOLVE(Kadabra on Abra) | PLAY(Abra) | ATTACH(Telepath Psychic Energy -> Alakazam@4) | ATTACH(Telepath Psychic Energy -> Abra@5) | ATTACH(Telepath Psychic Energy -> Dunsparce@5) | PLAY(Dunsparce) | END_TURN,5,[5],PLAY(Abra),5,PLAY(Abra),20200,"3000,3100,6031,3100,6101,20200,8035,8010,-1,20050,0",True,False,False,9,37,6,6,Alakazam HP:140 En:0,Abra HP:50 En:0/Dunsparce HP:60 En:0,Kyogre HP:150 En:2,Snover HP:90 En:0,WIN,Mike_V4
48,16,5,1,MAIN,11,PLAY(Hilda) | PLAY(Dawn) | EVOLVE(Dudunsparce on Dunsparce) | PLAY(Dawn) | EVOLVE(Kadabra on Abra) | ATTACH(Telepath Psychic Energy -> Alakazam@4) | ATTACH(Telepath Psychic Energy -> Abra@5) | ATTACH(Telepath Psychic Energy -> Dunsparce@5) | ATTACH(Telepath Psychic Energy -> Abra@5) | PLAY(Dunsparce) | END_TURN,9,[9],PLAY(Dunsparce),9,PLAY(Dunsparce),20050,"3000,3100,6031,3100,6101,8035,8010,-1,8010,20050,0",True,False,False,8,37,6,6,Alakazam HP:140 En:0,Abra HP:50 En:0/Dunsparce HP:60 En:0/Abra HP:50 En:0,Kyogre HP:150 En:2,Snover HP:90 En:0,WIN,Mike_V4
48,17,5,1,MAIN,11,PLAY(Hilda) | PLAY(Dawn) | EVOLVE(Dudunsparce on Dunsparce) | PLAY(Dawn) | EVOLVE(Kadabra on Abra) | ATTACH(Telepath Psychic Energy -> Alakazam@4) | ATTACH(Telepath Psychic Energy -> Abra@5) | ATTACH(Telepath Psychic Energy -> Dunsparce@5) | ATTACH(Telepath Psychic Energy -> Abra@5) | ATTACH(Telepath Psychic Energy -> Dunsparce@5) | END_TURN,5,[5],ATTACH(Telepath Psychic Energy -> Alakazam@4),5,ATTACH(Telepath Psychic Energy -> Alakazam@4),8035,"3000,3100,6031,3100,6101,8035,8010,-1,8010,-1,0",True,False,False,7,37,6,6,Alakazam HP:140 En:0,Abra HP:50 En:0/Dunsparce HP:60 En:0/Abra HP:50 En:0/Dunsparce HP:70 En:0,Kyogre HP:150 En:2,Snover HP:90 En:0,WIN,Mike_V4
48,19,5,1,MAIN,8,PLAY(Hilda) | PLAY(Dawn) | EVOLVE(Dudunsparce on Dunsparce) | PLAY(Dawn) | EVOLVE(Kadabra on Abra) | ATTACK(Powerful Hand) | RETREAT | END_TURN,4,[4],EVOLVE(Kadabra on Abra),4,EVOLVE(Kadabra on Abra),6101,"3000,3100,6031,3100,6101,1655,-1,0",True,False,False,6,36,6,6,Alakazam HP:140 En:1,Abra HP:50 En:0/Dunsparce HP:60 En:0/Abra HP:50 En:0/Dunsparce HP:70 En:0/Abra HP:50 En:0,Kyogre HP:150 En:2,Snover HP:90 En:0,WIN,Mike_V4
48,21,5,1,MAIN,7,PLAY(Hilda) | PLAY(Dawn) | EVOLVE(Dudunsparce on Dunsparce) | PLAY(Dawn) | ATTACK(Powerful Hand) | RETREAT | END_TURN,2,[2],EVOLVE(Dudunsparce on Dunsparce),2,EVOLVE(Dudunsparce on Dunsparce),6031,"3000,3100,6031,3100,1655,-1,0",True,False,False,7,34,6,6,Alakazam HP:140 En:1,Kadabra HP:80 En:0/Dunsparce HP:60 En:0/Abra HP:50 En:0/Dunsparce HP:70 En:0/Abra HP:50 En:0,Kyogre HP:150 En:2,Snover HP:90 En:0,WIN,Mike_V4
48,22,5,1,MAIN,7,PLAY(Hilda) | PLAY(Dawn) | PLAY(Dawn) | ABILITY(Dudunsparce) | ATTACK(Powerful Hand) | RETREAT | END_TURN,3,[3],ABILITY(Dudunsparce),3,ABILITY(Dudunsparce),30000,"3000,3100,3100,30000,1655,-1,0",True,False,False,6,34,6,6,Alakazam HP:140 En:1,Kadabra HP:80 En:0/Dudunsparce HP:140 En:0/Abra HP:50 En:0/Dunsparce HP:70 En:0/Abra HP:50 En:0,Kyogre HP:150 En:2,Snover HP:90 En:0,WIN,Mike_V4
48,23,5,1,MAIN,8,PLAY(Hilda) | PLAY(Dawn) | PLAY(Dawn) | PLAY(Buddy-Buddy Poffin) | PLAY(Hilda) | ATTACK(Powerful Hand) | RETREAT | END_TURN,0,[0],PLAY(Hilda),3,PLAY(Buddy-Buddy Poffin),15000,"3000,3100,3100,15000,3000,1655,-1,0",True,True,False,9,33,6,6,Alakazam HP:140 En:1,Kadabra HP:80 En:0/Abra HP:50 En:0/Dunsparce HP:70 En:0/Abra HP:50 En:0,Kyogre HP:150 En:2,Snover HP:90 En:0,WIN,Mike_V4
48,30,7,1,MAIN,19,PLAY(Dawn) | PLAY(Dawn) | EVOLVE(Alakazam on Kadabra) | PLAY(Hilda) | EVOLVE(Kadabra on Abra) | EVOLVE(Kadabra on Abra) | EVOLVE(Dudunsparce on Dunsparce) | EVOLVE(Dudunsparce on Dunsparce) | ATTACH(Telepath Psychic Energy -> Alakazam@4) | ATTACH(Telepath Psychic Energy -> Kadabra@5) | ATTACH(Telepath Psychic Energy -> Abra@5) | ATTACH(Telepath Psychic Energy -> Dunsparce@5) | ATTACH(Telepath Psychic Energy -> Abra@5) | ATTACH(Telepath Psychic Energy -> Dunsparce@5) | EVOLVE(Dudunsparce on Dunsparce) | EVOLVE(Dudunsparce on Dunsparce) | ATTACK(Powerful Hand) | RETREAT | END_TURN,9,[9],ATTACH(Telepath Psychic Energy -> Kadabra@5),9,ATTACH(Telepath Psychic Energy -> Kadabra@5),8020,"3100,3100,6001,3000,6101,6101,6031,6031,-1,8020,8010,-1,8010,-1,6031,6031,1655,-1,0",True,False,False,11,29,5,6,Alakazam HP:130 En:1,Kadabra HP:80 En:0/Abra HP:50 En:0/Dunsparce HP:70 En:0/Abra HP:50 En:0/Dunsparce HP:60 En:0,Snover HP:90 En:1,Empty,WIN,Mike_V4
48,31,7,1,MAIN,13,PLAY(Dawn) | PLAY(Dawn) | EVOLVE(Alakazam on Kadabra) | PLAY(Hilda) | EVOLVE(Kadabra on Abra) | EVOLVE(Kadabra on Abra) | EVOLVE(Dudunsparce on Dunsparce) | EVOLVE(Dudunsparce on Dunsparce) | EVOLVE(Dudunsparce on Dunsparce) | EVOLVE(Dudunsparce on Dunsparce) | ATTACK(Powerful Hand) | RETREAT | END_TURN,4,[4],EVOLVE(Kadabra on Abra),4,EVOLVE(Kadabra on Abra),6101,"3100,3100,6011,3000,6101,6101,6031,6031,6031,6031,1655,-1,0",True,False,False,10,29,5,6,Alakazam HP:130 En:1,Kadabra HP:80 En:1/Abra HP:50 En:0/Dunsparce HP:70 En:0/Abra HP:50 En:0/Dunsparce HP:60 En:0,Snover HP:90 En:1,Empty,WIN,Mike_V4
48,33,7,1,MAIN,13,PLAY(Dawn) | PLAY(Dawn) | EVOLVE(Alakazam on Kadabra) | PLAY(Hilda) | EVOLVE(Dudunsparce on Dunsparce) | EVOLVE(Dudunsparce on Dunsparce) | EVOLVE(Dudunsparce on Dunsparce) | EVOLVE(Dudunsparce on Dunsparce) | PLAY(Dawn) | PLAY(Lillie's Determination) | ATTACK(Powerful Hand) | RETREAT | END_TURN,4,[4],EVOLVE(Dudunsparce on Dunsparce),4,EVOLVE(Dudunsparce on Dunsparce),6031,"3100,3100,6011,3000,6031,6031,6031,6031,3100,-1,1655,-1,0",True,False,False,11,27,5,6,Alakazam HP:130 En:1,Kadabra HP:80 En:1/Kadabra HP:80 En:0/Dunsparce HP:70 En:0/Abra HP:50 En:0/Dunsparce HP:60 En:0,Snover HP:90 En:1,Empty,WIN,Mike_V4
48,34,7,1,MAIN,11,PLAY(Dawn) | PLAY(Dawn) | EVOLVE(Alakazam on Kadabra) | PLAY(Hilda) | EVOLVE(Dudunsparce on Dunsparce) | PLAY(Dawn) | PLAY(Lillie's Determination) | ABILITY(Dudunsparce) | ATTACK(Powerful Hand) | RETREAT | END_TURN,4,[4],EVOLVE(Dudunsparce on Dunsparce),4,EVOLVE(Dudunsparce on Dunsparce),6031,"3100,3100,6011,3000,6031,3100,-1,-1,1655,-1,0",True,False,False,10,27,5,6,Alakazam HP:130 En:1,Kadabra HP:80 En:1/Kadabra HP:80 En:0/Dudunsparce HP:140 En:0/Abra HP:50 En:0/Dunsparce HP:60 En:0,Snover HP:90 En:1,Empty,WIN,Mike_V4
48,35,7,1,MAIN,11,PLAY(Dawn) | PLAY(Dawn) | EVOLVE(Alakazam on Kadabra) | PLAY(Hilda) | PLAY(Dawn) | PLAY(Lillie's Determination) | ABILITY(Dudunsparce) | ABILITY(Dudunsparce) | ATTACK(Powerful Hand) | RETREAT | END_TURN,2,[2],EVOLVE(Alakazam on Kadabra),2,EVOLVE(Alakazam on Kadabra),6011,"3100,3100,6011,3000,3100,-1,-1,-1,1655,-1,0",True,False,False,9,27,5,6,Alakazam HP:130 En:1,Kadabra HP:80 En:1/Kadabra HP:80 En:0/Dudunsparce HP:140 En:0/Abra HP:50 En:0/Dudunsparce HP:140 En:0,Snover HP:90 En:1,Empty,WIN,Mike_V4
48,37,7,1,MAIN,10,PLAY(Dawn) | PLAY(Dawn) | PLAY(Hilda) | PLAY(Dawn) | PLAY(Lillie's Determination) | ABILITY(Dudunsparce) | ABILITY(Dudunsparce) | ATTACK(Powerful Hand) | RETREAT | END_TURN,0,[0],PLAY(Dawn),0,PLAY(Dawn),3100,"3100,3100,3000,3100,-1,-1,-1,1655,-1,0",True,False,False,11,24,5,6,Alakazam HP:130 En:1,Alakazam HP:140 En:1/Kadabra HP:80 En:0/Dudunsparce HP:140 En:0/Abra HP:50 En:0/Dudunsparce HP:140 En:0,Snover HP:90 En:1,Empty,WIN,Mike_V4
49,5,2,0,MAIN,6,PLAY(Dawn) | ATTACH(Telepath Psychic Energy -> Abra@4) | ATTACH(Telepath Psychic Energy -> Abra@5) | PLAY(Xerosic’s Machinations) | PLAY(Hilda) | END_TURN,1,[1],ATTACH(Telepath Psychic Energy -> Abra@4),1,ATTACH(Telepath Psychic Energy -> Abra@4),8015,"3100,8015,8010,3250,3000,0",True,False,False,8,44,6,6,Abra HP:50 En:0,Abra HP:50 En:0,Abra HP:50 En:0,Abra HP:50 En:0/Abra HP:50 En:0,WIN,SolEclipse_Mirror
49,7,2,0,MAIN,6,PLAY(Dawn) | PLAY(Xerosic’s Machinations) | PLAY(Hilda) | ATTACK(Teleportation) | RETREAT | END_TURN,1,[1],PLAY(Xerosic’s Machinations),1,PLAY(Xerosic’s Machinations),3250,"3100,3250,3000,1067,-1,0",True,False,False,7,42,6,6,Abra HP:50 En:1,Abra HP:50 En:0/Abra HP:50 En:0/Abra HP:50 En:0,Abra HP:50 En:0,Abra HP:50 En:0/Abra HP:50 En:0,WIN,SolEclipse_Mirror
49,10,4,0,MAIN,9,PLAY(Dawn) | PLAY(Rare Candy) | EVOLVE(Kadabra on Abra) | EVOLVE(Kadabra on Abra) | EVOLVE(Kadabra on Abra) | EVOLVE(Kadabra on Abra) | PLAY(Hilda) | PLAY(Rare Candy) | END_TURN,1,[1],PLAY(Rare Candy),1,PLAY(Rare Candy),16000,"3100,16000,6101,5931,6101,6101,3000,16000,0",True,False,False,7,41,6,6,Abra HP:50 En:0,Abra HP:50 En:1/Abra HP:50 En:0/Abra HP:50 En:0,Kadabra HP:70 En:0,Abra HP:50 En:0/Abra HP:50 En:0/Dunsparce HP:60 En:0,WIN,SolEclipse_Mirror
49,13,4,0,MAIN,8,PLAY(Dawn) | EVOLVE(Kadabra on Abra) | EVOLVE(Kadabra on Abra) | EVOLVE(Kadabra on Abra) | PLAY(Hilda) | PLAY(Dunsparce) | PLAY(Hilda) | END_TURN,5,[5],PLAY(Dunsparce),5,PLAY(Dunsparce),20070,"3100,6051,6101,6101,3000,20070,3000,0",True,False,False,8,38,6,6,Alakazam HP:140 En:0,Abra HP:50 En:1/Abra HP:50 En:0/Abra HP:50 En:0,Kadabra HP:70 En:0,Abra HP:50 En:0/Abra HP:50 En:0/Dunsparce HP:60 En:0,WIN,SolEclipse_Mirror
49,14,4,0,MAIN,7,PLAY(Dawn) | EVOLVE(Kadabra on Abra) | EVOLVE(Kadabra on Abra) | EVOLVE(Kadabra on Abra) | PLAY(Hilda) | PLAY(Hilda) | END_TURN,2,[2],EVOLVE(Kadabra on Abra),2,EVOLVE(Kadabra on Abra),6101,"3100,6051,6101,6101,3000,3000,0",True,False,False,7,38,6,6,Alakazam HP:140 En:0,Abra HP:50 En:1/Abra HP:50 En:0/Abra HP:50 En:0/Dunsparce HP:60 En:0,Kadabra HP:70 En:0,Abra HP:50 En:0/Abra HP:50 En:0/Dunsparce HP:60 En:0,WIN,SolEclipse_Mirror
49,16,4,0,MAIN,7,PLAY(Dawn) | PLAY(Hilda) | PLAY(Rare Candy) | PLAY(Hilda) | EVOLVE(Kadabra on Abra) | EVOLVE(Kadabra on Abra) | END_TURN,2,[2],PLAY(Rare Candy),2,PLAY(Rare Candy),16000,"3100,3000,16000,3000,5931,6101,0",True,False,False,8,36,6,6,Alakazam HP:140 En:0,Abra HP:50 En:1/Kadabra HP:80 En:0/Abra HP:50 En:0/Dunsparce HP:60 En:0,Kadabra HP:70 En:0,Abra HP:50 En:0/Abra HP:50 En:0/Dunsparce HP:60 En:0,WIN,SolEclipse_Mirror
49,19,4,0,MAIN,7,PLAY(Dawn) | PLAY(Hilda) | PLAY(Hilda) | EVOLVE(Kadabra on Abra) | PLAY(Boss’s Orders) | PLAY(Buddy-Buddy Poffin) | END_TURN,5,[5],PLAY(Buddy-Buddy Poffin),5,PLAY(Buddy-Buddy Poffin),15000,"3100,3000,3000,6101,-1,15000,0",True,False,False,9,33,6,6,Alakazam HP:140 En:0,Alakazam HP:140 En:1/Kadabra HP:80 En:0/Abra HP:50 En:0/Dunsparce HP:60 En:0,Kadabra HP:70 En:0,Abra HP:50 En:0/Abra HP:50 En:0/Dunsparce HP:60 En:0,WIN,SolEclipse_Mirror
49,21,4,0,MAIN,6,PLAY(Dawn) | PLAY(Hilda) | PLAY(Hilda) | EVOLVE(Kadabra on Abra) | PLAY(Boss’s Orders) | END_TURN,3,[3],EVOLVE(Kadabra on Abra),3,EVOLVE(Kadabra on Abra),6101,"3100,3000,3000,6101,-1,0",True,False,False,8,32,6,6,Alakazam HP:140 En:0,Alakazam HP:140 En:1/Kadabra HP:80 En:0/Abra HP:50 En:0/Dunsparce HP:60 En:0/Dunsparce HP:70 En:0,Kadabra HP:70 En:0,Abra HP:50 En:0/Abra HP:50 En:0/Dunsparce HP:60 En:0,WIN,SolEclipse_Mirror
49,23,4,0,MAIN,6,PLAY(Dawn) | PLAY(Hilda) | PLAY(Hilda) | PLAY(Boss’s Orders) | PLAY(Poké Pad) | END_TURN,4,[4],PLAY(Poké Pad),4,PLAY(Poké Pad),12000,"3100,3000,3000,-1,12000,0",True,False,False,9,30,6,6,Alakazam HP:140 En:0,Alakazam HP:140 En:1/Kadabra HP:80 En:0/Kadabra HP:80 En:0/Dunsparce HP:60 En:0/Dunsparce HP:70 En:0,Kadabra HP:70 En:0,Abra HP:50 En:0/Abra HP:50 En:0/Dunsparce HP:60 En:0,WIN,SolEclipse_Mirror
49,25,4,0,MAIN,5,PLAY(Dawn) | PLAY(Hilda) | PLAY(Hilda) | PLAY(Boss’s Orders) | END_TURN,0,[0],PLAY(Dawn),0,PLAY(Dawn),3100,"3100,3000,3000,-1,0",True,False,False,9,29,6,6,Alakazam HP:140 En:0,Alakazam HP:140 En:1/Kadabra HP:80 En:0/Kadabra HP:80 En:0/Dunsparce HP:60 En:0/Dunsparce HP:70 En:0,Kadabra HP:70 En:0,Abra HP:50 En:0/Abra HP:50 En:0/Dunsparce HP:60 En:0,WIN,SolEclipse_Mirror
49,37,6,0,MAIN,20,PLAY(Enhanced Hammer) | PLAY(Hilda) | PLAY(Hilda) | PLAY(Boss’s Orders) | PLAY(Dunsparce) | EVOLVE(Alakazam on Kadabra) | PLAY(Buddy-Buddy Poffin) | EVOLVE(Alakazam on Kadabra) | PLAY(Lillie's Determination) | PLAY(Dawn) | ATTACH(Telepath Psychic Energy -> Alakazam@4) | ATTACH(Telepath Psychic Energy -> Alakazam@5) | ATTACH(Telepath Psychic Energy -> Kadabra@5) | ATTACH(Telepath Psychic Energy -> Dudunsparce@5) | ATTACH(Telepath Psychic Energy -> Dudunsparce@5) | ABILITY(Dudunsparce) | ABILITY(Dudunsparce) | ATTACK(Powerful Hand) | RETREAT | END_TURN,11,[11],ATTACH(Telepath Psychic Energy -> Alakazam@5),11,ATTACH(Telepath Psychic Energy -> Alakazam@5),8030,"-1,3000,3000,2262,-1,6001,4083,6001,-1,3100,-1,8030,8020,-1,-1,-1,-1,1655,-1,0",True,False,False,12,22,6,5,Alakazam HP:140 En:1,Alakazam HP:140 En:0/Kadabra HP:80 En:0/Dudunsparce HP:140 En:0/Dudunsparce HP:140 En:0,Alakazam HP:130 En:1,Kadabra HP:80 En:0/Alakazam HP:140 En:0/Abra HP:50 En:0/Dunsparce HP:60 En:0,WIN,SolEclipse_Mirror
49,38,6,0,MAIN,15,PLAY(Enhanced Hammer) | PLAY(Hilda) | PLAY(Hilda) | PLAY(Boss’s Orders) | PLAY(Dunsparce) | EVOLVE(Alakazam on Kadabra) | PLAY(Buddy-Buddy Poffin) | EVOLVE(Alakazam on Kadabra) | PLAY(Lillie's Determination) | PLAY(Dawn) | ABILITY(Dudunsparce) | ABILITY(Dudunsparce) | ATTACK(Powerful Hand) | RETREAT | END_TURN,5,[5],EVOLVE(Alakazam on Kadabra),5,EVOLVE(Alakazam on Kadabra),6001,"-1,3000,3000,2262,-1,6001,4083,6001,-1,3100,-1,-1,1655,-1,0",True,False,False,11,22,6,5,Alakazam HP:140 En:1,Alakazam HP:140 En:1/Kadabra HP:80 En:0/Dudunsparce HP:140 En:0/Dudunsparce HP:140 En:0,Alakazam HP:130 En:1,Kadabra HP:80 En:0/Alakazam HP:140 En:0/Abra HP:50 En:0/Dunsparce HP:60 En:0,WIN,SolEclipse_Mirror
49,40,6,0,MAIN,16,PLAY(Enhanced Hammer) | PLAY(Hilda) | PLAY(Hilda) | PLAY(Boss’s Orders) | PLAY(Dunsparce) | PLAY(Buddy-Buddy Poffin) | PLAY(Lillie's Determination) | PLAY(Dawn) | PLAY(Xerosic’s Machinations) | PLAY(Lana’s Aid) | PLAY(Poké Pad) | ABILITY(Dudunsparce) | ABILITY(Dudunsparce) | ATTACK(Powerful Hand) | RETREAT | END_TURN,10,[10],PLAY(Poké Pad),10,PLAY(Poké Pad),12000,"-1,3000,3000,2262,-1,4083,-1,3100,3250,-1,12000,-1,-1,1655,-1,0",True,False,False,13,19,6,5,Alakazam HP:140 En:1,Alakazam HP:140 En:1/Alakazam HP:140 En:0/Dudunsparce HP:140 En:0/Dudunsparce HP:140 En:0,Alakazam HP:130 En:1,Kadabra HP:80 En:0/Alakazam HP:140 En:0/Abra HP:50 En:0/Dunsparce HP:60 En:0,WIN,SolEclipse_Mirror
49,42,6,0,MAIN,15,PLAY(Enhanced Hammer) | PLAY(Hilda) | PLAY(Hilda) | PLAY(Boss’s Orders) | PLAY(Dunsparce) | PLAY(Buddy-Buddy Poffin) | PLAY(Lillie's Determination) | PLAY(Dawn) | PLAY(Xerosic’s Machinations) | PLAY(Lana’s Aid) | ABILITY(Dudunsparce) | ABILITY(Dudunsparce) | ATTACK(Powerful Hand) | RETREAT | END_TURN,5,[5],PLAY(Buddy-Buddy Poffin),5,PLAY(Buddy-Buddy Poffin),4083,"-1,3000,3000,2262,-1,4083,-1,3100,3250,-1,-1,-1,1655,-1,0",True,False,False,13,18,6,5,Alakazam HP:140 En:1,Alakazam HP:140 En:1/Alakazam HP:140 En:0/Dudunsparce HP:140 En:0/Dudunsparce HP:140 En:0,Alakazam HP:130 En:1,Kadabra HP:80 En:0/Alakazam HP:140 En:0/Abra HP:50 En:0/Dunsparce HP:60 En:0,WIN,SolEclipse_Mirror
49,43,6,0,MAIN,14,PLAY(Enhanced Hammer) | PLAY(Hilda) | PLAY(Hilda) | PLAY(Boss’s Orders) | PLAY(Dunsparce) | PLAY(Lillie's Determination) | PLAY(Dawn) | PLAY(Xerosic’s Machinations) | PLAY(Lana’s Aid) | ABILITY(Dudunsparce) | ABILITY(Dudunsparce) | ATTACK(Powerful Hand) | RETREAT | END_TURN,7,[7],PLAY(Xerosic’s Machinations),7,PLAY(Xerosic’s Machinations),3250,"-1,3000,3000,2262,-1,-1,3100,3250,-1,-1,-1,1655,-1,0",True,False,False,12,18,6,5,Alakazam HP:140 En:1,Alakazam HP:140 En:1/Alakazam HP:140 En:0/Dudunsparce HP:140 En:0/Dudunsparce HP:140 En:0,Alakazam HP:130 En:1,Kadabra HP:80 En:0/Alakazam HP:140 En:0/Abra HP:50 En:0/Dunsparce HP:60 En:0,WIN,SolEclipse_Mirror
49,51,8,0,MAIN,14,PLAY(Lana’s Aid) | PLAY(Poké Pad) | PLAY(Sacred Ash) | PLAY(Hilda) | PLAY(Neutralization Zone) | ATTACH(Telepath Psychic Energy -> Alakazam@4) | ATTACH(Telepath Psychic Energy -> Alakazam@5) | ATTACH(Telepath Psychic Energy -> Alakazam@5) | ATTACH(Telepath Psychic Energy -> Dunsparce@5) | PLAY(Poké Pad) | PLAY(Dawn) | ATTACK(Powerful Hand) | RETREAT | END_TURN,2,[2],PLAY(Sacred Ash),2,PLAY(Sacred Ash),13500,"4249,12000,13500,3000,-1,-1,-1,8030,-1,12000,3100,1655,-1,0",True,False,False,9,14,5,5,Alakazam HP:40 En:1,Alakazam HP:140 En:1/Alakazam HP:140 En:0/Dunsparce HP:60 En:0,Alakazam HP:140 En:1,Kadabra HP:80 En:0/Kadabra HP:80 En:0,WIN,SolEclipse_Mirror
49,53,8,0,MAIN,12,PLAY(Poké Pad) | PLAY(Hilda) | PLAY(Neutralization Zone) | ATTACH(Telepath Psychic Energy -> Alakazam@4) | ATTACH(Telepath Psychic Energy -> Alakazam@5) | ATTACH(Telepath Psychic Energy -> Alakazam@5) | ATTACH(Telepath Psychic Energy -> Dunsparce@5) | PLAY(Poké Pad) | PLAY(Dawn) | ATTACK(Powerful Hand) | RETREAT | END_TURN,1,[1],PLAY(Hilda),0,PLAY(Poké Pad),12000,"12000,3000,-1,-1,-1,8030,-1,12000,3100,1655,-1,0",True,True,False,8,18,5,5,Alakazam HP:40 En:1,Alakazam HP:140 En:1/Alakazam HP:140 En:0/Dunsparce HP:60 En:0,Alakazam HP:140 En:1,Kadabra HP:80 En:0/Kadabra HP:80 En:0,WIN,SolEclipse_Mirror
49,84,16,0,MAIN,21,PLAY(Neutralization Zone) | ATTACH(Telepath Psychic Energy -> Alakazam@4) | ATTACH(Telepath Psychic Energy -> Alakazam@5) | ATTACH(Telepath Psychic Energy -> Alakazam@5) | ATTACH(Telepath Psychic Energy -> Dudunsparce@5) | ATTACH(Telepath Psychic Energy -> Dudunsparce@5) | ATTACH(Telepath Psychic Energy -> Alakazam@5) | PLAY(Dawn) | PLAY(Hilda) | ATTACH(Basic {P} Energy -> Alakazam@4) | ATTACH(Basic {P} Energy -> Alakazam@5) | ATTACH(Basic {P} Energy -> Alakazam@5) | ATTACH(Basic {P} Energy -> Dudunsparce@5) | ATTACH(Basic {P} Energy -> Dudunsparce@5) | ATTACH(Basic {P} Energy -> Alakazam@5) | PLAY(Boss’s Orders) | ABILITY(Dudunsparce) | ABILITY(Dudunsparce) | ATTACK(Powerful Hand) | RETREAT | END_TURN,7,[7],PLAY(Dawn),7,PLAY(Dawn),3100,"-1,-1,-1,-1,-1,-1,-1,3100,3000,-1,-1,-1,-1,-1,-1,-1,-1,-1,1655,-1,0",True,False,False,16,1,1,5,Alakazam HP:10 En:1,Alakazam HP:140 En:1/Alakazam HP:140 En:1/Dudunsparce HP:140 En:0/Dudunsparce HP:140 En:0/Alakazam HP:140 En:1,Abra HP:50 En:0,Abra HP:50 En:0/Abra HP:50 En:0,WIN,SolEclipse_Mirror
50,6,3,1,MAIN,6,PLAY(Dawn) | EVOLVE(Kadabra on Abra) | EVOLVE(Kadabra on Abra) | PLAY(Hilda) | PLAY(Dawn) | END_TURN,1,[1],EVOLVE(Kadabra on Abra),1,EVOLVE(Kadabra on Abra),6101,"3100,6101,6101,3000,3100,0",True,False,False,7,44,6,6,Abra HP:50 En:0,Abra HP:50 En:0,Abra HP:50 En:0,Abra HP:50 En:0/Abra HP:50 En:0/Dunsparce HP:60 En:0,LOSS,SolEclipse_Mirror
50,8,3,1,MAIN,6,PLAY(Dawn) | PLAY(Hilda) | PLAY(Dawn) | PLAY(Boss’s Orders) | PLAY(Buddy-Buddy Poffin) | END_TURN,4,[4],PLAY(Buddy-Buddy Poffin),4,PLAY(Buddy-Buddy Poffin),15000,"3100,3000,3100,2262,15000,0",True,False,False,8,42,6,6,Kadabra HP:80 En:0,Abra HP:50 En:0,Abra HP:50 En:0,Abra HP:50 En:0/Abra HP:50 En:0/Dunsparce HP:60 En:0,LOSS,SolEclipse_Mirror
50,10,3,1,MAIN,5,PLAY(Dawn) | PLAY(Hilda) | PLAY(Dawn) | PLAY(Boss’s Orders) | END_TURN,0,[0],PLAY(Dawn),0,PLAY(Dawn),3100,"3100,3000,3100,2262,0",True,False,False,7,40,6,6,Kadabra HP:80 En:0,Abra HP:50 En:0/Dunsparce HP:60 En:0/Dunsparce HP:60 En:0,Abra HP:50 En:0,Abra HP:50 En:0/Abra HP:50 En:0/Dunsparce HP:60 En:0,LOSS,SolEclipse_Mirror
50,17,5,1,MAIN,13,PLAY(Night Stretcher) | PLAY(Hilda) | EVOLVE(Dudunsparce on Dunsparce) | EVOLVE(Dudunsparce on Dunsparce) | EVOLVE(Alakazam on Kadabra) | PLAY(Dawn) | PLAY(Boss’s Orders) | EVOLVE(Alakazam on Kadabra) | EVOLVE(Alakazam on Kadabra) | PLAY(Xerosic’s Machinations) | EVOLVE(Dudunsparce on Dunsparce) | EVOLVE(Dudunsparce on Dunsparce) | END_TURN,0,[0],PLAY(Night Stretcher),0,PLAY(Night Stretcher),13000,"13000,3000,6031,6031,6151,3100,-1,6151,6151,3250,6031,6031,0",True,False,False,10,35,6,5,Kadabra HP:80 En:0,Dunsparce HP:60 En:0/Dunsparce HP:60 En:0,Alakazam HP:140 En:1,Kadabra HP:80 En:0/Kadabra HP:80 En:0/Dudunsparce HP:140 En:0/Dunsparce HP:70 En:0,LOSS,SolEclipse_Mirror
50,19,5,1,MAIN,13,PLAY(Hilda) | EVOLVE(Dudunsparce on Dunsparce) | EVOLVE(Dudunsparce on Dunsparce) | EVOLVE(Alakazam on Kadabra) | PLAY(Dawn) | PLAY(Boss’s Orders) | EVOLVE(Alakazam on Kadabra) | EVOLVE(Alakazam on Kadabra) | PLAY(Xerosic’s Machinations) | EVOLVE(Dudunsparce on Dunsparce) | EVOLVE(Dudunsparce on Dunsparce) | PLAY(Abra) | END_TURN,11,[11],PLAY(Abra),11,PLAY(Abra),20200,"3000,6031,6031,6151,3100,-1,6151,6151,3250,6031,6031,20200,0",True,False,False,10,35,6,5,Kadabra HP:80 En:0,Dunsparce HP:60 En:0/Dunsparce HP:60 En:0,Alakazam HP:140 En:1,Kadabra HP:80 En:0/Kadabra HP:80 En:0/Dudunsparce HP:140 En:0/Dunsparce HP:70 En:0,LOSS,SolEclipse_Mirror
50,20,5,1,MAIN,12,PLAY(Hilda) | EVOLVE(Dudunsparce on Dunsparce) | EVOLVE(Dudunsparce on Dunsparce) | EVOLVE(Alakazam on Kadabra) | PLAY(Dawn) | PLAY(Boss’s Orders) | EVOLVE(Alakazam on Kadabra) | EVOLVE(Alakazam on Kadabra) | PLAY(Xerosic’s Machinations) | EVOLVE(Dudunsparce on Dunsparce) | EVOLVE(Dudunsparce on Dunsparce) | END_TURN,3,[3],EVOLVE(Alakazam on Kadabra),3,EVOLVE(Alakazam on Kadabra),6151,"3000,6031,6031,6151,3100,-1,6151,6151,3250,6031,6031,0",True,False,False,9,35,6,5,Kadabra HP:80 En:0,Dunsparce HP:60 En:0/Dunsparce HP:60 En:0/Abra HP:50 En:0,Alakazam HP:140 En:1,Kadabra HP:80 En:0/Kadabra HP:80 En:0/Dudunsparce HP:140 En:0/Dunsparce HP:70 En:0,LOSS,SolEclipse_Mirror
50,22,5,1,MAIN,12,PLAY(Hilda) | EVOLVE(Dudunsparce on Dunsparce) | EVOLVE(Dudunsparce on Dunsparce) | PLAY(Dawn) | PLAY(Boss’s Orders) | PLAY(Xerosic’s Machinations) | EVOLVE(Dudunsparce on Dunsparce) | EVOLVE(Dudunsparce on Dunsparce) | PLAY(Night Stretcher) | PLAY(Boss’s Orders) | PLAY(Boss’s Orders) | END_TURN,8,[8],PLAY(Night Stretcher),8,PLAY(Night Stretcher),13000,"3000,6031,6031,3100,-1,3250,6031,6031,13000,-1,-1,0",True,False,False,11,32,6,5,Alakazam HP:140 En:0,Dunsparce HP:60 En:0/Dunsparce HP:60 En:0/Abra HP:50 En:0,Alakazam HP:140 En:1,Kadabra HP:80 En:0/Kadabra HP:80 En:0/Dudunsparce HP:140 En:0/Dunsparce HP:70 En:0,LOSS,SolEclipse_Mirror
50,24,5,1,MAIN,11,PLAY(Hilda) | EVOLVE(Dudunsparce on Dunsparce) | EVOLVE(Dudunsparce on Dunsparce) | PLAY(Dawn) | PLAY(Boss’s Orders) | PLAY(Xerosic’s Machinations) | EVOLVE(Dudunsparce on Dunsparce) | EVOLVE(Dudunsparce on Dunsparce) | PLAY(Boss’s Orders) | PLAY(Boss’s Orders) | END_TURN,1,[1],EVOLVE(Dudunsparce on Dunsparce),1,EVOLVE(Dudunsparce on Dunsparce),6031,"3000,6031,6031,3100,-1,3250,6031,6031,-1,-1,0",True,False,False,11,32,6,5,Alakazam HP:140 En:0,Dunsparce HP:60 En:0/Dunsparce HP:60 En:0/Abra HP:50 En:0,Alakazam HP:140 En:1,Kadabra HP:80 En:0/Kadabra HP:80 En:0/Dudunsparce HP:140 En:0/Dunsparce HP:70 En:0,LOSS,SolEclipse_Mirror
50,25,5,1,MAIN,9,PLAY(Hilda) | PLAY(Dawn) | PLAY(Boss’s Orders) | PLAY(Xerosic’s Machinations) | EVOLVE(Dudunsparce on Dunsparce) | PLAY(Boss’s Orders) | PLAY(Boss’s Orders) | ABILITY(Dudunsparce) | END_TURN,4,[4],EVOLVE(Dudunsparce on Dunsparce),4,EVOLVE(Dudunsparce on Dunsparce),6031,"3000,3100,-1,3250,6031,-1,-1,-1,0",True,False,False,10,32,6,5,Alakazam HP:140 En:0,Dudunsparce HP:140 En:0/Dunsparce HP:60 En:0/Abra HP:50 En:0,Alakazam HP:140 En:1,Kadabra HP:80 En:0/Kadabra HP:80 En:0/Dudunsparce HP:140 En:0/Dunsparce HP:70 En:0,LOSS,SolEclipse_Mirror
50,26,5,1,MAIN,9,PLAY(Hilda) | PLAY(Dawn) | PLAY(Boss’s Orders) | PLAY(Xerosic’s Machinations) | PLAY(Boss’s Orders) | PLAY(Boss’s Orders) | ABILITY(Dudunsparce) | ABILITY(Dudunsparce) | END_TURN,3,[3],PLAY(Xerosic’s Machinations),3,PLAY(Xerosic’s Machinations),3250,"3000,3100,-1,3250,-1,-1,-1,-1,0",True,False,False,9,32,6,5,Alakazam HP:140 En:0,Dudunsparce HP:140 En:0/Dudunsparce HP:140 En:0/Abra HP:50 En:0,Alakazam HP:140 En:1,Kadabra HP:80 En:0/Kadabra HP:80 En:0/Dudunsparce HP:140 En:0/Dunsparce HP:70 En:0,LOSS,SolEclipse_Mirror
50,41,7,1,MAIN,9,PLAY(Boss’s Orders) | PLAY(Boss’s Orders) | PLAY(Hilda) | ATTACH(Basic {P} Energy -> Kadabra@4) | ATTACH(Basic {P} Energy -> Abra@5) | PLAY(Hilda) | PLAY(Dawn) | PLAY(Poké Pad) | END_TURN,7,[7],PLAY(Poké Pad),7,PLAY(Poké Pad),14000,"-1,-1,3000,8025,8010,3000,3100,14000,0",True,False,False,9,30,6,4,Kadabra HP:80 En:0,Abra HP:50 En:0,Alakazam HP:140 En:1,Alakazam HP:140 En:1/Kadabra HP:80 En:0/Abra HP:50 En:0/Dunsparce HP:60 En:0/Dunsparce HP:70 En:0,LOSS,SolEclipse_Mirror
50,43,7,1,MAIN,8,PLAY(Boss’s Orders) | PLAY(Boss’s Orders) | PLAY(Hilda) | ATTACH(Basic {P} Energy -> Kadabra@4) | ATTACH(Basic {P} Energy -> Abra@5) | PLAY(Hilda) | PLAY(Dawn) | END_TURN,3,[3],ATTACH(Basic {P} Energy -> Kadabra@4),3,ATTACH(Basic {P} Energy -> Kadabra@4),8025,"-1,-1,3000,8025,8010,3000,3100,0",True,False,False,9,29,6,4,Kadabra HP:80 En:0,Abra HP:50 En:0,Alakazam HP:140 En:1,Alakazam HP:140 En:1/Kadabra HP:80 En:0/Abra HP:50 En:0/Dunsparce HP:60 En:0/Dunsparce HP:70 En:0,LOSS,SolEclipse_Mirror
50,44,7,1,MAIN,8,PLAY(Boss’s Orders) | PLAY(Boss’s Orders) | PLAY(Hilda) | PLAY(Hilda) | PLAY(Dawn) | ATTACK(Super Psy Bolt) | RETREAT | END_TURN,4,[4],PLAY(Dawn),4,PLAY(Dawn),3100,"-1,-1,3000,3000,3100,1127,-1,0",True,False,False,8,29,6,4,Kadabra HP:80 En:1,Abra HP:50 En:0,Alakazam HP:140 En:1,Alakazam HP:140 En:1/Kadabra HP:80 En:0/Abra HP:50 En:0/Dunsparce HP:60 En:0/Dunsparce HP:70 En:0,LOSS,SolEclipse_Mirror
51,22,4,0,MAIN,7,PLAY(Boss’s Orders) | PLAY(Dawn) | PLAY(Lillie's Determination) | PLAY(Hilda) | ATTACK(Powerful Hand) | RETREAT | END_TURN,1,[1],PLAY(Dawn),1,PLAY(Dawn),3100,"2262,3100,-1,3000,1655,-1,0",True,False,False,10,35,6,6,Alakazam HP:140 En:1,Kadabra HP:80 En:0/Dunsparce HP:70 En:0,Snover HP:90 En:2,Snover HP:90 En:0/Kyogre HP:150 En:0,WIN,Mike_V4
51,45,8,0,MAIN,15,PLAY(Lillie's Determination) | PLAY(Neutralization Zone) | PLAY(Hilda) | EVOLVE(Dudunsparce on Dunsparce) | PLAY(Hilda) | ATTACH(Telepath Psychic Energy -> Alakazam@4) | ATTACH(Telepath Psychic Energy -> Alakazam@5) | ATTACH(Telepath Psychic Energy -> Dudunsparce@5) | ATTACH(Telepath Psychic Energy -> Alakazam@5) | ATTACH(Telepath Psychic Energy -> Dunsparce@5) | PLAY(Dawn) | ABILITY(Dudunsparce) | ATTACK(Powerful Hand) | RETREAT | END_TURN,6,[6],ATTACH(Telepath Psychic Energy -> Alakazam@5),6,ATTACH(Telepath Psychic Energy -> Alakazam@5),8030,"-1,-1,3000,6031,3000,-1,8030,-1,-1,-1,3100,-1,1655,-1,0",True,False,False,15,21,4,6,Alakazam HP:70 En:1,Alakazam HP:140 En:0/Dudunsparce HP:140 En:0/Alakazam HP:140 En:1/Dunsparce HP:60 En:0,Kyogre HP:150 En:1,Empty,WIN,Mike_V4
51,46,8,0,MAIN,10,PLAY(Lillie's Determination) | PLAY(Neutralization Zone) | PLAY(Hilda) | EVOLVE(Dudunsparce on Dunsparce) | PLAY(Hilda) | PLAY(Dawn) | ABILITY(Dudunsparce) | ATTACK(Powerful Hand) | RETREAT | END_TURN,3,[3],EVOLVE(Dudunsparce on Dunsparce),3,EVOLVE(Dudunsparce on Dunsparce),6031,"-1,-1,3000,6031,3000,3100,-1,1655,-1,0",True,False,False,14,21,4,6,Alakazam HP:70 En:1,Alakazam HP:140 En:1/Dudunsparce HP:140 En:0/Alakazam HP:140 En:1/Dunsparce HP:60 En:0,Kyogre HP:150 En:1,Empty,WIN,Mike_V4
51,47,8,0,MAIN,10,PLAY(Lillie's Determination) | PLAY(Neutralization Zone) | PLAY(Hilda) | PLAY(Hilda) | PLAY(Dawn) | ABILITY(Dudunsparce) | ABILITY(Dudunsparce) | ATTACK(Powerful Hand) | RETREAT | END_TURN,4,[4],PLAY(Dawn),4,PLAY(Dawn),3100,"-1,-1,3000,3000,3100,-1,-1,1655,-1,0",True,False,False,13,21,4,6,Alakazam HP:70 En:1,Alakazam HP:140 En:1/Dudunsparce HP:140 En:0/Alakazam HP:140 En:1/Dudunsparce HP:140 En:0,Kyogre HP:150 En:1,Empty,WIN,Mike_V4
53,30,4,0,MAIN,6,PLAY(Dawn) | PLAY(Xerosic’s Machinations) | PLAY(Hilda) | ATTACK(Super Psy Bolt) | RETREAT | END_TURN,1,[1],PLAY(Xerosic’s Machinations),1,PLAY(Xerosic’s Machinations),3250,"3100,3250,3000,1127,-1,0",True,False,False,7,29,6,6,Kadabra HP:80 En:1,Kadabra HP:80 En:0/Kadabra HP:80 En:0/Abra HP:50 En:0/Dunsparce HP:70 En:0/Dunsparce HP:60 En:0,Kadabra HP:80 En:0,Abra HP:50 En:1/Kadabra HP:80 En:0/Abra HP:50 En:0,DRAW,SolEclipse_Mirror
53,35,6,0,MAIN,6,PLAY(Hilda) | PLAY(Boss’s Orders) | PLAY(Dawn) | ATTACK(Powerful Hand) | RETREAT | END_TURN,0,[0],PLAY(Hilda),2,PLAY(Dawn),3100,"3000,2262,3100,1655,-1,0",True,True,False,6,25,6,6,Alakazam HP:140 En:1,Kadabra HP:80 En:0/Kadabra HP:80 En:0/Abra HP:50 En:0/Dunsparce HP:70 En:0/Dunsparce HP:60 En:0,Alakazam HP:110 En:0,Abra HP:50 En:1/Alakazam HP:140 En:0/Abra HP:50 En:0,DRAW,SolEclipse_Mirror
53,46,8,0,MAIN,11,PLAY(Boss’s Orders) | PLAY(Dawn) | PLAY(Buddy-Buddy Poffin) | PLAY(Boss’s Orders) | PLAY(Enhanced Hammer) | PLAY(Hilda) | PLAY(Xerosic’s Machinations) | PLAY(Enhanced Hammer) | ATTACK(Super Psy Bolt) | RETREAT | END_TURN,2,[2],PLAY(Buddy-Buddy Poffin),2,PLAY(Buddy-Buddy Poffin),4083,"-1,3100,4083,-1,-1,3000,3250,-1,1127,-1,0",True,False,False,9,20,5,5,Kadabra HP:80 En:1,Kadabra HP:80 En:0/Abra HP:50 En:0/Dunsparce HP:60 En:0/Dunsparce HP:60 En:0,Alakazam HP:140 En:1,Alakazam HP:140 En:1/Kadabra HP:80 En:0/Dunsparce HP:60 En:0,DRAW,SolEclipse_Mirror
53,48,8,0,MAIN,10,PLAY(Boss’s Orders) | PLAY(Dawn) | PLAY(Boss’s Orders) | PLAY(Enhanced Hammer) | PLAY(Hilda) | PLAY(Xerosic’s Machinations) | PLAY(Enhanced Hammer) | ATTACK(Super Psy Bolt) | RETREAT | END_TURN,5,[5],PLAY(Xerosic’s Machinations),5,PLAY(Xerosic’s Machinations),3250,"-1,3100,-1,-1,3000,3250,-1,1127,-1,0",True,False,False,8,19,5,5,Kadabra HP:80 En:1,Kadabra HP:80 En:0/Abra HP:50 En:0/Dunsparce HP:60 En:0/Dunsparce HP:60 En:0/Dunsparce HP:70 En:0,Alakazam HP:140 En:1,Alakazam HP:140 En:1/Kadabra HP:80 En:0/Dunsparce HP:60 En:0,DRAW,SolEclipse_Mirror
53,51,10,0,MAIN,8,PLAY(Boss’s Orders) | PLAY(Dawn) | PLAY(Boss’s Orders) | PLAY(Enhanced Hammer) | PLAY(Hilda) | PLAY(Enhanced Hammer) | PLAY(Poké Pad) | END_TURN,6,[6],PLAY(Poké Pad),6,PLAY(Poké Pad),14000,"2262,3100,2262,-1,3000,-1,14000,0",True,False,False,8,18,5,4,Kadabra HP:80 En:0,Abra HP:50 En:0/Dunsparce HP:60 En:0/Dunsparce HP:60 En:0/Dunsparce HP:70 En:0,Alakazam HP:110 En:1,Alakazam HP:140 En:1/Alakazam HP:140 En:1/Dunsparce HP:70 En:0/Dunsparce HP:60 En:0,DRAW,SolEclipse_Mirror
53,53,10,0,MAIN,10,PLAY(Boss’s Orders) | PLAY(Dawn) | PLAY(Boss’s Orders) | PLAY(Enhanced Hammer) | PLAY(Hilda) | PLAY(Enhanced Hammer) | EVOLVE(Dudunsparce on Dunsparce) | EVOLVE(Dudunsparce on Dunsparce) | EVOLVE(Dudunsparce on Dunsparce) | END_TURN,6,[6],EVOLVE(Dudunsparce on Dunsparce),6,EVOLVE(Dudunsparce on Dunsparce),6031,"2262,3100,2262,-1,3000,-1,6031,6031,6031,0",True,False,False,8,17,5,4,Kadabra HP:80 En:0,Abra HP:50 En:0/Dunsparce HP:60 En:0/Dunsparce HP:60 En:0/Dunsparce HP:70 En:0,Alakazam HP:110 En:1,Alakazam HP:140 En:1/Alakazam HP:140 En:1/Dunsparce HP:70 En:0/Dunsparce HP:60 En:0,DRAW,SolEclipse_Mirror
53,54,10,0,MAIN,8,PLAY(Boss’s Orders) | PLAY(Dawn) | PLAY(Boss’s Orders) | PLAY(Enhanced Hammer) | PLAY(Hilda) | PLAY(Enhanced Hammer) | ABILITY(Dudunsparce) | END_TURN,1,[1],PLAY(Dawn),1,PLAY(Dawn),3100,"2262,3100,2262,-1,3000,-1,-1,0",True,False,False,7,17,5,4,Kadabra HP:80 En:0,Abra HP:50 En:0/Dudunsparce HP:140 En:0/Dunsparce HP:60 En:0/Dunsparce HP:70 En:0,Alakazam HP:110 En:1,Alakazam HP:140 En:1/Alakazam HP:140 En:1/Dunsparce HP:70 En:0/Dunsparce HP:60 En:0,DRAW,SolEclipse_Mirror
54,44,7,1,MAIN,20,PLAY(Enhanced Hammer) | PLAY(Xerosic’s Machinations) | ATTACH(Telepath Psychic Energy -> Kadabra@4) | ATTACH(Telepath Psychic Energy -> Kadabra@5) | ATTACH(Telepath Psychic Energy -> Kadabra@5) | PLAY(Neutralization Zone) | PLAY(Enhanced Hammer) | ATTACH(Basic {P} Energy -> Kadabra@4) | ATTACH(Basic {P} Energy -> Kadabra@5) | ATTACH(Basic {P} Energy -> Kadabra@5) | ATTACH(Telepath Psychic Energy -> Kadabra@4) | ATTACH(Telepath Psychic Energy -> Kadabra@5) | ATTACH(Telepath Psychic Energy -> Kadabra@5) | PLAY(Boss’s Orders) | PLAY(Dawn) | PLAY(Xerosic’s Machinations) | PLAY(Hilda) | ATTACK(Super Psy Bolt) | RETREAT | END_TURN,4,[4],ATTACH(Telepath Psychic Energy -> Kadabra@5),4,ATTACH(Telepath Psychic Energy -> Kadabra@5),8020,"-1,3250,-1,-1,8020,-1,-1,-1,-1,8020,-1,-1,8020,2262,3100,3250,3000,1127,-1,0",True,False,False,13,20,6,5,Kadabra HP:80 En:1,Kadabra HP:80 En:1/Kadabra HP:80 En:0,Alakazam HP:110 En:1,Abra HP:50 En:1/Abra HP:50 En:0/Dudunsparce HP:140 En:0/Dunsparce HP:60 En:0,DRAW,SolEclipse_Mirror
54,45,7,1,MAIN,11,PLAY(Enhanced Hammer) | PLAY(Xerosic’s Machinations) | PLAY(Neutralization Zone) | PLAY(Enhanced Hammer) | PLAY(Boss’s Orders) | PLAY(Dawn) | PLAY(Xerosic’s Machinations) | PLAY(Hilda) | ATTACK(Super Psy Bolt) | RETREAT | END_TURN,1,[1],PLAY(Xerosic’s Machinations),1,PLAY(Xerosic’s Machinations),3250,"-1,3250,-1,-1,2262,3100,3250,3000,1127,-1,0",True,False,False,12,20,6,5,Kadabra HP:80 En:1,Kadabra HP:80 En:1/Kadabra HP:80 En:1,Alakazam HP:110 En:1,Abra HP:50 En:1/Abra HP:50 En:0/Dudunsparce HP:140 En:0/Dunsparce HP:60 En:0,DRAW,SolEclipse_Mirror
54,49,9,1,MAIN,7,PLAY(Dawn) | PLAY(Xerosic’s Machinations) | PLAY(Hilda) | PLAY(Dawn) | ATTACK(Super Psy Bolt) | RETREAT | END_TURN,1,[1],PLAY(Xerosic’s Machinations),1,PLAY(Xerosic’s Machinations),3250,"3100,3250,3000,3100,1127,-1,0",True,False,False,4,19,6,4,Kadabra HP:80 En:1,Kadabra HP:80 En:1,Alakazam HP:80 En:1,Abra HP:50 En:1/Abra HP:50 En:1,DRAW,SolEclipse_Mirror
54,52,11,1,MAIN,6,PLAY(Dawn) | PLAY(Hilda) | PLAY(Dawn) | PLAY(Dunsparce) | ATTACK(Super Psy Bolt) | END_TURN,3,[3],PLAY(Dunsparce),3,PLAY(Dunsparce),20070,"16500,3000,16500,20070,1127,0",True,False,False,4,18,6,3,Kadabra HP:80 En:1,Empty,Alakazam HP:50 En:1,Kadabra HP:80 En:1/Abra HP:50 En:1/Dunsparce HP:60 En:0,DRAW,SolEclipse_Mirror
54,53,11,1,MAIN,6,PLAY(Dawn) | PLAY(Hilda) | PLAY(Dawn) | ATTACK(Super Psy Bolt) | RETREAT | END_TURN,0,[0],PLAY(Dawn),0,PLAY(Dawn),3100,"3100,3000,3100,1127,-1,0",True,False,False,3,18,6,3,Kadabra HP:80 En:1,Dunsparce HP:60 En:0,Alakazam HP:50 En:1,Kadabra HP:80 En:1/Abra HP:50 En:1/Dunsparce HP:60 En:0,DRAW,SolEclipse_Mirror
54,65,13,1,MAIN,10,PLAY(Hilda) | PLAY(Dawn) | EVOLVE(Dudunsparce on Dunsparce) | EVOLVE(Dudunsparce on Dunsparce) | EVOLVE(Dudunsparce on Dunsparce) | PLAY(Dawn) | PLAY(Enhanced Hammer) | PLAY(Xerosic’s Machinations) | RETREAT | END_TURN,2,[2],EVOLVE(Dudunsparce on Dunsparce),2,EVOLVE(Dudunsparce on Dunsparce),6031,"3000,3100,6031,6031,6031,3100,-1,3250,-1,0",True,False,False,7,10,5,2,Dunsparce HP:60 En:0,Dunsparce HP:70 En:0/Dunsparce HP:60 En:0,Alakazam HP:140 En:1,Kadabra HP:80 En:1/Dunsparce HP:60 En:0/Dunsparce HP:60 En:0,DRAW,SolEclipse_Mirror
54,66,13,1,MAIN,7,PLAY(Hilda) | PLAY(Dawn) | PLAY(Dawn) | PLAY(Enhanced Hammer) | PLAY(Xerosic’s Machinations) | ABILITY(Dudunsparce) | END_TURN,5,[5],ABILITY(Dudunsparce),5,ABILITY(Dudunsparce),30000,"3000,3100,3100,-1,3250,30000,0",True,False,False,6,10,5,2,Dudunsparce HP:140 En:0,Dunsparce HP:70 En:0/Dunsparce HP:60 En:0,Alakazam HP:140 En:1,Kadabra HP:80 En:1/Dunsparce HP:60 En:0/Dunsparce HP:60 En:0,DRAW,SolEclipse_Mirror
54,68,13,1,MAIN,10,PLAY(Hilda) | PLAY(Dawn) | PLAY(Dawn) | PLAY(Enhanced Hammer) | PLAY(Xerosic’s Machinations) | EVOLVE(Dudunsparce on Dunsparce) | EVOLVE(Dudunsparce on Dunsparce) | PLAY(Dawn) | PLAY(Buddy-Buddy Poffin) | END_TURN,8,[8],PLAY(Buddy-Buddy Poffin),8,PLAY(Buddy-Buddy Poffin),15000,"3000,3100,3100,-1,3250,6031,6031,3100,15000,0",True,False,False,9,9,5,2,Dunsparce HP:70 En:0,Dunsparce HP:60 En:0,Alakazam HP:140 En:1,Kadabra HP:80 En:1/Dunsparce HP:60 En:0/Dunsparce HP:60 En:0,DRAW,SolEclipse_Mirror
54,70,13,1,MAIN,9,PLAY(Hilda) | PLAY(Dawn) | PLAY(Dawn) | PLAY(Enhanced Hammer) | PLAY(Xerosic’s Machinations) | EVOLVE(Dudunsparce on Dunsparce) | EVOLVE(Dudunsparce on Dunsparce) | PLAY(Dawn) | END_TURN,5,[5],EVOLVE(Dudunsparce on Dunsparce),5,EVOLVE(Dudunsparce on Dunsparce),6031,"3000,-1,-1,-1,3250,6031,6031,-1,0",True,False,False,8,8,5,2,Dunsparce HP:70 En:0,Dunsparce HP:60 En:0/Dunsparce HP:60 En:0,Alakazam HP:140 En:1,Kadabra HP:80 En:1/Dunsparce HP:60 En:0/Dunsparce HP:60 En:0,DRAW,SolEclipse_Mirror
54,71,13,1,MAIN,8,PLAY(Hilda) | PLAY(Dawn) | PLAY(Dawn) | PLAY(Enhanced Hammer) | PLAY(Xerosic’s Machinations) | PLAY(Dawn) | ABILITY(Dudunsparce) | END_TURN,4,[4],PLAY(Xerosic’s Machinations),4,PLAY(Xerosic’s Machinations),3250,"3000,-1,-1,-1,3250,-1,-1,0",True,False,False,7,8,5,2,Dudunsparce HP:140 En:0,Dunsparce HP:60 En:0/Dunsparce HP:60 En:0,Alakazam HP:140 En:1,Kadabra HP:80 En:1/Dunsparce HP:60 En:0/Dunsparce HP:60 En:0,DRAW,SolEclipse_Mirror
54,73,15,1,MAIN,7,PLAY(Hilda) | PLAY(Dawn) | PLAY(Dawn) | PLAY(Enhanced Hammer) | PLAY(Dawn) | ABILITY(Dudunsparce) | END_TURN,6,[6],END_TURN,6,END_TURN,0,"-1,-1,-1,-1,-1,-1,0",True,False,False,7,7,5,2,Dudunsparce HP:40 En:0,Dunsparce HP:60 En:0/Dunsparce HP:60 En:0,Alakazam HP:140 En:1,Kadabra HP:80 En:1/Dunsparce HP:60 En:0/Dunsparce HP:70 En:0,DRAW,SolEclipse_Mirror
54,75,17,1,MAIN,9,PLAY(Hilda) | PLAY(Dawn) | PLAY(Dawn) | PLAY(Enhanced Hammer) | PLAY(Dawn) | EVOLVE(Dudunsparce on Dunsparce) | EVOLVE(Dudunsparce on Dunsparce) | RETREAT | END_TURN,8,[8],END_TURN,8,END_TURN,0,"-1,-1,-1,-1,-1,-1,-1,-1,0",True,False,False,8,6,5,1,Dunsparce HP:60 En:0,Dunsparce HP:60 En:0,Alakazam HP:140 En:1,Kadabra HP:80 En:1/Dudunsparce HP:140 En:0/Dunsparce HP:70 En:0,DRAW,SolEclipse_Mirror
55,4,2,0,MAIN,7,PLAY(Hilda) | PLAY(Hilda) | ATTACH(Telepath Psychic Energy -> Abra@4) | ATTACH(Telepath Psychic Energy -> Abra@4) | PLAY(Dawn) | PLAY(Hilda) | END_TURN,4,[4],PLAY(Dawn),4,PLAY(Dawn),16500,"3000,3000,8015,8015,16500,3000,0",True,False,False,8,45,6,6,Abra HP:50 En:0,Empty,Kyogre HP:150 En:1,Empty,WIN,Mike_V4
56,20,3,1,MAIN,6,PLAY(Dawn) | EVOLVE(Dudunsparce on Dunsparce) | PLAY(Hilda) | ATTACK(Powerful Hand) | RETREAT | END_TURN,1,[1],EVOLVE(Dudunsparce on Dunsparce),1,EVOLVE(Dudunsparce on Dunsparce),6031,"3100,6031,3000,1655,-1,0",True,False,False,6,34,6,6,Alakazam HP:130 En:1,Abra HP:50 En:1/Kadabra HP:80 En:0/Abra HP:50 En:0/Dunsparce HP:60 En:0/Dunsparce HP:60 En:0,Snover HP:90 En:1,Empty,WIN,Mike_V4
56,21,3,1,MAIN,6,PLAY(Dawn) | PLAY(Hilda) | ABILITY(Dudunsparce) | ATTACK(Powerful Hand) | RETREAT | END_TURN,2,[2],ABILITY(Dudunsparce),2,ABILITY(Dudunsparce),30000,"3100,3000,30000,1655,-1,0",True,False,False,5,34,6,6,Alakazam HP:130 En:1,Abra HP:50 En:1/Kadabra HP:80 En:0/Abra HP:50 En:0/Dudunsparce HP:140 En:0/Dunsparce HP:60 En:0,Snover HP:90 En:1,Empty,WIN,Mike_V4
56,22,3,1,MAIN,7,PLAY(Dawn) | PLAY(Hilda) | PLAY(Neutralization Zone) | PLAY(Rare Candy) | ATTACK(Powerful Hand) | RETREAT | END_TURN,3,[3],PLAY(Rare Candy),3,PLAY(Rare Candy),16000,"3100,3000,-1,16000,1655,-1,0",True,False,False,8,33,6,6,Alakazam HP:130 En:1,Abra HP:50 En:1/Kadabra HP:80 En:0/Abra HP:50 En:0/Dunsparce HP:60 En:0,Snover HP:90 En:1,Empty,WIN,Mike_V4
56,25,3,1,MAIN,8,PLAY(Dawn) | PLAY(Hilda) | PLAY(Neutralization Zone) | PLAY(Hilda) | PLAY(Dawn) | ATTACK(Powerful Hand) | RETREAT | END_TURN,0,[0],PLAY(Dawn),0,PLAY(Dawn),3100,"3100,3000,-1,3000,3100,1655,-1,0",True,False,False,9,30,6,6,Alakazam HP:130 En:1,Alakazam HP:140 En:1/Kadabra HP:80 En:0/Abra HP:50 En:0/Dunsparce HP:60 En:0,Snover HP:90 En:1,Empty,WIN,Mike_V4
58,19,3,1,MAIN,7,PLAY(Lillie's Determination) | PLAY(Hilda) | PLAY(Buddy-Buddy Poffin) | PLAY(Dawn) | PLAY(Boss’s Orders) | PLAY(Dawn) | END_TURN,2,[2],PLAY(Buddy-Buddy Poffin),2,PLAY(Buddy-Buddy Poffin),15000,"-1,3000,15000,3100,-1,3100,0",True,False,False,9,36,6,6,Kadabra HP:80 En:0,Alakazam HP:140 En:1/Abra HP:50 En:0,Dunsparce HP:70 En:0,Abra HP:50 En:0/Abra HP:50 En:0,DRAW,SolEclipse_Mirror
58,21,3,1,MAIN,6,PLAY(Lillie's Determination) | PLAY(Hilda) | PLAY(Dawn) | PLAY(Boss’s Orders) | PLAY(Dawn) | END_TURN,2,[2],PLAY(Dawn),2,PLAY(Dawn),3100,"-1,3000,3100,-1,3100,0",True,False,False,8,34,6,6,Kadabra HP:80 En:0,Alakazam HP:140 En:1/Abra HP:50 En:0/Dunsparce HP:70 En:0/Dunsparce HP:60 En:0,Dunsparce HP:70 En:0,Abra HP:50 En:0/Abra HP:50 En:0,DRAW,SolEclipse_Mirror
58,50,7,1,MAIN,9,EVOLVE(Dudunsparce on Dunsparce) | PLAY(Buddy-Buddy Poffin) | EVOLVE(Dudunsparce on Dunsparce) | PLAY(Hilda) | PLAY(Night Stretcher) | PLAY(Dawn) | ATTACK(Powerful Hand) | RETREAT | END_TURN,1,[1],PLAY(Buddy-Buddy Poffin),1,PLAY(Buddy-Buddy Poffin),15000,"6031,15000,6031,3000,13000,3100,1655,-1,0",True,False,False,7,15,5,5,Alakazam HP:140 En:1,Alakazam HP:140 En:0/Dunsparce HP:70 En:0,Alakazam HP:140 En:1,Alakazam HP:140 En:0/Alakazam HP:140 En:0/Dunsparce HP:70 En:0/Abra HP:50 En:0,DRAW,SolEclipse_Mirror
58,52,7,1,MAIN,8,EVOLVE(Dudunsparce on Dunsparce) | EVOLVE(Dudunsparce on Dunsparce) | PLAY(Hilda) | PLAY(Night Stretcher) | PLAY(Dawn) | ATTACK(Powerful Hand) | RETREAT | END_TURN,3,[3],PLAY(Night Stretcher),3,PLAY(Night Stretcher),13000,"6031,6031,3000,13000,3100,1655,-1,0",True,False,False,6,14,5,5,Alakazam HP:140 En:1,Alakazam HP:140 En:0/Dunsparce HP:70 En:0/Dunsparce HP:60 En:0,Alakazam HP:140 En:1,Alakazam HP:140 En:0/Alakazam HP:140 En:0/Dunsparce HP:70 En:0/Abra HP:50 En:0,DRAW,SolEclipse_Mirror
58,54,7,1,MAIN,8,EVOLVE(Dudunsparce on Dunsparce) | EVOLVE(Dudunsparce on Dunsparce) | PLAY(Hilda) | PLAY(Dawn) | PLAY(Abra) | ATTACK(Powerful Hand) | RETREAT | END_TURN,4,[4],PLAY(Abra),4,PLAY(Abra),20200,"6031,6031,3000,3100,20200,1655,-1,0",True,False,False,6,14,5,5,Alakazam HP:140 En:1,Alakazam HP:140 En:0/Dunsparce HP:70 En:0/Dunsparce HP:60 En:0,Alakazam HP:140 En:1,Alakazam HP:140 En:0/Alakazam HP:140 En:0/Dunsparce HP:70 En:0/Abra HP:50 En:0,DRAW,SolEclipse_Mirror
58,55,7,1,MAIN,7,EVOLVE(Dudunsparce on Dunsparce) | EVOLVE(Dudunsparce on Dunsparce) | PLAY(Hilda) | PLAY(Dawn) | ATTACK(Powerful Hand) | RETREAT | END_TURN,0,[0],EVOLVE(Dudunsparce on Dunsparce),0,EVOLVE(Dudunsparce on Dunsparce),6031,"6031,6031,3000,3100,1655,-1,0",True,False,False,5,14,5,5,Alakazam HP:140 En:1,Alakazam HP:140 En:0/Dunsparce HP:70 En:0/Dunsparce HP:60 En:0/Abra HP:50 En:0,Alakazam HP:140 En:1,Alakazam HP:140 En:0/Alakazam HP:140 En:0/Dunsparce HP:70 En:0/Abra HP:50 En:0,DRAW,SolEclipse_Mirror
58,56,7,1,MAIN,6,PLAY(Hilda) | PLAY(Dawn) | ABILITY(Dudunsparce) | ATTACK(Powerful Hand) | RETREAT | END_TURN,2,[2],ABILITY(Dudunsparce),2,ABILITY(Dudunsparce),30000,"3000,3100,30000,1655,-1,0",True,False,False,4,14,5,5,Alakazam HP:140 En:1,Alakazam HP:140 En:0/Dudunsparce HP:140 En:0/Dunsparce HP:60 En:0/Abra HP:50 En:0,Alakazam HP:140 En:1,Alakazam HP:140 En:0/Alakazam HP:140 En:0/Dunsparce HP:70 En:0/Abra HP:50 En:0,DRAW,SolEclipse_Mirror
58,57,7,1,MAIN,8,PLAY(Hilda) | PLAY(Dawn) | PLAY(Buddy-Buddy Poffin) | PLAY(Sacred Ash) | PLAY(Neutralization Zone) | ATTACK(Powerful Hand) | RETREAT | END_TURN,2,[2],PLAY(Buddy-Buddy Poffin),2,PLAY(Buddy-Buddy Poffin),15000,"3000,3100,15000,13500,-1,1655,-1,0",True,False,False,7,13,5,5,Alakazam HP:140 En:1,Alakazam HP:140 En:0/Dunsparce HP:60 En:0/Abra HP:50 En:0,Alakazam HP:140 En:1,Alakazam HP:140 En:0/Alakazam HP:140 En:0/Dunsparce HP:70 En:0/Abra HP:50 En:0,DRAW,SolEclipse_Mirror
58,59,7,1,MAIN,7,PLAY(Hilda) | PLAY(Dawn) | PLAY(Sacred Ash) | PLAY(Neutralization Zone) | ATTACK(Powerful Hand) | RETREAT | END_TURN,2,[2],PLAY(Sacred Ash),2,PLAY(Sacred Ash),13500,"3000,3100,13500,-1,1655,-1,0",True,False,False,6,12,5,5,Alakazam HP:140 En:1,Alakazam HP:140 En:0/Dunsparce HP:60 En:0/Abra HP:50 En:0/Dunsparce HP:70 En:0,Alakazam HP:140 En:1,Alakazam HP:140 En:0/Alakazam HP:140 En:0/Dunsparce HP:70 En:0/Abra HP:50 En:0,DRAW,SolEclipse_Mirror
58,61,7,1,MAIN,6,PLAY(Hilda) | PLAY(Dawn) | PLAY(Neutralization Zone) | ATTACK(Powerful Hand) | RETREAT | END_TURN,1,[1],PLAY(Dawn),1,PLAY(Dawn),3100,"3000,3100,-1,1655,-1,0",True,False,False,5,16,5,5,Alakazam HP:140 En:1,Alakazam HP:140 En:0/Dunsparce HP:60 En:0/Abra HP:50 En:0/Dunsparce HP:70 En:0,Alakazam HP:140 En:1,Alakazam HP:140 En:0/Alakazam HP:140 En:0/Dunsparce HP:70 En:0/Abra HP:50 En:0,DRAW,SolEclipse_Mirror
59,32,4,0,MAIN,6,PLAY(Hilda) | PLAY(Hilda) | PLAY(Dawn) | ATTACK(Powerful Hand) | RETREAT | END_TURN,2,[2],PLAY(Dawn),2,PLAY(Dawn),3100,"3000,3000,3100,1655,-1,0",True,False,False,13,24,6,6,Alakazam HP:140 En:1,Kadabra HP:80 En:0/Kadabra HP:80 En:0/Abra HP:50 En:0/Dunsparce HP:70 En:0,Mega Abomasnow ex HP:350 En:1,Kyogre HP:150 En:0/Snover HP:90 En:0,WIN,Mike_V4
59,60,8,0,MAIN,33,PLAY(Hilda) | ATTACH(Telepath Psychic Energy -> Alakazam@4) | ATTACH(Telepath Psychic Energy -> Alakazam@5) | ATTACH(Telepath Psychic Energy -> Kadabra@5) | ATTACH(Telepath Psychic Energy -> Dunsparce@5) | ATTACH(Telepath Psychic Energy -> Abra@5) | PLAY(Hilda) | ATTACH(Telepath Psychic Energy -> Alakazam@4) | ATTACH(Telepath Psychic Energy -> Alakazam@5) | ATTACH(Telepath Psychic Energy -> Kadabra@5) | ATTACH(Telepath Psychic Energy -> Dunsparce@5) | ATTACH(Telepath Psychic Energy -> Abra@5) | EVOLVE(Alakazam on Kadabra) | ATTACH(Basic {P} Energy -> Alakazam@4) | ATTACH(Basic {P} Energy -> Alakazam@5) | ATTACH(Basic {P} Energy -> Kadabra@5) | ATTACH(Basic {P} Energy -> Dunsparce@5) | ATTACH(Basic {P} Energy -> Abra@5) | ATTACH(Telepath Psychic Energy -> Alakazam@4) | ATTACH(Telepath Psychic Energy -> Alakazam@5) | ATTACH(Telepath Psychic Energy -> Kadabra@5) | ATTACH(Telepath Psychic Energy -> Dunsparce@5) | ATTACH(Telepath Psychic Energy -> Abra@5) | PLAY(Hilda) | PLAY(Rare Candy) | PLAY(Dawn) | PLAY(Dunsparce) | EVOLVE(Dudunsparce on Dunsparce) | PLAY(Boss’s Orders) | PLAY(Boss’s Orders) | ATTACK(Powerful Hand) | RETREAT | END_TURN,26,[26],PLAY(Dunsparce),26,PLAY(Dunsparce),20050,"3000,-1,8030,8020,-1,8010,3000,-1,8030,8020,-1,8010,6001,-1,8030,8020,-1,8010,-1,8030,8020,-1,8010,3000,16000,3100,20050,6031,2262,2262,1655,-1,0",True,False,False,22,10,3,5,Alakazam HP:40 En:1,Alakazam HP:140 En:0/Kadabra HP:80 En:0/Dunsparce HP:60 En:0/Abra HP:50 En:0,Kyogre HP:150 En:1,Mega Abomasnow ex HP:70 En:2,WIN,Mike_V4
59,61,8,0,MAIN,36,PLAY(Hilda) | ATTACH(Telepath Psychic Energy -> Alakazam@4) | ATTACH(Telepath Psychic Energy -> Alakazam@5) | ATTACH(Telepath Psychic Energy -> Kadabra@5) | ATTACH(Telepath Psychic Energy -> Dunsparce@5) | ATTACH(Telepath Psychic Energy -> Abra@5) | ATTACH(Telepath Psychic Energy -> Dunsparce@5) | PLAY(Hilda) | ATTACH(Telepath Psychic Energy -> Alakazam@4) | ATTACH(Telepath Psychic Energy -> Alakazam@5) | ATTACH(Telepath Psychic Energy -> Kadabra@5) | ATTACH(Telepath Psychic Energy -> Dunsparce@5) | ATTACH(Telepath Psychic Energy -> Abra@5) | ATTACH(Telepath Psychic Energy -> Dunsparce@5) | EVOLVE(Alakazam on Kadabra) | ATTACH(Basic {P} Energy -> Alakazam@4) | ATTACH(Basic {P} Energy -> Alakazam@5) | ATTACH(Basic {P} Energy -> Kadabra@5) | ATTACH(Basic {P} Energy -> Dunsparce@5) | ATTACH(Basic {P} Energy -> Abra@5) | ATTACH(Basic {P} Energy -> Dunsparce@5) | ATTACH(Telepath Psychic Energy -> Alakazam@4) | ATTACH(Telepath Psychic Energy -> Alakazam@5) | ATTACH(Telepath Psychic Energy -> Kadabra@5) | ATTACH(Telepath Psychic Energy -> Dunsparce@5) | ATTACH(Telepath Psychic Energy -> Abra@5) | ATTACH(Telepath Psychic Energy -> Dunsparce@5) | PLAY(Hilda) | PLAY(Rare Candy) | PLAY(Dawn) | EVOLVE(Dudunsparce on Dunsparce) | PLAY(Boss’s Orders) | PLAY(Boss’s Orders) | ATTACK(Powerful Hand) | RETREAT | END_TURN,28,[28],PLAY(Rare Candy),28,PLAY(Rare Candy),16000,"3000,-1,8030,8020,-1,8010,-1,3000,-1,8030,8020,-1,8010,-1,6001,-1,8030,8020,-1,8010,-1,-1,8030,8020,-1,8010,-1,3000,16000,3100,6031,2262,2262,1655,-1,0",True,False,False,21,10,3,5,Alakazam HP:40 En:1,Alakazam HP:140 En:0/Kadabra HP:80 En:0/Dunsparce HP:60 En:0/Abra HP:50 En:0/Dunsparce HP:60 En:0,Kyogre HP:150 En:1,Mega Abomasnow ex HP:70 En:2,WIN,Mike_V4
59,64,8,0,MAIN,41,PLAY(Hilda) | ATTACH(Telepath Psychic Energy -> Alakazam@4) | ATTACH(Telepath Psychic Energy -> Alakazam@5) | ATTACH(Telepath Psychic Energy -> Kadabra@5) | ATTACH(Telepath Psychic Energy -> Dunsparce@5) | ATTACH(Telepath Psychic Energy -> Alakazam@5) | ATTACH(Telepath Psychic Energy -> Dunsparce@5) | PLAY(Hilda) | ATTACH(Telepath Psychic Energy -> Alakazam@4) | ATTACH(Telepath Psychic Energy -> Alakazam@5) | ATTACH(Telepath Psychic Energy -> Kadabra@5) | ATTACH(Telepath Psychic Energy -> Dunsparce@5) | ATTACH(Telepath Psychic Energy -> Alakazam@5) | ATTACH(Telepath Psychic Energy -> Dunsparce@5) | ATTACH(Basic {P} Energy -> Alakazam@4) | ATTACH(Basic {P} Energy -> Alakazam@5) | ATTACH(Basic {P} Energy -> Kadabra@5) | ATTACH(Basic {P} Energy -> Dunsparce@5) | ATTACH(Basic {P} Energy -> Alakazam@5) | ATTACH(Basic {P} Energy -> Dunsparce@5) | ATTACH(Telepath Psychic Energy -> Alakazam@4) | ATTACH(Telepath Psychic Energy -> Alakazam@5) | ATTACH(Telepath Psychic Energy -> Kadabra@5) | ATTACH(Telepath Psychic Energy -> Dunsparce@5) | ATTACH(Telepath Psychic Energy -> Alakazam@5) | ATTACH(Telepath Psychic Energy -> Dunsparce@5) | PLAY(Hilda) | PLAY(Dawn) | EVOLVE(Dudunsparce on Dunsparce) | PLAY(Boss’s Orders) | PLAY(Boss’s Orders) | ATTACH(Basic {P} Energy -> Alakazam@4) | ATTACH(Basic {P} Energy -> Alakazam@5) | ATTACH(Basic {P} Energy -> Kadabra@5) | ATTACH(Basic {P} Energy -> Dunsparce@5) | ATTACH(Basic {P} Energy -> Alakazam@5) | ATTACH(Basic {P} Energy -> Dunsparce@5) | EVOLVE(Dudunsparce on Dunsparce) | ATTACK(Powerful Hand) | RETREAT | END_TURN,2,[2],ATTACH(Telepath Psychic Energy -> Alakazam@5),2,ATTACH(Telepath Psychic Energy -> Alakazam@5),8030,"3000,-1,8030,8020,-1,8030,-1,3000,-1,8030,8020,-1,8030,-1,-1,8030,8020,-1,8030,-1,-1,8030,8020,-1,8030,-1,3000,3100,6031,2262,2262,-1,8030,8020,-1,8030,-1,6031,1655,-1,0",True,False,False,22,7,3,5,Alakazam HP:40 En:1,Alakazam HP:140 En:0/Kadabra HP:80 En:0/Dunsparce HP:60 En:0/Alakazam HP:140 En:0/Dunsparce HP:60 En:0,Kyogre HP:150 En:1,Mega Abomasnow ex HP:70 En:2,WIN,Mike_V4
59,65,8,0,MAIN,11,PLAY(Hilda) | PLAY(Hilda) | PLAY(Hilda) | PLAY(Dawn) | EVOLVE(Dudunsparce on Dunsparce) | PLAY(Boss’s Orders) | PLAY(Boss’s Orders) | EVOLVE(Dudunsparce on Dunsparce) | ATTACK(Powerful Hand) | RETREAT | END_TURN,5,[5],PLAY(Boss’s Orders),4,EVOLVE(Dudunsparce on Dunsparce),6031,"3000,3000,3000,3100,6031,2262,2262,6031,1655,-1,0",True,True,False,21,7,3,5,Alakazam HP:40 En:1,Alakazam HP:140 En:1/Kadabra HP:80 En:0/Dunsparce HP:60 En:0/Alakazam HP:140 En:0/Dunsparce HP:60 En:0,Kyogre HP:150 En:1,Mega Abomasnow ex HP:70 En:2,WIN,Mike_V4
60,5,3,1,MAIN,7,PLAY(Dawn) | PLAY(Rare Candy) | PLAY(Neutralization Zone) | PLAY(Hilda) | PLAY(Rare Candy) | RETREAT | END_TURN,1,[1],PLAY(Rare Candy),1,PLAY(Rare Candy),16000,"3100,16000,-1,3000,16000,-1,0",True,False,False,8,44,6,6,Dunsparce HP:60 En:0,Abra HP:50 En:0,Kyogre HP:150 En:1,Empty,WIN,Mike_V4
60,8,3,1,MAIN,6,PLAY(Dawn) | PLAY(Neutralization Zone) | PLAY(Hilda) | EVOLVE(Dudunsparce on Dunsparce) | RETREAT | END_TURN,3,[3],EVOLVE(Dudunsparce on Dunsparce),3,EVOLVE(Dudunsparce on Dunsparce),6031,"3100,-1,3000,6031,2000,0",True,False,False,9,41,6,6,Dunsparce HP:60 En:0,Alakazam HP:140 En:0,Kyogre HP:150 En:1,Empty,WIN,Mike_V4
60,9,3,1,MAIN,5,PLAY(Dawn) | PLAY(Neutralization Zone) | PLAY(Hilda) | ABILITY(Dudunsparce) | END_TURN,3,[3],ABILITY(Dudunsparce),3,ABILITY(Dudunsparce),30000,"3100,-1,3000,30000,0",True,False,False,8,41,6,6,Dudunsparce HP:140 En:0,Alakazam HP:140 En:0,Kyogre HP:150 En:1,Empty,WIN,Mike_V4
60,11,3,1,MAIN,6,PLAY(Dawn) | PLAY(Neutralization Zone) | PLAY(Hilda) | PLAY(Buddy-Buddy Poffin) | ATTACH(Basic {P} Energy -> Alakazam@4) | END_TURN,0,[0],PLAY(Dawn),0,PLAY(Dawn),16500,"16500,-1,3000,15000,8035,0",True,False,False,11,40,6,6,Alakazam HP:140 En:0,Empty,Kyogre HP:150 En:1,Empty,WIN,Mike_V4
